1,1,1697.00,367.00,160.20,385.10,1.0000,-1,-1
1,2,1291.00,449.00,73.20,215.00,1.0000,-1,-1
1,3,1255.00,538.00,62.70,115.70,1.0000,-1,-1
1,4,248.00,435.00,129.40,272.90,0.9990,-1,-1
2,1,1695.00,386.00,150.80,353.30,1.0000,-1,-1
2,2,1295.00,461.00,72.60,204.50,1.0000,-1,-1
2,3,1251.00,529.00,64.70,130.50,1.0000,-1,-1
2,4,265.00,442.00,108.60,272.00,1.0000,-1,-1
3,1,1683.00,387.00,164.30,338.50,1.0000,-1,-1
3,2,1285.00,461.00,82.90,208.50,1.0000,-1,-1
3,4,262.00,456.00,106.40,253.20,1.0000,-1,-1
3,5,855.00,518.00,41.80,115.10,0.9280,-1,-1
4,1,1693.00,388.00,166.60,345.00,1.0000,-1,-1
4,2,1288.00,459.00,85.80,201.90,1.0000,-1,-1
4,3,1267.00,536.00,58.00,129.80,1.0000,-1,-1
4,4,266.00,453.00,104.60,257.30,1.0000,-1,-1
5,1,1703.00,396.00,138.00,331.80,1.0000,-1,-1
5,2,1298.00,456.00,74.50,210.90,1.0000,-1,-1
5,3,1268.00,527.00,58.30,139.00,1.0000,-1,-1
5,4,268.00,452.00,100.00,256.40,1.0000,-1,-1
6,1,1689.00,371.00,162.50,364.70,1.0000,-1,-1
6,2,1296.00,457.00,84.70,209.20,1.0000,-1,-1
6,3,1263.00,538.00,62.00,119.50,1.0000,-1,-1
6,4,273.00,454.00,100.50,253.10,1.0000,-1,-1
7,1,1676.00,373.00,163.20,357.10,1.0000,-1,-1
7,2,1303.00,464.00,78.70,196.20,1.0000,-1,-1
7,3,1274.00,531.00,51.00,134.20,1.0000,-1,-1
7,4,263.00,437.00,105.00,292.60,1.0000,-1,-1
8,1,1670.00,378.00,165.70,383.80,1.0000,-1,-1
8,2,1304.00,454.00,72.70,204.20,1.0000,-1,-1
8,3,1273.00,534.00,62.00,126.90,1.0000,-1,-1
8,4,280.00,446.00,108.70,260.50,1.0000,-1,-1
9,1,1682.00,374.00,163.00,383.80,1.0000,-1,-1
9,2,1300.00,444.00,81.10,213.70,1.0000,-1,-1
9,3,1275.00,532.00,53.30,127.20,1.0000,-1,-1
9,4,286.00,455.00,93.10,246.80,0.9990,-1,-1
10,1,1687.00,404.00,137.10,349.70,1.0000,-1,-1
10,2,1309.00,454.00,84.30,210.90,1.0000,-1,-1
10,3,1271.00,532.00,67.30,137.40,1.0000,-1,-1
10,4,270.00,445.00,117.30,272.10,0.9990,-1,-1
11,1,1666.00,382.00,172.20,365.30,1.0000,-1,-1
11,2,1305.00,451.00,85.20,213.00,1.0000,-1,-1
11,3,1277.00,535.00,64.40,134.60,1.0000,-1,-1
11,4,271.00,444.00,116.10,264.80,0.9990,-1,-1
12,1,1683.00,376.00,151.50,389.80,1.0000,-1,-1
12,2,1313.00,452.00,75.60,212.50,1.0000,-1,-1
12,3,1277.00,541.00,56.00,129.00,1.0000,-1,-1
12,4,283.00,437.00,109.40,269.30,0.9990,-1,-1
13,1,1678.00,388.00,147.40,371.20,1.0000,-1,-1
13,2,1307.00,454.00,76.80,208.50,1.0000,-1,-1
13,3,1287.00,534.00,51.10,130.50,1.0000,-1,-1
13,4,285.00,438.00,106.50,265.90,1.0000,-1,-1
13,6,1798.00,442.00,68.80,189.80,0.9240,-1,-1
14,1,1662.00,376.00,186.10,392.00,1.0000,-1,-1
14,2,1318.00,461.00,82.20,204.00,1.0000,-1,-1
14,3,1283.00,541.00,53.00,123.90,1.0000,-1,-1
14,4,292.00,447.00,105.60,265.50,0.9990,-1,-1
15,1,1654.00,378.00,173.80,375.40,1.0000,-1,-1
15,2,1314.00,457.00,76.60,210.20,1.0000,-1,-1
15,3,1285.00,531.00,48.30,128.40,0.9990,-1,-1
15,4,296.00,444.00,94.70,262.70,0.9990,-1,-1
15,6,1796.00,441.00,68.70,173.90,0.9720,-1,-1
16,1,1666.00,367.00,188.40,377.60,1.0000,-1,-1
16,2,1322.00,455.00,81.90,206.90,1.0000,-1,-1
16,3,1291.00,530.00,53.70,132.70,1.0000,-1,-1
16,4,286.00,442.00,111.20,258.70,0.9990,-1,-1
17,1,1664.00,376.00,187.10,376.60,1.0000,-1,-1
17,2,1309.00,461.00,87.60,206.30,1.0000,-1,-1
17,4,282.00,442.00,122.90,277.30,1.0000,-1,-1
18,1,1642.00,371.00,184.30,395.40,1.0000,-1,-1
18,2,1311.00,448.00,83.70,213.20,1.0000,-1,-1
18,3,1295.00,538.00,51.00,121.00,1.0000,-1,-1
18,4,293.00,442.00,105.50,255.50,0.9990,-1,-1
18,6,1796.00,443.00,74.40,176.40,0.9980,-1,-1
18,7,-71.00,222.00,331.80,721.60,0.9600,-1,-1
19,1,1649.00,366.00,184.60,402.50,1.0000,-1,-1
19,2,1321.00,451.00,81.90,212.00,1.0000,-1,-1
19,3,1289.00,542.00,58.10,130.80,0.9990,-1,-1
19,4,307.00,445.00,97.30,264.00,0.9990,-1,-1
19,6,1807.00,443.00,69.20,184.50,0.9970,-1,-1
19,7,-69.00,236.00,326.20,701.10,0.9770,-1,-1
20,1,1644.00,376.00,178.70,398.10,1.0000,-1,-1
20,2,1328.00,465.00,71.90,199.00,1.0000,-1,-1
20,3,1292.00,533.00,52.40,137.40,1.0000,-1,-1
20,4,299.00,441.00,98.10,250.00,0.9990,-1,-1
20,6,1801.00,440.00,72.80,180.00,0.9990,-1,-1
20,7,-74.00,226.00,357.50,729.80,0.9810,-1,-1
21,1,1645.00,363.00,173.10,391.20,1.0000,-1,-1
21,2,1328.00,466.00,69.50,196.90,1.0000,-1,-1
21,3,1295.00,536.00,53.70,130.30,1.0000,-1,-1
21,4,317.00,443.00,86.60,268.50,0.9990,-1,-1
21,6,1803.00,440.00,70.40,176.80,1.0000,-1,-1
21,7,-77.00,237.00,366.60,728.50,0.9780,-1,-1
22,1,1635.00,385.00,192.40,389.00,1.0000,-1,-1
22,2,1327.00,456.00,67.20,205.90,1.0000,-1,-1
22,3,1294.00,536.00,61.10,131.20,1.0000,-1,-1
22,4,306.00,445.00,96.90,256.60,0.9990,-1,-1
22,6,1799.00,437.00,71.30,188.50,1.0000,-1,-1
22,7,-63.00,241.00,361.10,698.00,0.9870,-1,-1
23,1,1640.00,382.00,179.10,375.40,1.0000,-1,-1
23,2,1331.00,456.00,74.50,206.40,1.0000,-1,-1
23,3,1305.00,528.00,49.90,140.80,1.0000,-1,-1
23,4,307.00,441.00,108.80,269.10,1.0000,-1,-1
23,6,1813.00,439.00,67.80,201.60,1.0000,-1,-1
23,7,-89.00,250.00,403.80,668.80,0.9850,-1,-1
24,1,1627.00,373.00,178.50,409.80,1.0000,-1,-1
24,2,1319.00,459.00,80.60,209.00,1.0000,-1,-1
24,4,307.00,440.00,112.10,274.40,1.0000,-1,-1
24,6,1811.00,432.00,69.80,205.30,0.9970,-1,-1
24,7,-78.00,215.00,397.40,707.10,0.9830,-1,-1
25,1,1648.00,379.00,167.30,383.00,1.0000,-1,-1
25,2,1326.00,449.00,80.70,219.50,1.0000,-1,-1
25,4,313.00,452.00,100.70,252.50,1.0000,-1,-1
25,7,-73.00,209.00,400.80,719.90,0.9940,-1,-1
26,1,1624.00,379.00,193.50,367.40,1.0000,-1,-1
26,2,1333.00,452.00,70.70,214.90,1.0000,-1,-1
26,3,1297.00,541.00,57.80,121.80,1.0000,-1,-1
26,4,317.00,445.00,105.50,270.50,0.9990,-1,-1
26,7,-104.00,239.00,476.50,676.90,0.9910,-1,-1
27,1,1622.00,371.00,196.40,386.80,1.0000,-1,-1
27,2,1326.00,453.00,83.70,219.50,1.0000,-1,-1
27,3,1307.00,533.00,52.60,128.90,1.0000,-1,-1
27,4,321.00,455.00,104.50,261.40,0.9990,-1,-1
27,7,-76.00,233.00,410.20,673.00,0.9940,-1,-1
28,1,1632.00,362.00,178.80,424.40,1.0000,-1,-1
28,2,1337.00,456.00,71.90,203.20,1.0000,-1,-1
28,3,1304.00,541.00,48.60,129.80,1.0000,-1,-1
28,4,308.00,444.00,107.60,266.60,0.9990,-1,-1
28,7,-60.00,226.00,425.00,683.00,0.9940,-1,-1
29,1,1634.00,362.00,167.70,417.50,1.0000,-1,-1
29,2,1330.00,459.00,71.90,206.20,1.0000,-1,-1
29,3,1301.00,532.00,55.70,133.20,0.9970,-1,-1
29,4,315.00,458.00,104.90,247.30,0.9990,-1,-1
29,7,-73.00,211.00,464.90,717.30,0.9950,-1,-1
30,1,1643.00,364.00,169.40,430.20,1.0000,-1,-1
30,2,1339.00,460.00,63.60,202.90,1.0000,-1,-1
30,3,1303.00,537.00,61.80,128.20,1.0000,-1,-1
30,7,-78.00,207.00,506.70,710.90,0.9960,-1,-1
30,8,1809.00,308.00,179.60,473.20,0.9500,-1,-1
31,1,1628.00,361.00,167.20,418.10,1.0000,-1,-1
31,2,1330.00,460.00,73.20,196.20,1.0000,-1,-1
31,3,1304.00,537.00,51.60,129.00,1.0000,-1,-1
31,7,-69.00,240.00,495.30,676.50,0.9990,-1,-1
31,8,1805.00,300.00,181.90,498.00,0.9510,-1,-1
32,1,1636.00,359.00,164.20,407.10,1.0000,-1,-1
32,2,1334.00,461.00,72.90,204.70,1.0000,-1,-1
32,3,1303.00,535.00,59.60,130.70,1.0000,-1,-1
32,7,-64.00,242.00,506.50,675.70,0.9960,-1,-1
32,8,1823.00,296.00,146.30,489.90,0.9760,-1,-1
33,1,1617.00,356.00,176.10,430.70,1.0000,-1,-1
33,2,1329.00,464.00,81.60,214.50,1.0000,-1,-1
33,7,-50.00,230.00,497.60,684.70,0.9960,-1,-1
33,8,1805.00,308.00,174.90,494.10,0.9530,-1,-1
34,1,1633.00,360.00,153.20,417.50,1.0000,-1,-1
34,2,1338.00,462.00,70.40,204.10,1.0000,-1,-1
34,3,1314.00,533.00,53.70,135.50,1.0000,-1,-1
34,7,-38.00,219.00,503.10,688.50,0.9970,-1,-1
34,8,1807.00,306.00,171.10,478.30,0.9820,-1,-1
35,1,1621.00,351.00,169.80,415.70,1.0000,-1,-1
35,2,1337.00,464.00,70.50,211.60,1.0000,-1,-1
35,3,1316.00,534.00,53.40,135.20,1.0000,-1,-1
35,7,-13.00,240.00,476.90,677.10,0.9990,-1,-1
35,8,1806.00,294.00,171.30,480.10,0.9880,-1,-1
36,1,1605.00,369.00,198.90,413.40,1.0000,-1,-1
36,2,1340.00,458.00,72.70,207.20,1.0000,-1,-1
36,3,1310.00,538.00,56.40,132.50,1.0000,-1,-1
36,7,-24.00,237.00,497.70,665.70,0.9990,-1,-1
36,8,1795.00,294.00,183.50,497.10,0.9930,-1,-1
37,1,1626.00,372.00,166.30,416.00,1.0000,-1,-1
37,2,1339.00,463.00,75.00,209.90,1.0000,-1,-1
37,3,1312.00,538.00,53.50,123.60,1.0000,-1,-1
37,7,13.00,248.00,458.40,673.20,1.0000,-1,-1
37,8,1791.00,293.00,181.60,503.90,0.9970,-1,-1
38,1,1613.00,369.00,184.50,425.00,1.0000,-1,-1
38,2,1341.00,451.00,77.20,223.90,1.0000,-1,-1
38,3,1312.00,528.00,47.90,131.50,1.0000,-1,-1
38,7,39.00,248.00,443.80,648.60,1.0000,-1,-1
38,8,1785.00,312.00,186.40,463.50,0.9950,-1,-1
39,1,1605.00,355.00,169.60,444.60,1.0000,-1,-1
39,2,1342.00,451.00,80.20,225.00,1.0000,-1,-1
39,3,1314.00,538.00,50.50,127.80,1.0000,-1,-1
39,7,82.00,229.00,403.90,675.30,1.0000,-1,-1
39,8,1789.00,307.00,181.30,484.70,0.9980,-1,-1
40,1,1624.00,361.00,177.90,414.30,1.0000,-1,-1
40,2,1338.00,453.00,78.00,215.70,1.0000,-1,-1
40,3,1304.00,529.00,54.30,130.20,1.0000,-1,-1
40,7,97.00,254.00,393.50,660.50,1.0000,-1,-1
40,8,1776.00,296.00,196.80,492.00,0.9940,-1,-1
41,1,1628.00,359.00,162.80,429.70,1.0000,-1,-1
41,2,1338.00,465.00,76.20,202.50,1.0000,-1,-1
41,3,1306.00,527.00,53.20,133.50,1.0000,-1,-1
41,7,125.00,234.00,363.30,683.80,1.0000,-1,-1
41,8,1801.00,309.00,159.90,461.70,0.9980,-1,-1
42,1,1608.00,356.00,168.00,447.00,1.0000,-1,-1
42,2,1334.00,464.00,90.50,204.60,1.0000,-1,-1
42,3,1316.00,533.00,48.20,132.40,1.0000,-1,-1
42,7,130.00,226.00,380.20,683.40,1.0000,-1,-1
42,8,1788.00,310.00,172.90,470.30,0.9980,-1,-1
43,1,1591.00,355.00,183.70,427.00,1.0000,-1,-1
43,2,1343.00,463.00,76.10,205.40,1.0000,-1,-1
43,3,1316.00,532.00,48.00,131.30,1.0000,-1,-1
43,7,213.00,260.00,324.00,608.90,1.0000,-1,-1
43,8,1780.00,299.00,184.60,484.20,0.9970,-1,-1
44,1,1612.00,350.00,162.10,451.40,1.0000,-1,-1
44,2,1343.00,462.00,74.50,197.80,1.0000,-1,-1
44,3,1316.00,534.00,47.60,128.90,1.0000,-1,-1
44,7,223.00,243.00,307.80,639.70,1.0000,-1,-1
44,8,1779.00,295.00,184.00,485.60,0.9980,-1,-1
45,1,1594.00,366.00,204.90,422.30,1.0000,-1,-1
45,2,1340.00,458.00,81.40,212.80,1.0000,-1,-1
45,3,1317.00,534.00,48.30,132.80,1.0000,-1,-1
45,7,262.00,239.00,291.70,640.50,1.0000,-1,-1
45,8,1794.00,292.00,166.40,497.70,0.9980,-1,-1
46,1,1605.00,357.00,181.40,419.00,1.0000,-1,-1
46,2,1343.00,455.00,73.90,208.80,1.0000,-1,-1
46,3,1318.00,526.00,50.40,141.80,1.0000,-1,-1
46,7,311.00,245.00,237.90,626.70,1.0000,-1,-1
46,8,1787.00,306.00,177.60,492.90,0.9980,-1,-1
47,1,1582.00,345.00,206.00,445.70,1.0000,-1,-1
47,2,1340.00,455.00,84.10,214.70,1.0000,-1,-1
47,3,1317.00,525.00,51.00,144.20,1.0000,-1,-1
47,7,310.00,250.00,277.90,630.20,1.0000,-1,-1
47,8,1784.00,300.00,179.70,494.40,0.9980,-1,-1
48,1,1576.00,340.00,204.90,469.50,1.0000,-1,-1
48,2,1340.00,462.00,82.90,211.40,1.0000,-1,-1
48,3,1319.00,532.00,47.90,137.70,1.0000,-1,-1
48,7,311.00,252.00,289.70,634.50,1.0000,-1,-1
48,8,1771.00,304.00,197.30,490.70,0.9980,-1,-1
49,1,1572.00,353.00,215.10,444.60,1.0000,-1,-1
49,2,1345.00,460.00,80.90,212.20,1.0000,-1,-1
49,3,1321.00,529.00,43.40,132.20,1.0000,-1,-1
49,7,342.00,266.00,298.60,604.40,1.0000,-1,-1
49,8,1773.00,280.00,194.50,507.20,0.9970,-1,-1
50,1,1566.00,343.00,220.30,458.00,1.0000,-1,-1
50,2,1344.00,462.00,83.70,214.10,1.0000,-1,-1
50,3,1321.00,530.00,43.70,132.70,1.0000,-1,-1
50,7,356.00,249.00,312.80,614.60,1.0000,-1,-1
50,8,1771.00,294.00,191.80,510.10,0.9990,-1,-1
51,1,1565.00,345.00,199.90,442.20,1.0000,-1,-1
51,2,1340.00,451.00,80.20,222.30,1.0000,-1,-1
51,3,1309.00,534.00,54.70,132.30,1.0000,-1,-1
51,7,350.00,247.00,329.00,613.60,1.0000,-1,-1
51,8,1770.00,297.00,190.70,508.40,0.9990,-1,-1
52,1,1568.00,357.00,194.30,435.40,1.0000,-1,-1
52,2,1340.00,447.00,82.60,229.10,1.0000,-1,-1
52,3,1311.00,536.00,54.20,131.30,1.0000,-1,-1
52,7,374.00,271.00,326.10,603.70,1.0000,-1,-1
52,8,1771.00,296.00,185.70,510.70,0.9990,-1,-1
53,1,1570.00,336.00,193.10,470.50,1.0000,-1,-1
53,2,1342.00,464.00,80.50,210.40,1.0000,-1,-1
53,3,1319.00,526.00,47.60,138.00,1.0000,-1,-1
53,7,389.00,242.00,307.00,620.20,1.0000,-1,-1
53,8,1777.00,286.00,183.10,495.50,0.9990,-1,-1
54,1,1562.00,341.00,210.40,457.80,1.0000,-1,-1
54,2,1336.00,455.00,86.40,210.50,1.0000,-1,-1
54,7,398.00,280.00,322.30,595.80,1.0000,-1,-1
54,8,1772.00,281.00,184.60,519.00,0.9990,-1,-1
55,1,1570.00,365.00,198.30,429.20,1.0000,-1,-1
55,2,1337.00,459.00,86.50,210.10,1.0000,-1,-1
55,3,1311.00,532.00,52.10,133.10,1.0000,-1,-1
55,7,377.00,269.00,374.70,607.70,1.0000,-1,-1
55,8,1753.00,304.00,208.50,492.20,1.0000,-1,-1
56,1,1563.00,349.00,187.30,453.80,1.0000,-1,-1
56,2,1338.00,453.00,86.70,209.70,1.0000,-1,-1
56,3,1316.00,532.00,47.50,132.70,1.0000,-1,-1
56,4,365.00,444.00,107.10,257.70,0.9990,-1,-1
56,7,419.00,289.00,328.60,580.40,1.0000,-1,-1
56,8,1765.00,287.00,187.50,526.80,1.0000,-1,-1
57,1,1548.00,346.00,185.90,473.10,1.0000,-1,-1
57,2,1343.00,457.00,74.00,214.30,1.0000,-1,-1
57,3,1316.00,534.00,47.10,131.10,1.0000,-1,-1
57,4,371.00,440.00,109.40,268.80,1.0000,-1,-1
57,7,450.00,276.00,277.20,593.70,1.0000,-1,-1
57,8,1759.00,283.00,197.30,532.80,1.0000,-1,-1
58,1,1533.00,346.00,219.00,440.70,1.0000,-1,-1
58,2,1331.00,455.00,86.80,213.70,1.0000,-1,-1
58,4,377.00,448.00,103.80,255.60,1.0000,-1,-1
58,7,494.00,268.00,248.80,573.60,1.0000,-1,-1
58,8,1770.00,291.00,182.50,514.10,1.0000,-1,-1
59,1,1552.00,354.00,195.50,457.90,1.0000,-1,-1
59,2,1341.00,448.00,82.10,227.00,1.0000,-1,-1
59,3,1310.00,534.00,54.10,132.40,1.0000,-1,-1
59,4,361.00,443.00,118.60,275.20,1.0000,-1,-1
59,7,506.00,260.00,250.60,590.90,1.0000,-1,-1
59,8,1759.00,301.00,190.60,505.60,1.0000,-1,-1
60,1,1528.00,350.00,215.10,455.70,1.0000,-1,-1
60,2,1330.00,456.00,86.70,211.20,1.0000,-1,-1
60,4,360.00,439.00,122.30,280.70,1.0000,-1,-1
60,7,532.00,273.00,249.40,573.10,1.0000,-1,-1
60,8,1743.00,281.00,212.50,538.30,1.0000,-1,-1
61,1,1520.00,331.00,214.20,462.10,1.0000,-1,-1
61,2,1342.00,453.00,79.30,219.50,1.0000,-1,-1
61,3,1318.00,537.00,44.30,126.00,1.0000,-1,-1
61,4,365.00,441.00,118.80,282.20,1.0000,-1,-1
61,7,558.00,271.00,235.00,546.10,1.0000,-1,-1
61,8,1744.00,304.00,208.20,508.20,1.0000,-1,-1
62,1,1520.00,335.00,192.90,488.80,1.0000,-1,-1
62,2,1331.00,458.00,87.50,212.30,1.0000,-1,-1
62,4,387.00,423.00,113.70,274.90,1.0000,-1,-1
62,7,578.00,248.00,253.30,604.60,1.0000,-1,-1
62,8,1761.00,288.00,183.70,537.90,1.0000,-1,-1
62,9,232.00,453.00,94.10,261.30,0.9910,-1,-1
63,1,1506.00,341.00,214.90,466.40,1.0000,-1,-1
63,2,1337.00,460.00,86.50,208.70,1.0000,-1,-1
63,3,1309.00,527.00,54.90,142.10,1.0000,-1,-1
63,4,383.00,439.00,102.10,289.10,1.0000,-1,-1
63,7,574.00,247.00,275.60,581.40,1.0000,-1,-1
63,8,1750.00,292.00,196.10,537.80,1.0000,-1,-1
64,1,1528.00,343.00,191.70,475.70,1.0000,-1,-1
64,2,1348.00,465.00,68.90,210.60,1.0000,-1,-1
64,3,1316.00,535.00,47.80,128.70,1.0000,-1,-1
64,4,392.00,437.00,101.40,265.90,1.0000,-1,-1
64,7,574.00,269.00,281.50,588.50,1.0000,-1,-1
64,8,1746.00,284.00,192.50,557.20,1.0000,-1,-1
64,9,214.00,471.00,86.30,233.40,0.9850,-1,-1
65,1,1518.00,341.00,193.50,474.30,1.0000,-1,-1
65,2,1342.00,450.00,80.20,225.00,1.0000,-1,-1
65,3,1315.00,534.00,48.60,127.50,1.0000,-1,-1
65,4,401.00,442.00,113.10,270.80,1.0000,-1,-1
65,7,614.00,281.00,294.40,584.40,1.0000,-1,-1
65,8,1747.00,288.00,176.50,547.70,1.0000,-1,-1
65,9,218.00,481.00,89.80,238.60,0.9980,-1,-1
66,1,1514.00,334.00,203.60,486.20,1.0000,-1,-1
66,2,1335.00,455.00,84.60,219.90,1.0000,-1,-1
66,3,1311.00,537.00,46.80,128.40,0.9960,-1,-1
66,4,405.00,438.00,112.70,253.80,1.0000,-1,-1
66,7,623.00,282.00,263.50,561.70,1.0000,-1,-1
66,8,1717.00,275.00,215.00,553.80,1.0000,-1,-1
66,9,235.00,471.00,75.90,237.90,0.9990,-1,-1
67,1,1504.00,335.00,205.90,495.20,1.0000,-1,-1
67,2,1339.00,465.00,90.30,199.80,1.0000,-1,-1
67,3,1312.00,539.00,53.60,126.50,1.0000,-1,-1
67,4,404.00,440.00,123.30,267.70,1.0000,-1,-1
67,7,631.00,277.00,284.80,557.00,1.0000,-1,-1
67,8,1720.00,266.00,204.70,562.20,1.0000,-1,-1
67,9,236.00,481.00,82.10,237.60,1.0000,-1,-1
68,1,1519.00,334.00,191.40,501.80,1.0000,-1,-1
68,2,1339.00,457.00,81.00,212.70,1.0000,-1,-1
68,3,1311.00,531.00,48.00,133.60,1.0000,-1,-1
68,4,409.00,432.00,114.50,275.60,1.0000,-1,-1
68,7,628.00,274.00,292.20,565.90,1.0000,-1,-1
68,8,1735.00,289.00,185.80,548.30,1.0000,-1,-1
68,9,228.00,478.00,92.40,229.80,1.0000,-1,-1
69,1,1513.00,354.00,195.30,483.80,1.0000,-1,-1
69,2,1346.00,465.00,69.50,211.10,1.0000,-1,-1
69,3,1308.00,540.00,54.30,127.40,1.0000,-1,-1
69,4,404.00,427.00,121.70,282.90,1.0000,-1,-1
69,7,665.00,287.00,260.50,545.00,1.0000,-1,-1
69,8,1718.00,284.00,207.90,535.80,1.0000,-1,-1
69,9,231.00,484.00,89.00,226.90,1.0000,-1,-1
70,1,1508.00,355.00,181.30,482.20,1.0000,-1,-1
70,2,1335.00,453.00,84.40,222.50,1.0000,-1,-1
70,4,410.00,420.00,121.20,298.10,1.0000,-1,-1
70,7,693.00,286.00,256.40,537.60,1.0000,-1,-1
70,8,1706.00,270.00,204.70,568.80,1.0000,-1,-1
70,9,236.00,474.00,98.50,242.70,1.0000,-1,-1
71,1,1510.00,345.00,188.90,482.10,1.0000,-1,-1
71,2,1340.00,455.00,78.70,208.80,1.0000,-1,-1
71,3,1311.00,538.00,53.80,126.30,1.0000,-1,-1
71,4,409.00,432.00,107.40,287.00,1.0000,-1,-1
71,7,704.00,277.00,244.80,546.20,1.0000,-1,-1
71,8,1702.00,252.00,216.80,602.90,1.0000,-1,-1
71,9,237.00,480.00,95.00,232.00,1.0000,-1,-1
72,1,1513.00,353.00,176.30,457.50,1.0000,-1,-1
72,2,1336.00,461.00,86.60,207.40,1.0000,-1,-1
72,3,1310.00,534.00,50.20,127.40,0.9940,-1,-1
72,4,419.00,430.00,115.80,276.60,1.0000,-1,-1
72,7,708.00,274.00,231.10,540.70,1.0000,-1,-1
72,8,1722.00,288.00,188.90,551.30,1.0000,-1,-1
72,9,239.00,471.00,93.10,241.70,1.0000,-1,-1
73,1,1491.00,352.00,203.10,479.30,1.0000,-1,-1
73,2,1346.00,465.00,71.10,212.10,1.0000,-1,-1
73,3,1310.00,538.00,54.20,128.10,1.0000,-1,-1
73,4,414.00,426.00,107.10,295.20,1.0000,-1,-1
73,7,737.00,289.00,226.10,511.40,1.0000,-1,-1
73,8,1715.00,256.00,196.80,594.50,1.0000,-1,-1
73,9,256.00,478.00,91.30,236.50,1.0000,-1,-1
74,1,1497.00,335.00,202.80,504.40,1.0000,-1,-1
74,2,1336.00,462.00,86.60,206.30,1.0000,-1,-1
74,3,1311.00,541.00,47.00,119.60,0.9950,-1,-1
74,4,424.00,441.00,103.90,257.70,1.0000,-1,-1
74,7,759.00,267.00,209.90,561.80,1.0000,-1,-1
74,8,1701.00,265.00,193.60,567.40,1.0000,-1,-1
74,9,252.00,473.00,91.10,235.30,1.0000,-1,-1
75,1,1497.00,328.00,196.60,492.80,1.0000,-1,-1
75,2,1334.00,460.00,83.40,211.90,1.0000,-1,-1
75,3,1308.00,532.00,50.40,139.70,0.9870,-1,-1
75,4,412.00,427.00,119.20,292.50,1.0000,-1,-1
75,7,759.00,280.00,206.70,528.20,1.0000,-1,-1
75,8,1699.00,264.00,214.60,564.40,1.0000,-1,-1
75,9,247.00,474.00,105.60,253.50,1.0000,-1,-1
76,1,1480.00,327.00,227.50,517.90,1.0000,-1,-1
76,2,1345.00,466.00,70.30,208.70,1.0000,-1,-1
76,3,1317.00,531.00,50.70,141.50,1.0000,-1,-1
76,4,415.00,445.00,125.40,267.10,1.0000,-1,-1
76,7,766.00,277.00,227.00,538.60,1.0000,-1,-1
76,8,1706.00,262.00,215.40,565.50,1.0000,-1,-1
76,9,261.00,479.00,92.60,228.80,1.0000,-1,-1
77,1,1488.00,335.00,216.50,490.70,1.0000,-1,-1
77,2,1338.00,464.00,77.80,200.10,1.0000,-1,-1
77,3,1309.00,533.00,55.40,125.80,0.9940,-1,-1
77,4,419.00,435.00,115.40,275.80,1.0000,-1,-1
77,7,795.00,302.00,205.60,508.20,1.0000,-1,-1
77,8,1706.00,266.00,210.50,568.90,1.0000,-1,-1
77,9,250.00,470.00,102.20,251.90,1.0000,-1,-1
78,1,1466.00,323.00,220.40,512.80,1.0000,-1,-1
78,2,1338.00,464.00,76.60,199.50,1.0000,-1,-1
78,3,1309.00,527.00,49.20,135.60,0.9990,-1,-1
78,4,414.00,423.00,121.80,289.50,1.0000,-1,-1
78,7,795.00,299.00,234.20,531.50,1.0000,-1,-1
78,8,1708.00,258.00,181.40,579.50,1.0000,-1,-1
78,9,261.00,468.00,92.70,227.00,1.0000,-1,-1
79,1,1490.00,341.00,185.50,499.70,1.0000,-1,-1
79,2,1337.00,465.00,76.90,199.60,1.0000,-1,-1
79,3,1310.00,541.00,48.30,122.50,0.9960,-1,-1
79,4,416.00,423.00,121.80,301.10,1.0000,-1,-1
79,7,819.00,284.00,228.60,529.10,1.0000,-1,-1
79,8,1702.00,271.00,205.70,587.20,1.0000,-1,-1
79,9,268.00,461.00,99.40,261.10,1.0000,-1,-1
80,1,1462.00,342.00,231.60,506.60,1.0000,-1,-1
80,2,1340.00,456.00,83.70,218.00,1.0000,-1,-1
80,3,1313.00,538.00,53.20,127.10,1.0000,-1,-1
80,4,432.00,446.00,100.20,267.00,1.0000,-1,-1
80,7,818.00,292.00,256.90,537.90,1.0000,-1,-1
80,8,1690.00,254.00,200.90,589.30,1.0000,-1,-1
80,9,274.00,466.00,112.90,263.40,0.9990,-1,-1
81,1,1454.00,341.00,234.50,514.60,1.0000,-1,-1
81,2,1343.00,454.00,87.40,211.30,1.0000,-1,-1
81,3,1314.00,540.00,53.00,128.20,1.0000,-1,-1
81,4,444.00,441.00,101.70,253.50,1.0000,-1,-1
81,7,823.00,293.00,242.00,520.50,1.0000,-1,-1
81,8,1687.00,267.00,190.10,595.50,1.0000,-1,-1
81,9,262.00,465.00,116.10,248.30,0.9990,-1,-1
82,1,1453.00,330.00,236.80,506.70,1.0000,-1,-1
82,2,1344.00,456.00,85.30,209.00,1.0000,-1,-1
82,3,1315.00,542.00,51.20,124.80,1.0000,-1,-1
82,4,434.00,435.00,106.90,272.00,1.0000,-1,-1
82,7,828.00,289.00,256.50,504.70,1.0000,-1,-1
82,8,1679.00,271.00,209.40,570.90,1.0000,-1,-1
82,9,270.00,463.00,105.60,253.80,1.0000,-1,-1
83,1,1434.00,328.00,235.30,506.70,1.0000,-1,-1
83,2,1340.00,462.00,76.10,210.80,1.0000,-1,-1
83,3,1311.00,536.00,54.50,128.20,1.0000,-1,-1
83,4,434.00,434.00,100.50,265.30,1.0000,-1,-1
83,7,866.00,293.00,230.60,493.80,1.0000,-1,-1
83,8,1674.00,251.00,211.30,622.10,1.0000,-1,-1
83,9,277.00,475.00,100.90,236.90,1.0000,-1,-1
84,1,1432.00,323.00,238.30,506.10,1.0000,-1,-1
84,2,1343.00,458.00,70.70,220.80,1.0000,-1,-1
84,3,1314.00,542.00,52.10,126.50,1.0000,-1,-1
84,4,439.00,442.00,97.10,273.50,1.0000,-1,-1
84,7,866.00,279.00,218.60,532.70,1.0000,-1,-1
84,8,1680.00,257.00,216.80,596.90,1.0000,-1,-1
84,9,279.00,471.00,103.50,236.60,1.0000,-1,-1
85,1,1428.00,322.00,242.90,510.00,1.0000,-1,-1
85,2,1335.00,458.00,90.40,212.10,1.0000,-1,-1
85,4,445.00,424.00,111.20,279.70,1.0000,-1,-1
85,7,904.00,291.00,196.50,497.90,1.0000,-1,-1
85,8,1664.00,243.00,221.40,611.80,1.0000,-1,-1
85,9,281.00,458.00,108.80,259.20,1.0000,-1,-1
86,1,1397.00,335.00,280.40,513.70,1.0000,-1,-1
86,2,1335.00,458.00,91.50,205.60,1.0000,-1,-1
86,4,454.00,424.00,109.30,288.00,1.0000,-1,-1
86,7,916.00,290.00,204.00,477.70,1.0000,-1,-1
86,8,1666.00,233.00,237.40,628.80,1.0000,-1,-1
86,9,285.00,470.00,115.30,245.90,1.0000,-1,-1
87,1,1411.00,324.00,250.40,530.30,1.0000,-1,-1
87,2,1333.00,457.00,92.40,208.80,1.0000,-1,-1
87,4,456.00,424.00,108.70,289.50,1.0000,-1,-1
87,7,914.00,282.00,209.30,496.80,1.0000,-1,-1
87,8,1665.00,248.00,237.60,620.40,1.0000,-1,-1
87,9,304.00,455.00,91.90,253.70,1.0000,-1,-1
88,1,1400.00,321.00,277.10,553.30,1.0000,-1,-1
88,2,1340.00,464.00,83.60,212.70,1.0000,-1,-1
88,3,1314.00,536.00,50.30,132.00,0.9990,-1,-1
88,4,453.00,419.00,112.90,304.30,1.0000,-1,-1
88,7,937.00,294.00,200.90,480.20,1.0000,-1,-1
88,8,1665.00,233.00,222.00,625.20,1.0000,-1,-1
88,9,297.00,465.00,104.40,251.30,1.0000,-1,-1
89,1,1408.00,327.00,248.30,525.10,1.0000,-1,-1
89,2,1341.00,453.00,87.00,212.00,1.0000,-1,-1
89,3,1313.00,535.00,55.10,129.60,1.0000,-1,-1
89,4,442.00,423.00,130.50,289.20,1.0000,-1,-1
89,7,943.00,296.00,211.50,482.90,1.0000,-1,-1
89,8,1661.00,256.00,242.70,612.00,1.0000,-1,-1
89,9,301.00,465.00,106.30,246.40,0.9990,-1,-1
90,1,1406.00,334.00,232.90,521.50,1.0000,-1,-1
90,2,1333.00,463.00,85.20,207.10,1.0000,-1,-1
90,4,460.00,420.00,120.90,280.80,0.9990,-1,-1
90,7,932.00,292.00,250.80,477.30,1.0000,-1,-1
90,8,1667.00,229.00,236.40,650.20,1.0000,-1,-1
90,9,303.00,453.00,101.30,263.10,0.9990,-1,-1
91,1,1384.00,316.00,271.90,533.40,1.0000,-1,-1
91,2,1336.00,459.00,89.30,209.10,1.0000,-1,-1
91,3,1309.00,540.00,50.90,123.90,0.9990,-1,-1
91,4,447.00,417.00,124.40,303.50,1.0000,-1,-1
91,7,969.00,303.00,213.90,484.20,1.0000,-1,-1
91,8,1662.00,246.00,220.30,630.50,1.0000,-1,-1
91,9,312.00,463.00,103.80,246.90,0.9990,-1,-1
92,1,1394.00,340.00,237.20,524.30,1.0000,-1,-1
92,2,1338.00,454.00,89.20,220.70,1.0000,-1,-1
92,3,1311.00,538.00,50.80,130.90,0.9840,-1,-1
92,4,452.00,429.00,122.20,288.90,1.0000,-1,-1
92,7,956.00,311.00,256.70,461.10,1.0000,-1,-1
92,8,1648.00,222.00,227.80,681.40,1.0000,-1,-1
92,9,321.00,460.00,87.40,256.90,1.0000,-1,-1
93,1,1384.00,321.00,244.20,550.80,1.0000,-1,-1
93,2,1339.00,460.00,85.30,216.80,1.0000,-1,-1
93,3,1311.00,535.00,54.90,130.20,1.0000,-1,-1
93,4,455.00,412.00,121.70,310.70,1.0000,-1,-1
93,7,960.00,321.00,250.40,458.50,1.0000,-1,-1
93,8,1638.00,256.00,236.50,614.30,1.0000,-1,-1
93,9,323.00,450.00,88.10,262.40,1.0000,-1,-1
94,1,1375.00,330.00,248.30,556.70,1.0000,-1,-1
94,2,1332.00,463.00,85.30,212.10,1.0000,-1,-1
94,3,1317.00,545.00,48.20,119.20,1.0000,-1,-1
94,4,449.00,410.00,120.10,298.30,1.0000,-1,-1
94,7,994.00,331.00,234.40,428.80,1.0000,-1,-1
94,8,1638.00,233.00,251.50,666.80,1.0000,-1,-1
94,9,310.00,453.00,102.50,263.30,1.0000,-1,-1
95,1,1376.00,321.00,244.50,554.40,1.0000,-1,-1
95,2,1336.00,460.00,77.70,212.90,1.0000,-1,-1
95,3,1308.00,542.00,51.80,124.00,0.9990,-1,-1
95,4,464.00,429.00,105.70,282.20,1.0000,-1,-1
95,7,994.00,308.00,228.10,466.40,1.0000,-1,-1
95,8,1637.00,260.00,217.80,609.30,1.0000,-1,-1
95,9,317.00,459.00,103.00,255.10,1.0000,-1,-1
96,1,1375.00,325.00,218.70,554.50,1.0000,-1,-1
96,2,1334.00,448.00,79.30,216.40,0.9800,-1,-1
96,3,1312.00,536.00,54.20,126.70,1.0000,-1,-1
96,4,464.00,423.00,126.10,303.40,1.0000,-1,-1
96,7,1001.00,313.00,241.70,439.10,1.0000,-1,-1
96,8,1633.00,247.00,226.70,646.70,1.0000,-1,-1
96,9,321.00,452.00,100.80,266.40,1.0000,-1,-1
97,1,1372.00,322.00,236.60,556.80,1.0000,-1,-1
97,2,1324.00,440.00,83.20,230.40,0.9440,-1,-1
97,3,1314.00,533.00,56.40,129.50,0.9990,-1,-1
97,4,454.00,416.00,136.00,301.00,1.0000,-1,-1
97,7,1007.00,315.00,235.30,456.40,1.0000,-1,-1
97,8,1640.00,244.00,229.20,660.40,1.0000,-1,-1
97,9,325.00,458.00,93.70,260.00,1.0000,-1,-1
98,1,1371.00,311.00,225.20,563.10,1.0000,-1,-1
98,3,1315.00,533.00,52.40,126.50,1.0000,-1,-1
98,4,460.00,417.00,114.10,310.60,1.0000,-1,-1
98,7,1044.00,308.00,200.70,460.20,1.0000,-1,-1
98,8,1605.00,233.00,253.00,666.80,1.0000,-1,-1
98,9,331.00,450.00,90.60,259.00,1.0000,-1,-1
99,1,1368.00,312.00,224.50,570.40,1.0000,-1,-1
99,3,1313.00,532.00,54.30,138.30,1.0000,-1,-1
99,4,447.00,406.00,140.10,323.40,1.0000,-1,-1
99,7,1050.00,323.00,190.60,432.00,1.0000,-1,-1
99,8,1603.00,240.00,235.50,647.90,1.0000,-1,-1
99,9,324.00,451.00,104.60,257.10,0.9990,-1,-1
100,1,1358.00,327.00,227.70,550.00,1.0000,-1,-1
100,3,1315.00,531.00,52.30,127.50,1.0000,-1,-1
100,4,448.00,403.00,144.80,325.70,1.0000,-1,-1
100,7,1051.00,299.00,191.00,451.20,1.0000,-1,-1
100,8,1607.00,218.00,247.50,695.50,1.0000,-1,-1
100,9,328.00,447.00,99.80,278.10,1.0000,-1,-1
101,1,1352.00,307.00,221.60,584.40,1.0000,-1,-1
101,3,1317.00,541.00,48.60,119.80,1.0000,-1,-1
101,4,458.00,418.00,138.70,314.80,1.0000,-1,-1
101,7,1078.00,313.00,175.10,454.10,1.0000,-1,-1
101,8,1608.00,230.00,240.40,690.30,1.0000,-1,-1
101,9,333.00,454.00,93.70,259.80,1.0000,-1,-1
102,1,1348.00,315.00,221.70,569.60,1.0000,-1,-1
102,3,1316.00,535.00,53.00,131.40,1.0000,-1,-1
102,4,460.00,422.00,123.00,293.90,1.0000,-1,-1
102,7,1073.00,320.00,184.90,423.90,1.0000,-1,-1
102,8,1601.00,227.00,224.80,689.80,1.0000,-1,-1
102,9,332.00,446.00,99.50,272.60,1.0000,-1,-1
103,1,1336.00,307.00,236.80,581.50,1.0000,-1,-1
103,4,454.00,430.00,125.30,284.50,1.0000,-1,-1
103,7,1086.00,322.00,202.40,429.90,1.0000,-1,-1
103,8,1573.00,211.00,244.70,705.10,1.0000,-1,-1
103,9,323.00,458.00,108.90,255.40,1.0000,-1,-1
104,1,1344.00,307.00,205.50,587.40,1.0000,-1,-1
104,3,1313.00,528.00,55.90,136.20,0.9980,-1,-1
104,4,463.00,402.00,135.70,326.80,1.0000,-1,-1
104,7,1101.00,314.00,178.60,432.40,1.0000,-1,-1
104,8,1581.00,209.00,235.20,691.60,1.0000,-1,-1
104,9,329.00,450.00,95.70,265.80,1.0000,-1,-1
105,1,1329.00,299.00,212.20,585.10,1.0000,-1,-1
105,4,473.00,426.00,104.10,286.40,1.0000,-1,-1
105,7,1112.00,337.00,179.30,414.30,1.0000,-1,-1
105,8,1580.00,229.00,236.50,683.90,1.0000,-1,-1
105,9,325.00,451.00,99.20,264.90,1.0000,-1,-1
106,1,1336.00,305.00,227.60,595.40,1.0000,-1,-1
106,4,461.00,420.00,115.60,304.80,1.0000,-1,-1
106,7,1124.00,347.00,171.70,397.10,1.0000,-1,-1
106,8,1579.00,210.00,232.30,713.10,1.0000,-1,-1
106,9,339.00,452.00,85.90,259.30,1.0000,-1,-1
107,1,1310.00,302.00,251.90,596.30,1.0000,-1,-1
107,4,470.00,417.00,116.80,304.90,1.0000,-1,-1
107,7,1107.00,318.00,202.40,427.30,1.0000,-1,-1
107,8,1558.00,222.00,260.90,693.30,1.0000,-1,-1
107,9,331.00,449.00,110.70,271.00,0.9990,-1,-1
108,1,1318.00,304.00,236.40,595.40,1.0000,-1,-1
108,4,449.00,419.00,128.90,315.20,1.0000,-1,-1
108,7,1137.00,320.00,162.70,421.20,1.0000,-1,-1
108,8,1575.00,225.00,216.10,694.50,1.0000,-1,-1
108,9,332.00,464.00,92.60,246.00,0.9990,-1,-1
109,1,1308.00,291.00,242.90,620.10,1.0000,-1,-1
109,4,466.00,413.00,126.30,304.90,1.0000,-1,-1
109,7,1148.00,338.00,169.60,412.10,1.0000,-1,-1
109,8,1556.00,221.00,250.60,693.80,1.0000,-1,-1
109,9,337.00,452.00,93.70,280.10,1.0000,-1,-1
110,1,1307.00,296.00,223.30,616.50,1.0000,-1,-1
110,4,469.00,422.00,110.90,301.20,1.0000,-1,-1
110,7,1155.00,328.00,175.00,418.30,1.0000,-1,-1
110,8,1561.00,203.00,216.30,710.50,1.0000,-1,-1
110,9,336.00,451.00,95.70,281.20,1.0000,-1,-1
111,1,1305.00,280.00,221.10,631.60,1.0000,-1,-1
111,4,471.00,402.00,119.10,335.30,1.0000,-1,-1
111,7,1167.00,326.00,160.80,411.40,1.0000,-1,-1
111,8,1535.00,203.00,236.00,732.40,1.0000,-1,-1
111,9,339.00,442.00,103.40,281.20,1.0000,-1,-1
112,1,1297.00,296.00,237.80,611.40,1.0000,-1,-1
112,4,451.00,399.00,131.40,337.30,1.0000,-1,-1
112,7,1166.00,316.00,168.60,411.30,1.0000,-1,-1
112,8,1554.00,227.00,239.50,714.10,1.0000,-1,-1
112,9,341.00,446.00,90.40,282.20,1.0000,-1,-1
113,1,1270.00,300.00,246.80,605.50,1.0000,-1,-1
113,4,462.00,410.00,125.40,325.50,1.0000,-1,-1
113,7,1182.00,310.00,161.50,411.40,1.0000,-1,-1
113,8,1530.00,225.00,235.00,691.20,1.0000,-1,-1
113,9,341.00,436.00,104.00,293.80,0.9990,-1,-1
114,1,1264.00,299.00,265.80,613.10,1.0000,-1,-1
114,4,443.00,419.00,131.30,321.70,1.0000,-1,-1
114,7,1171.00,315.00,193.00,396.20,1.0000,-1,-1
114,8,1534.00,220.00,221.10,738.00,1.0000,-1,-1
114,9,345.00,444.00,86.80,277.10,0.9990,-1,-1
115,1,1238.00,297.00,284.10,611.20,1.0000,-1,-1
115,4,466.00,426.00,123.20,284.20,1.0000,-1,-1
115,7,1175.00,356.00,155.20,359.70,1.0000,-1,-1
115,8,1529.00,215.00,235.30,720.90,1.0000,-1,-1
115,9,347.00,445.00,88.60,277.40,0.9990,-1,-1
116,1,1239.00,282.00,266.50,651.30,1.0000,-1,-1
116,4,445.00,404.00,124.50,330.30,1.0000,-1,-1
116,8,1521.00,200.00,245.40,731.50,1.0000,-1,-1
116,9,348.00,454.00,99.60,263.60,0.9990,-1,-1
117,1,1232.00,287.00,263.90,636.40,1.0000,-1,-1
117,4,461.00,414.00,112.30,308.70,1.0000,-1,-1
117,8,1512.00,187.00,236.00,741.40,1.0000,-1,-1
117,9,343.00,437.00,94.80,300.30,0.9990,-1,-1
118,1,1224.00,287.00,262.90,635.30,1.0000,-1,-1
118,4,457.00,393.00,113.20,335.10,1.0000,-1,-1
118,8,1502.00,189.00,238.30,740.50,1.0000,-1,-1
118,9,340.00,433.00,97.10,290.40,0.9990,-1,-1
119,1,1215.00,289.00,271.30,658.20,1.0000,-1,-1
119,4,446.00,400.00,115.50,306.60,1.0000,-1,-1
119,8,1489.00,196.00,271.80,759.80,1.0000,-1,-1
119,9,344.00,437.00,96.50,281.60,1.0000,-1,-1
120,1,1211.00,287.00,246.70,648.60,1.0000,-1,-1
120,4,449.00,405.00,121.90,321.20,1.0000,-1,-1
120,8,1488.00,185.00,269.00,777.10,1.0000,-1,-1
120,9,341.00,441.00,96.50,285.80,0.9990,-1,-1
121,1,1186.00,292.00,290.40,647.40,1.0000,-1,-1
121,4,446.00,410.00,119.50,310.50,1.0000,-1,-1
121,8,1492.00,169.00,254.50,784.50,1.0000,-1,-1
121,9,342.00,448.00,105.10,289.50,1.0000,-1,-1
122,1,1162.00,274.00,306.90,692.30,1.0000,-1,-1
122,4,451.00,392.00,114.00,328.30,1.0000,-1,-1
122,8,1470.00,183.00,252.90,781.90,1.0000,-1,-1
122,9,338.00,444.00,100.90,284.40,1.0000,-1,-1
123,1,1160.00,277.00,302.90,678.30,1.0000,-1,-1
123,4,445.00,390.00,118.40,325.60,0.9990,-1,-1
123,8,1459.00,189.00,273.70,769.90,1.0000,-1,-1
123,9,335.00,431.00,104.70,294.80,1.0000,-1,-1
124,1,1145.00,271.00,302.50,690.60,1.0000,-1,-1
124,4,441.00,408.00,118.00,312.90,0.9990,-1,-1
124,8,1465.00,168.00,268.40,778.10,1.0000,-1,-1
124,9,336.00,443.00,101.00,283.70,1.0000,-1,-1
125,1,1152.00,285.00,300.40,670.40,1.0000,-1,-1
125,4,439.00,415.00,123.20,309.40,0.9990,-1,-1
125,8,1464.00,173.00,269.00,769.60,1.0000,-1,-1
125,9,331.00,445.00,103.80,283.40,1.0000,-1,-1
126,1,1132.00,275.00,289.60,682.40,1.0000,-1,-1
126,4,440.00,401.00,130.70,335.00,0.9990,-1,-1
126,8,1432.00,161.00,284.70,817.50,1.0000,-1,-1
126,9,326.00,437.00,114.80,301.00,1.0000,-1,-1
127,1,1124.00,284.00,291.80,675.50,1.0000,-1,-1
127,4,433.00,385.00,125.50,346.90,0.9990,-1,-1
127,8,1455.00,161.00,248.80,830.60,1.0000,-1,-1
127,9,334.00,441.00,113.20,293.30,0.9990,-1,-1
128,1,1126.00,264.00,271.60,715.50,1.0000,-1,-1
128,4,458.00,392.00,99.90,325.30,0.9990,-1,-1
128,8,1434.00,161.00,269.70,824.30,1.0000,-1,-1
128,9,326.00,432.00,107.50,310.90,0.9990,-1,-1
129,1,1120.00,263.00,282.50,721.00,1.0000,-1,-1
129,4,449.00,398.00,123.80,325.00,0.9990,-1,-1
129,8,1406.00,174.00,290.00,792.70,1.0000,-1,-1
129,9,336.00,425.00,106.90,327.00,1.0000,-1,-1
130,1,1121.00,253.00,283.60,711.40,1.0000,-1,-1
130,4,456.00,386.00,112.40,343.50,1.0000,-1,-1
130,8,1406.00,176.00,313.60,793.90,1.0000,-1,-1
130,9,319.00,438.00,126.60,286.80,1.0000,-1,-1
131,1,1123.00,272.00,265.80,718.80,1.0000,-1,-1
131,4,434.00,398.00,149.00,326.80,1.0000,-1,-1
131,8,1407.00,144.00,292.10,856.50,1.0000,-1,-1
131,9,330.00,418.00,116.90,330.30,1.0000,-1,-1
132,1,1114.00,284.00,270.30,714.80,1.0000,-1,-1
132,4,431.00,387.00,129.80,336.90,1.0000,-1,-1
132,8,1406.00,162.00,279.80,838.20,1.0000,-1,-1
132,9,327.00,419.00,117.90,331.10,1.0000,-1,-1
133,1,1110.00,249.00,254.90,744.10,1.0000,-1,-1
133,4,452.00,397.00,116.10,330.10,1.0000,-1,-1
133,8,1364.00,193.00,319.50,807.00,1.0000,-1,-1
133,9,316.00,432.00,119.40,326.20,1.0000,-1,-1
134,1,1103.00,261.00,275.10,755.10,1.0000,-1,-1
134,4,435.00,381.00,127.20,346.70,0.9990,-1,-1
134,8,1365.00,169.00,299.70,817.00,1.0000,-1,-1
134,9,326.00,444.00,121.20,296.90,1.0000,-1,-1
135,1,1089.00,266.00,264.20,729.70,1.0000,-1,-1
135,4,456.00,399.00,129.80,330.60,1.0000,-1,-1
135,8,1350.00,174.00,282.40,811.80,1.0000,-1,-1
135,9,319.00,433.00,127.70,305.40,1.0000,-1,-1
136,1,1070.00,251.00,283.00,743.10,1.0000,-1,-1
136,4,446.00,387.00,124.90,358.70,1.0000,-1,-1
136,8,1340.00,161.00,295.40,830.80,1.0000,-1,-1
136,9,313.00,432.00,113.60,319.60,1.0000,-1,-1
137,1,1078.00,260.00,279.80,749.90,1.0000,-1,-1
137,4,452.00,394.00,117.20,336.50,1.0000,-1,-1
137,8,1328.00,156.00,313.90,848.40,1.0000,-1,-1
137,9,316.00,422.00,135.80,314.10,1.0000,-1,-1
138,1,1042.00,247.00,310.90,773.40,1.0000,-1,-1
138,4,451.00,376.00,131.70,347.80,1.0000,-1,-1
138,8,1324.00,121.00,313.20,870.50,1.0000,-1,-1
138,9,327.00,410.00,124.80,344.00,1.0000,-1,-1
139,1,1018.00,266.00,314.20,753.30,1.0000,-1,-1
139,4,445.00,393.00,126.60,351.50,1.0000,-1,-1
139,8,1324.00,122.00,291.40,874.10,1.0000,-1,-1
139,9,325.00,408.00,125.80,345.30,1.0000,-1,-1
140,1,1014.00,241.00,327.10,804.20,1.0000,-1,-1
140,4,429.00,376.00,146.10,376.00,1.0000,-1,-1
140,8,1298.00,138.00,333.40,900.50,1.0000,-1,-1
140,9,306.00,428.00,127.70,323.20,1.0000,-1,-1
141,1,1017.00,242.00,296.30,765.10,1.0000,-1,-1
141,4,450.00,404.00,120.90,336.90,1.0000,-1,-1
141,8,1293.00,150.00,321.70,847.00,1.0000,-1,-1
141,9,316.00,437.00,119.70,299.00,1.0000,-1,-1
141,10,-53.00,295.00,260.60,670.90,0.9740,-1,-1
142,1,991.00,224.00,311.50,823.00,1.0000,-1,-1
142,4,442.00,408.00,127.90,331.20,1.0000,-1,-1
142,8,1285.00,141.00,313.30,881.80,1.0000,-1,-1
142,9,311.00,422.00,125.40,320.70,1.0000,-1,-1
142,10,-45.00,288.00,283.90,687.00,0.9880,-1,-1
143,1,975.00,215.00,309.10,815.30,1.0000,-1,-1
143,4,437.00,388.00,140.20,365.60,1.0000,-1,-1
143,8,1282.00,113.00,298.30,900.00,1.0000,-1,-1
143,9,312.00,428.00,125.30,328.20,1.0000,-1,-1
143,10,-25.00,251.00,242.90,722.10,0.9880,-1,-1
144,1,971.00,245.00,319.50,776.90,1.0000,-1,-1
144,4,444.00,387.00,128.50,348.90,1.0000,-1,-1
144,8,1257.00,132.00,331.00,884.10,1.0000,-1,-1
144,9,310.00,428.00,133.00,328.60,1.0000,-1,-1
144,10,-16.00,279.00,238.70,699.60,0.9980,-1,-1
145,1,953.00,239.00,321.40,810.60,1.0000,-1,-1
145,4,438.00,409.00,138.20,344.60,1.0000,-1,-1
145,8,1277.00,144.00,300.10,871.50,1.0000,-1,-1
145,9,317.00,428.00,124.40,328.30,1.0000,-1,-1
145,10,-5.00,284.00,239.90,676.40,0.9970,-1,-1
146,1,922.00,225.00,332.90,821.80,1.0000,-1,-1
146,4,445.00,401.00,141.30,340.30,1.0000,-1,-1
146,8,1260.00,139.00,296.60,887.10,1.0000,-1,-1
146,9,311.00,428.00,125.80,321.30,1.0000,-1,-1
146,10,20.00,291.00,243.20,645.60,0.9990,-1,-1
147,1,943.00,231.00,300.10,822.50,1.0000,-1,-1
147,4,443.00,395.00,143.60,350.70,1.0000,-1,-1
147,8,1244.00,115.00,320.00,936.20,1.0000,-1,-1
147,9,307.00,422.00,125.80,330.10,1.0000,-1,-1
147,10,50.00,286.00,230.70,651.00,1.0000,-1,-1
148,1,924.00,245.00,348.60,827.80,1.0000,-1,-1
148,4,441.00,377.00,150.50,372.70,1.0000,-1,-1
148,8,1241.00,135.00,331.50,907.30,1.0000,-1,-1
148,9,296.00,431.00,145.50,322.00,1.0000,-1,-1
148,10,43.00,276.00,267.50,629.60,0.9990,-1,-1
149,1,921.00,235.00,317.30,830.40,1.0000,-1,-1
149,4,445.00,387.00,148.90,363.80,1.0000,-1,-1
149,8,1229.00,118.00,319.50,926.40,1.0000,-1,-1
149,9,296.00,423.00,143.30,335.00,1.0000,-1,-1
149,10,47.00,274.00,323.90,647.00,0.9980,-1,-1
150,1,922.00,209.00,305.50,895.70,1.0000,-1,-1
150,4,448.00,388.00,136.60,372.20,1.0000,-1,-1
150,8,1236.00,125.00,325.00,932.60,1.0000,-1,-1
150,9,306.00,422.00,122.80,336.40,1.0000,-1,-1
150,10,54.00,296.00,358.00,618.80,0.9990,-1,-1
151,1,896.00,225.00,329.70,857.80,1.0000,-1,-1
151,4,448.00,388.00,145.00,360.70,1.0000,-1,-1
151,8,1195.00,103.00,356.10,955.00,1.0000,-1,-1
151,10,88.00,300.00,359.60,624.10,0.9990,-1,-1
152,1,886.00,225.00,319.10,851.50,1.0000,-1,-1
152,4,440.00,379.00,144.00,378.00,1.0000,-1,-1
152,8,1194.00,107.00,343.90,957.10,1.0000,-1,-1
152,10,51.00,306.00,410.00,609.80,0.9980,-1,-1
153,1,866.00,231.00,339.00,875.80,1.0000,-1,-1
153,4,455.00,374.00,139.30,390.30,1.0000,-1,-1
153,8,1211.00,111.00,311.70,981.30,1.0000,-1,-1
153,10,66.00,292.00,408.50,611.70,0.9990,-1,-1
154,1,864.00,213.00,341.30,895.80,1.0000,-1,-1
154,4,453.00,389.00,143.10,377.00,1.0000,-1,-1
154,8,1196.00,96.00,344.20,995.30,1.0000,-1,-1
154,10,123.00,292.00,333.10,609.20,1.0000,-1,-1
155,1,805.00,212.00,393.20,888.10,1.0000,-1,-1
155,4,440.00,386.00,149.70,365.00,1.0000,-1,-1
155,8,1178.00,83.00,359.80,1012.30,1.0000,-1,-1
155,10,155.00,296.00,323.60,613.60,0.9990,-1,-1
155,11,1444.00,361.00,137.70,314.00,1.0000,-1,-1
155,12,93.00,380.00,197.60,512.50,0.9990,-1,-1
156,1,795.00,216.00,381.70,908.50,1.0000,-1,-1
156,4,449.00,379.00,151.50,377.30,1.0000,-1,-1
156,8,1160.00,85.00,356.10,998.30,1.0000,-1,-1
156,10,197.00,281.00,278.40,636.30,1.0000,-1,-1
156,11,1460.00,369.00,137.80,299.00,0.9990,-1,-1
156,12,110.00,404.00,231.40,488.40,1.0000,-1,-1
157,1,795.00,196.00,360.70,940.00,1.0000,-1,-1
157,4,440.00,378.00,155.50,383.30,1.0000,-1,-1
157,8,1141.00,63.00,359.00,1030.90,1.0000,-1,-1
157,10,206.00,293.00,250.20,626.80,0.9990,-1,-1
157,11,1470.00,382.00,123.50,302.70,0.9990,-1,-1
157,12,121.00,379.00,236.30,505.20,0.9990,-1,-1
158,1,788.00,195.00,366.30,943.70,1.0000,-1,-1
158,4,443.00,377.00,160.50,385.70,1.0000,-1,-1
158,8,1161.00,90.00,363.00,959.40,1.0000,-1,-1
158,10,234.00,282.00,243.60,626.60,1.0000,-1,-1
158,11,1464.00,380.00,133.80,301.30,1.0000,-1,-1
159,1,765.00,205.00,383.10,921.20,1.0000,-1,-1
159,4,459.00,391.00,148.50,360.40,1.0000,-1,-1
159,8,1129.00,79.00,378.00,1032.00,1.0000,-1,-1
159,10,273.00,282.00,216.10,620.80,1.0000,-1,-1
159,11,1471.00,362.00,136.50,319.20,1.0000,-1,-1
159,12,130.00,370.00,272.50,501.70,0.9990,-1,-1
160,1,764.00,189.00,354.40,944.60,1.0000,-1,-1
160,4,450.00,379.00,142.80,378.40,1.0000,-1,-1
160,8,1133.00,56.00,366.30,1065.40,1.0000,-1,-1
160,11,1478.00,364.00,136.50,306.40,1.0000,-1,-1
160,12,129.00,387.00,307.50,479.60,1.0000,-1,-1
161,1,751.00,183.00,346.70,958.10,1.0000,-1,-1
161,4,464.00,371.00,156.90,396.80,1.0000,-1,-1
161,8,1114.00,56.00,372.90,1057.70,1.0000,-1,-1
161,10,317.00,282.00,220.10,625.30,1.0000,-1,-1
161,11,1471.00,365.00,140.20,311.10,1.0000,-1,-1
161,12,160.00,407.00,256.20,477.20,1.0000,-1,-1
162,1,760.00,190.00,336.20,964.70,1.0000,-1,-1
162,4,483.00,394.00,130.50,370.20,0.9930,-1,-1
162,8,1107.00,61.00,377.00,1048.70,1.0000,-1,-1
162,10,336.00,292.00,211.40,606.70,1.0000,-1,-1
162,11,1495.00,363.00,141.70,303.00,1.0000,-1,-1
162,12,208.00,383.00,228.00,484.00,0.9990,-1,-1
163,1,717.00,192.00,370.20,962.40,1.0000,-1,-1
163,8,1090.00,51.00,392.10,1106.50,1.0000,-1,-1
163,10,342.00,321.00,235.60,583.10,1.0000,-1,-1
163,11,1488.00,362.00,151.90,307.10,1.0000,-1,-1
163,12,218.00,390.00,228.00,471.80,1.0000,-1,-1
164,1,725.00,211.00,350.00,938.00,1.0000,-1,-1
164,8,1091.00,32.00,378.90,1108.60,1.0000,-1,-1
164,10,385.00,317.00,215.10,565.40,1.0000,-1,-1
164,11,1494.00,389.00,133.50,288.20,1.0000,-1,-1
164,12,266.00,407.00,171.50,457.10,1.0000,-1,-1
165,1,718.00,207.00,366.70,978.80,1.0000,-1,-1
165,8,1061.00,47.00,394.70,1102.20,1.0000,-1,-1
165,10,372.00,349.00,261.30,515.80,1.0000,-1,-1
165,11,1489.00,369.00,145.40,309.90,1.0000,-1,-1
165,12,267.00,394.00,201.00,476.90,1.0000,-1,-1
166,1,680.00,173.00,366.20,977.30,1.0000,-1,-1
166,8,1057.00,53.00,407.70,1093.90,1.0000,-1,-1
166,10,402.00,308.00,257.40,594.70,1.0000,-1,-1
166,11,1497.00,378.00,149.40,299.30,1.0000,-1,-1
166,12,318.00,389.00,166.00,474.90,1.0000,-1,-1
167,1,659.00,184.00,400.30,997.40,0.9990,-1,-1
167,8,1024.00,42.00,416.30,1121.40,1.0000,-1,-1
167,10,382.00,314.00,280.60,567.40,1.0000,-1,-1
167,11,1501.00,382.00,152.00,301.70,1.0000,-1,-1
168,1,621.00,163.00,425.30,1016.50,1.0000,-1,-1
168,8,1014.00,61.00,423.20,1086.20,1.0000,-1,-1
168,10,439.00,312.00,237.80,566.00,1.0000,-1,-1
168,11,1505.00,396.00,145.50,269.90,1.0000,-1,-1
168,12,336.00,401.00,185.30,465.60,1.0000,-1,-1
169,1,607.00,166.00,400.20,1012.30,1.0000,-1,-1
169,8,1002.00,39.00,417.30,1117.40,1.0000,-1,-1
169,10,435.00,300.00,251.70,588.40,1.0000,-1,-1
169,11,1510.00,386.00,150.30,281.50,1.0000,-1,-1
169,12,333.00,400.00,196.20,453.30,0.9990,-1,-1
169,13,1373.00,452.00,89.10,227.40,1.0000,-1,-1
170,1,590.00,129.00,409.60,1061.40,0.9990,-1,-1
170,8,992.00,27.00,415.50,1124.10,1.0000,-1,-1
170,10,470.00,317.00,200.90,559.60,1.0000,-1,-1
170,11,1498.00,382.00,154.40,300.80,1.0000,-1,-1
170,12,342.00,378.00,220.80,483.00,1.0000,-1,-1
170,13,1392.00,443.00,84.70,236.60,1.0000,-1,-1
171,1,568.00,152.00,423.90,1059.80,1.0000,-1,-1
171,8,1006.00,23.00,383.90,1155.80,1.0000,-1,-1
171,11,1520.00,389.00,125.80,286.80,1.0000,-1,-1
171,12,358.00,397.00,240.20,461.90,1.0000,-1,-1
171,13,1389.00,446.00,87.70,237.50,1.0000,-1,-1
172,1,567.00,157.00,423.50,1057.00,1.0000,-1,-1
172,8,955.00,28.00,428.50,1125.60,1.0000,-1,-1
172,11,1521.00,389.00,140.00,290.10,1.0000,-1,-1
172,12,385.00,388.00,215.90,472.20,0.9990,-1,-1
172,13,1384.00,440.00,85.30,242.00,1.0000,-1,-1
173,1,551.00,137.00,412.50,1081.30,0.9990,-1,-1
173,8,945.00,15.00,415.90,1154.90,1.0000,-1,-1
173,11,1527.00,369.00,138.60,301.10,1.0000,-1,-1
173,12,377.00,404.00,253.70,456.10,1.0000,-1,-1
173,13,1382.00,448.00,97.20,231.50,1.0000,-1,-1
173,14,1327.00,540.00,69.80,143.10,1.0000,-1,-1
174,1,511.00,154.00,426.90,1087.70,1.0000,-1,-1
174,8,925.00,-4.00,421.20,1180.00,1.0000,-1,-1
174,9,344.00,418.00,143.00,366.90,0.9990,-1,-1
174,11,1515.00,368.00,141.40,307.20,0.9990,-1,-1
174,12,393.00,376.00,232.40,478.00,0.9970,-1,-1
174,13,1394.00,451.00,81.40,234.20,1.0000,-1,-1
174,14,1333.00,538.00,62.40,144.00,1.0000,-1,-1
175,1,496.00,142.00,457.60,1111.00,0.9990,-1,-1
175,8,937.00,-8.00,428.30,1199.80,1.0000,-1,-1
175,9,358.00,411.00,141.20,395.70,1.0000,-1,-1
175,11,1529.00,377.00,131.60,291.90,1.0000,-1,-1
175,13,1374.00,450.00,88.10,235.70,1.0000,-1,-1
175,14,1334.00,535.00,71.70,147.50,0.9960,-1,-1
176,1,485.00,134.00,435.80,1140.40,1.0000,-1,-1
176,8,913.00,-3.00,425.40,1151.30,1.0000,-1,-1
176,9,355.00,397.00,145.00,411.30,1.0000,-1,-1
176,11,1541.00,384.00,116.40,278.90,1.0000,-1,-1
176,13,1392.00,440.00,101.10,237.20,1.0000,-1,-1
176,14,1341.00,538.00,60.10,148.50,1.0000,-1,-1
177,1,478.00,124.00,424.20,1149.40,0.9990,-1,-1
177,8,889.00,-25.00,420.40,1202.40,1.0000,-1,-1
177,9,379.00,415.00,136.30,385.10,1.0000,-1,-1
177,11,1548.00,389.00,117.10,265.80,1.0000,-1,-1
177,13,1387.00,440.00,86.90,240.00,1.0000,-1,-1
177,14,1337.00,545.00,67.40,137.80,1.0000,-1,-1
178,1,444.00,143.00,442.90,1119.90,0.9990,-1,-1
178,8,892.00,-30.00,423.70,1205.50,1.0000,-1,-1
178,9,360.00,409.00,173.60,386.50,1.0000,-1,-1
178,11,1546.00,374.00,137.50,276.50,1.0000,-1,-1
178,13,1396.00,427.00,85.10,269.70,1.0000,-1,-1
178,14,1335.00,538.00,74.90,144.50,0.9980,-1,-1
179,1,440.00,148.00,459.10,1114.90,0.9990,-1,-1
179,8,867.00,-12.00,434.80,1145.10,1.0000,-1,-1
179,9,382.00,408.00,128.30,385.20,1.0000,-1,-1
179,11,1558.00,397.00,129.90,284.70,1.0000,-1,-1
179,13,1396.00,437.00,95.60,249.20,1.0000,-1,-1
179,14,1335.00,537.00,72.80,152.70,1.0000,-1,-1
180,1,378.00,144.00,506.90,1112.10,0.9990,-1,-1
180,8,891.00,-24.00,377.00,1165.80,1.0000,-1,-1
180,9,376.00,418.00,151.70,385.70,0.9990,-1,-1
180,11,1544.00,373.00,138.00,302.30,1.0000,-1,-1
180,13,1397.00,434.00,94.30,259.70,1.0000,-1,-1
180,14,1340.00,532.00,70.50,161.90,0.9990,-1,-1
181,1,330.00,140.00,534.80,1123.10,0.9990,-1,-1
181,8,869.00,-46.00,389.90,1211.50,1.0000,-1,-1
181,11,1566.00,394.00,115.70,274.60,1.0000,-1,-1
181,13,1400.00,430.00,87.00,243.50,1.0000,-1,-1
181,14,1343.00,539.00,71.70,141.30,1.0000,-1,-1
182,1,317.00,126.00,530.50,1120.70,0.9990,-1,-1
182,8,839.00,-17.00,408.50,1189.90,1.0000,-1,-1
182,11,1571.00,364.00,111.60,288.30,1.0000,-1,-1
182,13,1397.00,439.00,89.20,236.80,1.0000,-1,-1
182,14,1347.00,541.00,73.50,148.30,1.0000,-1,-1
183,1,288.00,92.00,560.20,1218.70,0.9990,-1,-1
183,8,820.00,-27.00,440.20,1189.90,1.0000,-1,-1
183,11,1564.00,396.00,130.00,268.90,1.0000,-1,-1
183,13,1393.00,444.00,92.50,239.10,1.0000,-1,-1
183,14,1347.00,534.00,75.20,151.70,0.9990,-1,-1
183,15,690.00,298.00,175.20,534.70,1.0000,-1,-1
184,1,243.00,98.00,552.40,1161.70,0.9990,-1,-1
184,8,817.00,-32.00,421.70,1197.70,1.0000,-1,-1
184,11,1558.00,380.00,143.20,283.10,1.0000,-1,-1
184,13,1398.00,431.00,101.30,253.40,1.0000,-1,-1
184,14,1344.00,544.00,70.70,147.50,0.9990,-1,-1
184,15,701.00,307.00,182.10,535.00,1.0000,-1,-1
184,16,-67.00,196.00,341.50,828.10,0.9900,-1,-1
185,1,242.00,84.00,568.60,1220.10,0.9980,-1,-1
185,8,788.00,-48.00,458.70,1272.50,1.0000,-1,-1
185,11,1585.00,403.00,121.40,262.70,1.0000,-1,-1
185,13,1399.00,430.00,100.50,247.50,1.0000,-1,-1
185,14,1341.00,535.00,74.80,155.80,0.9990,-1,-1
185,15,708.00,317.00,177.20,511.10,1.0000,-1,-1
185,16,-48.00,212.00,351.50,809.80,0.9980,-1,-1
186,1,218.00,80.00,506.10,1204.40,0.9990,-1,-1
186,8,791.00,-57.00,430.40,1254.30,1.0000,-1,-1
186,11,1580.00,370.00,135.40,302.20,1.0000,-1,-1
186,13,1401.00,430.00,99.30,249.50,1.0000,-1,-1
186,14,1353.00,534.00,67.80,155.10,1.0000,-1,-1
186,16,-34.00,198.00,384.00,838.70,0.9980,-1,-1
187,1,211.00,92.00,501.50,1217.10,0.9980,-1,-1
187,8,766.00,-50.00,460.30,1292.50,1.0000,-1,-1
187,10,597.00,411.00,202.20,422.50,1.0000,-1,-1
187,11,1573.00,377.00,145.40,285.90,1.0000,-1,-1
187,13,1404.00,422.00,96.20,263.30,1.0000,-1,-1
187,14,1351.00,531.00,72.20,166.10,1.0000,-1,-1
187,16,-9.00,185.00,351.80,826.70,0.9990,-1,-1
188,1,174.00,65.00,517.20,1265.60,0.9980,-1,-1
188,4,545.00,384.00,149.80,412.00,0.9990,-1,-1
188,8,759.00,-65.00,425.50,1294.50,1.0000,-1,-1
188,10,652.00,400.00,149.60,411.40,1.0000,-1,-1
188,11,1585.00,402.00,124.00,258.40,1.0000,-1,-1
188,13,1395.00,426.00,92.70,248.00,0.9970,-1,-1
188,14,1352.00,528.00,70.00,168.80,1.0000,-1,-1
188,16,-4.00,214.00,293.60,778.10,0.9990,-1,-1
188,17,1442.00,429.00,94.10,228.50,1.0000,-1,-1
189,1,129.00,89.00,460.70,1235.20,0.9970,-1,-1
189,4,548.00,372.00,144.80,416.70,1.0000,-1,-1
189,8,721.00,-75.00,448.70,1313.00,1.0000,-1,-1
189,11,1589.00,397.00,124.70,273.10,1.0000,-1,-1
189,13,1398.00,442.00,97.60,241.70,1.0000,-1,-1
189,14,1364.00,535.00,64.90,153.90,1.0000,-1,-1
189,16,-22.00,217.00,169.50,742.90,0.9880,-1,-1
189,17,1435.00,411.00,108.60,241.70,0.9980,-1,-1
190,1,18.00,92.00,571.20,1202.60,0.9960,-1,-1
190,4,535.00,373.00,166.50,413.60,0.9990,-1,-1
190,8,730.00,-78.00,457.60,1289.40,1.0000,-1,-1
190,11,1590.00,382.00,124.70,275.80,1.0000,-1,-1
190,13,1395.00,422.00,101.20,260.90,1.0000,-1,-1
190,14,1359.00,538.00,72.20,154.40,0.9920,-1,-1
190,17,1444.00,423.00,108.40,248.00,0.9970,-1,-1
191,1,2.00,67.00,529.60,1251.20,0.9970,-1,-1
191,4,558.00,370.00,160.50,415.80,1.0000,-1,-1
191,8,703.00,-90.00,465.10,1312.50,1.0000,-1,-1
191,9,449.00,391.00,145.50,425.90,0.9990,-1,-1
191,11,1598.00,401.00,127.30,264.90,1.0000,-1,-1
191,13,1404.00,443.00,107.60,248.40,1.0000,-1,-1
191,14,1365.00,540.00,72.90,151.20,1.0000,-1,-1
191,17,1450.00,416.00,112.20,258.10,0.9980,-1,-1
192,1,-31.00,99.00,572.20,1190.90,0.9940,-1,-1
192,4,556.00,371.00,169.70,421.40,1.0000,-1,-1
192,8,685.00,-98.00,442.00,1319.50,0.9990,-1,-1
192,9,475.00,398.00,128.70,423.20,1.0000,-1,-1
192,11,1579.00,385.00,130.10,274.80,1.0000,-1,-1
192,13,1400.00,440.00,109.40,252.60,1.0000,-1,-1
192,14,1361.00,527.00,75.40,172.00,0.9990,-1,-1
192,16,-20.00,216.00,222.30,775.90,0.9960,-1,-1
192,17,1451.00,422.00,113.30,240.90,0.9970,-1,-1
193,1,-56.00,88.00,567.10,1218.80,0.9940,-1,-1
193,4,561.00,362.00,164.30,430.50,1.0000,-1,-1
193,8,658.00,-121.00,462.30,1357.00,1.0000,-1,-1
193,9,486.00,404.00,123.50,415.00,0.9990,-1,-1
193,11,1600.00,401.00,132.90,272.20,1.0000,-1,-1
193,13,1403.00,445.00,106.00,241.60,1.0000,-1,-1
193,14,1365.00,533.00,65.10,151.80,0.9980,-1,-1
193,17,1464.00,432.00,94.20,238.50,0.9980,-1,-1
194,1,-18.00,63.00,511.90,1284.00,0.9960,-1,-1
194,8,615.00,-122.00,491.00,1377.50,1.0000,-1,-1
194,9,492.00,396.00,137.90,386.90,0.9990,-1,-1
194,11,1599.00,395.00,128.80,263.60,1.0000,-1,-1
194,13,1411.00,434.00,90.70,252.30,1.0000,-1,-1
194,14,1372.00,527.00,69.90,163.00,1.0000,-1,-1
194,17,1482.00,419.00,89.90,245.30,0.9990,-1,-1
195,1,-24.00,102.00,494.50,1244.80,0.9790,-1,-1
195,8,612.00,-109.00,464.60,1359.40,0.9980,-1,-1
195,9,503.00,383.00,152.00,421.40,1.0000,-1,-1
195,11,1598.00,391.00,123.20,250.70,1.0000,-1,-1
195,13,1406.00,433.00,93.20,259.50,1.0000,-1,-1
195,17,1482.00,440.00,86.20,231.50,0.9990,-1,-1
195,18,154.00,181.00,328.70,856.40,0.9960,-1,-1
196,8,567.00,-150.00,500.60,1399.20,1.0000,-1,-1
196,11,1605.00,410.00,127.10,242.60,1.0000,-1,-1
196,13,1397.00,448.00,108.30,237.40,1.0000,-1,-1
196,17,1469.00,429.00,105.20,237.00,1.0000,-1,-1
196,18,190.00,179.00,334.40,810.60,1.0000,-1,-1
197,8,532.00,-126.00,512.40,1389.90,0.9990,-1,-1
197,9,499.00,395.00,142.60,402.40,0.9990,-1,-1
197,11,1614.00,394.00,122.60,252.80,1.0000,-1,-1
197,13,1401.00,447.00,102.40,251.30,1.0000,-1,-1
197,17,1462.00,423.00,116.10,231.10,0.9990,-1,-1
197,18,211.00,220.00,316.00,745.50,1.0000,-1,-1
198,1,-38.00,82.00,391.00,1179.50,0.9720,-1,-1
198,8,501.00,-155.00,558.10,1442.40,0.9990,-1,-1
198,11,1605.00,382.00,117.50,282.80,1.0000,-1,-1
198,13,1402.00,442.00,111.40,238.80,1.0000,-1,-1
198,17,1479.00,418.00,104.30,233.20,1.0000,-1,-1
198,18,218.00,210.00,347.00,751.30,1.0000,-1,-1
199,1,110.00,255.00,225.60,705.60,0.9880,-1,-1
199,8,462.00,-169.00,564.20,1482.90,0.9990,-1,-1
199,11,1608.00,385.00,119.20,261.10,1.0000,-1,-1
199,13,1398.00,434.00,116.80,247.70,1.0000,-1,-1
199,17,1497.00,429.00,87.00,227.90,1.0000,-1,-1
199,18,239.00,223.00,346.80,772.00,1.0000,-1,-1
200,1,144.00,244.00,246.90,685.20,0.9990,-1,-1
200,8,476.00,-156.00,510.10,1464.10,0.9980,-1,-1
200,11,1611.00,398.00,142.80,251.60,0.9990,-1,-1
200,13,1398.00,429.00,118.30,263.60,1.0000,-1,-1
200,16,-12.00,62.00,217.90,1141.80,0.9540,-1,-1
200,17,1503.00,428.00,84.20,216.50,1.0000,-1,-1
200,18,292.00,203.00,292.60,819.50,1.0000,-1,-1
200,19,905.00,311.00,194.90,488.60,0.9020,-1,-1
201,1,174.00,255.00,211.80,649.90,0.9960,-1,-1
201,8,396.00,-161.00,610.10,1484.10,0.9950,-1,-1
201,11,1631.00,396.00,120.50,259.70,1.0000,-1,-1
201,13,1417.00,440.00,99.30,244.20,1.0000,-1,-1
201,14,1403.00,534.00,62.00,164.40,1.0000,-1,-1
201,17,1505.00,434.00,87.80,219.20,0.9990,-1,-1
201,18,281.00,236.00,306.80,730.50,1.0000,-1,-1
201,19,933.00,316.00,225.00,486.80,0.9980,-1,-1
202,1,202.00,250.00,213.70,658.70,0.9990,-1,-1
202,8,383.00,-142.00,595.60,1466.50,0.9970,-1,-1
202,11,1634.00,392.00,106.00,263.70,0.9990,-1,-1
202,13,1426.00,442.00,105.50,254.40,1.0000,-1,-1
202,14,1402.00,538.00,63.60,150.10,1.0000,-1,-1
202,17,1513.00,432.00,83.60,221.00,1.0000,-1,-1
202,18,338.00,222.00,229.40,729.10,0.9990,-1,-1
202,19,922.00,316.00,249.90,499.00,1.0000,-1,-1
203,1,207.00,252.00,223.10,654.80,0.9990,-1,-1
203,8,367.00,-155.00,571.40,1472.70,0.9970,-1,-1
203,11,1625.00,398.00,134.20,256.30,1.0000,-1,-1
203,13,1422.00,440.00,103.90,260.00,1.0000,-1,-1
203,14,1406.00,539.00,67.30,148.30,1.0000,-1,-1
203,17,1514.00,436.00,82.50,218.80,1.0000,-1,-1
203,19,925.00,340.00,240.70,457.70,0.9990,-1,-1
204,1,228.00,259.00,214.00,668.10,1.0000,-1,-1
204,8,318.00,-160.00,577.90,1461.20,0.9970,-1,-1
204,11,1638.00,391.00,113.20,252.80,1.0000,-1,-1
204,13,1421.00,440.00,98.50,250.90,1.0000,-1,-1
204,17,1538.00,425.00,80.80,242.40,1.0000,-1,-1
204,19,963.00,318.00,211.10,473.80,1.0000,-1,-1
204,20,831.00,379.00,182.30,413.40,0.9980,-1,-1
205,1,236.00,253.00,215.00,637.30,1.0000,-1,-1
205,8,269.00,-139.00,644.90,1429.20,0.9950,-1,-1
205,11,1628.00,394.00,137.90,264.80,1.0000,-1,-1
205,13,1440.00,445.00,98.00,242.20,0.9990,-1,-1
205,14,1408.00,539.00,65.30,149.80,1.0000,-1,-1
205,17,1519.00,432.00,89.40,217.00,1.0000,-1,-1
205,19,955.00,325.00,213.50,465.50,0.9990,-1,-1
205,20,835.00,361.00,210.60,456.10,0.9980,-1,-1
206,1,243.00,279.00,169.70,666.50,0.9950,-1,-1
206,8,236.00,-151.00,617.70,1486.60,0.9910,-1,-1
206,11,1648.00,401.00,119.00,237.90,1.0000,-1,-1
206,13,1417.00,442.00,113.20,253.90,1.0000,-1,-1
206,17,1523.00,426.00,102.30,233.60,1.0000,-1,-1
206,19,990.00,346.00,190.80,449.70,1.0000,-1,-1
206,20,853.00,387.00,190.80,403.30,1.0000,-1,-1
207,8,160.00,-146.00,685.30,1462.40,0.9950,-1,-1
207,11,1649.00,410.00,127.40,229.10,1.0000,-1,-1
207,13,1445.00,441.00,75.70,236.90,1.0000,-1,-1
207,14,1416.00,532.00,53.80,159.80,1.0000,-1,-1
207,17,1539.00,423.00,113.20,241.30,1.0000,-1,-1
207,19,983.00,354.00,187.80,440.60,1.0000,-1,-1
207,20,869.00,395.00,188.50,388.20,1.0000,-1,-1
208,8,137.00,-181.00,651.80,1538.20,0.9970,-1,-1
208,11,1655.00,409.00,99.00,249.80,1.0000,-1,-1
208,13,1420.00,436.00,123.20,264.30,1.0000,-1,-1
208,17,1529.00,423.00,110.40,230.60,0.9990,-1,-1
208,19,1008.00,339.00,178.00,447.20,1.0000,-1,-1
208,20,878.00,386.00,179.90,401.60,1.0000,-1,-1
209,4,667.00,411.00,172.20,388.60,0.9990,-1,-1
209,8,73.00,-188.00,669.00,1545.10,0.9890,-1,-1
209,11,1659.00,413.00,124.10,248.50,0.9990,-1,-1
209,13,1437.00,445.00,114.70,243.90,1.0000,-1,-1
209,16,-29.00,284.00,236.20,745.70,0.9930,-1,-1
209,17,1535.00,429.00,110.40,232.00,1.0000,-1,-1
209,19,1024.00,336.00,187.10,464.50,1.0000,-1,-1
209,20,886.00,398.00,180.30,399.40,1.0000,-1,-1
210,4,655.00,366.00,175.40,439.20,0.9990,-1,-1
210,8,11.00,-161.00,676.80,1505.90,0.9850,-1,-1
210,11,1651.00,400.00,116.10,254.80,1.0000,-1,-1
210,12,482.00,316.00,247.30,606.90,0.9960,-1,-1
210,13,1430.00,437.00,116.70,252.30,1.0000,-1,-1
210,16,-22.00,288.00,230.30,712.40,0.9900,-1,-1
210,17,1548.00,431.00,107.40,228.20,1.0000,-1,-1
210,19,1039.00,344.00,160.00,445.20,1.0000,-1,-1
210,20,905.00,399.00,168.30,371.50,1.0000,-1,-1
211,8,-30.00,-152.00,636.60,1466.10,0.9740,-1,-1
211,11,1662.00,400.00,117.40,245.30,1.0000,-1,-1
211,12,445.00,260.00,382.30,646.20,0.9990,-1,-1
211,13,1434.00,425.00,117.40,279.40,1.0000,-1,-1
211,16,-16.00,299.00,187.70,674.10,0.9890,-1,-1
211,17,1557.00,422.00,93.50,231.80,1.0000,-1,-1
211,19,1060.00,323.00,186.40,471.30,1.0000,-1,-1
211,20,927.00,395.00,134.20,382.40,1.0000,-1,-1
212,8,-60.00,-199.00,628.00,1531.20,0.9720,-1,-1
212,11,1659.00,402.00,126.00,245.10,1.0000,-1,-1
212,12,462.00,259.00,362.60,650.10,1.0000,-1,-1
212,13,1458.00,448.00,95.00,237.10,1.0000,-1,-1
212,14,1424.00,534.00,70.70,162.50,1.0000,-1,-1
212,17,1553.00,423.00,95.80,233.10,1.0000,-1,-1
212,19,1061.00,338.00,203.70,464.00,1.0000,-1,-1
212,20,939.00,373.00,134.10,395.40,1.0000,-1,-1
213,8,-61.00,-227.00,596.30,1572.80,0.9620,-1,-1
213,11,1663.00,400.00,119.40,242.50,1.0000,-1,-1
213,12,469.00,275.00,354.20,644.80,0.9990,-1,-1
213,13,1448.00,436.00,99.40,262.30,1.0000,-1,-1
213,17,1568.00,424.00,86.90,226.70,1.0000,-1,-1
213,19,1087.00,330.00,179.60,462.00,0.9990,-1,-1
213,20,942.00,394.00,143.90,382.40,1.0000,-1,-1
214,11,1684.00,401.00,107.40,255.60,1.0000,-1,-1
214,12,513.00,264.00,279.10,662.60,1.0000,-1,-1
214,13,1456.00,455.00,106.70,238.30,1.0000,-1,-1
214,14,1426.00,533.00,59.70,171.80,0.9660,-1,-1
214,17,1582.00,422.00,82.50,228.60,1.0000,-1,-1
214,18,377.00,266.00,218.20,635.80,0.9820,-1,-1
214,19,1096.00,340.00,188.90,443.10,0.9990,-1,-1
214,20,954.00,400.00,139.70,365.80,0.9990,-1,-1
215,11,1671.00,390.00,121.40,251.90,1.0000,-1,-1
215,12,513.00,257.00,325.40,646.50,1.0000,-1,-1
215,13,1451.00,440.00,101.80,250.00,1.0000,-1,-1
215,14,1432.00,535.00,75.60,171.80,1.0000,-1,-1
215,17,1582.00,418.00,88.10,231.80,1.0000,-1,-1
215,18,391.00,295.00,227.10,582.70,1.0000,-1,-1
215,19,1105.00,327.00,174.60,453.10,1.0000,-1,-1
215,20,966.00,416.00,131.10,368.70,1.0000,-1,-1
216,11,1676.00,392.00,127.60,258.50,1.0000,-1,-1
216,12,540.00,265.00,285.20,649.80,1.0000,-1,-1
216,13,1472.00,438.00,85.40,259.30,1.0000,-1,-1
216,14,1432.00,539.00,62.70,164.10,1.0000,-1,-1
216,17,1596.00,415.00,90.50,232.20,1.0000,-1,-1
216,18,416.00,280.00,224.10,600.00,1.0000,-1,-1
216,19,1113.00,339.00,181.80,438.90,1.0000,-1,-1
216,20,958.00,391.00,163.10,392.60,0.9990,-1,-1
217,11,1682.00,397.00,122.10,248.70,1.0000,-1,-1
217,12,566.00,273.00,283.50,644.80,1.0000,-1,-1
217,13,1458.00,437.00,90.40,250.70,1.0000,-1,-1
217,17,1593.00,419.00,92.90,232.30,1.0000,-1,-1
217,18,457.00,298.00,190.20,557.40,1.0000,-1,-1
217,19,1117.00,342.00,198.30,437.30,1.0000,-1,-1
217,20,966.00,420.00,143.10,352.60,1.0000,-1,-1
218,11,1681.00,401.00,113.50,233.90,1.0000,-1,-1
218,12,600.00,269.00,229.70,636.00,1.0000,-1,-1
218,13,1479.00,435.00,87.80,258.00,1.0000,-1,-1
218,14,1447.00,545.00,60.30,159.10,1.0000,-1,-1
218,17,1610.00,426.00,92.70,221.10,1.0000,-1,-1
218,18,459.00,287.00,197.20,587.90,1.0000,-1,-1
218,19,1113.00,332.00,207.00,458.50,1.0000,-1,-1
218,20,980.00,423.00,154.60,357.20,1.0000,-1,-1
218,21,124.00,274.00,266.50,726.40,0.9530,-1,-1
219,11,1683.00,392.00,111.10,259.90,1.0000,-1,-1
219,12,628.00,257.00,214.50,639.40,1.0000,-1,-1
219,13,1475.00,442.00,100.70,250.00,1.0000,-1,-1
219,14,1438.00,533.00,79.10,174.70,0.9990,-1,-1
219,17,1614.00,418.00,94.40,231.30,1.0000,-1,-1
219,18,480.00,292.00,218.20,588.80,1.0000,-1,-1
219,19,1130.00,338.00,191.90,450.20,1.0000,-1,-1
219,20,1008.00,414.00,131.50,357.20,1.0000,-1,-1
219,21,148.00,267.00,289.80,732.80,0.9980,-1,-1
219,22,911.00,528.00,37.10,95.00,0.9770,-1,-1
220,11,1682.00,402.00,117.30,236.60,0.9990,-1,-1
220,12,639.00,275.00,227.30,607.40,1.0000,-1,-1
220,13,1461.00,425.00,100.30,263.50,1.0000,-1,-1
220,17,1605.00,428.00,110.00,216.60,1.0000,-1,-1
220,18,506.00,269.00,210.20,607.30,1.0000,-1,-1
220,19,1145.00,359.00,170.50,423.00,1.0000,-1,-1
220,20,997.00,407.00,149.40,353.70,1.0000,-1,-1
220,21,115.00,276.00,398.70,715.90,0.9990,-1,-1
220,22,910.00,523.00,37.60,96.80,0.9640,-1,-1
221,11,1694.00,405.00,104.90,233.70,1.0000,-1,-1
221,12,688.00,289.00,212.40,572.70,1.0000,-1,-1
221,13,1483.00,426.00,99.20,285.30,1.0000,-1,-1
221,14,1451.00,535.00,59.70,165.30,1.0000,-1,-1
221,17,1611.00,425.00,131.20,222.60,1.0000,-1,-1
221,18,514.00,294.00,206.90,576.70,1.0000,-1,-1
221,19,1159.00,345.00,156.30,421.20,1.0000,-1,-1
221,20,1017.00,397.00,131.10,361.70,1.0000,-1,-1
221,21,127.00,263.00,421.60,706.90,1.0000,-1,-1
222,11,1697.00,409.00,107.80,229.30,1.0000,-1,-1
222,12,705.00,255.00,228.90,617.60,1.0000,-1,-1
222,13,1478.00,424.00,93.10,260.50,1.0000,-1,-1
222,14,1452.00,537.00,78.20,164.00,1.0000,-1,-1
222,17,1621.00,429.00,116.20,228.60,0.9990,-1,-1
222,18,506.00,299.00,221.70,550.00,1.0000,-1,-1
222,19,1156.00,335.00,151.80,438.20,1.0000,-1,-1
222,20,1030.00,401.00,135.20,374.30,1.0000,-1,-1
222,21,132.00,281.00,420.70,704.60,1.0000,-1,-1
223,11,1690.00,402.00,117.10,251.80,0.9990,-1,-1
223,12,707.00,268.00,237.80,613.10,1.0000,-1,-1
223,13,1480.00,420.00,91.30,269.50,1.0000,-1,-1
223,17,1618.00,431.00,121.60,226.40,1.0000,-1,-1
223,18,528.00,300.00,239.60,563.50,1.0000,-1,-1
223,19,1171.00,359.00,145.60,408.10,1.0000,-1,-1
223,20,1041.00,400.00,131.70,352.40,1.0000,-1,-1
223,21,173.00,291.00,367.10,704.20,0.9980,-1,-1
224,1,214.00,278.00,365.10,679.20,0.9990,-1,-1
224,11,1703.00,405.00,102.70,228.90,1.0000,-1,-1
224,12,721.00,268.00,236.80,610.50,1.0000,-1,-1
224,13,1482.00,439.00,97.10,249.70,0.9990,-1,-1
224,14,1460.00,532.00,74.60,178.40,1.0000,-1,-1
224,17,1618.00,427.00,125.20,227.70,1.0000,-1,-1
224,18,531.00,284.00,218.90,567.90,1.0000,-1,-1
224,19,1170.00,352.00,151.30,423.70,1.0000,-1,-1
224,20,1047.00,407.00,128.80,346.00,1.0000,-1,-1
224,21,121.00,297.00,271.90,655.20,1.0000,-1,-1
225,1,153.00,298.00,374.80,691.80,0.9990,-1,-1
225,11,1691.00,393.00,122.90,254.30,1.0000,-1,-1
225,12,732.00,275.00,257.20,584.60,1.0000,-1,-1
225,13,1494.00,434.00,102.90,259.80,1.0000,-1,-1
225,14,1465.00,535.00,68.60,165.40,1.0000,-1,-1
225,17,1632.00,421.00,110.90,235.00,1.0000,-1,-1
225,18,559.00,284.00,202.50,579.60,1.0000,-1,-1
225,19,1162.00,343.00,173.70,437.70,1.0000,-1,-1
225,20,1041.00,394.00,149.70,379.60,0.9990,-1,-1
226,1,252.00,294.00,349.00,672.10,0.9990,-1,-1
226,11,1720.00,399.00,88.10,233.90,0.9980,-1,-1
226,12,746.00,272.00,253.50,595.90,1.0000,-1,-1
226,13,1493.00,431.00,108.80,270.20,1.0000,-1,-1
226,17,1648.00,427.00,100.80,227.50,0.9990,-1,-1
226,18,561.00,293.00,226.10,564.50,1.0000,-1,-1
226,19,1186.00,352.00,166.20,407.70,1.0000,-1,-1
226,20,1052.00,413.00,145.20,336.40,0.9990,-1,-1
227,1,312.00,291.00,284.80,682.70,1.0000,-1,-1
227,11,1703.00,392.00,117.50,247.60,0.9980,-1,-1
227,12,752.00,297.00,254.00,571.60,1.0000,-1,-1
227,13,1488.00,431.00,93.10,261.40,0.9990,-1,-1
227,14,1469.00,538.00,73.30,161.90,1.0000,-1,-1
227,17,1653.00,430.00,95.60,211.40,0.9980,-1,-1
227,18,579.00,296.00,211.10,557.20,0.9990,-1,-1
227,19,1187.00,350.00,157.30,407.50,1.0000,-1,-1
227,20,1073.00,408.00,152.90,339.40,1.0000,-1,-1
227,21,172.00,306.00,267.50,630.60,0.9850,-1,-1
228,1,349.00,290.00,269.40,685.30,1.0000,-1,-1
228,11,1710.00,402.00,113.90,247.20,0.9990,-1,-1
228,12,758.00,274.00,268.20,581.30,1.0000,-1,-1
228,13,1484.00,419.00,100.60,286.50,0.9990,-1,-1
228,14,1478.00,526.00,71.50,179.50,1.0000,-1,-1
228,17,1662.00,417.00,98.10,230.30,1.0000,-1,-1
228,18,609.00,293.00,185.60,562.40,1.0000,-1,-1
228,19,1198.00,340.00,160.00,434.00,1.0000,-1,-1
228,20,1064.00,398.00,142.20,363.30,0.9990,-1,-1
228,21,187.00,286.00,311.20,668.60,0.9990,-1,-1
229,1,397.00,277.00,213.50,694.20,1.0000,-1,-1
229,11,1725.00,400.00,100.80,237.00,0.9990,-1,-1
229,12,787.00,285.00,230.60,573.50,1.0000,-1,-1
229,13,1496.00,425.00,103.90,266.20,1.0000,-1,-1
229,17,1669.00,417.00,98.70,229.00,1.0000,-1,-1
229,18,611.00,294.00,195.10,554.70,1.0000,-1,-1
229,19,1209.00,351.00,141.30,406.00,1.0000,-1,-1
229,20,1081.00,419.00,151.40,327.30,0.9990,-1,-1
229,21,239.00,312.00,267.10,601.80,1.0000,-1,-1
230,1,428.00,293.00,213.10,653.00,1.0000,-1,-1
230,11,1725.00,399.00,99.60,236.40,0.9980,-1,-1
230,12,779.00,271.00,251.10,594.20,1.0000,-1,-1
230,13,1513.00,425.00,113.90,282.20,1.0000,-1,-1
230,14,1484.00,531.00,77.80,170.50,1.0000,-1,-1
230,17,1678.00,416.00,91.90,225.90,1.0000,-1,-1
230,18,650.00,296.00,171.20,542.60,0.9990,-1,-1
230,19,1214.00,355.00,138.90,404.60,1.0000,-1,-1
230,20,1099.00,423.00,147.30,332.30,1.0000,-1,-1
230,21,259.00,305.00,242.00,630.30,1.0000,-1,-1
231,1,414.00,278.00,253.50,654.40,1.0000,-1,-1
231,11,1743.00,424.00,84.10,217.50,0.9980,-1,-1
231,12,804.00,281.00,209.10,593.80,1.0000,-1,-1
231,13,1509.00,422.00,104.50,257.90,1.0000,-1,-1
231,17,1680.00,424.00,86.80,220.10,1.0000,-1,-1
231,18,648.00,309.00,203.60,514.00,1.0000,-1,-1
231,19,1221.00,363.00,136.00,390.20,1.0000,-1,-1
231,20,1097.00,413.00,127.00,342.70,0.9990,-1,-1
231,21,306.00,302.00,210.80,606.80,1.0000,-1,-1
232,1,450.00,298.00,249.40,649.40,1.0000,-1,-1
232,11,1734.00,411.00,104.50,227.50,1.0000,-1,-1
232,12,808.00,288.00,225.30,569.00,1.0000,-1,-1
232,13,1518.00,437.00,103.50,253.40,1.0000,-1,-1
232,14,1480.00,529.00,83.60,184.00,1.0000,-1,-1
232,17,1686.00,418.00,93.50,225.20,1.0000,-1,-1
232,18,653.00,302.00,195.40,542.70,1.0000,-1,-1
232,19,1220.00,347.00,148.30,412.10,1.0000,-1,-1
232,20,1112.00,420.00,138.20,333.30,1.0000,-1,-1
232,21,346.00,309.00,169.50,597.50,1.0000,-1,-1
233,1,447.00,289.00,259.10,672.20,1.0000,-1,-1
233,11,1735.00,401.00,102.30,242.90,1.0000,-1,-1
233,12,841.00,274.00,190.70,559.30,1.0000,-1,-1
233,13,1509.00,425.00,119.50,267.60,0.9990,-1,-1
233,14,1497.00,533.00,69.10,173.80,1.0000,-1,-1
233,17,1694.00,424.00,90.60,228.70,1.0000,-1,-1
233,18,661.00,297.00,207.50,540.50,1.0000,-1,-1
233,19,1232.00,374.00,149.60,383.20,1.0000,-1,-1
233,20,1139.00,427.00,112.10,309.30,1.0000,-1,-1
233,21,343.00,310.00,186.40,585.70,1.0000,-1,-1
234,1,469.00,307.00,264.20,659.10,1.0000,-1,-1
234,4,676.00,322.00,228.40,518.10,1.0000,-1,-1
234,11,1745.00,406.00,95.60,227.50,1.0000,-1,-1
234,12,869.00,275.00,190.60,580.90,1.0000,-1,-1
234,13,1530.00,417.00,99.90,284.10,0.9990,-1,-1
234,14,1491.00,531.00,80.70,182.70,1.0000,-1,-1
234,17,1702.00,429.00,89.20,223.00,1.0000,-1,-1
234,19,1246.00,344.00,146.50,407.50,1.0000,-1,-1
234,20,1136.00,432.00,120.70,317.90,0.9990,-1,-1
234,21,361.00,303.00,207.20,596.60,1.0000,-1,-1
235,1,494.00,296.00,264.90,636.00,1.0000,-1,-1
235,4,677.00,302.00,239.60,527.10,1.0000,-1,-1
235,11,1738.00,404.00,111.40,229.00,0.9980,-1,-1
235,12,871.00,286.00,182.60,549.50,1.0000,-1,-1
235,13,1530.00,428.00,81.30,262.30,0.9990,-1,-1
235,14,1501.00,536.00,79.50,177.90,1.0000,-1,-1
235,17,1705.00,424.00,91.10,221.90,1.0000,-1,-1
235,19,1258.00,358.00,151.80,396.60,1.0000,-1,-1
235,20,1134.00,429.00,123.60,307.00,1.0000,-1,-1
235,21,375.00,316.00,193.40,615.90,1.0000,-1,-1
236,1,504.00,307.00,253.50,623.90,1.0000,-1,-1
236,4,692.00,313.00,229.50,514.50,1.0000,-1,-1
236,12,888.00,282.00,193.20,573.50,1.0000,-1,-1
236,13,1522.00,420.00,97.30,280.20,0.9970,-1,-1
236,14,1505.00,532.00,85.30,169.70,1.0000,-1,-1
236,17,1705.00,415.00,108.90,228.00,1.0000,-1,-1
236,19,1258.00,358.00,160.50,395.20,1.0000,-1,-1
236,20,1163.00,435.00,104.00,295.30,1.0000,-1,-1
236,21,393.00,326.00,225.70,579.60,1.0000,-1,-1
237,1,532.00,304.00,219.90,622.00,1.0000,-1,-1
237,4,691.00,317.00,250.10,527.10,1.0000,-1,-1
237,11,1753.00,403.00,105.10,247.00,0.9910,-1,-1
237,12,892.00,297.00,227.50,557.80,1.0000,-1,-1
237,13,1535.00,450.00,94.60,250.00,0.9980,-1,-1
237,14,1510.00,533.00,94.60,172.40,0.9990,-1,-1
237,17,1713.00,418.00,91.10,231.70,1.0000,-1,-1
237,19,1253.00,352.00,158.50,389.00,1.0000,-1,-1
237,20,1150.00,430.00,121.70,285.20,1.0000,-1,-1
237,21,392.00,318.00,267.90,588.70,0.9990,-1,-1
238,1,519.00,293.00,234.90,629.90,1.0000,-1,-1
238,4,689.00,306.00,296.80,515.20,1.0000,-1,-1
238,11,1747.00,410.00,95.80,221.10,1.0000,-1,-1
238,12,891.00,274.00,250.20,576.70,1.0000,-1,-1
238,13,1523.00,435.00,108.70,271.80,0.9990,-1,-1
238,14,1509.00,534.00,98.70,172.70,1.0000,-1,-1
238,19,1266.00,358.00,170.40,409.80,1.0000,-1,-1
238,20,1171.00,427.00,114.60,260.50,1.0000,-1,-1
238,21,408.00,336.00,219.90,583.60,0.9960,-1,-1
239,1,561.00,311.00,216.70,603.70,1.0000,-1,-1
239,4,714.00,330.00,249.00,515.80,1.0000,-1,-1
239,12,908.00,290.00,270.90,579.50,1.0000,-1,-1
239,14,1515.00,542.00,111.10,175.70,0.9990,-1,-1
239,17,1728.00,423.00,87.70,221.90,1.0000,-1,-1
239,19,1271.00,351.00,169.70,396.20,1.0000,-1,-1
239,20,1183.00,421.00,102.90,283.60,1.0000,-1,-1
239,21,423.00,318.00,232.10,586.40,0.9990,-1,-1
240,1,579.00,300.00,226.40,613.20,1.0000,-1,-1
240,4,715.00,298.00,249.60,522.00,0.9990,-1,-1
240,12,903.00,297.00,283.40,547.50,1.0000,-1,-1
240,14,1520.00,529.00,106.60,177.00,0.9990,-1,-1
240,17,1728.00,417.00,94.90,236.40,1.0000,-1,-1
240,19,1291.00,371.00,137.80,372.10,1.0000,-1,-1
240,20,1188.00,420.00,107.10,305.30,1.0000,-1,-1
240,21,464.00,328.00,224.00,560.10,1.0000,-1,-1
241,1,607.00,296.00,214.80,604.30,1.0000,-1,-1
241,4,781.00,321.00,176.20,520.80,1.0000,-1,-1
241,11,1760.00,405.00,99.80,220.20,1.0000,-1,-1
241,12,903.00,295.00,276.50,542.70,1.0000,-1,-1
241,14,1541.00,527.00,91.40,190.20,1.0000,-1,-1
241,19,1274.00,354.00,165.20,405.40,1.0000,-1,-1
241,20,1170.00,418.00,131.90,335.60,1.0000,-1,-1
241,21,478.00,308.00,201.80,564.80,1.0000,-1,-1
242,1,617.00,316.00,219.20,601.30,1.0000,-1,-1
242,4,771.00,314.00,205.70,513.50,0.9990,-1,-1
242,12,937.00,302.00,236.20,508.60,1.0000,-1,-1
242,13,1517.00,412.00,88.30,243.20,0.9970,-1,-1
242,14,1547.00,532.00,86.30,180.80,1.0000,-1,-1
242,17,1752.00,423.00,87.60,209.90,1.0000,-1,-1
242,19,1282.00,363.00,162.60,378.00,1.0000,-1,-1
242,20,1189.00,427.00,121.30,320.40,0.9990,-1,-1
242,21,492.00,321.00,229.40,555.10,1.0000,-1,-1
243,1,646.00,302.00,218.00,591.70,1.0000,-1,-1
243,4,774.00,287.00,200.70,564.00,1.0000,-1,-1
243,12,930.00,300.00,239.80,540.00,1.0000,-1,-1
243,13,1541.00,422.00,82.10,246.90,0.9970,-1,-1
243,14,1555.00,534.00,80.00,173.70,1.0000,-1,-1
243,17,1749.00,420.00,92.30,229.30,1.0000,-1,-1
243,19,1298.00,370.00,148.00,381.80,1.0000,-1,-1
243,20,1203.00,430.00,108.50,297.00,0.9990,-1,-1
243,21,507.00,337.00,208.00,546.40,1.0000,-1,-1
244,1,653.00,316.00,237.10,582.80,1.0000,-1,-1
244,4,814.00,298.00,157.70,541.40,0.9990,-1,-1
244,11,1767.00,418.00,92.10,224.30,1.0000,-1,-1
244,12,965.00,279.00,201.20,549.60,1.0000,-1,-1
244,13,1543.00,418.00,89.50,269.10,0.9990,-1,-1
244,19,1300.00,353.00,137.20,391.30,1.0000,-1,-1
244,20,1197.00,437.00,119.70,290.50,0.9990,-1,-1
244,21,531.00,328.00,202.20,539.00,1.0000,-1,-1
245,1,655.00,302.00,246.60,593.90,1.0000,-1,-1
245,4,823.00,303.00,158.50,513.20,0.9980,-1,-1
245,12,984.00,280.00,207.20,552.20,1.0000,-1,-1
245,13,1541.00,423.00,80.80,264.40,0.9980,-1,-1
245,14,1560.00,533.00,82.70,174.40,0.9990,-1,-1
245,17,1754.00,420.00,99.70,224.50,1.0000,-1,-1
245,19,1304.00,369.00,155.50,399.70,1.0000,-1,-1
245,20,1199.00,433.00,115.90,297.90,0.9990,-1,-1
245,21,571.00,322.00,166.30,562.10,1.0000,-1,-1
246,1,634.00,305.00,311.00,608.50,1.0000,-1,-1
246,11,1771.00,426.00,95.00,213.90,1.0000,-1,-1
246,12,1008.00,286.00,193.30,535.40,1.0000,-1,-1
246,13,1546.00,431.00,82.40,278.80,0.9990,-1,-1
246,14,1570.00,537.00,89.50,168.70,0.9990,-1,-1
246,19,1302.00,345.00,144.80,405.10,1.0000,-1,-1
246,20,1226.00,423.00,97.60,313.10,0.9990,-1,-1
246,23,926.00,359.00,137.00,408.60,0.9860,-1,-1
247,1,679.00,313.00,252.50,566.30,1.0000,-1,-1
247,12,1018.00,278.00,182.80,540.30,1.0000,-1,-1
247,13,1545.00,428.00,83.50,283.30,0.9990,-1,-1
247,14,1572.00,535.00,90.50,174.40,1.0000,-1,-1
247,17,1765.00,416.00,89.90,241.10,1.0000,-1,-1
247,19,1308.00,354.00,146.00,383.30,1.0000,-1,-1
247,20,1206.00,438.00,128.00,295.50,1.0000,-1,-1
247,21,587.00,324.00,180.60,525.60,0.9580,-1,-1
247,23,956.00,376.00,118.90,390.10,0.9850,-1,-1
248,1,677.00,329.00,289.30,560.00,0.9990,-1,-1
248,11,1772.00,422.00,93.40,225.60,1.0000,-1,-1
248,12,1024.00,281.00,183.40,554.20,1.0000,-1,-1
248,13,1546.00,423.00,78.40,275.40,0.9990,-1,-1
248,14,1580.00,540.00,88.10,178.90,1.0000,-1,-1
248,19,1314.00,370.00,133.80,358.00,1.0000,-1,-1
248,20,1226.00,418.00,107.70,309.40,0.9990,-1,-1
248,21,623.00,319.00,191.90,574.80,1.0000,-1,-1
248,23,947.00,371.00,125.90,389.80,0.9930,-1,-1
249,1,706.00,314.00,265.60,570.60,0.9990,-1,-1
249,11,1776.00,423.00,101.50,228.10,1.0000,-1,-1
249,12,1047.00,304.00,189.40,503.10,1.0000,-1,-1
249,13,1542.00,420.00,82.50,277.90,0.9990,-1,-1
249,14,1582.00,532.00,83.40,181.50,1.0000,-1,-1
249,19,1311.00,357.00,143.90,390.70,1.0000,-1,-1
249,20,1220.00,425.00,123.50,306.90,0.9980,-1,-1
249,23,960.00,376.00,110.30,386.70,0.9160,-1,-1
250,1,723.00,330.00,247.30,555.40,1.0000,-1,-1
250,4,880.00,306.00,181.10,504.70,0.9380,-1,-1
250,11,1782.00,424.00,94.60,221.70,1.0000,-1,-1
250,12,1050.00,305.00,206.90,508.80,1.0000,-1,-1
250,13,1544.00,418.00,81.60,279.40,0.9990,-1,-1
250,14,1593.00,520.00,85.40,198.20,1.0000,-1,-1
250,19,1315.00,353.00,149.40,379.50,1.0000,-1,-1
250,20,1229.00,424.00,112.40,301.70,0.9980,-1,-1
250,21,612.00,317.00,222.70,549.30,0.9970,-1,-1
250,23,965.00,386.00,119.30,391.30,0.9720,-1,-1
251,1,769.00,307.00,213.00,581.00,1.0000,-1,-1
251,4,895.00,313.00,177.20,481.00,0.9980,-1,-1
251,11,1785.00,430.00,92.20,209.80,1.0000,-1,-1
251,12,1033.00,312.00,251.60,508.80,1.0000,-1,-1
251,13,1529.00,432.00,96.70,266.70,0.9980,-1,-1
251,14,1598.00,531.00,84.70,176.40,1.0000,-1,-1
251,19,1333.00,367.00,122.70,359.90,1.0000,-1,-1
251,20,1248.00,440.00,103.80,278.20,0.9970,-1,-1
251,21,606.00,342.00,259.00,504.10,1.0000,-1,-1
252,1,783.00,328.00,213.20,551.80,1.0000,-1,-1
252,11,1783.00,417.00,102.40,221.00,1.0000,-1,-1
252,12,1052.00,311.00,231.60,510.20,1.0000,-1,-1
252,13,1540.00,424.00,88.50,291.90,0.9990,-1,-1
252,14,1611.00,527.00,74.60,175.60,1.0000,-1,-1
252,19,1342.00,381.00,132.10,355.70,1.0000,-1,-1
252,20,1227.00,427.00,128.10,287.80,0.9970,-1,-1
252,21,634.00,346.00,233.90,508.20,1.0000,-1,-1
252,23,982.00,365.00,119.20,398.50,0.9910,-1,-1
253,1,808.00,303.00,192.90,564.80,1.0000,-1,-1
253,11,1802.00,422.00,89.90,214.30,1.0000,-1,-1
253,12,1054.00,288.00,230.40,533.90,1.0000,-1,-1
253,13,1545.00,419.00,79.50,290.00,1.0000,-1,-1
253,14,1603.00,527.00,92.00,179.90,1.0000,-1,-1
253,19,1344.00,361.00,135.60,372.10,1.0000,-1,-1
253,20,1230.00,416.00,124.90,296.40,0.9910,-1,-1
253,21,653.00,340.00,245.40,535.00,1.0000,-1,-1
253,23,963.00,381.00,134.40,382.10,0.9930,-1,-1
254,1,814.00,319.00,199.90,554.70,1.0000,-1,-1
254,11,1785.00,415.00,114.80,234.20,1.0000,-1,-1
254,12,1085.00,326.00,239.20,478.90,1.0000,-1,-1
254,13,1545.00,421.00,79.50,297.00,1.0000,-1,-1
254,14,1618.00,535.00,90.10,178.60,1.0000,-1,-1
254,19,1345.00,360.00,133.50,358.90,1.0000,-1,-1
254,21,651.00,322.00,242.40,528.70,0.9990,-1,-1
254,23,972.00,371.00,141.80,400.20,0.9960,-1,-1
255,1,863.00,319.00,197.80,557.90,1.0000,-1,-1
255,11,1797.00,420.00,102.60,234.50,1.0000,-1,-1
255,12,1081.00,334.00,219.90,484.50,1.0000,-1,-1
255,13,1538.00,412.00,81.00,308.60,0.9980,-1,-1
255,14,1625.00,526.00,88.70,185.00,1.0000,-1,-1
255,19,1357.00,371.00,105.60,350.20,1.0000,-1,-1
255,20,1265.00,431.00,99.00,291.20,0.9950,-1,-1
255,21,677.00,352.00,226.40,496.00,1.0000,-1,-1
255,23,1006.00,388.00,126.80,387.60,0.9960,-1,-1
256,1,848.00,337.00,230.10,539.50,1.0000,-1,-1
256,11,1811.00,422.00,82.10,216.10,1.0000,-1,-1
256,12,1086.00,329.00,219.30,473.40,1.0000,-1,-1
256,13,1544.00,414.00,85.30,307.90,1.0000,-1,-1
256,14,1630.00,526.00,97.30,197.70,1.0000,-1,-1
256,18,727.00,343.00,163.10,505.30,1.0000,-1,-1
256,19,1349.00,389.00,118.30,340.50,1.0000,-1,-1
256,20,1280.00,419.00,100.50,290.20,0.9980,-1,-1
256,23,1020.00,395.00,117.80,358.00,0.9860,-1,-1
257,1,866.00,315.00,216.60,568.10,1.0000,-1,-1
257,11,1806.00,428.00,96.50,204.40,1.0000,-1,-1
257,12,1090.00,311.00,220.50,491.90,1.0000,-1,-1
257,13,1529.00,416.00,96.00,284.70,1.0000,-1,-1
257,14,1628.00,517.00,103.10,206.90,1.0000,-1,-1
257,18,735.00,342.00,166.40,521.20,1.0000,-1,-1
257,19,1362.00,375.00,120.90,354.30,1.0000,-1,-1
257,20,1277.00,413.00,112.50,317.70,0.9990,-1,-1
257,23,1020.00,391.00,129.50,349.10,0.9950,-1,-1
258,1,869.00,311.00,222.60,545.50,1.0000,-1,-1
258,11,1818.00,419.00,92.90,217.50,1.0000,-1,-1
258,12,1106.00,313.00,208.70,506.10,1.0000,-1,-1
258,13,1552.00,424.00,95.60,288.80,0.9980,-1,-1
258,14,1640.00,520.00,100.00,199.10,1.0000,-1,-1
258,18,747.00,351.00,157.40,492.40,1.0000,-1,-1
258,19,1365.00,361.00,142.80,354.00,1.0000,-1,-1
258,20,1283.00,418.00,106.10,290.00,0.9990,-1,-1
259,1,888.00,324.00,210.20,535.30,1.0000,-1,-1
259,11,1813.00,418.00,92.70,222.10,1.0000,-1,-1
259,12,1115.00,317.00,197.10,480.40,1.0000,-1,-1
259,13,1528.00,416.00,105.80,283.00,1.0000,-1,-1
259,14,1638.00,529.00,110.90,196.30,1.0000,-1,-1
259,18,758.00,331.00,176.70,504.90,1.0000,-1,-1
259,19,1368.00,370.00,122.80,347.10,1.0000,-1,-1
259,20,1292.00,423.00,108.30,300.50,0.9990,-1,-1
260,1,909.00,338.00,195.30,538.10,1.0000,-1,-1
260,11,1820.00,429.00,94.80,203.30,1.0000,-1,-1
260,12,1133.00,314.00,166.40,484.20,1.0000,-1,-1
260,13,1540.00,418.00,97.00,306.60,0.9990,-1,-1
260,14,1659.00,524.00,93.00,201.30,1.0000,-1,-1
260,18,795.00,332.00,157.70,529.60,1.0000,-1,-1
260,19,1382.00,358.00,140.10,372.80,1.0000,-1,-1
260,20,1299.00,413.00,104.30,317.90,0.9990,-1,-1
261,1,928.00,314.00,200.10,547.30,1.0000,-1,-1
261,11,1823.00,425.00,95.60,214.00,1.0000,-1,-1
261,12,1134.00,326.00,175.70,473.50,1.0000,-1,-1
261,13,1536.00,429.00,89.20,283.70,0.9990,-1,-1
261,14,1654.00,522.00,93.80,200.50,1.0000,-1,-1
261,18,795.00,347.00,169.90,497.40,1.0000,-1,-1
261,19,1379.00,369.00,137.80,344.40,1.0000,-1,-1
261,20,1301.00,422.00,94.20,297.60,0.9990,-1,-1
262,1,925.00,339.00,209.90,501.60,1.0000,-1,-1
262,11,1809.00,425.00,111.40,224.10,1.0000,-1,-1
262,12,1152.00,314.00,172.40,482.70,1.0000,-1,-1
262,13,1536.00,423.00,100.10,279.10,1.0000,-1,-1
262,14,1663.00,520.00,96.70,203.80,1.0000,-1,-1
262,18,808.00,332.00,192.80,512.40,1.0000,-1,-1
262,19,1393.00,357.00,141.60,372.70,1.0000,-1,-1
262,20,1309.00,427.00,93.10,289.00,0.9990,-1,-1
263,1,948.00,341.00,186.80,520.90,1.0000,-1,-1
263,11,1827.00,418.00,94.20,222.80,1.0000,-1,-1
263,12,1158.00,301.00,187.10,494.30,1.0000,-1,-1
263,13,1537.00,406.00,97.60,301.50,0.9990,-1,-1
263,14,1677.00,519.00,83.80,196.90,1.0000,-1,-1
263,18,806.00,332.00,203.10,494.80,1.0000,-1,-1
263,19,1383.00,373.00,157.30,357.30,1.0000,-1,-1
263,20,1311.00,417.00,103.60,302.30,1.0000,-1,-1
264,1,974.00,339.00,188.30,504.60,1.0000,-1,-1
264,11,1826.00,423.00,91.20,214.80,1.0000,-1,-1
264,12,1151.00,297.00,202.90,491.00,1.0000,-1,-1
264,13,1549.00,408.00,84.30,303.40,1.0000,-1,-1
264,14,1684.00,530.00,82.30,196.70,1.0000,-1,-1
264,18,810.00,351.00,196.80,486.20,1.0000,-1,-1
264,19,1401.00,373.00,127.30,367.20,1.0000,-1,-1
264,20,1313.00,435.00,89.80,277.00,0.9990,-1,-1
265,1,991.00,330.00,193.40,508.00,1.0000,-1,-1
265,11,1826.00,413.00,95.80,219.40,1.0000,-1,-1
265,12,1176.00,319.00,193.50,485.50,1.0000,-1,-1
265,13,1535.00,427.00,97.40,278.10,0.9990,-1,-1
265,14,1686.00,520.00,87.50,200.60,1.0000,-1,-1
265,18,835.00,360.00,184.10,485.20,1.0000,-1,-1
265,19,1411.00,368.00,125.40,349.60,1.0000,-1,-1
265,20,1320.00,427.00,102.90,279.40,0.9990,-1,-1
266,1,980.00,352.00,218.40,498.20,1.0000,-1,-1
266,11,1830.00,424.00,90.70,215.30,1.0000,-1,-1
266,12,1176.00,307.00,194.80,508.40,1.0000,-1,-1
266,13,1537.00,412.00,100.00,297.30,0.9990,-1,-1
266,14,1685.00,528.00,83.70,199.10,1.0000,-1,-1
266,18,849.00,331.00,165.90,516.20,1.0000,-1,-1
266,19,1418.00,380.00,133.90,349.00,1.0000,-1,-1
266,20,1326.00,414.00,98.20,295.80,1.0000,-1,-1
267,1,1005.00,335.00,199.20,521.60,1.0000,-1,-1
267,11,1842.00,418.00,79.10,220.80,1.0000,-1,-1
267,12,1188.00,336.00,189.40,457.30,1.0000,-1,-1
267,13,1542.00,441.00,96.80,273.40,0.9990,-1,-1
267,14,1689.00,517.00,91.70,210.30,1.0000,-1,-1
267,18,853.00,341.00,189.90,481.90,1.0000,-1,-1
267,19,1406.00,386.00,147.10,331.30,1.0000,-1,-1
267,20,1333.00,420.00,93.90,295.60,0.9980,-1,-1
268,1,1031.00,338.00,173.70,525.60,1.0000,-1,-1
268,11,1841.00,420.00,93.40,210.70,1.0000,-1,-1
268,12,1193.00,310.00,165.80,478.30,1.0000,-1,-1
268,13,1542.00,431.00,110.10,269.10,0.9990,-1,-1
268,14,1693.00,527.00,90.10,196.80,1.0000,-1,-1
268,18,863.00,352.00,189.10,465.20,1.0000,-1,-1
268,19,1410.00,379.00,139.90,360.60,1.0000,-1,-1
268,20,1324.00,417.00,97.70,308.50,0.9970,-1,-1
269,1,1016.00,345.00,216.30,516.00,1.0000,-1,-1
269,11,1837.00,419.00,92.80,214.20,1.0000,-1,-1
269,12,1204.00,328.00,179.20,470.50,1.0000,-1,-1
269,13,1550.00,419.00,85.90,282.20,1.0000,-1,-1
269,14,1706.00,527.00,78.00,197.70,1.0000,-1,-1
269,18,874.00,335.00,164.90,482.50,1.0000,-1,-1
269,19,1426.00,382.00,128.40,360.60,0.9990,-1,-1
269,20,1343.00,435.00,107.80,277.00,0.9980,-1,-1
270,1,1030.00,335.00,205.40,501.30,1.0000,-1,-1
270,11,1846.00,423.00,83.30,211.90,1.0000,-1,-1
270,12,1192.00,314.00,180.30,483.80,1.0000,-1,-1
270,13,1563.00,436.00,89.00,269.50,1.0000,-1,-1
270,14,1698.00,524.00,88.00,189.00,1.0000,-1,-1
270,18,891.00,334.00,171.50,499.40,1.0000,-1,-1
270,19,1424.00,393.00,131.70,331.30,1.0000,-1,-1
270,20,1337.00,431.00,93.40,271.80,1.0000,-1,-1
271,1,1053.00,334.00,216.10,495.80,1.0000,-1,-1
271,11,1851.00,421.00,76.30,215.90,1.0000,-1,-1
271,12,1217.00,308.00,173.30,487.40,1.0000,-1,-1
271,13,1553.00,436.00,85.00,280.30,1.0000,-1,-1
271,14,1714.00,523.00,90.40,200.50,1.0000,-1,-1
271,18,902.00,351.00,165.00,465.30,1.0000,-1,-1
271,19,1430.00,386.00,125.20,341.90,0.9990,-1,-1
271,20,1354.00,443.00,88.60,253.00,1.0000,-1,-1
271,24,1687.00,468.00,50.70,121.20,0.9660,-1,-1
272,1,1060.00,330.00,212.70,506.00,1.0000,-1,-1
272,11,1844.00,421.00,92.10,200.80,1.0000,-1,-1
272,12,1226.00,305.00,169.00,496.00,1.0000,-1,-1
272,13,1560.00,439.00,96.10,271.60,1.0000,-1,-1
272,14,1713.00,525.00,98.50,192.70,1.0000,-1,-1
272,18,925.00,361.00,149.90,443.40,1.0000,-1,-1
272,19,1423.00,367.00,122.00,347.90,1.0000,-1,-1
272,20,1347.00,442.00,106.60,262.70,0.9990,-1,-1
273,1,1076.00,319.00,208.50,519.90,1.0000,-1,-1
273,11,1848.00,434.00,85.70,203.20,1.0000,-1,-1
273,12,1236.00,321.00,188.00,471.60,1.0000,-1,-1
273,13,1554.00,436.00,95.80,285.40,1.0000,-1,-1
273,14,1718.00,518.00,90.20,208.70,1.0000,-1,-1
273,18,916.00,348.00,155.40,467.10,1.0000,-1,-1
273,19,1430.00,394.00,116.60,310.10,1.0000,-1,-1
274,1,1085.00,325.00,214.90,522.00,1.0000,-1,-1
274,4,945.00,359.00,186.40,456.10,1.0000,-1,-1
274,11,1860.00,426.00,75.40,211.00,1.0000,-1,-1
274,12,1239.00,315.00,184.30,459.00,1.0000,-1,-1
274,13,1554.00,439.00,97.20,272.10,1.0000,-1,-1
274,14,1725.00,523.00,98.20,202.20,1.0000,-1,-1
274,19,1446.00,378.00,97.90,318.50,1.0000,-1,-1
275,1,1103.00,333.00,193.90,492.60,1.0000,-1,-1
275,4,934.00,350.00,182.60,449.40,1.0000,-1,-1
275,11,1856.00,431.00,75.20,203.70,1.0000,-1,-1
275,12,1251.00,317.00,165.00,468.40,1.0000,-1,-1
275,13,1543.00,435.00,101.00,258.00,1.0000,-1,-1
275,14,1721.00,529.00,100.40,202.40,1.0000,-1,-1
275,19,1431.00,377.00,120.20,331.20,1.0000,-1,-1
276,1,1131.00,338.00,169.60,491.50,1.0000,-1,-1
276,4,951.00,335.00,197.90,474.60,1.0000,-1,-1
276,11,1850.00,426.00,88.50,203.50,1.0000,-1,-1
276,12,1257.00,321.00,177.00,449.50,1.0000,-1,-1
276,13,1545.00,416.00,109.50,279.50,0.9990,-1,-1
276,14,1724.00,527.00,94.70,194.70,1.0000,-1,-1
276,19,1447.00,385.00,104.60,314.00,1.0000,-1,-1
277,1,1134.00,318.00,184.30,480.80,1.0000,-1,-1
277,4,959.00,349.00,178.70,453.40,1.0000,-1,-1
277,11,1861.00,420.00,76.90,208.30,1.0000,-1,-1
277,12,1247.00,314.00,185.20,450.50,1.0000,-1,-1
277,13,1566.00,423.00,98.80,277.20,1.0000,-1,-1
277,14,1730.00,527.00,91.20,205.20,1.0000,-1,-1
277,19,1455.00,369.00,109.50,348.70,1.0000,-1,-1
278,1,1137.00,319.00,188.00,495.90,1.0000,-1,-1
278,4,958.00,357.00,205.10,444.20,1.0000,-1,-1
278,11,1861.00,427.00,81.50,207.40,0.9990,-1,-1
278,12,1276.00,337.00,173.00,426.70,1.0000,-1,-1
278,13,1567.00,432.00,105.70,283.30,1.0000,-1,-1
278,14,1737.00,528.00,88.60,198.70,1.0000,-1,-1
278,19,1462.00,364.00,127.30,350.70,0.9990,-1,-1
279,1,1158.00,331.00,179.20,490.30,1.0000,-1,-1
279,4,975.00,359.00,174.50,460.20,1.0000,-1,-1
279,11,1859.00,423.00,82.00,200.70,1.0000,-1,-1
279,12,1277.00,326.00,170.30,438.30,1.0000,-1,-1
279,13,1565.00,440.00,118.40,267.70,1.0000,-1,-1
279,14,1728.00,525.00,101.60,196.10,1.0000,-1,-1
279,19,1460.00,388.00,109.90,313.00,0.9990,-1,-1
280,1,1160.00,346.00,177.80,459.30,1.0000,-1,-1
280,4,981.00,365.00,156.80,452.00,1.0000,-1,-1
280,11,1859.00,426.00,83.50,205.10,1.0000,-1,-1
280,12,1280.00,321.00,182.30,447.40,1.0000,-1,-1
280,13,1562.00,458.00,109.10,265.70,1.0000,-1,-1
280,14,1724.00,533.00,98.40,202.10,1.0000,-1,-1
280,19,1464.00,384.00,117.70,311.10,1.0000,-1,-1
281,1,1171.00,316.00,222.60,498.80,1.0000,-1,-1
281,4,998.00,355.00,153.90,437.10,1.0000,-1,-1
281,11,1863.00,419.00,77.70,210.40,0.9990,-1,-1
281,13,1572.00,440.00,98.30,282.60,1.0000,-1,-1
281,14,1730.00,535.00,87.70,201.80,1.0000,-1,-1
281,19,1454.00,372.00,141.00,335.00,1.0000,-1,-1
281,20,1403.00,400.00,79.80,315.60,0.9070,-1,-1
282,1,1160.00,348.00,226.90,478.80,1.0000,-1,-1
282,4,1009.00,362.00,149.30,430.50,1.0000,-1,-1
282,11,1863.00,429.00,79.20,201.40,0.9990,-1,-1
282,12,1289.00,320.00,195.40,451.30,0.9990,-1,-1
282,13,1571.00,446.00,122.20,258.40,0.9990,-1,-1
282,14,1718.00,532.00,102.90,195.10,1.0000,-1,-1
282,19,1460.00,376.00,136.00,334.40,1.0000,-1,-1
283,1,1198.00,336.00,192.90,484.40,1.0000,-1,-1
283,4,1013.00,344.00,168.00,460.10,1.0000,-1,-1
283,11,1866.00,423.00,80.40,208.60,0.9980,-1,-1
283,12,1307.00,327.00,169.30,430.90,0.9970,-1,-1
283,13,1563.00,455.00,127.60,269.30,1.0000,-1,-1
283,14,1719.00,523.00,110.30,211.10,1.0000,-1,-1
283,19,1463.00,390.00,127.30,322.00,1.0000,-1,-1
283,20,1398.00,422.00,99.90,271.70,0.9990,-1,-1
284,1,1208.00,326.00,170.90,493.00,1.0000,-1,-1
284,4,1031.00,354.00,176.40,449.50,1.0000,-1,-1
284,11,1871.00,423.00,77.70,205.40,0.9970,-1,-1
284,12,1287.00,320.00,184.40,438.90,1.0000,-1,-1
284,13,1580.00,470.00,104.60,242.10,0.9990,-1,-1
284,14,1718.00,526.00,100.10,205.80,1.0000,-1,-1
284,19,1476.00,401.00,99.50,290.00,0.9990,-1,-1
285,1,1211.00,356.00,179.50,452.80,1.0000,-1,-1
285,4,1032.00,370.00,159.10,425.20,1.0000,-1,-1
285,11,1876.00,420.00,71.60,214.80,0.9940,-1,-1
285,12,1298.00,323.00,165.80,427.60,1.0000,-1,-1
285,13,1568.00,462.00,127.70,237.90,0.9990,-1,-1
285,14,1711.00,528.00,105.10,202.30,1.0000,-1,-1
285,19,1488.00,373.00,115.40,335.90,0.9980,-1,-1
286,1,1227.00,336.00,169.70,471.70,0.9990,-1,-1
286,4,1051.00,346.00,155.70,463.40,1.0000,-1,-1
286,11,1881.00,416.00,65.60,207.00,0.9800,-1,-1
286,12,1308.00,319.00,167.90,444.30,0.9990,-1,-1
286,13,1578.00,475.00,114.80,226.80,1.0000,-1,-1
286,14,1703.00,521.00,108.50,212.10,1.0000,-1,-1
286,19,1496.00,373.00,105.30,321.80,0.9990,-1,-1
286,25,1168.00,363.00,101.40,379.10,0.9860,-1,-1
287,1,1269.00,338.00,166.40,468.00,1.0000,-1,-1
287,4,1050.00,373.00,166.00,404.80,1.0000,-1,-1
287,11,1875.00,420.00,82.00,202.30,0.9450,-1,-1
287,13,1588.00,465.00,109.80,248.60,0.9990,-1,-1
287,14,1696.00,537.00,110.90,213.80,1.0000,-1,-1
287,19,1491.00,373.00,125.40,334.90,1.0000,-1,-1
287,20,1419.00,436.00,88.10,254.40,1.0000,-1,-1
287,25,1170.00,357.00,137.00,406.80,0.9980,-1,-1
288,1,1248.00,344.00,176.90,464.20,1.0000,-1,-1
288,4,1054.00,362.00,181.70,417.90,1.0000,-1,-1
288,13,1578.00,485.00,111.10,222.10,1.0000,-1,-1
288,14,1689.00,522.00,112.10,216.60,1.0000,-1,-1
288,19,1507.00,392.00,96.10,288.10,1.0000,-1,-1
288,20,1423.00,430.00,84.40,268.90,1.0000,-1,-1
288,25,1188.00,344.00,115.00,396.40,0.9910,-1,-1
289,1,1269.00,346.00,165.70,468.90,1.0000,-1,-1
289,4,1066.00,363.00,169.60,432.10,1.0000,-1,-1
289,11,1877.00,428.00,76.30,189.80,0.9230,-1,-1
289,13,1587.00,489.00,113.60,223.90,1.0000,-1,-1
289,14,1697.00,527.00,117.90,215.70,1.0000,-1,-1
289,19,1507.00,390.00,123.80,312.60,1.0000,-1,-1
289,20,1425.00,448.00,89.50,254.60,0.9990,-1,-1
289,25,1196.00,342.00,111.80,407.10,0.9930,-1,-1
290,1,1292.00,339.00,174.10,471.40,1.0000,-1,-1
290,4,1073.00,378.00,178.60,400.20,1.0000,-1,-1
290,13,1576.00,491.00,137.80,222.30,1.0000,-1,-1
290,14,1696.00,522.00,131.80,213.00,1.0000,-1,-1
290,19,1520.00,386.00,104.10,297.30,0.9990,-1,-1
290,20,1439.00,438.00,75.50,255.20,0.9990,-1,-1
290,25,1177.00,335.00,141.60,422.70,0.9990,-1,-1
291,1,1272.00,353.00,181.20,454.20,1.0000,-1,-1
291,4,1061.00,357.00,168.40,433.60,1.0000,-1,-1
291,13,1585.00,492.00,115.90,213.50,1.0000,-1,-1
291,14,1704.00,526.00,106.00,205.50,1.0000,-1,-1
291,19,1499.00,375.00,140.50,338.90,0.9990,-1,-1
291,20,1444.00,431.00,84.40,264.20,0.9860,-1,-1
291,25,1188.00,353.00,137.60,401.10,0.9990,-1,-1
292,1,1294.00,341.00,180.30,462.10,1.0000,-1,-1
292,4,1071.00,358.00,182.60,447.90,1.0000,-1,-1
292,13,1583.00,499.00,125.70,205.10,1.0000,-1,-1
292,14,1684.00,533.00,123.40,191.00,1.0000,-1,-1
292,19,1511.00,373.00,135.80,330.10,1.0000,-1,-1
292,20,1446.00,426.00,87.90,265.70,0.9960,-1,-1
292,25,1197.00,358.00,129.40,387.30,1.0000,-1,-1
293,1,1294.00,331.00,185.50,450.50,1.0000,-1,-1
293,4,1084.00,372.00,158.90,429.20,1.0000,-1,-1
293,13,1583.00,501.00,138.60,207.80,1.0000,-1,-1
293,14,1702.00,526.00,99.30,206.90,1.0000,-1,-1
293,19,1529.00,388.00,125.10,306.10,1.0000,-1,-1
293,20,1445.00,442.00,81.00,256.30,0.9980,-1,-1
293,25,1201.00,342.00,130.00,403.80,1.0000,-1,-1
294,4,1085.00,371.00,171.00,423.50,1.0000,-1,-1
294,11,1883.00,425.00,61.00,184.70,0.9330,-1,-1
294,12,1325.00,341.00,177.70,447.10,1.0000,-1,-1
294,14,1689.00,524.00,107.00,215.90,1.0000,-1,-1
294,19,1546.00,407.00,114.40,286.80,0.9990,-1,-1
294,25,1208.00,352.00,136.60,409.00,1.0000,-1,-1
295,1,1307.00,353.00,201.40,435.30,1.0000,-1,-1
295,4,1104.00,372.00,148.20,394.90,1.0000,-1,-1
295,13,1584.00,501.00,126.50,208.20,1.0000,-1,-1
295,14,1704.00,526.00,101.40,214.50,1.0000,-1,-1
295,19,1539.00,391.00,129.40,309.70,0.9990,-1,-1
295,25,1216.00,356.00,137.70,405.80,1.0000,-1,-1
296,1,1321.00,336.00,184.70,456.10,1.0000,-1,-1
296,4,1096.00,364.00,150.00,410.20,1.0000,-1,-1
296,13,1595.00,501.00,118.40,204.30,1.0000,-1,-1
296,14,1686.00,522.00,117.20,216.00,1.0000,-1,-1
296,19,1531.00,399.00,142.40,312.90,0.9990,-1,-1
296,20,1474.00,440.00,83.00,260.40,0.9640,-1,-1
296,25,1203.00,357.00,158.00,401.00,1.0000,-1,-1
297,1,1336.00,348.00,180.70,452.00,1.0000,-1,-1
297,4,1094.00,361.00,164.90,423.10,1.0000,-1,-1
297,11,1885.00,433.00,54.50,180.10,0.9380,-1,-1
297,13,1587.00,513.00,132.30,186.70,0.9990,-1,-1
297,14,1684.00,518.00,116.00,212.00,1.0000,-1,-1
297,19,1559.00,408.00,128.50,295.70,0.9990,-1,-1
297,20,1468.00,462.00,101.60,243.40,0.9960,-1,-1
297,25,1225.00,364.00,133.50,361.70,1.0000,-1,-1
298,1,1335.00,345.00,193.10,448.10,1.0000,-1,-1
298,4,1106.00,370.00,145.10,417.90,1.0000,-1,-1
298,11,1887.00,423.00,52.60,197.10,0.9500,-1,-1
298,13,1579.00,507.00,137.30,197.00,0.9990,-1,-1
298,14,1688.00,515.00,109.70,214.10,1.0000,-1,-1
298,19,1555.00,389.00,132.10,304.40,0.9980,-1,-1
298,25,1234.00,366.00,139.90,371.50,1.0000,-1,-1
299,1,1351.00,355.00,164.60,427.60,1.0000,-1,-1
299,4,1119.00,378.00,139.50,392.60,1.0000,-1,-1
299,11,1882.00,414.00,61.70,201.00,0.9000,-1,-1
299,13,1575.00,504.00,137.90,198.90,0.9990,-1,-1
299,14,1689.00,515.00,107.60,216.30,1.0000,-1,-1
299,20,1469.00,430.00,103.40,266.10,0.9960,-1,-1
299,25,1221.00,352.00,139.80,404.40,0.9990,-1,-1
300,1,1349.00,365.00,162.00,430.70,1.0000,-1,-1
300,4,1114.00,356.00,156.50,432.80,1.0000,-1,-1
300,14,1702.00,528.00,95.10,204.60,1.0000,-1,-1
300,19,1566.00,389.00,135.00,307.90,0.9990,-1,-1
300,20,1475.00,433.00,93.00,247.20,0.9970,-1,-1
300,25,1240.00,358.00,140.70,383.60,1.0000,-1,-1
301,1,1349.00,341.00,179.70,454.20,1.0000,-1,-1
301,4,1124.00,374.00,134.80,396.90,1.0000,-1,-1
301,11,1880.00,416.00,64.00,197.00,0.9510,-1,-1
301,13,1577.00,512.00,136.70,192.70,0.9990,-1,-1
301,14,1699.00,525.00,97.80,206.30,1.0000,-1,-1
301,20,1481.00,436.00,99.10,243.60,0.9950,-1,-1
301,25,1239.00,337.00,132.60,418.20,0.9990,-1,-1
302,1,1356.00,361.00,170.70,431.30,1.0000,-1,-1
302,4,1130.00,358.00,160.10,420.50,1.0000,-1,-1
302,13,1588.00,512.00,135.70,202.80,0.9990,-1,-1
302,14,1695.00,522.00,99.10,205.00,1.0000,-1,-1
302,19,1575.00,385.00,107.10,285.70,0.9960,-1,-1
302,20,1480.00,437.00,99.20,245.20,1.0000,-1,-1
302,25,1250.00,344.00,142.60,416.60,1.0000,-1,-1
303,1,1370.00,349.00,171.80,426.10,1.0000,-1,-1
303,4,1141.00,359.00,145.10,416.60,0.9990,-1,-1
303,14,1692.00,528.00,103.50,199.60,1.0000,-1,-1
303,19,1573.00,389.00,126.50,313.90,0.9990,-1,-1
303,25,1263.00,368.00,122.60,356.70,1.0000,-1,-1
304,1,1378.00,360.00,168.00,420.20,1.0000,-1,-1
304,4,1153.00,378.00,134.00,377.60,1.0000,-1,-1
304,13,1575.00,510.00,141.60,193.60,1.0000,-1,-1
304,14,1699.00,523.00,91.80,201.50,1.0000,-1,-1
304,25,1269.00,365.00,126.80,374.00,1.0000,-1,-1
305,1,1371.00,350.00,174.50,440.50,1.0000,-1,-1
305,4,1150.00,376.00,137.80,388.40,1.0000,-1,-1
305,13,1584.00,498.00,119.00,206.40,1.0000,-1,-1
305,14,1696.00,529.00,106.10,195.40,1.0000,-1,-1
305,20,1497.00,431.00,98.70,246.00,0.9980,-1,-1
305,25,1258.00,340.00,136.50,410.20,1.0000,-1,-1
306,1,1384.00,349.00,165.70,430.30,1.0000,-1,-1
306,4,1157.00,385.00,130.40,377.40,1.0000,-1,-1
306,13,1583.00,495.00,121.90,206.60,1.0000,-1,-1
306,14,1695.00,527.00,97.80,201.00,1.0000,-1,-1
306,25,1264.00,351.00,133.70,386.90,1.0000,-1,-1
307,1,1380.00,357.00,164.50,430.60,1.0000,-1,-1
307,4,1148.00,369.00,154.00,404.80,1.0000,-1,-1
307,13,1583.00,496.00,121.60,219.20,1.0000,-1,-1
307,14,1697.00,519.00,99.80,216.40,1.0000,-1,-1
307,20,1501.00,438.00,92.10,234.30,1.0000,-1,-1
307,25,1268.00,337.00,137.40,419.30,1.0000,-1,-1
308,1,1392.00,358.00,161.60,435.60,1.0000,-1,-1
308,4,1153.00,385.00,140.00,371.20,1.0000,-1,-1
308,13,1585.00,499.00,115.70,200.80,1.0000,-1,-1
308,14,1698.00,522.00,104.30,210.10,1.0000,-1,-1
308,20,1511.00,438.00,81.40,238.00,1.0000,-1,-1
308,25,1267.00,336.00,140.00,418.50,1.0000,-1,-1
309,1,1392.00,364.00,171.80,424.20,1.0000,-1,-1
309,4,1166.00,369.00,128.20,392.20,1.0000,-1,-1
309,13,1584.00,486.00,112.70,217.40,1.0000,-1,-1
309,14,1699.00,519.00,91.20,217.90,1.0000,-1,-1
309,20,1525.00,429.00,83.10,243.50,0.9780,-1,-1
309,25,1298.00,370.00,123.30,385.10,1.0000,-1,-1
310,1,1405.00,375.00,167.40,418.90,1.0000,-1,-1
310,4,1160.00,366.00,156.20,380.20,1.0000,-1,-1
310,13,1592.00,481.00,99.80,231.70,1.0000,-1,-1
310,14,1694.00,527.00,98.90,203.40,1.0000,-1,-1
310,20,1511.00,442.00,81.40,241.80,1.0000,-1,-1
310,25,1294.00,369.00,123.60,357.50,0.9990,-1,-1
311,1,1416.00,369.00,164.20,414.50,1.0000,-1,-1
311,4,1171.00,381.00,141.20,385.80,1.0000,-1,-1
311,13,1589.00,487.00,113.90,222.40,1.0000,-1,-1
311,14,1692.00,525.00,103.40,211.70,1.0000,-1,-1
311,25,1294.00,358.00,130.10,367.20,1.0000,-1,-1
312,1,1424.00,365.00,162.70,395.70,1.0000,-1,-1
312,4,1170.00,372.00,147.40,381.20,1.0000,-1,-1
312,13,1585.00,474.00,116.70,226.70,1.0000,-1,-1
312,14,1685.00,521.00,108.60,205.30,1.0000,-1,-1
312,19,1635.00,383.00,101.30,249.90,0.9960,-1,-1
312,20,1527.00,434.00,72.60,245.50,1.0000,-1,-1
312,25,1305.00,356.00,111.50,365.30,1.0000,-1,-1
313,1,1427.00,378.00,164.40,402.80,1.0000,-1,-1
313,4,1173.00,379.00,141.20,362.30,1.0000,-1,-1
313,13,1577.00,469.00,123.70,237.20,1.0000,-1,-1
313,14,1683.00,524.00,106.00,204.20,1.0000,-1,-1
313,19,1644.00,384.00,86.40,282.90,0.9970,-1,-1
313,25,1304.00,377.00,121.30,357.90,0.9990,-1,-1
314,1,1416.00,367.00,179.10,417.40,1.0000,-1,-1
314,4,1181.00,380.00,145.10,366.90,1.0000,-1,-1
314,13,1591.00,473.00,123.20,249.00,1.0000,-1,-1
314,14,1694.00,534.00,97.30,200.60,1.0000,-1,-1
314,19,1625.00,375.00,117.60,275.80,0.9970,-1,-1
314,25,1287.00,367.00,142.90,360.80,1.0000,-1,-1
315,1,1430.00,349.00,163.20,411.10,1.0000,-1,-1
315,4,1178.00,387.00,166.90,351.90,1.0000,-1,-1
315,13,1590.00,458.00,102.10,251.90,1.0000,-1,-1
315,14,1694.00,525.00,92.90,202.40,1.0000,-1,-1
315,19,1651.00,404.00,78.80,268.80,0.9970,-1,-1
315,25,1299.00,359.00,127.60,353.80,1.0000,-1,-1
316,1,1426.00,360.00,169.10,414.00,1.0000,-1,-1
316,4,1195.00,389.00,155.80,359.30,1.0000,-1,-1
316,13,1583.00,468.00,110.60,228.00,1.0000,-1,-1
316,14,1691.00,525.00,98.70,201.30,1.0000,-1,-1
316,19,1623.00,393.00,126.00,261.30,0.9980,-1,-1
316,25,1310.00,370.00,111.00,348.70,0.9990,-1,-1
317,1,1423.00,374.00,170.20,372.20,1.0000,-1,-1
317,4,1184.00,394.00,143.50,353.30,1.0000,-1,-1
317,13,1586.00,464.00,108.30,235.10,1.0000,-1,-1
317,14,1689.00,517.00,106.10,211.30,1.0000,-1,-1
317,19,1644.00,389.00,117.00,245.90,0.9990,-1,-1
317,25,1302.00,373.00,128.20,355.50,1.0000,-1,-1
318,1,1435.00,366.00,153.70,413.00,1.0000,-1,-1
318,4,1194.00,398.00,152.70,341.80,1.0000,-1,-1
318,13,1588.00,474.00,105.10,252.20,1.0000,-1,-1
318,14,1696.00,526.00,90.90,206.40,1.0000,-1,-1
318,19,1646.00,395.00,115.80,279.10,0.9990,-1,-1
318,25,1294.00,354.00,141.30,363.20,0.9990,-1,-1
319,1,1425.00,370.00,159.00,398.70,1.0000,-1,-1
319,4,1208.00,380.00,144.90,369.30,1.0000,-1,-1
319,13,1586.00,462.00,113.00,254.30,1.0000,-1,-1
319,14,1688.00,525.00,100.90,205.60,1.0000,-1,-1
319,19,1656.00,404.00,123.70,275.90,0.9990,-1,-1
319,25,1307.00,347.00,135.30,385.20,1.0000,-1,-1
320,1,1437.00,380.00,162.60,396.80,1.0000,-1,-1
320,4,1201.00,382.00,150.30,360.90,1.0000,-1,-1
320,13,1587.00,450.00,114.60,275.10,1.0000,-1,-1
320,14,1685.00,523.00,94.90,209.00,1.0000,-1,-1
320,19,1651.00,404.00,120.20,308.50,0.9990,-1,-1
320,25,1312.00,340.00,135.80,395.30,1.0000,-1,-1
321,1,1437.00,366.00,161.10,402.60,1.0000,-1,-1
321,4,1191.00,386.00,157.90,359.90,0.9990,-1,-1
321,13,1588.00,446.00,110.50,272.50,1.0000,-1,-1
321,14,1676.00,522.00,107.70,204.60,1.0000,-1,-1
321,19,1647.00,404.00,123.70,272.00,0.9990,-1,-1
321,25,1317.00,350.00,131.80,376.20,1.0000,-1,-1
322,1,1440.00,374.00,157.40,393.90,1.0000,-1,-1
322,4,1220.00,386.00,148.70,371.20,1.0000,-1,-1
322,13,1571.00,440.00,118.40,285.50,1.0000,-1,-1
322,14,1676.00,530.00,104.20,203.20,1.0000,-1,-1
322,19,1668.00,409.00,103.70,260.90,1.0000,-1,-1
322,25,1326.00,364.00,127.50,365.10,1.0000,-1,-1
323,1,1441.00,368.00,164.00,397.20,1.0000,-1,-1
323,4,1230.00,392.00,138.20,339.90,1.0000,-1,-1
323,13,1581.00,439.00,108.50,285.50,1.0000,-1,-1
323,14,1674.00,529.00,108.80,198.40,1.0000,-1,-1
323,19,1660.00,393.00,117.80,276.40,0.9990,-1,-1
323,25,1325.00,376.00,129.50,343.40,1.0000,-1,-1
323,26,1159.00,408.00,137.50,317.00,0.9990,-1,-1
324,1,1434.00,363.00,172.40,400.70,1.0000,-1,-1
324,4,1238.00,373.00,140.10,372.70,0.9980,-1,-1
324,13,1575.00,445.00,112.10,277.50,1.0000,-1,-1
324,19,1662.00,390.00,121.90,278.90,1.0000,-1,-1
324,25,1323.00,367.00,130.60,359.80,1.0000,-1,-1
324,26,1171.00,395.00,132.10,338.90,1.0000,-1,-1
325,1,1444.00,375.00,168.00,385.50,1.0000,-1,-1
325,4,1219.00,377.00,166.60,365.00,0.9980,-1,-1
325,13,1576.00,435.00,110.80,269.10,0.9990,-1,-1
325,19,1671.00,399.00,112.90,268.00,1.0000,-1,-1
325,25,1324.00,366.00,132.60,348.60,1.0000,-1,-1
325,26,1171.00,415.00,120.50,323.60,0.9990,-1,-1
326,1,1439.00,373.00,167.70,385.50,1.0000,-1,-1
326,4,1219.00,383.00,161.30,348.70,0.9980,-1,-1
326,13,1594.00,447.00,104.90,270.00,0.9990,-1,-1
326,14,1668.00,529.00,117.50,198.50,1.0000,-1,-1
326,19,1678.00,390.00,124.70,294.10,0.9980,-1,-1
326,25,1313.00,363.00,137.50,357.30,1.0000,-1,-1
326,26,1162.00,400.00,123.60,318.70,0.9990,-1,-1
327,1,1436.00,376.00,163.50,375.50,1.0000,-1,-1
327,4,1234.00,371.00,145.60,371.50,0.9990,-1,-1
327,13,1590.00,421.00,98.00,281.10,0.9990,-1,-1
327,14,1672.00,520.00,101.90,202.10,1.0000,-1,-1
327,19,1673.00,378.00,115.90,301.40,0.9990,-1,-1
327,25,1316.00,365.00,143.30,350.70,1.0000,-1,-1
327,26,1155.00,403.00,123.30,314.00,0.9990,-1,-1
328,1,1458.00,386.00,168.40,378.40,1.0000,-1,-1
328,4,1243.00,381.00,138.00,353.40,0.9990,-1,-1
328,13,1591.00,429.00,100.00,283.00,1.0000,-1,-1
328,14,1673.00,523.00,101.10,210.60,1.0000,-1,-1
328,19,1693.00,401.00,106.30,270.00,1.0000,-1,-1
328,25,1333.00,375.00,129.00,350.50,0.9990,-1,-1
328,26,1159.00,398.00,120.00,325.00,1.0000,-1,-1
329,1,1458.00,363.00,162.10,397.80,1.0000,-1,-1
329,4,1242.00,381.00,145.90,358.80,0.9990,-1,-1
329,13,1596.00,415.00,100.80,289.30,1.0000,-1,-1
329,14,1662.00,528.00,111.50,204.80,0.9990,-1,-1
329,19,1691.00,403.00,105.50,259.90,1.0000,-1,-1
329,25,1341.00,384.00,117.80,328.00,0.9980,-1,-1
329,26,1170.00,413.00,124.40,322.40,1.0000,-1,-1
330,1,1437.00,373.00,181.40,370.10,1.0000,-1,-1
330,4,1250.00,389.00,139.10,351.40,0.9990,-1,-1
330,13,1604.00,411.00,90.50,287.80,1.0000,-1,-1
330,14,1664.00,518.00,123.00,228.60,1.0000,-1,-1
330,19,1712.00,404.00,88.80,248.80,0.9990,-1,-1
330,25,1344.00,371.00,131.50,338.40,0.9990,-1,-1
330,26,1148.00,410.00,127.30,317.50,1.0000,-1,-1
331,1,1438.00,377.00,177.60,366.90,1.0000,-1,-1
331,4,1246.00,385.00,149.70,354.00,0.9970,-1,-1
331,13,1604.00,407.00,92.40,287.90,1.0000,-1,-1
331,14,1669.00,522.00,101.70,216.10,1.0000,-1,-1
331,19,1703.00,398.00,92.50,275.00,1.0000,-1,-1
331,25,1321.00,366.00,143.80,347.80,0.9990,-1,-1
331,26,1157.00,409.00,110.50,308.00,1.0000,-1,-1
332,1,1456.00,388.00,148.40,363.20,1.0000,-1,-1
332,4,1277.00,386.00,135.80,356.50,1.0000,-1,-1
332,13,1599.00,402.00,111.50,302.40,1.0000,-1,-1
332,14,1678.00,526.00,89.80,210.70,1.0000,-1,-1
332,19,1698.00,407.00,97.50,259.50,0.9990,-1,-1
332,25,1360.00,378.00,118.20,326.30,1.0000,-1,-1
332,26,1140.00,407.00,156.80,340.10,1.0000,-1,-1
333,1,1449.00,384.00,147.40,361.70,1.0000,-1,-1
333,4,1271.00,385.00,141.80,342.00,1.0000,-1,-1
333,13,1598.00,415.00,112.60,277.10,1.0000,-1,-1
333,14,1670.00,516.00,94.70,224.40,1.0000,-1,-1
333,19,1718.00,406.00,82.10,255.40,0.9970,-1,-1
333,25,1353.00,372.00,118.70,340.30,0.9990,-1,-1
333,26,1156.00,401.00,142.10,315.90,1.0000,-1,-1
334,1,1448.00,386.00,141.10,367.70,1.0000,-1,-1
334,4,1273.00,391.00,152.20,338.90,1.0000,-1,-1
334,13,1607.00,395.00,112.90,304.50,0.9990,-1,-1
334,14,1685.00,528.00,86.90,201.30,1.0000,-1,-1
334,19,1717.00,404.00,84.90,269.80,0.9990,-1,-1
334,26,1152.00,398.00,143.20,311.90,1.0000,-1,-1
335,1,1439.00,366.00,159.70,362.80,1.0000,-1,-1
335,4,1291.00,378.00,137.00,360.60,0.9990,-1,-1
335,13,1594.00,400.00,114.70,313.50,0.9990,-1,-1
335,14,1683.00,529.00,84.70,208.50,1.0000,-1,-1
335,19,1717.00,411.00,99.50,251.00,1.0000,-1,-1
335,25,1362.00,363.00,117.20,337.70,1.0000,-1,-1
335,26,1146.00,401.00,150.50,322.80,1.0000,-1,-1
336,1,1452.00,373.00,144.10,360.60,1.0000,-1,-1
336,4,1283.00,378.00,148.10,362.20,1.0000,-1,-1
336,13,1612.00,412.00,106.40,302.90,0.9990,-1,-1
336,14,1686.00,522.00,84.30,199.90,1.0000,-1,-1
336,19,1719.00,406.00,93.50,259.00,1.0000,-1,-1
336,26,1139.00,401.00,158.00,318.50,1.0000,-1,-1
337,1,1437.00,376.00,161.10,373.20,1.0000,-1,-1
337,4,1298.00,377.00,141.50,353.50,1.0000,-1,-1
337,13,1620.00,399.00,115.80,322.00,0.9990,-1,-1
337,14,1685.00,529.00,81.60,205.40,1.0000,-1,-1
337,19,1724.00,401.00,91.50,269.70,1.0000,-1,-1
337,26,1143.00,401.00,161.30,334.40,1.0000,-1,-1
338,1,1436.00,382.00,161.40,375.30,1.0000,-1,-1
338,4,1291.00,385.00,151.80,349.00,1.0000,-1,-1
338,13,1608.00,422.00,117.80,254.20,1.0000,-1,-1
338,14,1684.00,523.00,95.00,207.20,1.0000,-1,-1
338,19,1729.00,405.00,101.10,260.60,0.9990,-1,-1
338,26,1134.00,399.00,163.40,346.90,1.0000,-1,-1
339,1,1436.00,391.00,161.50,360.40,1.0000,-1,-1
339,4,1305.00,385.00,131.40,353.20,1.0000,-1,-1
339,13,1623.00,410.00,123.40,296.60,0.9990,-1,-1
339,14,1689.00,529.00,88.30,206.80,1.0000,-1,-1
339,19,1733.00,410.00,95.50,258.40,1.0000,-1,-1
339,20,1571.00,408.00,100.40,280.90,0.9920,-1,-1
339,26,1147.00,379.00,135.70,353.40,1.0000,-1,-1
340,1,1443.00,387.00,152.20,343.70,1.0000,-1,-1
340,4,1310.00,389.00,131.60,324.50,1.0000,-1,-1
340,13,1640.00,429.00,115.70,263.70,0.9960,-1,-1
340,14,1685.00,520.00,84.50,213.40,1.0000,-1,-1
340,19,1730.00,404.00,106.40,257.50,0.9990,-1,-1
340,20,1589.00,409.00,98.50,284.60,0.9990,-1,-1
340,26,1154.00,403.00,143.60,318.90,1.0000,-1,-1
341,1,1437.00,376.00,166.40,374.80,1.0000,-1,-1
341,4,1323.00,384.00,130.30,339.20,1.0000,-1,-1
341,13,1634.00,405.00,126.00,302.80,0.9990,-1,-1
341,14,1679.00,526.00,95.20,201.30,1.0000,-1,-1
341,19,1740.00,400.00,92.80,255.50,1.0000,-1,-1
341,20,1584.00,401.00,98.40,304.10,0.9990,-1,-1
341,26,1133.00,393.00,158.60,356.40,1.0000,-1,-1
342,1,1445.00,370.00,146.60,362.60,1.0000,-1,-1
342,4,1331.00,397.00,106.60,321.70,1.0000,-1,-1
342,13,1646.00,418.00,119.00,285.60,0.9980,-1,-1
342,14,1673.00,521.00,96.90,205.60,1.0000,-1,-1
342,19,1745.00,409.00,92.00,252.50,1.0000,-1,-1
342,20,1597.00,415.00,90.40,271.10,1.0000,-1,-1
342,26,1139.00,409.00,145.30,330.60,1.0000,-1,-1
343,1,1445.00,378.00,165.10,367.00,1.0000,-1,-1
343,4,1338.00,389.00,107.50,343.90,1.0000,-1,-1
343,13,1645.00,409.00,117.70,296.40,0.9980,-1,-1
343,14,1677.00,526.00,92.20,202.20,1.0000,-1,-1
343,19,1743.00,412.00,105.50,267.70,0.9990,-1,-1
343,20,1587.00,422.00,104.00,264.50,1.0000,-1,-1
343,26,1153.00,384.00,155.30,336.90,1.0000,-1,-1
344,1,1458.00,368.00,147.50,369.50,1.0000,-1,-1
344,4,1329.00,393.00,134.40,337.70,1.0000,-1,-1
344,13,1645.00,409.00,128.60,292.40,0.9980,-1,-1
344,14,1683.00,517.00,85.40,208.10,1.0000,-1,-1
344,19,1754.00,417.00,81.40,241.50,0.9990,-1,-1
344,20,1593.00,418.00,93.10,269.60,1.0000,-1,-1
344,26,1128.00,383.00,161.20,364.40,1.0000,-1,-1
345,1,1446.00,378.00,152.50,345.50,1.0000,-1,-1
345,4,1326.00,396.00,131.20,326.40,1.0000,-1,-1
345,13,1653.00,415.00,122.30,296.60,0.9950,-1,-1
345,14,1673.00,531.00,93.60,203.30,1.0000,-1,-1
345,19,1746.00,406.00,96.80,266.40,1.0000,-1,-1
345,20,1583.00,434.00,108.90,268.20,0.9990,-1,-1
345,26,1149.00,395.00,148.10,352.70,1.0000,-1,-1
346,1,1463.00,404.00,144.70,324.60,1.0000,-1,-1
346,4,1333.00,382.00,150.40,339.40,1.0000,-1,-1
346,13,1651.00,415.00,133.30,314.60,0.9990,-1,-1
346,14,1681.00,524.00,84.20,197.80,1.0000,-1,-1
346,19,1749.00,397.00,103.80,270.50,1.0000,-1,-1
346,20,1599.00,438.00,95.10,243.90,1.0000,-1,-1
346,26,1141.00,400.00,154.70,348.30,1.0000,-1,-1
347,1,1458.00,401.00,159.60,349.20,1.0000,-1,-1
347,4,1344.00,405.00,137.30,324.80,1.0000,-1,-1
347,13,1656.00,407.00,112.00,301.90,1.0000,-1,-1
347,19,1755.00,410.00,88.50,250.90,0.9990,-1,-1
347,20,1599.00,425.00,105.50,254.00,0.9990,-1,-1
347,26,1144.00,382.00,133.40,367.50,1.0000,-1,-1
348,1,1460.00,377.00,147.50,360.50,1.0000,-1,-1
348,4,1339.00,400.00,146.20,339.50,1.0000,-1,-1
348,13,1661.00,403.00,124.00,310.50,1.0000,-1,-1
348,14,1675.00,527.00,97.20,193.40,1.0000,-1,-1
348,19,1755.00,410.00,91.10,242.80,0.9990,-1,-1
348,20,1606.00,419.00,96.40,258.80,0.9990,-1,-1
348,26,1140.00,388.00,123.90,340.70,1.0000,-1,-1
349,1,1471.00,383.00,149.40,347.60,1.0000,-1,-1
349,4,1344.00,388.00,136.90,343.70,1.0000,-1,-1
349,13,1659.00,403.00,134.30,295.90,1.0000,-1,-1
349,19,1773.00,417.00,82.20,229.00,0.9960,-1,-1
349,20,1608.00,419.00,98.60,264.30,0.9990,-1,-1
349,26,1124.00,393.00,165.30,340.40,1.0000,-1,-1
350,1,1476.00,391.00,153.20,319.00,1.0000,-1,-1
350,4,1355.00,402.00,124.40,328.40,1.0000,-1,-1
350,13,1678.00,393.00,119.60,313.80,1.0000,-1,-1
350,19,1768.00,410.00,90.60,246.60,1.0000,-1,-1
350,20,1613.00,416.00,97.40,260.60,0.9990,-1,-1
350,26,1129.00,387.00,155.70,362.90,1.0000,-1,-1
351,1,1476.00,390.00,144.50,330.90,1.0000,-1,-1
351,4,1359.00,410.00,122.60,317.30,1.0000,-1,-1
351,13,1686.00,394.00,112.90,322.90,1.0000,-1,-1
351,19,1755.00,407.00,102.60,241.90,1.0000,-1,-1
351,20,1604.00,420.00,100.00,252.30,0.9990,-1,-1
351,26,1127.00,393.00,166.50,336.30,1.0000,-1,-1
352,1,1484.00,382.00,133.80,341.70,1.0000,-1,-1
352,4,1372.00,411.00,115.70,309.20,1.0000,-1,-1
352,13,1675.00,389.00,128.00,326.20,0.9990,-1,-1
352,14,1671.00,529.00,96.40,204.10,1.0000,-1,-1
352,19,1773.00,413.00,86.30,243.80,1.0000,-1,-1
352,20,1618.00,414.00,104.40,260.70,0.9990,-1,-1
352,26,1122.00,384.00,157.10,374.70,1.0000,-1,-1
353,1,1483.00,384.00,140.20,337.20,1.0000,-1,-1
353,13,1687.00,396.00,123.60,317.20,1.0000,-1,-1
353,14,1670.00,525.00,94.80,210.50,1.0000,-1,-1
353,19,1775.00,402.00,84.80,252.50,1.0000,-1,-1
353,20,1624.00,427.00,95.60,244.50,0.9990,-1,-1
353,25,1387.00,414.00,121.40,286.20,1.0000,-1,-1
353,26,1120.00,384.00,154.80,378.30,1.0000,-1,-1
354,1,1487.00,381.00,137.60,340.00,1.0000,-1,-1
354,4,1365.00,405.00,144.10,314.20,1.0000,-1,-1
354,13,1702.00,393.00,119.10,322.50,1.0000,-1,-1
354,14,1665.00,534.00,91.40,194.70,1.0000,-1,-1
354,19,1774.00,415.00,96.50,235.50,0.9990,-1,-1
354,20,1623.00,420.00,104.50,245.70,1.0000,-1,-1
354,26,1116.00,375.00,146.80,382.70,1.0000,-1,-1
355,1,1507.00,376.00,136.80,345.80,1.0000,-1,-1
355,4,1368.00,392.00,122.60,308.70,1.0000,-1,-1
355,13,1709.00,401.00,104.10,306.80,1.0000,-1,-1
355,14,1672.00,536.00,84.70,200.30,0.9930,-1,-1
355,19,1784.00,413.00,75.20,233.30,0.9970,-1,-1
355,20,1626.00,433.00,105.70,239.90,1.0000,-1,-1
355,26,1090.00,374.00,173.20,371.70,1.0000,-1,-1
356,1,1476.00,404.00,135.00,324.50,1.0000,-1,-1
356,13,1720.00,395.00,102.80,319.50,1.0000,-1,-1
356,14,1670.00,521.00,91.40,218.90,1.0000,-1,-1
356,19,1790.00,407.00,74.40,244.50,0.9980,-1,-1
356,20,1640.00,435.00,100.10,236.40,0.9990,-1,-1
356,25,1386.00,397.00,125.40,310.50,1.0000,-1,-1
356,26,1102.00,386.00,167.50,377.90,1.0000,-1,-1
357,1,1509.00,411.00,131.00,311.00,1.0000,-1,-1
357,13,1713.00,399.00,126.70,306.40,0.9990,-1,-1
357,14,1671.00,538.00,96.80,197.60,1.0000,-1,-1
357,19,1788.00,408.00,81.10,244.20,1.0000,-1,-1
357,20,1638.00,435.00,103.00,234.50,1.0000,-1,-1
357,25,1384.00,416.00,122.10,308.90,1.0000,-1,-1
357,26,1092.00,380.00,171.30,385.50,1.0000,-1,-1
358,1,1488.00,406.00,146.20,307.90,1.0000,-1,-1
358,13,1735.00,397.00,99.40,310.30,0.9990,-1,-1
358,14,1686.00,529.00,79.60,203.30,1.0000,-1,-1
358,19,1792.00,412.00,82.40,237.00,1.0000,-1,-1
358,20,1643.00,431.00,99.20,239.30,1.0000,-1,-1
358,25,1389.00,414.00,126.50,310.30,1.0000,-1,-1
358,26,1099.00,370.00,152.90,382.30,1.0000,-1,-1
359,1,1484.00,393.00,137.20,316.70,1.0000,-1,-1
359,13,1732.00,387.00,96.60,328.60,0.9990,-1,-1
359,14,1687.00,527.00,90.60,211.30,1.0000,-1,-1
359,19,1803.00,410.00,70.90,233.30,1.0000,-1,-1
359,20,1645.00,429.00,98.20,245.60,1.0000,-1,-1
359,25,1394.00,416.00,125.20,304.60,1.0000,-1,-1
359,26,1087.00,374.00,182.90,381.60,1.0000,-1,-1
360,1,1491.00,409.00,127.90,326.80,0.9990,-1,-1
360,13,1722.00,398.00,97.10,315.00,0.9990,-1,-1
360,14,1690.00,531.00,90.90,206.70,1.0000,-1,-1
360,19,1798.00,405.00,81.20,240.50,0.9980,-1,-1
360,20,1642.00,427.00,112.00,243.30,1.0000,-1,-1
360,25,1394.00,391.00,132.10,330.10,1.0000,-1,-1
360,26,1107.00,379.00,148.70,390.30,1.0000,-1,-1
360,27,1546.00,387.00,132.20,294.90,1.0000,-1,-1
360,28,115.00,524.00,81.10,224.60,0.9570,-1,-1
361,1,1496.00,401.00,138.80,308.90,1.0000,-1,-1
361,13,1722.00,406.00,117.20,310.50,1.0000,-1,-1
361,14,1699.00,530.00,97.40,212.10,1.0000,-1,-1
361,19,1800.00,404.00,82.50,251.00,0.9870,-1,-1
361,20,1653.00,433.00,97.70,234.60,1.0000,-1,-1
361,25,1404.00,404.00,140.90,302.60,1.0000,-1,-1
361,26,1094.00,374.00,177.50,388.50,1.0000,-1,-1
362,1,1511.00,394.00,148.10,313.30,1.0000,-1,-1
362,13,1747.00,401.00,105.50,323.20,0.9990,-1,-1
362,14,1704.00,529.00,101.60,203.10,1.0000,-1,-1
362,20,1660.00,429.00,99.30,233.40,0.9980,-1,-1
362,25,1398.00,402.00,122.90,299.30,1.0000,-1,-1
362,26,1092.00,379.00,169.50,379.80,1.0000,-1,-1
363,1,1515.00,398.00,142.80,329.50,1.0000,-1,-1
363,13,1754.00,396.00,99.90,314.40,0.9990,-1,-1
363,14,1708.00,519.00,100.90,211.80,1.0000,-1,-1
363,19,1800.00,410.00,82.80,240.60,1.0000,-1,-1
363,20,1655.00,424.00,95.80,239.90,1.0000,-1,-1
363,25,1415.00,394.00,116.10,313.10,1.0000,-1,-1
363,26,1089.00,375.00,173.10,400.60,1.0000,-1,-1
364,1,1525.00,408.00,137.80,303.60,1.0000,-1,-1
364,13,1730.00,392.00,120.80,325.60,0.9990,-1,-1
364,14,1715.00,514.00,95.50,224.80,1.0000,-1,-1
364,19,1812.00,402.00,87.10,249.10,1.0000,-1,-1
364,20,1658.00,424.00,106.00,236.80,1.0000,-1,-1
364,25,1415.00,392.00,106.70,308.30,1.0000,-1,-1
364,26,1110.00,368.00,142.90,397.70,1.0000,-1,-1
365,1,1527.00,393.00,136.80,319.80,1.0000,-1,-1
365,13,1755.00,403.00,116.70,306.10,0.9990,-1,-1
365,14,1722.00,523.00,92.70,217.60,1.0000,-1,-1
365,20,1666.00,413.00,90.70,262.30,1.0000,-1,-1
365,25,1425.00,412.00,129.20,287.60,1.0000,-1,-1
365,26,1098.00,370.00,161.70,403.00,1.0000,-1,-1
365,29,-44.00,235.00,221.00,836.20,0.9340,-1,-1
366,1,1515.00,401.00,139.00,305.00,1.0000,-1,-1
366,13,1759.00,373.00,130.30,363.70,0.9990,-1,-1
366,14,1726.00,513.00,111.60,229.60,1.0000,-1,-1
366,20,1675.00,421.00,88.90,241.70,1.0000,-1,-1
366,25,1432.00,405.00,122.20,305.50,1.0000,-1,-1
366,26,1099.00,364.00,160.70,407.90,1.0000,-1,-1
366,29,-42.00,237.00,208.40,785.50,0.9780,-1,-1
367,1,1532.00,405.00,136.80,310.70,1.0000,-1,-1
367,13,1754.00,396.00,127.40,340.60,1.0000,-1,-1
367,20,1671.00,412.00,104.20,246.90,0.9990,-1,-1
367,25,1426.00,407.00,133.10,295.00,1.0000,-1,-1
367,26,1096.00,364.00,164.00,408.50,1.0000,-1,-1
367,29,-25.00,234.00,224.80,789.50,0.9910,-1,-1
368,1,1535.00,408.00,142.00,302.00,1.0000,-1,-1
368,13,1762.00,404.00,129.60,329.90,1.0000,-1,-1
368,20,1671.00,419.00,101.90,244.40,0.9990,-1,-1
368,25,1431.00,403.00,129.10,298.10,1.0000,-1,-1
368,26,1089.00,361.00,174.10,398.30,1.0000,-1,-1
368,29,-8.00,244.00,254.90,738.40,1.0000,-1,-1
369,1,1537.00,396.00,146.30,319.30,1.0000,-1,-1
369,13,1748.00,396.00,156.50,340.10,1.0000,-1,-1
369,20,1669.00,423.00,110.50,239.40,1.0000,-1,-1
369,25,1457.00,413.00,110.60,292.30,1.0000,-1,-1
369,26,1074.00,374.00,169.80,396.10,1.0000,-1,-1
369,29,3.00,243.00,280.30,759.10,1.0000,-1,-1
370,1,1539.00,382.00,140.80,334.00,1.0000,-1,-1
370,13,1765.00,387.00,132.10,332.60,1.0000,-1,-1
370,14,1762.00,518.00,104.40,225.90,1.0000,-1,-1
370,20,1684.00,431.00,98.60,226.40,0.9990,-1,-1
370,25,1427.00,405.00,116.80,290.50,1.0000,-1,-1
370,26,1084.00,362.00,168.10,410.80,1.0000,-1,-1
370,29,11.00,239.00,315.70,750.10,0.9990,-1,-1
371,13,1771.00,401.00,140.50,326.70,1.0000,-1,-1
371,20,1687.00,418.00,88.30,247.60,1.0000,-1,-1
371,25,1419.00,409.00,108.00,284.50,1.0000,-1,-1
371,26,1074.00,371.00,174.10,398.40,1.0000,-1,-1
371,27,1575.00,388.00,117.00,311.30,1.0000,-1,-1
371,29,2.00,227.00,365.90,762.60,0.9990,-1,-1
372,13,1770.00,388.00,144.50,331.60,1.0000,-1,-1
372,20,1693.00,433.00,88.50,227.20,1.0000,-1,-1
372,25,1446.00,421.00,116.10,272.60,1.0000,-1,-1
372,26,1077.00,349.00,165.90,435.50,1.0000,-1,-1
372,27,1582.00,409.00,129.90,281.30,1.0000,-1,-1
372,29,28.00,244.00,385.70,766.20,1.0000,-1,-1
373,13,1778.00,392.00,137.60,326.40,1.0000,-1,-1
373,20,1692.00,433.00,89.10,231.00,0.9980,-1,-1
373,25,1452.00,400.00,130.30,308.50,1.0000,-1,-1
373,26,1068.00,374.00,170.10,407.90,1.0000,-1,-1
373,27,1586.00,393.00,129.60,312.20,1.0000,-1,-1
373,29,43.00,276.00,386.30,713.60,1.0000,-1,-1
374,13,1783.00,400.00,137.00,341.80,1.0000,-1,-1
374,20,1690.00,429.00,93.70,229.20,1.0000,-1,-1
374,25,1445.00,405.00,121.30,290.10,1.0000,-1,-1
374,26,1064.00,358.00,170.10,435.10,1.0000,-1,-1
374,27,1610.00,383.00,113.60,301.20,1.0000,-1,-1
374,29,57.00,247.00,412.90,749.80,1.0000,-1,-1
375,1,1585.00,388.00,115.90,306.20,1.0000,-1,-1
375,13,1800.00,381.00,125.70,325.10,0.9990,-1,-1
375,14,1804.00,515.00,105.80,232.60,1.0000,-1,-1
375,20,1702.00,428.00,98.40,237.70,1.0000,-1,-1
375,25,1471.00,431.00,103.00,266.80,1.0000,-1,-1
375,26,1075.00,354.00,169.70,439.80,1.0000,-1,-1
375,29,80.00,246.00,374.90,741.80,1.0000,-1,-1
376,1,1579.00,406.00,130.80,290.30,1.0000,-1,-1
376,14,1807.00,524.00,119.20,213.70,1.0000,-1,-1
376,20,1707.00,436.00,82.20,221.40,1.0000,-1,-1
376,25,1463.00,398.00,111.70,297.20,1.0000,-1,-1
376,26,1053.00,361.00,164.40,433.70,1.0000,-1,-1
376,29,66.00,283.00,405.00,678.00,0.9990,-1,-1
376,30,1758.00,447.00,70.10,195.50,0.9990,-1,-1
377,13,1799.00,377.00,143.20,352.80,0.9960,-1,-1
377,14,1821.00,529.00,103.80,216.00,1.0000,-1,-1
377,20,1712.00,437.00,89.50,219.50,0.9980,-1,-1
377,25,1466.00,422.00,108.60,285.30,1.0000,-1,-1
377,26,1053.00,361.00,166.30,426.70,1.0000,-1,-1
377,27,1615.00,388.00,124.50,305.30,1.0000,-1,-1
377,29,150.00,262.00,341.30,695.80,1.0000,-1,-1
378,1,1593.00,394.00,133.00,295.00,1.0000,-1,-1
378,13,1792.00,373.00,149.20,331.60,0.9940,-1,-1
378,14,1828.00,520.00,105.20,224.60,0.9990,-1,-1
378,20,1710.00,419.00,94.20,241.50,0.9990,-1,-1
378,25,1464.00,407.00,122.20,281.20,1.0000,-1,-1
378,26,1051.00,352.00,172.30,436.20,1.0000,-1,-1
378,29,179.00,263.00,296.20,683.10,1.0000,-1,-1
378,30,1770.00,439.00,67.50,211.60,1.0000,-1,-1
379,1,1604.00,387.00,140.50,302.50,1.0000,-1,-1
379,13,1812.00,389.00,135.40,324.60,0.9960,-1,-1
379,14,1836.00,516.00,100.40,225.60,0.9970,-1,-1
379,20,1718.00,428.00,89.50,236.10,0.9990,-1,-1
379,25,1477.00,404.00,113.00,271.90,1.0000,-1,-1
379,26,1040.00,347.00,187.30,446.10,1.0000,-1,-1
379,29,206.00,284.00,281.50,662.00,1.0000,-1,-1
379,30,1770.00,445.00,70.50,200.20,1.0000,-1,-1
380,1,1608.00,402.00,132.50,286.60,1.0000,-1,-1
380,13,1813.00,374.00,144.00,367.20,0.9750,-1,-1
380,20,1711.00,437.00,86.30,217.00,1.0000,-1,-1
380,25,1462.00,395.00,118.00,293.10,1.0000,-1,-1
380,26,1047.00,351.00,171.90,454.10,1.0000,-1,-1
380,29,267.00,281.00,242.90,673.80,1.0000,-1,-1
380,30,1780.00,445.00,63.50,201.50,0.9990,-1,-1
381,19,1827.00,392.00,91.20,315.30,0.9620,-1,-1
381,20,1708.00,432.00,89.20,228.10,1.0000,-1,-1
381,25,1483.00,416.00,104.70,277.80,1.0000,-1,-1
381,26,1045.00,355.00,165.60,447.40,1.0000,-1,-1
381,27,1622.00,384.00,133.00,304.30,1.0000,-1,-1
381,29,308.00,275.00,209.00,672.30,1.0000,-1,-1
381,30,1779.00,455.00,61.60,186.00,0.9980,-1,-1
382,1,1620.00,391.00,126.40,302.80,1.0000,-1,-1
382,13,1825.00,373.00,133.00,336.30,0.9650,-1,-1
382,20,1729.00,431.00,76.80,217.00,0.9990,-1,-1
382,25,1478.00,410.00,116.10,273.60,1.0000,-1,-1
382,26,1017.00,351.00,180.10,439.00,1.0000,-1,-1
382,29,330.00,267.00,209.50,673.90,0.9990,-1,-1
382,30,1786.00,451.00,67.00,193.80,0.9980,-1,-1
383,1,1609.00,408.00,129.20,284.50,1.0000,-1,-1
383,13,1855.00,370.00,89.60,363.70,0.9720,-1,-1
383,20,1720.00,434.00,80.90,226.90,1.0000,-1,-1
383,25,1485.00,417.00,108.20,276.90,0.9990,-1,-1
383,26,1019.00,337.00,190.60,470.00,1.0000,-1,-1
383,29,329.00,260.00,217.70,661.60,1.0000,-1,-1
383,30,1792.00,455.00,64.10,192.60,0.9980,-1,-1
384,1,1610.00,410.00,131.90,282.60,1.0000,-1,-1
384,13,1845.00,354.00,108.10,384.90,0.9120,-1,-1
384,20,1717.00,430.00,87.10,219.90,0.9980,-1,-1
384,25,1505.00,412.00,99.80,282.80,1.0000,-1,-1
384,26,1016.00,336.00,199.80,472.40,1.0000,-1,-1
384,29,339.00,290.00,236.10,617.20,1.0000,-1,-1
384,30,1789.00,449.00,65.30,203.10,0.9990,-1,-1
385,20,1719.00,434.00,89.70,222.20,0.9990,-1,-1
385,25,1480.00,409.00,126.30,282.70,1.0000,-1,-1
385,26,1017.00,331.00,172.50,484.90,1.0000,-1,-1
385,27,1627.00,376.00,124.40,311.70,1.0000,-1,-1
385,29,368.00,271.00,251.40,626.20,1.0000,-1,-1
385,30,1787.00,453.00,74.00,193.40,1.0000,-1,-1
386,20,1734.00,438.00,79.00,213.90,0.9980,-1,-1
386,25,1481.00,411.00,116.50,258.10,1.0000,-1,-1
386,26,1009.00,332.00,209.90,485.30,1.0000,-1,-1
386,27,1636.00,383.00,124.20,311.70,1.0000,-1,-1
386,29,393.00,276.00,255.60,637.50,1.0000,-1,-1
386,30,1796.00,441.00,69.80,202.40,1.0000,-1,-1
387,20,1740.00,445.00,69.30,203.50,0.9980,-1,-1
387,25,1492.00,416.00,122.30,276.00,1.0000,-1,-1
387,26,1001.00,332.00,202.10,492.20,1.0000,-1,-1
387,27,1636.00,389.00,131.50,304.60,1.0000,-1,-1
387,29,406.00,292.00,252.40,630.60,1.0000,-1,-1
387,30,1796.00,447.00,62.80,193.80,0.9980,-1,-1
388,20,1734.00,437.00,75.70,207.80,0.9980,-1,-1
388,25,1500.00,413.00,106.40,272.90,1.0000,-1,-1
388,26,993.00,318.00,198.50,502.30,1.0000,-1,-1
388,27,1639.00,411.00,122.60,272.00,1.0000,-1,-1
388,29,388.00,291.00,285.40,604.50,1.0000,-1,-1
388,30,1798.00,461.00,66.40,180.30,0.9980,-1,-1
388,31,1156.00,458.00,71.50,192.10,1.0000,-1,-1
389,25,1508.00,415.00,95.70,279.10,1.0000,-1,-1
389,26,1004.00,329.00,185.90,504.90,1.0000,-1,-1
389,27,1660.00,390.00,131.60,291.00,1.0000,-1,-1
389,29,398.00,303.00,292.80,610.40,1.0000,-1,-1
389,30,1805.00,453.00,58.10,189.00,1.0000,-1,-1
389,31,1161.00,461.00,68.10,180.30,1.0000,-1,-1
390,20,1749.00,440.00,74.70,207.20,0.9980,-1,-1
390,25,1512.00,410.00,107.50,274.20,1.0000,-1,-1
390,26,972.00,334.00,204.80,487.70,1.0000,-1,-1
390,27,1645.00,395.00,126.50,298.70,1.0000,-1,-1
390,29,429.00,303.00,256.50,612.10,1.0000,-1,-1
390,30,1807.00,454.00,56.30,186.10,0.9990,-1,-1
390,31,1159.00,458.00,68.80,189.10,1.0000,-1,-1
391,20,1742.00,439.00,83.20,213.50,0.9910,-1,-1
391,25,1507.00,410.00,105.20,276.60,1.0000,-1,-1
391,26,961.00,334.00,225.70,483.00,1.0000,-1,-1
391,27,1658.00,400.00,119.70,301.20,1.0000,-1,-1
391,29,461.00,306.00,243.90,593.50,1.0000,-1,-1
391,30,1804.00,455.00,63.90,190.10,1.0000,-1,-1
391,31,1169.00,462.00,64.70,188.00,1.0000,-1,-1
392,20,1739.00,429.00,87.80,225.90,0.9910,-1,-1
392,25,1520.00,405.00,108.90,274.40,1.0000,-1,-1
392,26,974.00,331.00,201.40,498.40,1.0000,-1,-1
392,27,1646.00,424.00,122.80,264.00,1.0000,-1,-1
392,29,490.00,308.00,209.30,549.20,1.0000,-1,-1
392,30,1801.00,456.00,65.10,181.40,0.9990,-1,-1
392,31,1175.00,457.00,60.00,197.00,1.0000,-1,-1
393,25,1530.00,399.00,108.00,275.40,1.0000,-1,-1
393,26,947.00,323.00,233.20,504.20,1.0000,-1,-1
393,27,1670.00,413.00,134.60,282.50,1.0000,-1,-1
393,29,499.00,301.00,217.60,563.20,1.0000,-1,-1
393,30,1807.00,453.00,64.70,186.70,0.9990,-1,-1
393,31,1176.00,449.00,71.40,192.50,1.0000,-1,-1
394,25,1528.00,392.00,107.50,294.10,1.0000,-1,-1
394,26,960.00,333.00,214.20,502.80,1.0000,-1,-1
394,27,1655.00,402.00,130.20,290.00,1.0000,-1,-1
394,29,535.00,312.00,188.00,548.90,1.0000,-1,-1
394,30,1810.00,450.00,66.40,186.70,0.9990,-1,-1
394,31,1182.00,453.00,59.80,193.60,1.0000,-1,-1
395,20,1757.00,429.00,67.40,223.90,0.9310,-1,-1
395,25,1523.00,400.00,116.30,284.00,1.0000,-1,-1
395,26,952.00,329.00,189.80,505.50,1.0000,-1,-1
395,27,1674.00,411.00,113.70,269.80,1.0000,-1,-1
395,29,542.00,297.00,195.50,571.50,1.0000,-1,-1
395,30,1819.00,449.00,63.00,193.50,1.0000,-1,-1
395,31,1184.00,463.00,62.40,187.40,1.0000,-1,-1
396,25,1536.00,400.00,108.80,274.30,1.0000,-1,-1
396,26,929.00,318.00,214.40,513.00,1.0000,-1,-1
396,27,1680.00,387.00,128.90,294.00,1.0000,-1,-1
396,29,571.00,308.00,196.00,545.40,1.0000,-1,-1
396,30,1816.00,454.00,63.30,178.70,1.0000,-1,-1
396,31,1193.00,452.00,59.80,197.30,1.0000,-1,-1
397,25,1542.00,419.00,105.60,256.80,1.0000,-1,-1
397,26,925.00,315.00,215.60,524.30,1.0000,-1,-1
397,27,1681.00,403.00,127.90,272.90,1.0000,-1,-1
397,29,578.00,299.00,199.90,547.90,1.0000,-1,-1
397,30,1821.00,455.00,60.80,178.90,1.0000,-1,-1
397,31,1195.00,463.00,65.40,183.90,1.0000,-1,-1
398,25,1552.00,408.00,97.10,257.00,1.0000,-1,-1
398,26,929.00,312.00,214.60,536.60,1.0000,-1,-1
398,27,1668.00,419.00,129.40,281.50,1.0000,-1,-1
398,29,587.00,325.00,214.60,542.70,1.0000,-1,-1
398,30,1815.00,451.00,69.20,187.40,0.9990,-1,-1
398,31,1194.00,455.00,60.90,186.30,1.0000,-1,-1
399,25,1562.00,399.00,104.60,270.70,1.0000,-1,-1
399,26,910.00,307.00,226.00,544.00,1.0000,-1,-1
399,27,1692.00,412.00,119.20,282.40,1.0000,-1,-1
399,29,587.00,324.00,238.30,551.50,1.0000,-1,-1
399,30,1820.00,453.00,65.00,181.00,0.9990,-1,-1
399,31,1196.00,464.00,68.50,190.00,1.0000,-1,-1
400,25,1542.00,400.00,102.80,272.10,1.0000,-1,-1
400,26,915.00,328.00,205.50,510.10,1.0000,-1,-1
400,27,1681.00,399.00,126.60,279.60,1.0000,-1,-1
400,29,607.00,321.00,236.10,547.20,1.0000,-1,-1
400,30,1824.00,450.00,63.10,184.50,1.0000,-1,-1
400,31,1203.00,462.00,63.00,192.90,1.0000,-1,-1
401,25,1549.00,422.00,103.40,249.80,1.0000,-1,-1
401,26,910.00,337.00,213.30,506.80,1.0000,-1,-1
401,27,1718.00,391.00,127.40,279.10,1.0000,-1,-1
401,29,613.00,311.00,227.20,536.90,1.0000,-1,-1
401,30,1829.00,449.00,63.20,192.60,1.0000,-1,-1
401,31,1210.00,462.00,70.30,183.70,1.0000,-1,-1
402,25,1550.00,399.00,124.20,285.00,1.0000,-1,-1
402,26,886.00,321.00,238.40,531.00,1.0000,-1,-1
402,27,1710.00,403.00,112.90,278.50,1.0000,-1,-1
402,29,608.00,328.00,253.60,524.10,1.0000,-1,-1
402,30,1827.00,454.00,60.30,184.90,0.9990,-1,-1
402,31,1209.00,452.00,64.10,191.50,1.0000,-1,-1
403,25,1563.00,421.00,99.30,249.00,1.0000,-1,-1
403,26,864.00,320.00,247.10,529.50,1.0000,-1,-1
403,27,1730.00,402.00,111.60,263.40,1.0000,-1,-1
403,29,618.00,330.00,245.70,496.10,1.0000,-1,-1
403,30,1831.00,456.00,65.40,183.10,1.0000,-1,-1
403,31,1215.00,457.00,69.60,191.40,1.0000,-1,-1
404,25,1563.00,417.00,109.80,260.90,1.0000,-1,-1
404,26,866.00,326.00,237.40,526.20,1.0000,-1,-1
404,27,1719.00,412.00,135.90,258.10,1.0000,-1,-1
404,29,640.00,329.00,229.70,525.70,1.0000,-1,-1
404,30,1829.00,454.00,61.50,177.70,1.0000,-1,-1
404,31,1221.00,459.00,57.20,182.90,1.0000,-1,-1
405,1,1682.00,425.00,113.50,259.40,0.9990,-1,-1
405,25,1582.00,424.00,92.80,247.00,1.0000,-1,-1
405,26,864.00,315.00,213.20,536.30,1.0000,-1,-1
405,27,1737.00,394.00,122.60,270.90,1.0000,-1,-1
405,29,660.00,335.00,218.80,487.90,1.0000,-1,-1
405,30,1839.00,448.00,62.30,181.40,1.0000,-1,-1
405,31,1219.00,452.00,60.40,192.30,1.0000,-1,-1
406,25,1592.00,407.00,85.00,265.10,1.0000,-1,-1
406,26,831.00,314.00,246.40,541.20,1.0000,-1,-1
406,27,1735.00,411.00,118.00,260.90,1.0000,-1,-1
406,29,706.00,331.00,171.70,489.10,1.0000,-1,-1
406,30,1837.00,456.00,59.30,170.30,0.9990,-1,-1
406,31,1228.00,457.00,59.50,195.60,1.0000,-1,-1
407,1,1695.00,414.00,120.10,287.20,1.0000,-1,-1
407,25,1584.00,398.00,97.60,269.10,1.0000,-1,-1
407,26,829.00,292.00,242.70,574.90,1.0000,-1,-1
407,27,1756.00,385.00,111.80,255.00,0.9980,-1,-1
407,29,723.00,306.00,161.00,528.50,1.0000,-1,-1
407,30,1840.00,457.00,59.80,171.60,0.9990,-1,-1
407,31,1231.00,454.00,68.60,196.90,1.0000,-1,-1
408,1,1713.00,396.00,116.80,282.60,1.0000,-1,-1
408,25,1594.00,421.00,94.60,245.80,1.0000,-1,-1
408,26,834.00,295.00,224.70,574.10,1.0000,-1,-1
408,29,751.00,325.00,136.40,508.90,0.9990,-1,-1
408,30,1837.00,452.00,70.50,185.00,1.0000,-1,-1
408,31,1235.00,449.00,66.40,198.00,1.0000,-1,-1
409,25,1590.00,413.00,101.30,253.90,1.0000,-1,-1
409,26,831.00,314.00,229.60,543.10,1.0000,-1,-1
409,27,1745.00,401.00,124.50,258.10,1.0000,-1,-1
409,29,757.00,321.00,144.70,501.70,0.9990,-1,-1
409,30,1836.00,447.00,74.10,192.00,0.9990,-1,-1
409,31,1236.00,457.00,62.20,184.90,1.0000,-1,-1
409,32,1677.00,473.00,46.30,125.00,0.9400,-1,-1
410,1,1728.00,391.00,128.10,279.10,1.0000,-1,-1
410,25,1605.00,412.00,93.50,256.70,1.0000,-1,-1
410,26,808.00,295.00,246.10,569.20,1.0000,-1,-1
410,30,1841.00,444.00,66.10,186.40,0.9990,-1,-1
410,31,1241.00,449.00,69.80,207.80,1.0000,-1,-1
411,1,1708.00,414.00,115.20,270.10,0.9930,-1,-1
411,25,1605.00,428.00,90.40,251.20,1.0000,-1,-1
411,26,792.00,283.00,240.40,582.50,1.0000,-1,-1
411,27,1761.00,407.00,112.90,255.40,1.0000,-1,-1
411,30,1845.00,451.00,67.40,176.00,0.9940,-1,-1
411,31,1245.00,453.00,62.40,189.90,1.0000,-1,-1
412,25,1603.00,404.00,100.20,258.10,1.0000,-1,-1
412,26,790.00,297.00,250.90,602.40,1.0000,-1,-1
412,27,1739.00,405.00,122.90,269.60,1.0000,-1,-1
412,30,1845.00,445.00,61.60,195.30,1.0000,-1,-1
412,31,1252.00,450.00,59.50,192.20,1.0000,-1,-1
413,1,1716.00,415.00,108.90,249.80,1.0000,-1,-1
413,25,1610.00,412.00,102.40,254.30,1.0000,-1,-1
413,26,791.00,306.00,217.40,571.30,1.0000,-1,-1
413,27,1756.00,381.00,129.50,273.90,0.9990,-1,-1
413,30,1854.00,447.00,65.40,184.80,0.9690,-1,-1
413,31,1255.00,452.00,61.50,191.10,1.0000,-1,-1
414,1,1723.00,423.00,116.70,253.60,0.9990,-1,-1
414,25,1619.00,400.00,107.40,277.90,1.0000,-1,-1
414,26,786.00,306.00,236.60,573.10,1.0000,-1,-1
414,27,1776.00,405.00,130.00,262.60,0.9990,-1,-1
414,31,1261.00,457.00,60.40,189.50,1.0000,-1,-1
415,1,1734.00,400.00,112.80,266.60,0.9990,-1,-1
415,25,1611.00,418.00,106.50,253.80,1.0000,-1,-1
415,26,780.00,301.00,215.50,581.30,1.0000,-1,-1
415,30,1848.00,449.00,66.90,184.50,0.9990,-1,-1
415,31,1265.00,460.00,59.60,184.70,1.0000,-1,-1
416,25,1618.00,421.00,108.30,247.10,1.0000,-1,-1
416,26,756.00,302.00,244.60,577.80,1.0000,-1,-1
416,27,1769.00,394.00,118.60,263.40,0.9990,-1,-1
416,30,1854.00,450.00,67.90,177.00,0.9990,-1,-1
416,31,1269.00,461.00,56.70,181.40,0.9990,-1,-1
417,1,1725.00,417.00,112.60,245.90,0.9990,-1,-1
417,25,1619.00,411.00,120.60,259.70,1.0000,-1,-1
417,26,754.00,292.00,234.50,616.80,1.0000,-1,-1
417,27,1797.00,403.00,115.50,261.90,1.0000,-1,-1
417,31,1274.00,458.00,55.70,186.50,1.0000,-1,-1
418,1,1725.00,418.00,114.90,241.80,0.9880,-1,-1
418,25,1635.00,417.00,103.60,239.80,1.0000,-1,-1
418,26,723.00,280.00,260.00,618.50,1.0000,-1,-1
418,27,1783.00,409.00,125.50,243.40,1.0000,-1,-1
418,31,1275.00,460.00,63.60,183.70,1.0000,-1,-1
419,1,1748.00,422.00,107.50,256.00,1.0000,-1,-1
419,25,1627.00,414.00,117.70,264.20,1.0000,-1,-1
419,26,735.00,265.00,253.20,637.50,1.0000,-1,-1
419,27,1798.00,386.00,101.40,256.90,1.0000,-1,-1
419,31,1283.00,457.00,56.50,184.80,1.0000,-1,-1
420,1,1737.00,416.00,107.70,248.20,0.9990,-1,-1
420,25,1652.00,424.00,107.40,256.90,1.0000,-1,-1
420,26,713.00,281.00,259.80,613.70,1.0000,-1,-1
420,27,1793.00,402.00,116.70,253.10,1.0000,-1,-1
420,29,884.00,338.00,154.00,466.80,1.0000,-1,-1
420,31,1284.00,447.00,59.00,204.80,1.0000,-1,-1
421,25,1636.00,422.00,100.50,235.10,1.0000,-1,-1
421,26,700.00,261.00,244.80,660.70,1.0000,-1,-1
421,27,1794.00,387.00,123.10,284.70,1.0000,-1,-1
421,29,898.00,337.00,145.60,458.10,1.0000,-1,-1
421,31,1290.00,452.00,59.70,196.30,1.0000,-1,-1
422,25,1647.00,426.00,101.10,239.20,1.0000,-1,-1
422,26,689.00,273.00,234.80,651.60,1.0000,-1,-1
422,27,1774.00,401.00,119.90,268.90,1.0000,-1,-1
422,29,908.00,330.00,133.40,453.40,1.0000,-1,-1
422,31,1291.00,457.00,60.20,196.50,1.0000,-1,-1
423,1,1762.00,408.00,109.30,255.90,1.0000,-1,-1
423,25,1665.00,425.00,90.50,233.10,1.0000,-1,-1
423,26,671.00,272.00,259.90,651.70,1.0000,-1,-1
423,29,896.00,321.00,163.10,477.90,1.0000,-1,-1
423,31,1298.00,451.00,54.00,206.40,1.0000,-1,-1
424,1,1767.00,412.00,106.30,254.30,1.0000,-1,-1
424,25,1652.00,410.00,109.40,258.80,1.0000,-1,-1
424,26,642.00,286.00,296.70,655.50,1.0000,-1,-1
424,27,1816.00,395.00,109.70,257.10,0.9960,-1,-1
424,29,931.00,353.00,151.40,432.20,1.0000,-1,-1
424,31,1290.00,458.00,71.80,181.00,1.0000,-1,-1
425,1,1772.00,416.00,108.90,243.30,1.0000,-1,-1
425,25,1665.00,417.00,101.70,260.60,1.0000,-1,-1
425,26,647.00,263.00,291.30,651.40,1.0000,-1,-1
425,29,923.00,336.00,190.00,446.20,1.0000,-1,-1
425,31,1304.00,447.00,60.10,196.50,1.0000,-1,-1
426,1,1762.00,414.00,109.70,261.00,0.9990,-1,-1
426,25,1661.00,421.00,88.00,228.00,1.0000,-1,-1
426,26,643.00,284.00,262.40,639.70,1.0000,-1,-1
426,27,1815.00,390.00,109.70,261.90,0.9990,-1,-1
426,29,934.00,360.00,170.80,418.30,1.0000,-1,-1
426,31,1303.00,445.00,66.00,211.00,1.0000,-1,-1
426,33,1145.00,483.00,62.60,167.40,0.9880,-1,-1
427,25,1668.00,412.00,108.80,251.30,1.0000,-1,-1
427,26,630.00,255.00,264.40,707.50,1.0000,-1,-1
427,27,1807.00,391.00,120.20,263.40,1.0000,-1,-1
427,29,933.00,341.00,182.00,459.30,1.0000,-1,-1
427,31,1308.00,442.00,62.80,197.90,1.0000,-1,-1
427,33,1145.00,474.00,60.20,172.90,0.9980,-1,-1
428,1,1773.00,424.00,109.00,243.90,0.9990,-1,-1
428,25,1670.00,413.00,101.10,246.80,1.0000,-1,-1
428,26,606.00,279.00,283.20,673.60,1.0000,-1,-1
428,27,1824.00,406.00,91.30,234.20,1.0000,-1,-1
428,29,940.00,345.00,183.70,434.30,1.0000,-1,-1
428,31,1316.00,458.00,64.90,193.00,1.0000,-1,-1
428,33,1145.00,465.00,65.40,177.50,0.9980,-1,-1
429,1,1777.00,424.00,109.50,232.20,1.0000,-1,-1
429,25,1663.00,423.00,106.30,233.10,1.0000,-1,-1
429,26,606.00,263.00,253.70,667.30,1.0000,-1,-1
429,27,1833.00,393.00,95.20,248.60,0.9980,-1,-1
429,29,935.00,343.00,190.90,439.70,1.0000,-1,-1
429,31,1318.00,449.00,62.20,200.30,1.0000,-1,-1
429,33,1155.00,477.00,62.60,162.10,0.9990,-1,-1
430,1,1789.00,416.00,127.30,235.20,0.9990,-1,-1
430,25,1654.00,411.00,98.60,249.40,1.0000,-1,-1
430,26,578.00,249.00,275.20,691.30,1.0000,-1,-1
430,29,972.00,367.00,152.70,407.80,1.0000,-1,-1
430,31,1329.00,453.00,60.70,192.00,1.0000,-1,-1
430,33,1162.00,472.00,68.00,171.60,0.9990,-1,-1
431,1,1775.00,421.00,131.10,243.50,1.0000,-1,-1
431,25,1695.00,424.00,94.50,229.80,1.0000,-1,-1
431,26,554.00,259.00,288.70,690.70,1.0000,-1,-1
431,29,989.00,364.00,141.00,415.10,1.0000,-1,-1
431,31,1328.00,452.00,66.60,192.30,1.0000,-1,-1
431,33,1160.00,470.00,65.50,168.60,1.0000,-1,-1
432,1,1786.00,432.00,122.30,235.80,1.0000,-1,-1
432,25,1690.00,416.00,103.60,244.00,1.0000,-1,-1
432,26,545.00,261.00,291.30,703.50,1.0000,-1,-1
432,29,999.00,365.00,144.60,408.40,1.0000,-1,-1
432,31,1329.00,453.00,63.10,189.70,1.0000,-1,-1
432,33,1170.00,472.00,66.20,168.40,0.9990,-1,-1
433,1,1790.00,399.00,122.40,268.70,0.9990,-1,-1
433,25,1682.00,417.00,97.80,253.30,1.0000,-1,-1
433,26,540.00,228.00,264.80,716.10,1.0000,-1,-1
433,29,1016.00,371.00,145.70,403.40,1.0000,-1,-1
433,31,1334.00,456.00,60.20,199.00,1.0000,-1,-1
433,33,1165.00,467.00,67.50,172.80,1.0000,-1,-1
434,1,1796.00,425.00,119.10,245.40,1.0000,-1,-1
434,25,1685.00,420.00,98.10,249.40,1.0000,-1,-1
434,26,525.00,256.00,262.20,711.20,1.0000,-1,-1
434,29,1019.00,346.00,129.30,413.40,1.0000,-1,-1
434,31,1335.00,455.00,62.00,190.40,1.0000,-1,-1
434,33,1173.00,472.00,67.50,167.40,1.0000,-1,-1
435,1,1801.00,422.00,114.70,250.20,1.0000,-1,-1
435,20,1736.00,420.00,102.70,225.70,0.9820,-1,-1
435,25,1683.00,419.00,88.20,240.30,1.0000,-1,-1
435,26,509.00,232.00,279.30,740.20,1.0000,-1,-1
435,29,1044.00,377.00,128.00,391.90,1.0000,-1,-1
435,31,1338.00,441.00,68.30,210.50,1.0000,-1,-1
435,33,1184.00,470.00,60.90,169.10,0.9980,-1,-1
436,1,1812.00,407.00,104.10,246.00,1.0000,-1,-1
436,20,1751.00,428.00,112.50,218.50,0.9800,-1,-1
436,25,1704.00,423.00,99.90,235.30,1.0000,-1,-1
436,26,494.00,253.00,276.20,708.80,1.0000,-1,-1
436,29,1034.00,352.00,146.70,414.30,1.0000,-1,-1
436,31,1346.00,442.00,59.10,201.70,0.9990,-1,-1
436,33,1186.00,477.00,65.60,165.40,0.9990,-1,-1
437,1,1816.00,408.00,100.30,250.30,1.0000,-1,-1
437,20,1766.00,411.00,92.30,230.90,0.9970,-1,-1
437,25,1684.00,424.00,100.20,233.30,1.0000,-1,-1
437,26,488.00,242.00,289.50,715.30,1.0000,-1,-1
437,29,1054.00,363.00,124.90,409.60,1.0000,-1,-1
437,31,1350.00,443.00,65.00,205.20,1.0000,-1,-1
437,33,1199.00,474.00,59.00,168.90,0.9980,-1,-1
438,1,1806.00,409.00,110.20,269.10,1.0000,-1,-1
438,25,1681.00,406.00,100.10,245.10,1.0000,-1,-1
438,26,440.00,229.00,346.70,750.70,1.0000,-1,-1
438,29,1060.00,385.00,126.70,361.50,1.0000,-1,-1
438,31,1348.00,451.00,72.00,203.90,1.0000,-1,-1
438,33,1195.00,469.00,57.50,184.70,1.0000,-1,-1
439,1,1813.00,417.00,107.30,261.80,1.0000,-1,-1
439,25,1721.00,426.00,96.50,226.80,1.0000,-1,-1
439,26,456.00,249.00,306.70,705.40,1.0000,-1,-1
439,29,1067.00,363.00,131.50,384.30,1.0000,-1,-1
439,31,1360.00,447.00,61.70,210.80,0.9990,-1,-1
439,33,1197.00,473.00,62.40,166.90,1.0000,-1,-1
440,1,1824.00,425.00,84.10,228.00,1.0000,-1,-1
440,25,1721.00,413.00,86.40,243.80,0.9990,-1,-1
440,26,427.00,244.00,315.60,745.60,1.0000,-1,-1
440,29,1067.00,362.00,141.60,405.10,1.0000,-1,-1
440,31,1361.00,448.00,64.20,193.50,0.9990,-1,-1
440,33,1202.00,466.00,69.70,182.10,0.9980,-1,-1
440,34,1676.00,431.00,83.10,229.80,0.9840,-1,-1
441,1,1827.00,408.00,93.00,258.90,0.9990,-1,-1
441,25,1735.00,410.00,109.00,252.20,0.9990,-1,-1
441,26,430.00,206.00,298.40,787.10,1.0000,-1,-1
441,29,1065.00,375.00,150.50,396.80,1.0000,-1,-1
441,31,1368.00,452.00,59.30,197.40,0.9990,-1,-1
441,33,1209.00,463.00,67.30,171.30,1.0000,-1,-1
441,34,1696.00,422.00,90.20,231.90,1.0000,-1,-1
442,1,1819.00,428.00,106.40,234.80,0.9980,-1,-1
442,25,1733.00,421.00,95.00,226.30,1.0000,-1,-1
442,26,423.00,225.00,262.40,784.40,1.0000,-1,-1
442,29,1087.00,369.00,136.00,395.20,1.0000,-1,-1
442,31,1371.00,454.00,59.40,200.10,1.0000,-1,-1
442,33,1210.00,466.00,57.80,182.10,0.9990,-1,-1
442,34,1682.00,415.00,113.00,249.80,1.0000,-1,-1
442,35,-34.00,253.00,220.00,703.90,0.9850,-1,-1
443,1,1840.00,419.00,88.60,249.40,0.9960,-1,-1
443,25,1747.00,424.00,92.00,222.40,1.0000,-1,-1
443,26,395.00,202.00,274.70,820.20,1.0000,-1,-1
443,29,1098.00,355.00,138.80,394.80,1.0000,-1,-1
443,31,1376.00,451.00,55.30,188.80,1.0000,-1,-1
443,33,1213.00,457.00,65.00,191.80,1.0000,-1,-1
443,34,1700.00,417.00,89.70,240.40,0.9990,-1,-1
443,35,-48.00,257.00,270.60,688.80,0.9900,-1,-1
444,1,1848.00,404.00,89.20,267.20,0.9930,-1,-1
444,25,1745.00,427.00,92.40,223.50,1.0000,-1,-1
444,26,376.00,203.00,299.70,839.60,1.0000,-1,-1
444,29,1109.00,374.00,135.00,377.30,1.0000,-1,-1
444,31,1379.00,453.00,55.90,199.40,1.0000,-1,-1
444,33,1220.00,458.00,67.10,181.20,1.0000,-1,-1
444,34,1694.00,411.00,91.90,229.90,0.9970,-1,-1
444,35,-46.00,281.00,303.20,666.90,0.9920,-1,-1
445,1,1839.00,399.00,89.60,297.60,0.9990,-1,-1
445,25,1765.00,417.00,83.60,230.90,1.0000,-1,-1
445,26,341.00,190.00,332.60,828.60,1.0000,-1,-1
445,29,1107.00,363.00,140.20,379.60,1.0000,-1,-1
445,31,1382.00,457.00,60.20,184.10,1.0000,-1,-1
445,32,1679.00,470.00,44.20,130.60,0.9490,-1,-1
445,33,1224.00,473.00,58.30,167.10,1.0000,-1,-1
445,34,1717.00,424.00,82.70,229.50,0.9990,-1,-1
445,35,-27.00,254.00,288.20,711.40,0.9980,-1,-1
446,1,1829.00,393.00,102.20,281.40,0.9990,-1,-1
446,26,328.00,222.00,323.00,818.50,1.0000,-1,-1
446,29,1114.00,355.00,135.70,394.70,1.0000,-1,-1
446,31,1384.00,458.00,65.50,198.00,1.0000,-1,-1
446,32,1674.00,468.00,46.30,127.50,0.9210,-1,-1
446,33,1231.00,471.00,65.00,176.80,0.9990,-1,-1
446,34,1732.00,427.00,98.00,232.40,1.0000,-1,-1
446,35,-27.00,267.00,311.40,665.10,0.9970,-1,-1
447,1,1814.00,394.00,110.90,287.10,1.0000,-1,-1
447,25,1754.00,424.00,96.20,235.10,1.0000,-1,-1
447,26,305.00,189.00,351.00,844.90,1.0000,-1,-1
447,29,1130.00,355.00,126.80,391.50,1.0000,-1,-1
447,31,1379.00,449.00,67.10,202.10,0.9990,-1,-1
447,33,1227.00,465.00,67.90,178.50,1.0000,-1,-1
447,34,1713.00,413.00,84.00,231.50,0.9990,-1,-1
447,35,-16.00,285.00,290.20,650.70,0.9990,-1,-1
448,1,1785.00,387.00,144.20,297.70,1.0000,-1,-1
448,26,254.00,197.00,376.60,850.20,1.0000,-1,-1
448,29,1137.00,364.00,143.20,388.10,1.0000,-1,-1
448,31,1389.00,456.00,67.70,193.60,0.9990,-1,-1
448,34,1717.00,413.00,82.00,233.20,0.9990,-1,-1
448,35,-28.00,273.00,289.50,679.80,0.9990,-1,-1
449,1,1779.00,387.00,142.60,285.60,1.0000,-1,-1
449,26,234.00,184.00,378.40,886.30,1.0000,-1,-1
449,29,1140.00,368.00,135.70,377.50,1.0000,-1,-1
449,31,1397.00,452.00,67.60,194.90,1.0000,-1,-1
449,33,1247.00,473.00,60.30,170.80,0.9990,-1,-1
449,34,1719.00,412.00,88.90,236.10,1.0000,-1,-1
449,35,-18.00,280.00,304.10,653.60,1.0000,-1,-1
450,1,1781.00,393.00,117.80,282.80,1.0000,-1,-1
450,26,217.00,212.00,379.60,867.20,1.0000,-1,-1
450,29,1149.00,361.00,145.90,380.10,1.0000,-1,-1
450,31,1398.00,445.00,69.50,211.60,0.9990,-1,-1
450,34,1719.00,406.00,86.60,246.70,1.0000,-1,-1
450,35,-4.00,278.00,292.30,642.50,1.0000,-1,-1
451,1,1767.00,383.00,130.90,305.80,1.0000,-1,-1
451,26,203.00,212.00,405.20,865.50,1.0000,-1,-1
451,29,1142.00,381.00,159.60,350.40,0.9990,-1,-1
451,31,1407.00,453.00,58.70,192.10,1.0000,-1,-1
451,32,1679.00,467.00,47.90,136.10,0.9240,-1,-1
451,33,1246.00,467.00,74.10,172.70,1.0000,-1,-1
451,34,1726.00,421.00,79.00,224.60,1.0000,-1,-1
451,35,12.00,286.00,292.10,663.20,1.0000,-1,-1
452,1,1774.00,401.00,118.40,286.20,0.9990,-1,-1
452,26,188.00,212.00,391.30,854.50,1.0000,-1,-1
452,29,1155.00,384.00,158.10,356.40,1.0000,-1,-1
452,31,1411.00,455.00,61.70,196.90,1.0000,-1,-1
452,32,1674.00,467.00,51.30,140.10,0.9210,-1,-1
452,34,1719.00,420.00,100.30,239.30,1.0000,-1,-1
452,35,9.00,288.00,290.50,642.30,1.0000,-1,-1
453,1,1742.00,410.00,128.00,273.70,1.0000,-1,-1
453,26,161.00,189.00,399.40,873.60,1.0000,-1,-1
453,27,1814.00,382.00,112.30,293.00,0.9910,-1,-1
453,29,1176.00,376.00,148.20,379.40,1.0000,-1,-1
453,31,1410.00,450.00,68.40,206.30,1.0000,-1,-1
453,35,14.00,258.00,292.90,662.70,0.9950,-1,-1
454,1,1738.00,386.00,128.00,293.70,1.0000,-1,-1
454,26,145.00,217.00,398.50,848.00,1.0000,-1,-1
454,27,1803.00,387.00,128.80,281.10,0.9960,-1,-1
454,29,1188.00,402.00,159.10,340.40,1.0000,-1,-1
454,31,1412.00,459.00,68.60,189.00,1.0000,-1,-1
455,1,1738.00,398.00,123.10,263.30,1.0000,-1,-1
455,26,120.00,189.00,363.00,889.80,1.0000,-1,-1
455,27,1790.00,408.00,153.30,264.80,0.9960,-1,-1
455,29,1177.00,403.00,155.80,335.30,1.0000,-1,-1
455,31,1425.00,445.00,61.10,201.50,1.0000,-1,-1
456,1,1727.00,382.00,132.00,288.00,1.0000,-1,-1
456,26,119.00,185.00,361.20,912.10,1.0000,-1,-1
456,27,1811.00,394.00,121.30,268.40,0.9980,-1,-1
456,29,1209.00,376.00,135.00,383.10,1.0000,-1,-1
456,31,1421.00,448.00,73.00,202.50,1.0000,-1,-1
457,1,1724.00,394.00,118.30,276.20,1.0000,-1,-1
457,26,93.00,140.00,336.80,959.10,1.0000,-1,-1
457,27,1785.00,389.00,125.60,292.50,0.9990,-1,-1
457,29,1218.00,396.00,127.40,354.20,1.0000,-1,-1
457,31,1423.00,454.00,70.90,189.40,1.0000,-1,-1
458,1,1708.00,383.00,116.40,295.50,0.9990,-1,-1
458,26,40.00,147.00,366.80,940.10,1.0000,-1,-1
458,27,1791.00,397.00,112.30,291.50,0.9990,-1,-1
458,29,1225.00,383.00,127.90,336.70,1.0000,-1,-1
458,31,1431.00,442.00,60.70,199.20,1.0000,-1,-1
459,1,1692.00,391.00,119.90,301.40,1.0000,-1,-1
459,26,17.00,152.00,379.50,949.70,1.0000,-1,-1
459,27,1793.00,394.00,98.00,286.30,1.0000,-1,-1
459,29,1235.00,381.00,115.60,337.50,1.0000,-1,-1
459,31,1429.00,447.00,69.40,200.90,1.0000,-1,-1
460,1,1706.00,412.00,111.60,268.80,1.0000,-1,-1
460,25,1796.00,407.00,90.70,258.20,1.0000,-1,-1
460,26,-2.00,141.00,395.00,999.50,1.0000,-1,-1
460,29,1232.00,364.00,130.50,368.60,1.0000,-1,-1
460,31,1441.00,439.00,63.90,220.00,1.0000,-1,-1
461,1,1670.00,403.00,133.40,281.10,1.0000,-1,-1
461,26,-38.00,152.00,406.00,1006.40,0.9990,-1,-1
461,27,1776.00,408.00,107.70,263.60,0.9990,-1,-1
461,29,1252.00,386.00,122.40,351.00,1.0000,-1,-1
461,31,1439.00,448.00,71.90,197.20,1.0000,-1,-1
461,35,182.00,228.00,244.80,723.50,0.9990,-1,-1
462,1,1654.00,406.00,140.80,268.50,1.0000,-1,-1
462,25,1804.00,413.00,87.00,243.30,1.0000,-1,-1
462,26,-57.00,142.00,408.60,1010.40,0.9930,-1,-1
462,27,1765.00,390.00,84.80,302.50,0.9990,-1,-1
462,29,1254.00,391.00,128.90,345.20,1.0000,-1,-1
462,31,1442.00,443.00,69.20,216.30,1.0000,-1,-1
462,35,206.00,279.00,245.60,646.80,1.0000,-1,-1
463,1,1634.00,417.00,191.10,269.70,1.0000,-1,-1
463,25,1807.00,422.00,92.20,225.20,1.0000,-1,-1
463,26,-34.00,140.00,348.80,1022.10,0.9970,-1,-1
463,29,1273.00,373.00,124.80,366.00,1.0000,-1,-1
463,31,1449.00,449.00,73.10,204.40,1.0000,-1,-1
463,35,190.00,277.00,290.40,662.60,1.0000,-1,-1
464,1,1655.00,407.00,151.90,275.10,1.0000,-1,-1
464,25,1805.00,418.00,93.50,234.00,1.0000,-1,-1
464,26,-51.00,142.00,353.10,1015.50,0.9930,-1,-1
464,27,1754.00,387.00,98.40,270.20,0.9990,-1,-1
464,29,1262.00,395.00,125.40,331.60,1.0000,-1,-1
464,31,1453.00,453.00,66.00,190.00,0.9990,-1,-1
464,35,194.00,296.00,275.20,614.80,1.0000,-1,-1
465,1,1642.00,395.00,147.80,286.40,1.0000,-1,-1
465,25,1805.00,423.00,78.00,225.10,1.0000,-1,-1
465,26,-58.00,115.00,358.70,1043.20,0.9900,-1,-1
465,27,1744.00,404.00,104.80,260.20,0.9970,-1,-1
465,29,1280.00,395.00,146.30,337.00,1.0000,-1,-1
465,31,1459.00,458.00,71.50,185.20,0.9990,-1,-1
465,35,230.00,299.00,254.00,595.40,1.0000,-1,-1
466,1,1638.00,395.00,147.40,274.20,1.0000,-1,-1
466,25,1829.00,432.00,70.40,198.90,1.0000,-1,-1
466,26,-55.00,117.00,342.20,1035.50,0.9780,-1,-1
466,27,1723.00,399.00,119.50,287.40,0.9980,-1,-1
466,29,1280.00,397.00,128.50,337.30,1.0000,-1,-1
466,31,1463.00,445.00,64.70,201.10,0.9990,-1,-1
466,35,233.00,301.00,250.50,588.00,1.0000,-1,-1
467,1,1628.00,397.00,153.10,279.90,1.0000,-1,-1
467,25,1818.00,421.00,84.70,215.80,1.0000,-1,-1
467,26,-32.00,124.00,269.90,999.60,0.9910,-1,-1
467,27,1739.00,403.00,114.00,271.30,0.9980,-1,-1
467,29,1297.00,385.00,125.00,343.20,1.0000,-1,-1
467,31,1465.00,447.00,71.20,199.40,0.9990,-1,-1
467,35,239.00,290.00,233.40,599.20,1.0000,-1,-1
468,1,1633.00,395.00,125.70,291.10,0.9990,-1,-1
468,25,1826.00,432.00,78.40,206.00,1.0000,-1,-1
468,27,1713.00,402.00,136.50,261.90,0.9990,-1,-1
468,29,1311.00,372.00,122.50,351.60,1.0000,-1,-1
468,31,1470.00,450.00,70.60,198.70,0.9990,-1,-1
468,35,262.00,310.00,234.50,596.30,1.0000,-1,-1
468,36,1135.00,461.00,60.20,189.10,0.9810,-1,-1
469,1,1629.00,407.00,118.20,289.90,1.0000,-1,-1
469,25,1830.00,432.00,82.00,198.80,1.0000,-1,-1
469,27,1683.00,391.00,148.80,294.60,0.9990,-1,-1
469,29,1313.00,389.00,113.30,321.20,1.0000,-1,-1
469,31,1471.00,449.00,77.10,192.90,0.9990,-1,-1
469,34,1756.00,419.00,95.90,238.70,1.0000,-1,-1
469,35,292.00,308.00,204.70,587.30,1.0000,-1,-1
469,36,1137.00,465.00,56.80,187.70,0.9990,-1,-1
470,1,1616.00,414.00,111.80,275.60,1.0000,-1,-1
470,25,1829.00,428.00,73.00,207.50,1.0000,-1,-1
470,27,1695.00,385.00,140.40,301.30,0.9990,-1,-1
470,29,1335.00,392.00,113.30,310.50,1.0000,-1,-1
470,31,1477.00,456.00,85.70,197.90,0.9940,-1,-1
470,35,302.00,298.00,203.40,580.20,1.0000,-1,-1
470,36,1139.00,459.00,66.00,195.20,0.9970,-1,-1
471,1,1607.00,411.00,105.70,266.50,1.0000,-1,-1
471,25,1816.00,429.00,85.90,216.50,1.0000,-1,-1
471,27,1677.00,392.00,144.60,297.70,0.9990,-1,-1
471,29,1335.00,404.00,97.30,304.50,1.0000,-1,-1
471,31,1489.00,451.00,78.60,194.00,1.0000,-1,-1
471,34,1772.00,425.00,81.00,215.40,1.0000,-1,-1
471,35,316.00,283.00,206.80,594.70,1.0000,-1,-1
471,36,1142.00,453.00,73.70,200.90,1.0000,-1,-1
471,37,23.00,479.00,83.50,247.60,0.9610,-1,-1
472,1,1610.00,403.00,98.50,270.00,1.0000,-1,-1
472,25,1821.00,436.00,77.90,207.00,1.0000,-1,-1
472,27,1681.00,396.00,126.30,275.80,1.0000,-1,-1
472,29,1314.00,383.00,122.80,330.70,1.0000,-1,-1
472,31,1479.00,453.00,92.10,187.20,0.9990,-1,-1
472,34,1771.00,424.00,80.70,222.30,1.0000,-1,-1
472,35,310.00,288.00,229.60,599.50,1.0000,-1,-1
472,36,1151.00,459.00,69.10,188.00,1.0000,-1,-1
473,1,1591.00,403.00,96.80,281.60,1.0000,-1,-1
473,25,1827.00,431.00,68.00,203.20,1.0000,-1,-1
473,27,1670.00,405.00,118.20,278.20,1.0000,-1,-1
473,29,1343.00,391.00,109.30,325.80,1.0000,-1,-1
473,31,1496.00,448.00,88.60,199.90,1.0000,-1,-1
473,34,1776.00,417.00,75.20,220.90,1.0000,-1,-1
473,35,339.00,287.00,227.40,589.50,1.0000,-1,-1
473,36,1152.00,464.00,74.10,185.20,1.0000,-1,-1
474,1,1588.00,406.00,111.20,275.90,1.0000,-1,-1
474,25,1840.00,430.00,74.60,209.80,0.9990,-1,-1
474,27,1677.00,407.00,106.00,271.30,1.0000,-1,-1
474,29,1339.00,391.00,128.40,334.70,1.0000,-1,-1
474,31,1495.00,446.00,100.90,198.30,1.0000,-1,-1
474,34,1774.00,424.00,79.20,214.40,1.0000,-1,-1
474,35,338.00,309.00,233.00,577.40,1.0000,-1,-1
474,36,1158.00,462.00,75.10,185.20,1.0000,-1,-1
475,1,1577.00,408.00,124.90,268.50,1.0000,-1,-1
475,20,1787.00,430.00,84.20,202.90,1.0000,-1,-1
475,25,1839.00,432.00,74.60,210.00,0.9990,-1,-1
475,27,1654.00,395.00,100.10,274.70,0.9990,-1,-1
475,29,1340.00,380.00,134.00,325.50,1.0000,-1,-1
475,31,1498.00,451.00,100.90,205.50,1.0000,-1,-1
475,35,344.00,275.00,266.70,596.30,1.0000,-1,-1
475,36,1163.00,478.00,74.80,163.00,1.0000,-1,-1
476,1,1581.00,407.00,109.60,261.60,0.9990,-1,-1
476,20,1788.00,416.00,82.20,219.80,1.0000,-1,-1
476,25,1843.00,426.00,72.70,202.30,0.9990,-1,-1
476,27,1652.00,389.00,114.50,280.90,1.0000,-1,-1
476,29,1344.00,402.00,140.20,318.70,1.0000,-1,-1
476,31,1498.00,442.00,111.60,216.00,1.0000,-1,-1
476,35,356.00,284.00,256.90,597.80,1.0000,-1,-1
476,36,1167.00,476.00,74.70,168.80,1.0000,-1,-1
477,1,1566.00,418.00,127.70,267.30,0.9990,-1,-1
477,25,1843.00,434.00,67.60,197.80,0.9990,-1,-1
477,27,1640.00,402.00,104.40,264.10,0.9990,-1,-1
477,29,1358.00,378.00,121.70,331.20,1.0000,-1,-1
477,31,1511.00,447.00,83.70,197.30,1.0000,-1,-1
477,34,1787.00,422.00,75.40,216.20,1.0000,-1,-1
477,35,357.00,305.00,272.40,552.50,1.0000,-1,-1
477,36,1171.00,462.00,73.40,193.50,1.0000,-1,-1
478,1,1548.00,413.00,140.50,274.00,0.9990,-1,-1
478,25,1835.00,431.00,69.80,208.40,0.9980,-1,-1
478,27,1643.00,401.00,100.40,285.90,0.9990,-1,-1
478,29,1364.00,381.00,139.60,342.90,1.0000,-1,-1
478,31,1512.00,441.00,83.60,215.90,1.0000,-1,-1
478,34,1789.00,419.00,75.70,215.20,1.0000,-1,-1
478,35,366.00,310.00,269.90,561.40,1.0000,-1,-1
478,36,1170.00,459.00,81.00,190.60,1.0000,-1,-1
479,1,1549.00,425.00,134.30,261.80,1.0000,-1,-1
479,25,1840.00,419.00,73.50,208.50,0.9980,-1,-1
479,27,1629.00,410.00,105.80,263.50,0.9990,-1,-1
479,29,1361.00,394.00,135.20,330.30,1.0000,-1,-1
479,31,1498.00,439.00,71.30,207.30,0.9070,-1,-1
479,34,1790.00,417.00,82.60,217.30,1.0000,-1,-1
479,35,375.00,306.00,276.70,567.10,1.0000,-1,-1
479,36,1173.00,463.00,83.30,195.00,1.0000,-1,-1
480,1,1550.00,416.00,110.70,257.50,0.9990,-1,-1
480,25,1842.00,431.00,75.30,195.30,0.9960,-1,-1
480,27,1619.00,407.00,106.70,263.00,1.0000,-1,-1
480,29,1370.00,386.00,124.90,321.70,1.0000,-1,-1
480,34,1793.00,427.00,75.70,204.50,1.0000,-1,-1
480,35,393.00,309.00,259.10,541.70,1.0000,-1,-1
480,36,1188.00,456.00,79.10,193.90,1.0000,-1,-1
481,1,1539.00,403.00,115.90,274.80,1.0000,-1,-1
481,25,1841.00,421.00,66.30,212.30,0.9920,-1,-1
481,27,1614.00,413.00,115.20,255.50,1.0000,-1,-1
481,29,1382.00,388.00,121.40,313.20,1.0000,-1,-1
481,34,1791.00,425.00,77.20,210.00,1.0000,-1,-1
481,35,402.00,317.00,239.70,551.50,1.0000,-1,-1
481,36,1199.00,458.00,68.50,192.90,1.0000,-1,-1
482,1,1526.00,406.00,102.10,263.90,1.0000,-1,-1
482,25,1860.00,421.00,58.20,213.40,0.9910,-1,-1
482,27,1595.00,407.00,136.90,264.00,1.0000,-1,-1
482,29,1375.00,379.00,127.80,335.00,1.0000,-1,-1
482,34,1795.00,426.00,72.30,208.00,1.0000,-1,-1
482,35,421.00,326.00,226.80,533.70,1.0000,-1,-1
482,36,1186.00,450.00,85.20,193.60,1.0000,-1,-1
483,1,1523.00,403.00,94.20,273.20,1.0000,-1,-1
483,25,1853.00,430.00,64.70,197.80,0.9850,-1,-1
483,27,1596.00,411.00,122.50,262.80,1.0000,-1,-1
483,29,1401.00,381.00,113.60,335.30,1.0000,-1,-1
483,34,1796.00,425.00,81.50,215.60,1.0000,-1,-1
483,35,431.00,299.00,221.00,570.60,1.0000,-1,-1
483,36,1199.00,458.00,79.10,192.10,1.0000,-1,-1
484,1,1522.00,413.00,96.40,263.80,1.0000,-1,-1
484,25,1856.00,428.00,60.80,209.50,0.9700,-1,-1
484,27,1598.00,420.00,112.40,243.00,1.0000,-1,-1
484,29,1416.00,397.00,117.80,325.50,1.0000,-1,-1
484,34,1801.00,428.00,80.30,209.40,1.0000,-1,-1
484,35,433.00,308.00,226.20,555.00,1.0000,-1,-1
484,36,1207.00,459.00,80.90,187.40,1.0000,-1,-1
485,1,1513.00,405.00,85.90,274.90,0.9990,-1,-1
485,26,-53.00,202.00,269.70,783.60,0.9270,-1,-1
485,27,1592.00,408.00,108.50,256.30,1.0000,-1,-1
485,29,1405.00,386.00,122.40,323.30,1.0000,-1,-1
485,34,1803.00,429.00,71.30,200.00,1.0000,-1,-1
485,35,437.00,320.00,218.90,537.80,1.0000,-1,-1
485,36,1209.00,459.00,82.50,184.10,1.0000,-1,-1
486,1,1501.00,427.00,103.20,247.10,1.0000,-1,-1
486,26,-58.00,217.00,308.50,795.60,0.9760,-1,-1
486,27,1560.00,426.00,139.70,238.60,1.0000,-1,-1
486,29,1410.00,383.00,114.30,322.10,1.0000,-1,-1
486,34,1800.00,422.00,80.00,213.00,1.0000,-1,-1
486,35,464.00,311.00,206.20,538.30,1.0000,-1,-1
486,36,1215.00,462.00,82.00,188.00,1.0000,-1,-1
487,1,1492.00,407.00,115.60,271.80,0.9970,-1,-1
487,26,-56.00,204.00,307.30,834.00,0.9860,-1,-1
487,27,1585.00,429.00,101.80,254.60,1.0000,-1,-1
487,29,1415.00,381.00,102.40,324.20,1.0000,-1,-1
487,34,1799.00,425.00,81.90,210.00,1.0000,-1,-1
487,35,474.00,305.00,187.10,543.00,1.0000,-1,-1
487,36,1225.00,460.00,79.10,183.90,1.0000,-1,-1
488,1,1494.00,410.00,101.70,269.00,0.9860,-1,-1
488,26,-49.00,194.00,317.50,837.00,0.9940,-1,-1
488,27,1565.00,399.00,102.60,280.00,1.0000,-1,-1
488,29,1422.00,395.00,110.20,298.40,0.9990,-1,-1
488,34,1799.00,425.00,88.10,220.90,1.0000,-1,-1
488,35,489.00,323.00,192.90,529.30,1.0000,-1,-1
488,36,1223.00,457.00,89.80,191.70,1.0000,-1,-1
489,1,1493.00,425.00,95.30,262.60,0.9810,-1,-1
489,26,-39.00,206.00,316.30,819.30,0.9990,-1,-1
489,27,1550.00,402.00,98.00,261.40,0.9990,-1,-1
489,29,1423.00,391.00,111.30,305.80,0.9980,-1,-1
489,34,1799.00,419.00,91.20,210.30,1.0000,-1,-1
489,35,506.00,302.00,179.30,521.70,1.0000,-1,-1
489,36,1224.00,464.00,91.40,181.60,1.0000,-1,-1
490,26,-13.00,209.00,333.60,779.50,0.9990,-1,-1
490,27,1557.00,417.00,97.60,255.20,0.9990,-1,-1
490,29,1436.00,386.00,123.20,337.80,0.9990,-1,-1
490,34,1801.00,429.00,73.90,209.60,1.0000,-1,-1
490,35,508.00,318.00,172.90,534.00,1.0000,-1,-1
490,36,1227.00,451.00,96.30,205.50,1.0000,-1,-1
491,26,24.00,226.00,287.80,763.40,0.9990,-1,-1
491,27,1543.00,423.00,107.00,252.60,0.9990,-1,-1
491,29,1454.00,387.00,114.40,316.00,1.0000,-1,-1
491,34,1812.00,422.00,74.00,202.70,1.0000,-1,-1
491,35,508.00,288.00,188.50,543.30,1.0000,-1,-1
491,36,1233.00,455.00,93.40,190.90,1.0000,-1,-1
492,26,74.00,213.00,284.30,786.80,1.0000,-1,-1
492,27,1534.00,418.00,119.50,255.20,0.9990,-1,-1
492,29,1447.00,389.00,111.20,321.60,1.0000,-1,-1
492,34,1805.00,420.00,80.10,216.80,1.0000,-1,-1
492,35,512.00,315.00,197.90,519.90,1.0000,-1,-1
492,36,1237.00,457.00,91.10,197.50,1.0000,-1,-1
493,26,71.00,220.00,313.30,774.80,1.0000,-1,-1
493,27,1535.00,434.00,95.80,244.50,0.9990,-1,-1
493,29,1450.00,405.00,101.50,309.10,1.0000,-1,-1
493,34,1815.00,419.00,79.00,210.90,0.9990,-1,-1
493,35,538.00,307.00,175.80,517.70,1.0000,-1,-1
493,36,1254.00,453.00,73.40,192.90,1.0000,-1,-1
494,26,44.00,209.00,371.80,785.30,1.0000,-1,-1
494,27,1580.00,444.00,69.60,208.00,0.9990,-1,-1
494,29,1459.00,386.00,106.70,315.20,0.9990,-1,-1
494,31,1533.00,423.00,104.70,243.40,0.9960,-1,-1
494,34,1811.00,423.00,81.30,213.90,0.9990,-1,-1
494,35,544.00,320.00,168.20,507.90,1.0000,-1,-1
494,36,1245.00,454.00,97.10,199.70,1.0000,-1,-1
495,26,89.00,202.00,369.60,788.30,1.0000,-1,-1
495,27,1559.00,438.00,87.50,217.20,0.9980,-1,-1
495,29,1449.00,394.00,105.20,301.60,1.0000,-1,-1
495,31,1503.00,402.00,115.30,286.10,0.9480,-1,-1
495,34,1806.00,419.00,81.90,207.50,1.0000,-1,-1
495,35,540.00,322.00,182.40,524.70,1.0000,-1,-1
495,36,1261.00,454.00,86.50,201.90,1.0000,-1,-1
496,1,1484.00,387.00,102.50,313.40,0.9990,-1,-1
496,26,116.00,251.00,408.20,704.90,1.0000,-1,-1
496,27,1584.00,450.00,68.40,190.70,0.9970,-1,-1
496,29,1431.00,426.00,98.90,243.20,0.9950,-1,-1
496,31,1545.00,435.00,90.50,231.10,0.9920,-1,-1
496,34,1813.00,425.00,84.50,209.40,1.0000,-1,-1
496,35,560.00,325.00,182.60,519.90,1.0000,-1,-1
496,36,1270.00,452.00,81.70,196.60,1.0000,-1,-1
496,38,1679.00,474.00,47.90,129.20,0.9410,-1,-1
497,1,1491.00,392.00,114.90,316.40,0.9990,-1,-1
497,26,106.00,243.00,437.00,722.00,1.0000,-1,-1
497,27,1588.00,453.00,67.30,190.70,0.9990,-1,-1
497,29,1425.00,423.00,98.00,250.40,0.9990,-1,-1
497,34,1820.00,424.00,77.50,204.50,1.0000,-1,-1
497,35,566.00,326.00,187.30,514.70,1.0000,-1,-1
497,36,1270.00,455.00,85.00,190.00,1.0000,-1,-1
497,38,1680.00,469.00,51.60,129.10,0.9140,-1,-1
498,1,1481.00,387.00,116.90,315.40,1.0000,-1,-1
498,26,133.00,229.00,415.20,757.30,1.0000,-1,-1
498,27,1591.00,442.00,74.80,198.10,0.9990,-1,-1
498,29,1424.00,430.00,89.40,233.60,1.0000,-1,-1
498,34,1819.00,420.00,74.00,215.60,1.0000,-1,-1
498,35,562.00,326.00,175.80,506.10,1.0000,-1,-1
498,36,1276.00,459.00,85.10,194.40,1.0000,-1,-1
499,1,1481.00,388.00,115.50,316.00,1.0000,-1,-1
499,26,148.00,221.00,409.80,766.40,1.0000,-1,-1
499,27,1595.00,446.00,74.40,197.50,0.9960,-1,-1
499,29,1422.00,430.00,89.30,240.40,1.0000,-1,-1
499,34,1825.00,430.00,74.00,198.90,1.0000,-1,-1
499,35,564.00,328.00,203.00,513.10,1.0000,-1,-1
499,36,1275.00,459.00,93.00,184.50,1.0000,-1,-1
500,1,1486.00,400.00,108.40,281.70,0.9990,-1,-1
500,26,172.00,240.00,417.10,726.50,1.0000,-1,-1
500,27,1605.00,449.00,71.90,185.50,0.9990,-1,-1
500,29,1403.00,441.00,99.60,230.20,1.0000,-1,-1
500,34,1824.00,431.00,72.40,200.10,1.0000,-1,-1
500,35,585.00,307.00,173.30,537.10,1.0000,-1,-1
500,36,1294.00,461.00,84.60,191.10,1.0000,-1,-1
501,1,1496.00,406.00,100.10,282.90,0.9990,-1,-1
501,26,238.00,246.00,315.90,711.80,1.0000,-1,-1
501,27,1603.00,458.00,81.40,181.90,0.9990,-1,-1
501,29,1395.00,433.00,104.20,247.50,1.0000,-1,-1
501,34,1825.00,431.00,72.70,199.70,1.0000,-1,-1
501,35,592.00,321.00,160.30,511.40,1.0000,-1,-1
501,36,1289.00,457.00,94.50,187.80,1.0000,-1,-1
502,1,1492.00,390.00,111.80,299.70,1.0000,-1,-1
502,26,254.00,260.00,305.70,697.80,1.0000,-1,-1
502,27,1606.00,450.00,78.20,181.30,1.0000,-1,-1
502,29,1398.00,434.00,94.20,242.20,1.0000,-1,-1
502,34,1829.00,419.00,68.10,220.80,1.0000,-1,-1
502,35,611.00,322.00,164.40,514.50,1.0000,-1,-1
502,36,1298.00,459.00,82.30,179.90,1.0000,-1,-1
503,1,1507.00,386.00,121.60,313.00,1.0000,-1,-1
503,26,317.00,255.00,268.20,686.10,1.0000,-1,-1
503,27,1611.00,443.00,79.90,190.30,1.0000,-1,-1
503,29,1388.00,437.00,96.80,231.50,1.0000,-1,-1
503,34,1821.00,415.00,81.30,217.90,1.0000,-1,-1
503,35,611.00,331.00,174.10,493.20,1.0000,-1,-1
503,36,1302.00,458.00,76.90,183.90,1.0000,-1,-1
503,39,1451.00,422.00,96.00,245.90,0.9970,-1,-1
504,1,1506.00,393.00,115.80,305.30,0.9990,-1,-1
504,26,346.00,241.00,236.60,696.50,1.0000,-1,-1
504,27,1617.00,452.00,64.90,177.80,1.0000,-1,-1
504,29,1382.00,433.00,105.60,244.50,1.0000,-1,-1
504,34,1818.00,420.00,81.90,209.40,1.0000,-1,-1
504,35,604.00,313.00,182.80,501.10,1.0000,-1,-1
504,36,1300.00,450.00,97.40,191.70,1.0000,-1,-1
504,39,1467.00,424.00,73.20,242.50,0.9980,-1,-1
505,1,1521.00,403.00,105.50,311.90,0.9990,-1,-1
505,26,389.00,244.00,222.00,682.70,1.0000,-1,-1
505,27,1615.00,446.00,67.20,197.40,1.0000,-1,-1
505,29,1385.00,436.00,90.30,231.90,1.0000,-1,-1
505,34,1825.00,418.00,69.60,206.10,1.0000,-1,-1
505,35,636.00,337.00,155.80,472.50,1.0000,-1,-1
505,36,1306.00,448.00,85.00,202.70,1.0000,-1,-1
505,39,1452.00,429.00,92.10,236.60,1.0000,-1,-1
506,1,1525.00,405.00,105.20,286.50,0.9990,-1,-1
506,26,393.00,256.00,227.50,681.00,1.0000,-1,-1
506,27,1616.00,453.00,67.20,195.70,1.0000,-1,-1
506,29,1378.00,432.00,89.00,230.60,0.9990,-1,-1
506,34,1831.00,426.00,72.80,206.50,1.0000,-1,-1
506,35,629.00,323.00,171.20,490.80,1.0000,-1,-1
506,36,1320.00,448.00,74.70,203.30,1.0000,-1,-1
506,39,1440.00,425.00,95.30,249.60,1.0000,-1,-1
507,1,1510.00,390.00,108.20,318.80,0.9990,-1,-1
507,26,413.00,250.00,251.10,669.30,1.0000,-1,-1
507,27,1619.00,455.00,71.30,189.40,1.0000,-1,-1
507,29,1372.00,435.00,87.10,226.60,0.9980,-1,-1
507,34,1821.00,422.00,77.00,208.20,1.0000,-1,-1
507,35,637.00,334.00,167.70,500.60,1.0000,-1,-1
507,36,1328.00,453.00,75.50,194.60,1.0000,-1,-1
507,39,1437.00,433.00,98.00,236.80,0.9990,-1,-1
508,1,1521.00,407.00,106.40,282.00,0.9990,-1,-1
508,26,415.00,248.00,265.80,668.60,1.0000,-1,-1
508,27,1614.00,452.00,77.80,197.80,1.0000,-1,-1
508,29,1355.00,438.00,95.70,231.70,1.0000,-1,-1
508,34,1829.00,418.00,83.00,210.60,1.0000,-1,-1
508,35,625.00,326.00,191.30,499.30,1.0000,-1,-1
508,39,1420.00,418.00,108.70,256.50,0.9990,-1,-1
509,1,1519.00,398.00,115.20,297.70,0.9990,-1,-1
509,26,434.00,259.00,269.80,666.30,1.0000,-1,-1
509,27,1624.00,451.00,67.10,191.20,1.0000,-1,-1
509,29,1351.00,426.00,95.30,237.70,0.9990,-1,-1
509,34,1833.00,429.00,76.40,204.10,1.0000,-1,-1
509,35,636.00,316.00,186.30,519.70,1.0000,-1,-1
509,39,1415.00,424.00,121.50,241.80,0.9990,-1,-1
510,1,1531.00,411.00,103.20,282.90,1.0000,-1,-1
510,26,441.00,245.00,309.60,688.60,1.0000,-1,-1
510,27,1629.00,448.00,76.80,195.20,1.0000,-1,-1
510,29,1350.00,433.00,92.70,239.80,0.9990,-1,-1
510,34,1821.00,428.00,93.40,201.40,1.0000,-1,-1
510,35,647.00,329.00,209.10,479.30,1.0000,-1,-1
510,39,1400.00,422.00,124.60,244.40,1.0000,-1,-1
511,1,1545.00,402.00,91.80,283.60,0.9990,-1,-1
511,26,452.00,251.00,345.90,682.90,1.0000,-1,-1
511,27,1627.00,448.00,75.40,192.50,1.0000,-1,-1
511,29,1355.00,436.00,78.40,229.80,1.0000,-1,-1
511,34,1827.00,423.00,82.50,215.60,1.0000,-1,-1
511,39,1413.00,439.00,99.60,231.70,1.0000,-1,-1
512,1,1539.00,390.00,116.50,305.30,1.0000,-1,-1
512,26,463.00,267.00,290.50,662.10,1.0000,-1,-1
512,27,1636.00,449.00,62.50,197.30,1.0000,-1,-1
512,29,1341.00,437.00,88.50,228.80,1.0000,-1,-1
512,34,1826.00,427.00,92.00,214.40,1.0000,-1,-1
512,35,674.00,324.00,195.40,500.30,1.0000,-1,-1
512,39,1401.00,430.00,95.40,244.60,1.0000,-1,-1
513,1,1542.00,393.00,105.70,280.50,1.0000,-1,-1
513,26,495.00,271.00,283.80,642.60,1.0000,-1,-1
513,27,1638.00,440.00,70.10,208.50,1.0000,-1,-1
513,29,1332.00,446.00,91.90,230.70,1.0000,-1,-1
513,34,1839.00,426.00,71.00,200.20,1.0000,-1,-1
513,35,692.00,328.00,175.40,496.30,0.9990,-1,-1
513,39,1400.00,435.00,84.80,228.20,1.0000,-1,-1
514,1,1546.00,406.00,101.70,261.60,1.0000,-1,-1
514,26,528.00,278.00,244.30,618.40,1.0000,-1,-1
514,27,1634.00,453.00,72.50,189.30,1.0000,-1,-1
514,29,1327.00,429.00,82.60,237.30,1.0000,-1,-1
514,34,1830.00,433.00,74.50,187.80,1.0000,-1,-1
514,35,696.00,326.00,169.00,493.40,0.9990,-1,-1
514,39,1389.00,435.00,91.70,234.30,1.0000,-1,-1
515,1,1553.00,397.00,101.30,291.00,1.0000,-1,-1
515,26,540.00,267.00,232.80,641.60,1.0000,-1,-1
515,27,1640.00,450.00,71.10,181.20,0.9990,-1,-1
515,29,1328.00,440.00,84.30,224.00,1.0000,-1,-1
515,34,1831.00,422.00,82.30,209.20,1.0000,-1,-1
515,35,691.00,323.00,170.30,500.60,1.0000,-1,-1
515,39,1392.00,433.00,81.00,223.20,0.9990,-1,-1
516,1,1572.00,397.00,88.70,291.00,1.0000,-1,-1
516,26,589.00,281.00,232.80,602.60,1.0000,-1,-1
516,27,1648.00,449.00,57.50,186.60,1.0000,-1,-1
516,29,1319.00,443.00,98.20,230.50,0.9990,-1,-1
516,34,1831.00,426.00,85.30,205.90,0.9970,-1,-1
516,39,1381.00,430.00,90.50,240.90,1.0000,-1,-1
517,1,1575.00,400.00,85.50,284.10,0.9990,-1,-1
517,26,603.00,294.00,215.50,585.90,1.0000,-1,-1
517,27,1651.00,451.00,64.60,190.00,1.0000,-1,-1
517,29,1307.00,425.00,115.10,250.20,0.9990,-1,-1
517,34,1837.00,419.00,66.30,211.40,0.9940,-1,-1
517,39,1385.00,439.00,82.50,229.70,1.0000,-1,-1
518,1,1583.00,401.00,89.30,285.90,0.9990,-1,-1
518,26,630.00,263.00,207.90,625.70,1.0000,-1,-1
518,27,1649.00,454.00,75.10,183.90,1.0000,-1,-1
518,29,1305.00,436.00,104.10,226.80,0.9990,-1,-1
518,34,1840.00,425.00,79.80,203.70,0.9950,-1,-1
518,39,1370.00,436.00,89.20,229.90,1.0000,-1,-1
519,1,1583.00,410.00,95.40,277.00,0.9990,-1,-1
519,26,655.00,288.00,186.40,601.40,1.0000,-1,-1
519,27,1657.00,455.00,68.10,183.20,1.0000,-1,-1
519,29,1307.00,442.00,93.90,218.90,1.0000,-1,-1
519,34,1841.00,416.00,84.80,208.70,0.9900,-1,-1
519,39,1371.00,439.00,87.20,230.90,1.0000,-1,-1
520,1,1577.00,411.00,89.60,264.50,0.9990,-1,-1
520,26,657.00,291.00,212.10,585.90,1.0000,-1,-1
520,27,1651.00,442.00,72.60,196.10,1.0000,-1,-1
520,29,1308.00,446.00,88.20,226.90,1.0000,-1,-1
520,34,1843.00,409.00,79.90,215.40,0.9960,-1,-1
520,39,1364.00,433.00,97.70,238.30,1.0000,-1,-1
521,1,1581.00,413.00,109.20,271.60,0.9990,-1,-1
521,26,684.00,254.00,235.10,630.60,1.0000,-1,-1
521,27,1661.00,442.00,68.00,208.20,1.0000,-1,-1
521,29,1295.00,436.00,95.00,224.60,1.0000,-1,-1
521,34,1843.00,397.00,91.00,236.90,0.9940,-1,-1
521,39,1349.00,436.00,100.10,233.70,0.9990,-1,-1
521,40,1415.00,453.00,75.50,208.60,1.0000,-1,-1
522,1,1580.00,403.00,98.60,289.00,0.9990,-1,-1
522,26,678.00,277.00,247.40,609.10,1.0000,-1,-1
522,27,1661.00,446.00,69.60,197.70,0.9990,-1,-1
522,29,1289.00,437.00,92.50,226.70,1.0000,-1,-1
522,34,1835.00,381.00,111.20,306.60,0.9790,-1,-1
522,39,1345.00,436.00,98.90,225.10,0.9990,-1,-1
522,40,1415.00,455.00,79.30,200.90,1.0000,-1,-1
523,1,1587.00,389.00,92.70,297.90,0.9990,-1,-1
523,26,671.00,293.00,255.50,566.30,1.0000,-1,-1
523,27,1668.00,449.00,69.70,193.40,1.0000,-1,-1
523,29,1285.00,443.00,80.40,222.30,1.0000,-1,-1
523,34,1837.00,377.00,111.50,316.60,0.9800,-1,-1
523,39,1339.00,440.00,107.50,225.00,1.0000,-1,-1
523,40,1424.00,457.00,85.30,213.30,1.0000,-1,-1
524,1,1589.00,391.00,103.70,291.90,0.9990,-1,-1
524,26,703.00,280.00,243.40,574.00,1.0000,-1,-1
524,27,1668.00,444.00,65.70,199.10,1.0000,-1,-1
524,29,1279.00,450.00,82.20,205.90,0.9990,-1,-1
524,34,1840.00,374.00,105.40,309.90,0.9830,-1,-1
524,39,1330.00,455.00,111.30,201.90,1.0000,-1,-1
524,40,1426.00,453.00,95.10,203.00,1.0000,-1,-1
525,1,1600.00,401.00,89.30,274.20,0.9990,-1,-1
525,26,688.00,288.00,263.30,565.60,1.0000,-1,-1
525,27,1673.00,453.00,65.90,184.40,1.0000,-1,-1
525,29,1279.00,452.00,80.40,206.20,0.9990,-1,-1
525,34,1848.00,382.00,90.40,297.00,0.9940,-1,-1
525,39,1337.00,444.00,101.50,219.70,1.0000,-1,-1
525,40,1424.00,456.00,90.30,198.20,0.9990,-1,-1
