1,1,1481.00,417.00,67.70,172.70,1.0000,-1,-1
1,2,467.00,423.00,73.00,191.50,1.0000,-1,-1
1,3,676.00,418.00,75.80,189.40,0.9990,-1,-1
1,4,1114.00,414.00,31.20,87.40,0.9990,-1,-1
1,5,1369.00,405.00,70.40,226.40,0.9990,-1,-1
1,6,1170.00,414.00,39.20,105.10,0.9990,-1,-1
1,7,546.00,439.00,62.10,176.50,0.9990,-1,-1
1,8,587.00,420.00,59.20,184.60,0.9980,-1,-1
1,9,1223.00,408.00,43.40,125.60,0.9970,-1,-1
1,10,723.00,411.00,59.00,194.20,0.9950,-1,-1
1,11,1194.00,413.00,32.70,103.90,0.9850,-1,-1
1,12,808.00,435.00,19.40,55.30,0.9830,-1,-1
1,13,402.00,432.00,24.70,65.60,0.9740,-1,-1
1,14,857.00,430.00,23.90,70.70,0.9630,-1,-1
1,15,637.00,421.00,50.70,136.60,0.9570,-1,-1
1,16,829.00,430.00,20.80,58.00,0.9460,-1,-1
1,17,842.00,427.00,25.50,67.90,0.9340,-1,-1
1,18,781.00,424.00,22.40,64.90,0.9000,-1,-1
2,1,1471.00,413.00,67.00,175.20,1.0000,-1,-1
2,2,465.00,429.00,66.30,183.00,1.0000,-1,-1
2,3,671.00,416.00,63.80,199.80,1.0000,-1,-1
2,4,1105.00,417.00,32.90,86.50,0.9960,-1,-1
2,5,1363.00,396.00,71.60,230.00,1.0000,-1,-1
2,6,1167.00,416.00,40.30,107.00,0.9960,-1,-1
2,7,545.00,428.00,58.10,184.90,0.9960,-1,-1
2,8,582.00,421.00,61.40,184.30,0.9950,-1,-1
2,9,1213.00,405.00,46.20,119.20,0.9990,-1,-1
2,10,720.00,414.00,62.70,187.30,0.9990,-1,-1
2,12,798.00,428.00,22.10,60.80,0.9600,-1,-1
2,13,396.00,431.00,27.30,65.80,0.9810,-1,-1
2,14,851.00,432.00,23.40,70.00,0.9800,-1,-1
2,15,627.00,426.00,53.50,146.90,0.9680,-1,-1
2,16,820.00,435.00,20.80,53.90,0.9690,-1,-1
2,17,836.00,428.00,21.50,70.40,0.9320,-1,-1
3,1,1462.00,410.00,70.50,188.70,1.0000,-1,-1
3,2,452.00,422.00,72.80,191.60,1.0000,-1,-1
3,3,661.00,410.00,74.00,195.20,0.9990,-1,-1
3,4,1100.00,419.00,31.30,83.70,0.9910,-1,-1
3,5,1360.00,397.00,75.50,213.50,1.0000,-1,-1
3,6,1154.00,422.00,40.60,105.20,0.9970,-1,-1
3,7,539.00,431.00,60.70,172.50,0.9990,-1,-1
3,8,575.00,420.00,61.80,186.80,0.9990,-1,-1
3,9,1203.00,409.00,47.60,121.20,0.9960,-1,-1
3,10,714.00,416.00,55.80,178.40,0.9950,-1,-1
3,11,1180.00,419.00,32.60,94.60,0.9720,-1,-1
3,12,792.00,433.00,20.40,55.20,0.9720,-1,-1
3,13,381.00,427.00,30.50,71.50,0.9830,-1,-1
3,14,844.00,430.00,23.20,68.90,0.9630,-1,-1
3,15,632.00,428.00,52.60,131.60,0.9960,-1,-1
3,16,812.00,431.00,20.40,56.40,0.9140,-1,-1
3,17,825.00,429.00,24.10,66.50,0.9580,-1,-1
3,19,766.00,426.00,22.20,63.30,0.9220,-1,-1
4,1,1459.00,418.00,71.20,182.20,1.0000,-1,-1
4,2,446.00,425.00,68.70,190.60,1.0000,-1,-1
4,3,651.00,417.00,81.70,193.80,1.0000,-1,-1
4,4,1094.00,416.00,32.10,83.20,0.9960,-1,-1
4,5,1352.00,391.00,76.10,230.80,1.0000,-1,-1
4,6,1149.00,422.00,40.10,103.40,0.9940,-1,-1
4,7,524.00,425.00,61.80,175.90,0.9960,-1,-1
4,8,567.00,423.00,57.60,177.10,0.9950,-1,-1
4,9,1207.00,410.00,42.40,119.20,0.9970,-1,-1
4,11,1181.00,418.00,34.60,106.70,0.9070,-1,-1
4,12,789.00,428.00,22.70,61.10,0.9700,-1,-1
4,13,375.00,429.00,28.70,71.00,0.9910,-1,-1
4,14,841.00,435.00,17.90,62.90,0.9610,-1,-1
4,15,622.00,427.00,50.40,129.40,0.9850,-1,-1
4,17,821.00,423.00,22.60,71.90,0.9410,-1,-1
4,19,756.00,426.00,24.30,64.50,0.9870,-1,-1
5,1,1448.00,415.00,69.90,189.00,1.0000,-1,-1
5,2,430.00,426.00,76.90,188.80,1.0000,-1,-1
5,3,637.00,415.00,82.90,196.50,0.9990,-1,-1
5,4,1087.00,420.00,33.40,83.60,0.9950,-1,-1
5,5,1348.00,401.00,86.00,230.80,1.0000,-1,-1
5,6,1141.00,426.00,38.30,103.20,1.0000,-1,-1
5,7,515.00,432.00,65.40,169.80,0.9990,-1,-1
5,8,560.00,427.00,58.90,173.00,0.9960,-1,-1
5,9,1194.00,416.00,44.50,114.60,0.9990,-1,-1
5,11,1166.00,422.00,31.30,96.80,0.9820,-1,-1
5,13,361.00,431.00,29.90,77.30,0.9400,-1,-1
5,15,610.00,428.00,50.60,127.00,0.9440,-1,-1
5,16,803.00,441.00,19.70,56.00,0.9380,-1,-1
5,17,816.00,432.00,22.00,62.80,0.9620,-1,-1
5,18,777.00,437.00,20.40,56.70,0.9910,-1,-1
5,20,827.00,435.00,20.90,64.30,0.9500,-1,-1
5,21,744.00,438.00,23.60,62.60,0.9010,-1,-1
6,1,1445.00,423.00,63.70,167.90,1.0000,-1,-1
6,2,434.00,426.00,72.40,184.90,1.0000,-1,-1
6,3,647.00,421.00,82.60,207.90,0.9990,-1,-1
6,4,1086.00,421.00,34.20,89.50,0.9880,-1,-1
6,5,1350.00,386.00,83.90,260.30,1.0000,-1,-1
6,6,1137.00,430.00,40.90,103.20,0.9980,-1,-1
6,7,515.00,437.00,62.50,170.20,0.9930,-1,-1
6,8,546.00,420.00,76.50,192.70,0.9910,-1,-1
6,9,1187.00,413.00,45.30,116.50,0.9990,-1,-1
6,11,1162.00,425.00,31.20,99.50,0.9820,-1,-1
6,13,360.00,438.00,27.00,67.20,0.9790,-1,-1
6,15,609.00,433.00,52.50,122.90,0.9980,-1,-1
6,16,797.00,437.00,22.80,61.70,0.9590,-1,-1
6,17,814.00,440.00,20.70,54.70,0.9400,-1,-1
6,18,775.00,437.00,21.90,56.10,0.9660,-1,-1
6,20,831.00,433.00,20.20,66.80,0.9470,-1,-1
6,21,745.00,434.00,22.00,56.40,0.9890,-1,-1
7,1,1430.00,419.00,79.30,198.00,1.0000,-1,-1
7,2,425.00,434.00,77.20,184.30,1.0000,-1,-1
7,3,644.00,423.00,85.00,190.60,0.9980,-1,-1
7,4,1082.00,422.00,32.40,89.20,0.9910,-1,-1
7,5,1354.00,408.00,71.70,231.10,0.9990,-1,-1
7,6,1141.00,421.00,42.20,118.30,0.9980,-1,-1
7,7,504.00,441.00,62.30,176.40,0.9940,-1,-1
7,8,548.00,426.00,63.60,175.00,0.9950,-1,-1
7,9,1190.00,414.00,41.60,122.40,0.9980,-1,-1
7,14,833.00,436.00,26.10,71.30,0.9100,-1,-1
7,16,795.00,438.00,21.90,62.80,0.9300,-1,-1
7,17,806.00,435.00,22.50,68.40,0.9090,-1,-1
7,18,773.00,443.00,21.00,54.00,0.9710,-1,-1
7,20,823.00,442.00,20.80,55.30,0.9360,-1,-1
8,1,1421.00,423.00,80.40,185.20,1.0000,-1,-1
8,2,423.00,427.00,80.70,184.30,1.0000,-1,-1
8,3,632.00,427.00,83.40,202.70,0.9980,-1,-1
8,4,1077.00,430.00,30.90,80.80,0.9980,-1,-1
8,5,1351.00,406.00,83.70,232.20,1.0000,-1,-1
8,6,1130.00,429.00,39.40,105.20,1.0000,-1,-1
8,7,507.00,443.00,58.40,163.40,0.9960,-1,-1
8,8,544.00,438.00,72.50,178.20,0.9870,-1,-1
8,9,1176.00,418.00,50.70,120.40,0.9970,-1,-1
8,11,1158.00,422.00,34.30,110.20,0.9390,-1,-1
8,13,345.00,435.00,28.70,69.90,0.9870,-1,-1
8,15,601.00,439.00,53.20,129.00,0.9960,-1,-1
8,16,790.00,443.00,19.60,55.10,0.9800,-1,-1
8,17,807.00,439.00,22.90,67.40,0.9060,-1,-1
8,18,772.00,444.00,22.30,58.50,0.9900,-1,-1
8,20,820.00,438.00,22.70,70.30,0.9820,-1,-1
8,21,738.00,442.00,22.30,59.40,0.9730,-1,-1
9,1,1422.00,426.00,78.40,182.40,1.0000,-1,-1
9,2,421.00,440.00,73.10,173.00,1.0000,-1,-1
9,3,626.00,419.00,88.60,203.80,0.9980,-1,-1
9,4,1083.00,427.00,31.10,81.60,0.9970,-1,-1
9,5,1360.00,390.00,75.40,264.10,1.0000,-1,-1
9,6,1129.00,433.00,41.50,106.60,1.0000,-1,-1
9,7,497.00,436.00,69.00,172.20,0.9970,-1,-1
9,8,549.00,431.00,58.70,174.80,0.9970,-1,-1
9,9,1185.00,424.00,45.50,111.20,0.9960,-1,-1
9,11,1156.00,420.00,44.50,108.70,0.9510,-1,-1
9,13,348.00,434.00,30.50,70.20,0.9800,-1,-1
9,16,792.00,442.00,20.50,58.80,0.9760,-1,-1
9,17,808.00,440.00,20.50,62.00,0.9050,-1,-1
9,18,770.00,448.00,20.20,55.40,0.9910,-1,-1
9,20,819.00,442.00,20.30,64.90,0.9770,-1,-1
9,21,739.00,443.00,21.30,57.80,0.9700,-1,-1
10,1,1423.00,423.00,70.60,189.00,0.9990,-1,-1
10,2,418.00,431.00,80.60,187.80,1.0000,-1,-1
10,3,627.00,431.00,80.10,197.60,0.9990,-1,-1
10,4,1076.00,425.00,32.10,84.10,0.9980,-1,-1
10,5,1363.00,396.00,81.30,247.40,0.9990,-1,-1
10,6,1126.00,432.00,37.00,104.40,0.9990,-1,-1
10,7,496.00,441.00,68.90,177.20,0.9900,-1,-1
10,8,539.00,436.00,64.30,177.20,0.9940,-1,-1
10,9,1182.00,418.00,46.50,119.50,0.9970,-1,-1
10,11,1154.00,427.00,31.00,106.10,0.9750,-1,-1
10,13,344.00,436.00,24.50,63.50,0.9810,-1,-1
10,14,824.00,444.00,21.20,66.00,0.9800,-1,-1
10,16,790.00,440.00,20.70,60.50,0.9800,-1,-1
10,17,799.00,437.00,25.20,69.40,0.9510,-1,-1
10,18,767.00,442.00,23.10,61.40,0.9810,-1,-1
10,21,734.00,441.00,22.10,60.40,0.9910,-1,-1
10,22,710.00,448.00,19.00,50.80,0.9410,-1,-1
11,1,1423.00,432.00,69.30,172.20,0.9910,-1,-1
11,2,415.00,443.00,77.20,176.50,1.0000,-1,-1
11,3,614.00,421.00,96.50,206.40,1.0000,-1,-1
11,4,1078.00,428.00,33.20,83.60,0.9970,-1,-1
11,5,1360.00,395.00,73.70,242.40,1.0000,-1,-1
11,6,1124.00,429.00,39.40,107.20,0.9980,-1,-1
11,7,492.00,447.00,63.50,163.80,0.9920,-1,-1
11,8,544.00,436.00,60.10,182.10,0.9930,-1,-1
11,9,1173.00,419.00,50.10,124.10,0.9960,-1,-1
11,11,1155.00,430.00,30.70,105.00,0.9520,-1,-1
11,13,335.00,437.00,28.70,65.80,0.9900,-1,-1
11,16,786.00,439.00,20.80,59.70,0.9880,-1,-1
11,17,800.00,442.00,19.90,59.70,0.9650,-1,-1
11,18,768.00,442.00,22.00,56.80,0.9930,-1,-1
11,20,814.00,444.00,24.10,71.50,0.9390,-1,-1
11,21,734.00,443.00,21.90,59.70,0.9860,-1,-1
11,22,706.00,444.00,22.00,55.80,0.9700,-1,-1
12,1,1415.00,421.00,76.30,191.70,0.9980,-1,-1
12,2,411.00,427.00,81.30,190.00,1.0000,-1,-1
12,3,613.00,422.00,91.70,202.60,1.0000,-1,-1
12,4,1079.00,426.00,33.60,88.60,0.9940,-1,-1
12,5,1366.00,401.00,80.60,253.90,0.9990,-1,-1
12,6,1127.00,427.00,38.90,104.70,0.9890,-1,-1
12,7,490.00,445.00,60.00,164.60,0.9980,-1,-1
12,8,544.00,430.00,58.50,185.10,0.9950,-1,-1
12,9,1182.00,421.00,47.80,118.20,0.9950,-1,-1
12,11,1150.00,421.00,32.70,113.10,0.9600,-1,-1
12,13,336.00,435.00,27.90,72.80,0.9960,-1,-1
12,16,785.00,438.00,21.60,62.90,0.9880,-1,-1
12,17,800.00,435.00,20.50,59.30,0.9590,-1,-1
12,18,765.00,439.00,23.70,62.00,0.9860,-1,-1
12,20,816.00,444.00,21.40,64.70,0.9470,-1,-1
12,21,736.00,440.00,23.80,58.60,0.9840,-1,-1
12,22,708.00,442.00,23.90,61.30,0.9700,-1,-1
13,2,408.00,423.00,81.60,197.60,1.0000,-1,-1
13,3,606.00,421.00,106.80,204.20,1.0000,-1,-1
13,4,1079.00,424.00,30.90,86.30,0.9930,-1,-1
13,5,1374.00,398.00,80.90,254.80,1.0000,-1,-1
13,6,1123.00,429.00,41.20,107.20,0.9990,-1,-1
13,7,497.00,445.00,52.50,170.70,0.9990,-1,-1
13,8,539.00,432.00,63.30,181.30,0.9980,-1,-1
13,9,1179.00,419.00,48.80,121.20,0.9930,-1,-1
13,11,1148.00,426.00,33.40,105.70,0.9650,-1,-1
13,13,331.00,436.00,27.60,69.20,0.9970,-1,-1
13,16,787.00,442.00,19.40,55.20,0.9810,-1,-1
13,17,793.00,435.00,23.30,67.70,0.9610,-1,-1
13,20,813.00,443.00,24.40,69.50,0.9500,-1,-1
13,21,731.00,439.00,21.70,65.30,0.9840,-1,-1
14,2,404.00,432.00,74.80,182.30,1.0000,-1,-1
14,3,610.00,419.00,91.70,215.60,1.0000,-1,-1
14,4,1072.00,425.00,31.80,84.90,0.9930,-1,-1
14,5,1374.00,400.00,81.20,250.90,1.0000,-1,-1
14,6,1118.00,434.00,42.00,108.90,0.9990,-1,-1
14,7,486.00,439.00,62.60,174.40,1.0000,-1,-1
14,8,531.00,424.00,66.90,185.30,0.9990,-1,-1
14,9,1176.00,419.00,47.90,119.80,0.9940,-1,-1
14,11,1145.00,426.00,32.60,101.70,0.9530,-1,-1
14,13,325.00,439.00,27.00,72.50,0.9900,-1,-1
14,16,784.00,441.00,22.00,62.40,0.9570,-1,-1
14,17,797.00,442.00,21.10,61.60,0.9630,-1,-1
14,18,763.00,443.00,19.40,55.80,0.9490,-1,-1
14,21,727.00,435.00,23.50,66.00,0.9930,-1,-1
15,2,391.00,430.00,75.70,177.00,1.0000,-1,-1
15,3,600.00,419.00,94.90,217.50,1.0000,-1,-1
15,4,1064.00,425.00,31.50,81.70,0.9960,-1,-1
15,5,1373.00,410.00,85.10,264.30,1.0000,-1,-1
15,6,1114.00,432.00,40.90,103.20,0.9990,-1,-1
15,7,480.00,440.00,60.50,168.50,1.0000,-1,-1
15,8,530.00,430.00,65.50,178.60,0.9990,-1,-1
15,9,1168.00,419.00,49.60,119.90,0.9960,-1,-1
15,11,1138.00,424.00,33.20,107.80,0.9640,-1,-1
15,13,315.00,433.00,28.40,70.00,0.9980,-1,-1
15,16,777.00,433.00,22.00,63.90,0.9780,-1,-1
15,17,795.00,439.00,21.10,64.30,0.9620,-1,-1
15,19,753.00,441.00,21.50,58.50,0.9630,-1,-1
15,21,723.00,435.00,22.40,63.80,0.9950,-1,-1
15,23,694.00,443.00,21.10,56.60,0.9570,-1,-1
16,2,384.00,425.00,83.20,197.00,1.0000,-1,-1
16,3,591.00,410.00,91.50,236.40,1.0000,-1,-1
16,4,1064.00,421.00,34.00,89.80,0.9960,-1,-1
16,5,1371.00,392.00,85.90,265.90,1.0000,-1,-1
16,6,1114.00,426.00,38.40,106.30,0.9990,-1,-1
16,7,473.00,446.00,61.20,164.70,0.9860,-1,-1
16,8,518.00,435.00,62.20,170.10,0.9990,-1,-1
16,9,1161.00,422.00,50.00,117.00,0.9960,-1,-1
16,13,308.00,434.00,27.10,69.10,0.9900,-1,-1
16,16,778.00,436.00,22.60,64.10,0.9710,-1,-1
16,17,793.00,438.00,23.70,68.00,0.9350,-1,-1
16,18,768.00,441.00,20.00,55.10,0.9430,-1,-1
16,21,718.00,440.00,21.40,61.00,0.9950,-1,-1
16,23,689.00,441.00,21.90,63.50,0.9310,-1,-1
17,2,377.00,432.00,76.20,181.30,1.0000,-1,-1
17,3,582.00,419.00,101.00,217.80,1.0000,-1,-1
17,4,1055.00,425.00,31.90,86.90,0.9850,-1,-1
17,5,1363.00,404.00,97.70,255.60,1.0000,-1,-1
17,6,1110.00,426.00,37.00,107.90,0.9970,-1,-1
17,7,467.00,446.00,53.80,171.00,0.9960,-1,-1
17,8,514.00,439.00,66.70,182.90,0.9990,-1,-1
17,9,1160.00,420.00,46.70,117.40,0.9920,-1,-1
17,13,301.00,436.00,30.20,71.50,0.9930,-1,-1
17,16,776.00,440.00,20.90,63.10,0.9440,-1,-1
17,17,794.00,442.00,23.40,70.30,0.9290,-1,-1
17,18,765.00,443.00,20.70,60.50,0.9490,-1,-1
17,19,741.00,438.00,23.20,63.90,0.9140,-1,-1
17,21,710.00,436.00,24.20,64.50,0.9910,-1,-1
17,23,688.00,444.00,18.90,55.90,0.9590,-1,-1
18,2,376.00,433.00,81.60,186.00,1.0000,-1,-1
18,3,579.00,417.00,95.70,224.90,1.0000,-1,-1
18,4,1054.00,426.00,30.10,83.60,0.9890,-1,-1
18,5,1360.00,402.00,94.00,266.40,1.0000,-1,-1
18,6,1101.00,433.00,40.50,108.50,0.9990,-1,-1
18,7,462.00,434.00,57.90,173.50,0.9970,-1,-1
18,8,507.00,437.00,64.10,181.20,0.9980,-1,-1
18,9,1153.00,422.00,49.60,120.20,0.9940,-1,-1
18,13,296.00,439.00,27.30,66.90,0.9970,-1,-1
18,16,777.00,437.00,21.30,67.80,0.9580,-1,-1
18,18,762.00,448.00,19.60,51.30,0.9730,-1,-1
18,19,739.00,444.00,19.30,53.40,0.9730,-1,-1
18,22,703.00,443.00,21.90,59.60,0.9750,-1,-1
18,23,682.00,445.00,20.40,53.30,0.9660,-1,-1
19,2,363.00,433.00,81.50,188.00,0.9990,-1,-1
19,3,574.00,417.00,95.10,222.30,1.0000,-1,-1
19,4,1051.00,428.00,33.70,87.60,0.9940,-1,-1
19,5,1358.00,397.00,100.20,274.80,1.0000,-1,-1
19,6,1093.00,433.00,42.30,105.90,0.9990,-1,-1
19,7,454.00,438.00,61.30,181.80,0.9990,-1,-1
19,8,499.00,435.00,66.80,180.70,0.9990,-1,-1
19,9,1140.00,427.00,49.70,110.00,0.9790,-1,-1
19,11,1116.00,431.00,41.80,106.50,0.9350,-1,-1
19,13,286.00,437.00,27.40,75.60,0.9760,-1,-1
19,16,769.00,438.00,22.30,65.40,0.9680,-1,-1
19,18,756.00,449.00,19.60,54.30,0.9540,-1,-1
19,19,731.00,445.00,19.90,57.90,0.9550,-1,-1
19,22,704.00,443.00,21.90,60.70,0.9680,-1,-1
19,23,675.00,446.00,21.50,53.60,0.9580,-1,-1
20,2,349.00,447.00,77.30,178.40,1.0000,-1,-1
20,3,551.00,430.00,99.40,220.00,1.0000,-1,-1
20,4,1033.00,438.00,32.00,81.60,0.9950,-1,-1
20,5,1348.00,416.00,99.90,270.40,1.0000,-1,-1
20,6,1089.00,436.00,35.40,101.90,0.9990,-1,-1
20,7,434.00,452.00,56.60,174.50,1.0000,-1,-1
20,8,497.00,450.00,55.00,170.10,0.9940,-1,-1
20,9,1136.00,431.00,50.50,122.50,0.9970,-1,-1
20,11,1116.00,424.00,35.20,107.50,0.9620,-1,-1
20,13,268.00,445.00,28.80,68.40,0.9980,-1,-1
20,16,765.00,447.00,24.50,74.60,0.9390,-1,-1
20,19,722.00,450.00,19.90,54.80,0.9640,-1,-1
20,23,666.00,452.00,20.50,51.20,0.9670,-1,-1
20,24,690.00,448.00,22.30,67.30,0.9800,-1,-1
20,25,740.00,449.00,22.80,61.70,0.9500,-1,-1
21,2,340.00,439.00,79.00,184.00,0.9990,-1,-1
21,3,540.00,432.00,102.60,224.40,1.0000,-1,-1
21,4,1029.00,434.00,33.10,86.70,0.9980,-1,-1
21,5,1365.00,411.00,84.00,262.50,1.0000,-1,-1
21,6,1073.00,437.00,41.30,110.00,1.0000,-1,-1
21,7,436.00,450.00,58.30,173.30,0.9980,-1,-1
21,8,481.00,450.00,59.80,172.00,0.9900,-1,-1
21,9,1128.00,428.00,52.70,122.20,0.9910,-1,-1
21,13,255.00,447.00,30.70,77.20,0.9880,-1,-1
21,16,759.00,456.00,21.40,61.70,0.9160,-1,-1
21,18,746.00,449.00,22.30,67.80,0.9340,-1,-1
21,19,710.00,453.00,22.00,60.00,0.9370,-1,-1
21,23,659.00,454.00,18.80,54.10,0.9720,-1,-1
21,24,680.00,446.00,22.60,61.00,0.9270,-1,-1
21,25,742.00,455.00,15.70,56.50,0.9540,-1,-1
21,26,648.00,449.00,21.40,62.60,0.9320,-1,-1
22,2,334.00,446.00,76.50,178.70,0.9990,-1,-1
22,3,534.00,435.00,91.00,222.60,1.0000,-1,-1
22,4,1024.00,440.00,32.90,86.80,0.9800,-1,-1
22,5,1347.00,405.00,91.60,266.60,1.0000,-1,-1
22,6,1067.00,441.00,39.30,109.20,1.0000,-1,-1
22,7,420.00,449.00,68.10,173.80,0.9900,-1,-1
22,8,470.00,443.00,64.50,182.60,0.9890,-1,-1
22,9,1122.00,433.00,48.40,117.70,0.9910,-1,-1
22,13,246.00,453.00,28.40,68.20,0.9930,-1,-1
22,18,743.00,453.00,24.30,69.90,0.9470,-1,-1
22,21,699.00,452.00,20.00,63.70,0.9250,-1,-1
22,24,670.00,451.00,23.90,65.60,0.9750,-1,-1
22,27,727.00,453.00,20.30,59.60,0.9000,-1,-1
23,2,312.00,442.00,81.70,185.90,1.0000,-1,-1
23,3,518.00,435.00,111.30,229.80,1.0000,-1,-1
23,4,1015.00,439.00,33.90,90.40,0.9950,-1,-1
23,5,1333.00,411.00,97.30,285.40,0.9990,-1,-1
23,6,1058.00,437.00,39.80,109.10,0.9990,-1,-1
23,7,403.00,447.00,63.00,176.40,0.9900,-1,-1
23,8,462.00,455.00,63.80,178.10,0.9750,-1,-1
23,9,1111.00,427.00,48.00,119.50,0.9940,-1,-1
23,13,233.00,447.00,33.10,82.20,0.9850,-1,-1
23,18,738.00,449.00,24.10,73.60,0.9350,-1,-1
23,21,694.00,456.00,20.80,57.40,0.9500,-1,-1
23,24,664.00,453.00,23.60,61.30,0.9680,-1,-1
23,26,638.00,456.00,21.80,59.60,0.9120,-1,-1
23,27,718.00,456.00,22.60,60.80,0.9390,-1,-1
24,2,309.00,432.00,85.30,207.50,1.0000,-1,-1
24,3,508.00,435.00,99.80,230.40,1.0000,-1,-1
24,4,999.00,440.00,34.40,86.60,0.9880,-1,-1
24,5,1337.00,413.00,91.80,270.40,0.9990,-1,-1
24,6,1054.00,444.00,37.00,101.20,0.9980,-1,-1
24,7,402.00,460.00,54.30,166.00,0.9810,-1,-1
24,8,440.00,455.00,66.10,179.20,0.9910,-1,-1
24,9,1103.00,437.00,45.50,119.10,0.9970,-1,-1
24,13,226.00,453.00,26.80,73.20,0.9900,-1,-1
24,18,734.00,457.00,24.70,73.90,0.9500,-1,-1
24,19,685.00,452.00,23.50,62.90,0.9120,-1,-1
24,24,657.00,457.00,22.90,61.10,0.9450,-1,-1
24,28,629.00,460.00,19.80,53.90,0.9650,-1,-1
25,2,275.00,442.00,84.00,196.10,1.0000,-1,-1
25,3,471.00,437.00,114.30,238.40,1.0000,-1,-1
25,4,980.00,441.00,32.60,88.10,0.9950,-1,-1
25,5,1326.00,414.00,86.20,272.00,1.0000,-1,-1
25,7,364.00,455.00,63.70,184.40,0.9810,-1,-1
25,8,417.00,452.00,70.90,184.70,0.9810,-1,-1
25,9,1080.00,436.00,39.30,121.30,0.9970,-1,-1
25,21,684.00,459.00,22.30,60.70,0.9740,-1,-1
25,22,704.00,461.00,23.70,71.70,0.9220,-1,-1
25,24,659.00,456.00,22.30,62.10,0.9150,-1,-1
25,28,627.00,454.00,23.10,63.60,0.9400,-1,-1
25,29,1288.00,441.00,66.90,168.60,0.9980,-1,-1
25,30,1022.00,444.00,41.00,105.90,0.9860,-1,-1
25,31,190.00,458.00,27.70,70.40,0.9760,-1,-1
26,2,255.00,443.00,83.50,197.60,1.0000,-1,-1
26,3,461.00,424.00,101.90,254.80,0.9990,-1,-1
26,4,966.00,437.00,32.70,94.10,0.9810,-1,-1
26,5,1315.00,410.00,87.70,283.40,1.0000,-1,-1
26,6,1039.00,436.00,32.50,105.70,0.9160,-1,-1
26,7,358.00,464.00,61.20,170.40,0.9800,-1,-1
26,8,406.00,443.00,66.50,191.90,0.9820,-1,-1
26,9,1059.00,435.00,47.80,123.90,0.9900,-1,-1
26,19,666.00,456.00,21.90,61.70,0.9040,-1,-1
26,21,682.00,447.00,25.20,73.00,0.9450,-1,-1
26,29,1274.00,444.00,71.10,176.30,0.9950,-1,-1
26,30,1011.00,442.00,38.60,101.80,0.9860,-1,-1
26,32,175.00,455.00,28.10,70.40,0.9500,-1,-1
27,2,229.00,437.00,82.20,209.10,1.0000,-1,-1
27,3,428.00,426.00,112.40,250.70,0.9990,-1,-1
27,4,944.00,440.00,30.30,82.40,0.9180,-1,-1
27,5,1293.00,418.00,88.90,283.10,0.9980,-1,-1
27,6,1034.00,434.00,47.20,116.30,0.9860,-1,-1
27,7,331.00,454.00,61.60,178.00,0.9640,-1,-1
27,8,382.00,445.00,63.40,186.70,0.9510,-1,-1
27,19,659.00,450.00,23.70,76.00,0.9280,-1,-1
27,29,1246.00,451.00,68.70,161.20,0.9830,-1,-1
27,30,1011.00,434.00,35.80,112.70,0.9210,-1,-1
27,33,138.00,452.00,28.40,72.30,0.9740,-1,-1
27,34,987.00,443.00,39.20,104.70,0.9560,-1,-1
27,35,588.00,455.00,25.00,64.90,0.9000,-1,-1
28,2,205.00,449.00,89.20,187.30,1.0000,-1,-1
28,3,413.00,432.00,112.30,241.00,1.0000,-1,-1
28,4,926.00,444.00,34.40,84.50,0.9960,-1,-1
28,5,1269.00,414.00,102.10,279.10,1.0000,-1,-1
28,6,1024.00,438.00,41.20,120.60,0.9980,-1,-1
28,7,306.00,459.00,64.80,175.90,0.9990,-1,-1
28,8,355.00,447.00,65.20,185.50,0.9560,-1,-1
28,19,659.00,455.00,25.30,71.50,0.9250,-1,-1
28,24,650.00,457.00,22.00,67.00,0.9670,-1,-1
28,26,637.00,451.00,21.00,67.30,0.9350,-1,-1
28,28,626.00,459.00,22.10,61.90,0.9770,-1,-1
28,29,1229.00,446.00,71.20,166.60,1.0000,-1,-1
28,34,971.00,447.00,39.20,111.30,1.0000,-1,-1
28,35,577.00,454.00,22.80,62.60,0.9840,-1,-1
28,36,118.00,452.00,31.60,76.70,0.9960,-1,-1
28,37,549.00,462.00,19.20,53.00,0.9890,-1,-1
28,38,603.00,453.00,24.50,68.20,0.9870,-1,-1
29,2,203.00,452.00,78.10,180.20,1.0000,-1,-1
29,3,388.00,436.00,111.70,254.80,1.0000,-1,-1
29,4,919.00,444.00,30.10,79.70,0.9990,-1,-1
29,5,1275.00,406.00,87.80,296.10,0.9990,-1,-1
29,6,1011.00,434.00,44.90,122.00,0.9990,-1,-1
29,7,292.00,457.00,62.20,178.30,0.9970,-1,-1
29,8,345.00,457.00,59.40,176.50,0.9840,-1,-1
29,24,645.00,452.00,23.90,75.20,0.9350,-1,-1
29,26,634.00,453.00,23.50,68.80,0.9530,-1,-1
29,28,625.00,460.00,21.30,60.10,0.9640,-1,-1
29,29,1215.00,437.00,73.80,189.60,1.0000,-1,-1
29,34,960.00,442.00,40.00,109.60,1.0000,-1,-1
29,36,100.00,450.00,36.00,75.50,0.9930,-1,-1
29,37,540.00,459.00,20.10,54.20,0.9730,-1,-1
29,38,594.00,453.00,24.60,59.90,0.9840,-1,-1
29,39,565.00,452.00,23.10,62.10,0.9950,-1,-1
29,40,990.00,438.00,33.30,112.20,0.9770,-1,-1
30,2,167.00,446.00,79.50,192.10,1.0000,-1,-1
30,3,363.00,429.00,109.10,265.60,1.0000,-1,-1
30,4,899.00,439.00,33.50,90.10,0.9940,-1,-1
30,5,1255.00,417.00,91.60,297.40,1.0000,-1,-1
30,7,269.00,447.00,65.60,190.40,0.9950,-1,-1
30,8,319.00,439.00,65.10,188.00,0.9930,-1,-1
30,23,610.00,449.00,24.20,71.40,0.9620,-1,-1
30,28,624.00,455.00,21.10,73.60,0.9470,-1,-1
30,29,1195.00,449.00,70.90,171.00,1.0000,-1,-1
30,34,965.00,437.00,33.90,111.20,0.9860,-1,-1
30,37,540.00,456.00,20.70,55.00,0.9720,-1,-1
30,38,597.00,455.00,23.40,66.10,0.9720,-1,-1
30,39,569.00,447.00,24.10,66.00,0.9780,-1,-1
30,40,984.00,434.00,43.20,115.50,0.9870,-1,-1
30,41,940.00,443.00,41.60,106.50,0.9990,-1,-1
30,42,69.00,445.00,33.40,79.30,0.9990,-1,-1
30,43,519.00,453.00,19.50,57.10,0.9900,-1,-1
31,2,149.00,442.00,93.70,206.80,1.0000,-1,-1
31,3,351.00,443.00,100.50,255.70,1.0000,-1,-1
31,4,889.00,448.00,31.70,81.40,0.9950,-1,-1
31,5,1254.00,423.00,96.70,297.10,1.0000,-1,-1
31,7,254.00,451.00,60.30,188.60,0.9990,-1,-1
31,8,313.00,457.00,62.60,179.40,0.9660,-1,-1
31,28,616.00,455.00,26.00,75.60,0.9430,-1,-1
31,29,1180.00,449.00,72.90,164.20,1.0000,-1,-1
31,34,956.00,442.00,32.80,104.20,0.9890,-1,-1
31,35,584.00,456.00,24.90,67.00,0.9770,-1,-1
31,37,533.00,457.00,23.90,63.90,0.9920,-1,-1
31,38,599.00,456.00,22.90,67.10,0.9730,-1,-1
31,39,559.00,454.00,22.70,60.90,0.9900,-1,-1
31,40,976.00,442.00,46.70,115.90,0.9940,-1,-1
31,41,931.00,448.00,39.80,104.40,1.0000,-1,-1
31,42,54.00,450.00,31.70,74.90,0.9990,-1,-1
31,43,508.00,458.00,21.10,53.80,0.9650,-1,-1
32,2,136.00,446.00,92.60,209.70,1.0000,-1,-1
32,3,332.00,438.00,99.00,252.20,1.0000,-1,-1
32,4,877.00,448.00,33.30,85.60,0.9990,-1,-1
32,5,1246.00,420.00,106.60,304.00,1.0000,-1,-1
32,7,232.00,461.00,68.60,180.30,0.9980,-1,-1
32,9,966.00,444.00,47.50,116.90,0.9990,-1,-1
32,28,609.00,454.00,23.40,75.50,0.9570,-1,-1
32,29,1174.00,435.00,70.10,186.90,1.0000,-1,-1
32,34,942.00,448.00,38.20,113.40,0.9960,-1,-1
32,35,572.00,458.00,21.60,63.40,0.9270,-1,-1
32,38,590.00,457.00,24.50,74.40,0.9490,-1,-1
32,41,921.00,451.00,39.40,104.50,1.0000,-1,-1
32,44,35.00,454.00,33.30,70.50,0.9980,-1,-1
32,45,520.00,460.00,23.10,59.80,0.9970,-1,-1
32,46,546.00,457.00,23.10,62.90,0.9860,-1,-1
32,47,498.00,461.00,20.60,56.80,0.9810,-1,-1
33,2,119.00,449.00,97.90,203.90,1.0000,-1,-1
33,3,319.00,435.00,104.50,252.90,0.9990,-1,-1
33,4,868.00,450.00,30.00,83.80,0.9990,-1,-1
33,5,1240.00,419.00,92.10,298.80,1.0000,-1,-1
33,7,219.00,454.00,60.50,181.30,0.9990,-1,-1
33,8,277.00,447.00,79.20,204.70,0.9430,-1,-1
33,9,954.00,445.00,47.30,117.20,0.9980,-1,-1
33,29,1153.00,449.00,80.50,173.40,1.0000,-1,-1
33,34,931.00,449.00,33.90,109.00,0.9870,-1,-1
33,35,573.00,457.00,25.60,68.50,0.9620,-1,-1
33,38,595.00,459.00,24.50,71.70,0.9320,-1,-1
33,39,559.00,457.00,24.40,71.60,0.9820,-1,-1
33,41,907.00,459.00,35.10,97.50,1.0000,-1,-1
33,44,19.00,451.00,36.30,77.90,0.9990,-1,-1
33,45,512.00,459.00,23.30,65.60,0.9940,-1,-1
33,46,542.00,459.00,22.30,62.50,0.9830,-1,-1
33,48,485.00,466.00,18.60,53.40,0.9820,-1,-1
34,2,110.00,448.00,93.00,205.80,1.0000,-1,-1
34,3,300.00,441.00,102.80,249.80,0.9990,-1,-1
34,4,858.00,451.00,31.40,85.20,0.9940,-1,-1
34,5,1226.00,417.00,95.30,308.50,1.0000,-1,-1
34,7,210.00,466.00,60.80,182.70,1.0000,-1,-1
34,9,944.00,445.00,46.60,124.10,0.9990,-1,-1
34,29,1153.00,447.00,63.50,172.40,1.0000,-1,-1
34,34,924.00,445.00,37.50,113.80,0.9450,-1,-1
34,35,567.00,461.00,22.90,69.00,0.9540,-1,-1
34,37,530.00,463.00,22.80,62.10,0.9430,-1,-1
34,39,558.00,469.00,21.20,61.70,0.9770,-1,-1
34,41,896.00,453.00,42.80,105.60,0.9990,-1,-1
34,47,496.00,461.00,22.20,65.80,0.9810,-1,-1
34,48,477.00,468.00,21.90,55.00,0.9600,-1,-1
34,49,3.00,448.00,36.70,98.70,0.9850,-1,-1
34,50,577.00,461.00,23.80,75.90,0.9130,-1,-1
35,2,98.00,458.00,85.50,214.70,1.0000,-1,-1
35,3,288.00,451.00,101.80,264.20,0.9990,-1,-1
35,4,845.00,458.00,32.70,83.00,0.9990,-1,-1
35,5,1214.00,416.00,110.70,323.40,1.0000,-1,-1
35,7,188.00,459.00,69.20,185.70,0.9990,-1,-1
35,9,929.00,451.00,48.20,123.90,0.9970,-1,-1
35,29,1133.00,456.00,73.00,163.30,1.0000,-1,-1
35,34,910.00,446.00,30.70,118.00,0.9570,-1,-1
35,37,533.00,469.00,23.80,65.90,0.9660,-1,-1
35,39,553.00,466.00,25.30,75.50,0.9700,-1,-1
35,41,879.00,456.00,43.90,114.90,0.9940,-1,-1
35,45,512.00,463.00,23.90,69.50,0.9930,-1,-1
35,48,486.00,470.00,21.70,64.30,0.9970,-1,-1
35,50,574.00,470.00,23.40,69.60,0.9790,-1,-1
35,51,461.00,472.00,17.90,51.70,0.9930,-1,-1
36,2,79.00,462.00,93.00,199.40,1.0000,-1,-1
36,3,265.00,451.00,115.10,258.60,1.0000,-1,-1
36,4,840.00,455.00,34.20,88.50,0.9990,-1,-1
36,5,1232.00,419.00,99.40,329.40,0.9990,-1,-1
36,7,182.00,474.00,63.10,173.10,0.9990,-1,-1
36,9,923.00,451.00,49.70,121.60,0.9990,-1,-1
36,29,1119.00,454.00,81.90,173.10,1.0000,-1,-1
36,34,905.00,451.00,29.80,117.40,0.9910,-1,-1
36,37,534.00,467.00,24.40,67.60,0.9750,-1,-1
36,39,554.00,470.00,24.30,70.90,0.9640,-1,-1
36,41,873.00,456.00,44.40,114.80,1.0000,-1,-1
36,45,510.00,462.00,24.70,67.80,0.9680,-1,-1
36,48,475.00,465.00,23.00,67.50,0.9830,-1,-1
36,50,567.00,468.00,25.10,71.10,0.9290,-1,-1
36,51,453.00,469.00,19.30,57.90,0.9940,-1,-1
37,2,72.00,451.00,92.30,210.40,1.0000,-1,-1
37,3,232.00,444.00,132.40,291.00,0.9990,-1,-1
37,4,834.00,452.00,36.10,95.40,0.9970,-1,-1
37,5,1233.00,424.00,85.50,323.90,1.0000,-1,-1
37,7,165.00,458.00,69.50,201.60,0.9960,-1,-1
37,9,919.00,443.00,53.70,125.10,0.9930,-1,-1
37,29,1122.00,465.00,67.20,163.10,1.0000,-1,-1
37,34,896.00,450.00,35.50,118.20,0.9950,-1,-1
37,35,559.00,468.00,27.70,77.10,0.9560,-1,-1
37,37,524.00,468.00,23.80,64.30,0.9610,-1,-1
37,39,546.00,462.00,23.80,74.40,0.9730,-1,-1
37,41,868.00,457.00,43.70,106.40,1.0000,-1,-1
37,45,504.00,465.00,23.50,65.00,0.9210,-1,-1
37,48,476.00,466.00,21.80,63.00,0.9820,-1,-1
37,51,452.00,472.00,18.90,49.90,0.9570,-1,-1
38,2,70.00,458.00,87.40,210.00,1.0000,-1,-1
38,3,232.00,432.00,134.70,294.70,0.9990,-1,-1
38,4,835.00,456.00,34.10,86.50,0.9920,-1,-1
38,5,1232.00,420.00,93.90,315.60,0.9990,-1,-1
38,7,161.00,462.00,66.80,195.30,0.9980,-1,-1
38,9,915.00,453.00,47.70,110.00,0.9990,-1,-1
38,29,1118.00,464.00,70.50,167.80,1.0000,-1,-1
38,34,894.00,454.00,40.20,107.70,0.9930,-1,-1
38,35,554.00,472.00,25.20,72.70,0.9410,-1,-1
38,37,531.00,462.00,23.30,67.90,0.9480,-1,-1
38,41,867.00,454.00,44.30,112.60,1.0000,-1,-1
38,45,500.00,472.00,21.90,60.60,0.9110,-1,-1
38,48,470.00,466.00,24.30,65.90,0.9860,-1,-1
38,51,443.00,474.00,19.80,50.20,0.9720,-1,-1
38,52,302.00,454.00,71.60,182.40,0.9990,-1,-1
39,2,52.00,451.00,98.60,206.30,1.0000,-1,-1
39,3,217.00,433.00,135.30,294.20,1.0000,-1,-1
39,4,825.00,455.00,33.90,84.80,0.9980,-1,-1
39,5,1218.00,430.00,108.80,323.30,1.0000,-1,-1
39,7,158.00,470.00,65.90,187.00,0.9990,-1,-1
39,9,914.00,447.00,43.80,116.80,0.9970,-1,-1
39,29,1104.00,459.00,69.60,173.20,1.0000,-1,-1
39,34,894.00,456.00,32.00,110.30,0.9910,-1,-1
39,37,526.00,463.00,26.60,69.70,0.9520,-1,-1
39,39,540.00,466.00,26.20,78.90,0.9680,-1,-1
39,41,862.00,456.00,38.90,110.50,0.9980,-1,-1
39,47,493.00,469.00,23.80,61.50,0.9580,-1,-1
39,48,467.00,463.00,24.80,68.60,0.9900,-1,-1
39,51,437.00,471.00,20.80,58.10,0.9900,-1,-1
39,53,511.00,471.00,21.40,57.70,0.9590,-1,-1
40,2,32.00,444.00,98.80,224.10,1.0000,-1,-1
40,3,184.00,445.00,151.00,298.70,1.0000,-1,-1
40,4,818.00,450.00,31.70,86.70,0.9990,-1,-1
40,5,1227.00,429.00,112.40,310.90,1.0000,-1,-1
40,7,138.00,467.00,69.80,189.40,0.9990,-1,-1
40,9,895.00,441.00,49.00,121.60,0.9950,-1,-1
40,25,740.00,459.00,26.90,67.70,0.9220,-1,-1
40,29,1097.00,442.00,71.20,172.20,1.0000,-1,-1
40,37,520.00,464.00,24.50,69.60,0.9590,-1,-1
40,39,533.00,465.00,22.70,80.20,0.9410,-1,-1
40,41,847.00,449.00,45.30,110.90,1.0000,-1,-1
40,48,456.00,463.00,22.30,61.10,0.9950,-1,-1
40,51,430.00,469.00,20.40,55.20,0.9830,-1,-1
40,53,505.00,470.00,21.40,59.40,0.9640,-1,-1
40,54,482.00,464.00,22.50,64.00,0.9840,-1,-1
41,2,25.00,456.00,96.80,205.00,0.9990,-1,-1
41,3,169.00,433.00,146.50,307.90,1.0000,-1,-1
41,4,816.00,450.00,30.10,80.70,0.9980,-1,-1
41,5,1221.00,406.00,112.30,330.40,1.0000,-1,-1
41,7,124.00,457.00,73.40,191.50,0.9990,-1,-1
41,9,893.00,441.00,47.90,123.80,0.9980,-1,-1
41,25,739.00,455.00,26.60,65.20,0.9620,-1,-1
41,29,1088.00,451.00,66.50,174.20,1.0000,-1,-1
41,39,530.00,462.00,22.70,76.30,0.9530,-1,-1
41,41,846.00,450.00,40.00,108.80,1.0000,-1,-1
41,47,495.00,465.00,23.10,63.50,0.9570,-1,-1
41,48,452.00,465.00,19.80,59.00,0.9940,-1,-1
41,51,427.00,467.00,20.10,51.80,0.9500,-1,-1
41,52,290.00,454.00,61.20,178.40,0.9980,-1,-1
41,53,509.00,458.00,24.40,72.50,0.9700,-1,-1
41,54,481.00,466.00,21.50,56.60,0.9600,-1,-1
42,2,26.00,452.00,86.20,207.50,1.0000,-1,-1
42,3,172.00,447.00,131.40,295.80,1.0000,-1,-1
42,4,811.00,447.00,31.70,85.50,0.9970,-1,-1
42,5,1223.00,407.00,108.30,325.70,1.0000,-1,-1
42,7,123.00,464.00,68.90,188.90,0.9990,-1,-1
42,9,888.00,440.00,46.60,117.20,0.9980,-1,-1
42,25,729.00,450.00,27.00,69.00,0.9950,-1,-1
42,29,1087.00,445.00,68.50,176.50,1.0000,-1,-1
42,34,871.00,443.00,32.60,118.90,0.9890,-1,-1
42,39,521.00,461.00,25.30,79.70,0.9460,-1,-1
42,41,839.00,449.00,41.50,107.30,1.0000,-1,-1
42,45,489.00,461.00,24.20,66.50,0.9450,-1,-1
42,48,443.00,455.00,24.30,64.30,0.9950,-1,-1
42,51,419.00,465.00,18.90,56.20,0.9890,-1,-1
42,52,277.00,454.00,66.40,177.20,0.9950,-1,-1
42,53,505.00,460.00,23.50,67.40,0.9580,-1,-1
42,54,478.00,462.00,23.80,62.60,0.9860,-1,-1
43,2,12.00,452.00,102.00,214.40,1.0000,-1,-1
43,3,157.00,431.00,148.70,311.70,1.0000,-1,-1
43,4,806.00,446.00,32.80,84.80,0.9990,-1,-1
43,5,1217.00,422.00,126.00,318.70,1.0000,-1,-1
43,7,115.00,471.00,72.60,186.00,0.9990,-1,-1
43,9,883.00,438.00,48.70,117.10,0.9980,-1,-1
43,25,729.00,451.00,26.00,67.40,0.9860,-1,-1
43,29,1073.00,443.00,76.10,175.90,1.0000,-1,-1
43,39,519.00,460.00,23.30,75.00,0.9490,-1,-1
43,41,832.00,447.00,43.40,113.20,1.0000,-1,-1
43,45,490.00,467.00,22.50,61.20,0.9530,-1,-1
43,48,440.00,456.00,22.10,63.70,0.9870,-1,-1
43,51,418.00,463.00,20.70,60.80,0.9900,-1,-1
43,52,275.00,456.00,62.10,172.10,0.9890,-1,-1
43,53,505.00,459.00,24.80,72.90,0.9600,-1,-1
43,54,470.00,462.00,23.10,61.50,0.9810,-1,-1
44,2,5.00,444.00,99.30,224.50,1.0000,-1,-1
44,3,145.00,433.00,136.20,307.30,1.0000,-1,-1
44,4,801.00,444.00,32.70,88.40,0.9980,-1,-1
44,5,1231.00,412.00,104.70,336.10,1.0000,-1,-1
44,7,103.00,465.00,66.10,177.10,0.9980,-1,-1
44,9,872.00,433.00,45.70,119.70,0.9940,-1,-1
44,25,722.00,448.00,29.60,74.50,0.9980,-1,-1
44,29,1070.00,433.00,65.80,174.40,1.0000,-1,-1
44,39,514.00,457.00,25.40,81.80,0.9370,-1,-1
44,41,829.00,448.00,39.50,103.20,0.9990,-1,-1
44,45,481.00,469.00,21.10,56.60,0.9850,-1,-1
44,48,436.00,456.00,24.30,62.00,0.9850,-1,-1
44,51,409.00,467.00,20.00,55.90,0.9840,-1,-1
44,52,267.00,453.00,61.60,176.00,0.9980,-1,-1
44,54,466.00,460.00,22.00,61.60,0.9500,-1,-1
44,55,904.00,441.00,37.30,104.10,0.9870,-1,-1
45,2,4.00,460.00,88.70,214.60,0.9990,-1,-1
45,3,128.00,427.00,148.80,321.50,1.0000,-1,-1
45,4,791.00,437.00,34.70,92.60,0.9970,-1,-1
45,5,1216.00,404.00,113.60,343.80,1.0000,-1,-1
45,7,93.00,460.00,65.90,181.30,0.9590,-1,-1
45,9,871.00,427.00,49.70,124.60,0.9880,-1,-1
45,25,716.00,446.00,28.70,72.60,0.9930,-1,-1
45,29,1060.00,442.00,73.50,170.60,1.0000,-1,-1
45,34,859.00,439.00,27.50,107.40,0.9890,-1,-1
45,39,509.00,458.00,24.70,76.20,0.9080,-1,-1
45,41,824.00,443.00,37.50,111.40,0.9980,-1,-1
45,45,481.00,457.00,22.50,68.40,0.9230,-1,-1
45,48,429.00,458.00,22.50,62.30,0.9850,-1,-1
45,51,400.00,460.00,21.90,60.90,0.9730,-1,-1
45,52,244.00,447.00,68.70,187.30,1.0000,-1,-1
45,54,474.00,469.00,19.10,52.70,0.9780,-1,-1
45,55,900.00,438.00,34.90,106.60,0.9990,-1,-1
45,56,456.00,466.00,22.30,57.80,0.9090,-1,-1
46,2,-4.00,458.00,75.40,212.10,1.0000,-1,-1
46,3,123.00,437.00,128.00,298.10,1.0000,-1,-1
46,4,793.00,442.00,32.30,89.50,0.9950,-1,-1
46,5,1225.00,387.00,118.90,381.50,1.0000,-1,-1
46,7,87.00,465.00,63.30,170.80,0.9980,-1,-1
46,9,864.00,436.00,48.40,118.00,0.9970,-1,-1
46,16,711.00,447.00,25.10,69.20,0.9870,-1,-1
46,29,1057.00,438.00,71.80,176.70,0.9990,-1,-1
46,39,502.00,457.00,26.30,78.50,0.9610,-1,-1
46,41,817.00,445.00,42.50,113.70,0.9960,-1,-1
46,45,483.00,456.00,26.10,76.60,0.9570,-1,-1
46,48,423.00,461.00,22.70,59.80,0.9950,-1,-1
46,51,395.00,460.00,21.10,60.10,0.9920,-1,-1
46,52,230.00,443.00,67.10,191.20,1.0000,-1,-1
46,54,471.00,463.00,22.80,61.50,0.9830,-1,-1
46,55,898.00,439.00,35.10,104.20,0.9980,-1,-1
46,56,456.00,456.00,24.70,69.50,0.9100,-1,-1
47,2,-4.00,445.00,80.30,220.10,0.9990,-1,-1
47,3,112.00,434.00,143.30,312.30,1.0000,-1,-1
47,4,785.00,441.00,33.10,87.30,0.9910,-1,-1
47,5,1225.00,386.00,116.60,372.90,1.0000,-1,-1
47,7,77.00,450.00,67.40,186.70,0.9800,-1,-1
47,9,864.00,435.00,43.70,119.30,0.9940,-1,-1
47,16,707.00,450.00,25.80,67.60,0.9720,-1,-1
47,29,1048.00,443.00,72.20,167.80,1.0000,-1,-1
47,41,813.00,439.00,42.30,112.90,0.9810,-1,-1
47,45,479.00,457.00,23.30,71.70,0.9820,-1,-1
47,48,421.00,455.00,23.10,63.60,0.9890,-1,-1
47,51,395.00,461.00,18.30,56.30,0.9920,-1,-1
47,52,219.00,450.00,74.00,191.80,1.0000,-1,-1
47,53,502.00,461.00,21.20,70.20,0.9500,-1,-1
47,55,890.00,439.00,36.60,105.30,0.9990,-1,-1
47,56,461.00,458.00,23.30,61.20,0.9730,-1,-1
48,2,-9.00,451.00,69.80,212.00,0.9970,-1,-1
48,3,100.00,441.00,131.60,315.00,1.0000,-1,-1
48,4,783.00,441.00,30.80,92.60,0.9980,-1,-1
48,5,1217.00,401.00,124.60,362.70,1.0000,-1,-1
48,7,68.00,465.00,70.20,178.10,1.0000,-1,-1
48,9,859.00,435.00,43.80,118.50,0.9970,-1,-1
48,16,703.00,447.00,28.50,70.10,0.9770,-1,-1
48,29,1047.00,442.00,63.10,169.00,1.0000,-1,-1
48,34,843.00,440.00,32.10,110.90,0.9360,-1,-1
48,39,490.00,460.00,25.50,79.30,0.9300,-1,-1
48,41,809.00,447.00,42.00,109.50,0.9970,-1,-1
48,45,475.00,455.00,24.00,69.90,0.9160,-1,-1
48,48,420.00,459.00,23.00,62.90,0.9920,-1,-1
48,51,388.00,466.00,20.10,57.00,0.9850,-1,-1
48,52,212.00,452.00,74.10,187.90,1.0000,-1,-1
48,55,887.00,444.00,34.30,102.40,0.9940,-1,-1
48,56,457.00,464.00,22.90,62.70,0.9730,-1,-1
49,2,-6.00,455.00,52.20,212.30,0.9890,-1,-1
49,3,69.00,436.00,168.00,332.30,1.0000,-1,-1
49,4,777.00,442.00,34.80,92.00,0.9980,-1,-1
49,5,1234.00,393.00,111.40,367.10,1.0000,-1,-1
49,9,853.00,439.00,47.00,118.80,1.0000,-1,-1
49,16,696.00,450.00,27.40,67.20,0.9950,-1,-1
49,29,1037.00,447.00,74.10,173.10,1.0000,-1,-1
49,39,486.00,456.00,27.30,79.90,0.9690,-1,-1
49,41,807.00,445.00,40.10,107.50,0.9990,-1,-1
49,48,409.00,456.00,25.90,65.10,0.9940,-1,-1
49,51,383.00,465.00,19.80,53.50,0.9870,-1,-1
49,52,198.00,436.00,84.70,205.40,1.0000,-1,-1
49,54,459.00,459.00,26.00,69.40,0.9520,-1,-1
49,55,883.00,441.00,42.20,109.70,1.0000,-1,-1
49,56,446.00,463.00,25.00,63.20,0.9090,-1,-1
50,3,55.00,432.00,149.70,333.90,1.0000,-1,-1
50,4,772.00,440.00,34.20,90.50,0.9930,-1,-1
50,5,1229.00,379.00,125.30,389.20,1.0000,-1,-1
50,9,844.00,436.00,48.30,114.60,1.0000,-1,-1
50,16,687.00,447.00,29.20,73.10,0.9970,-1,-1
50,29,1026.00,442.00,75.10,175.30,1.0000,-1,-1
50,39,476.00,458.00,24.90,77.20,0.9460,-1,-1
50,41,796.00,445.00,43.40,108.20,0.9980,-1,-1
50,48,407.00,457.00,21.80,61.20,0.9860,-1,-1
50,51,373.00,461.00,20.10,55.10,0.9630,-1,-1
50,52,196.00,447.00,73.40,189.60,0.9990,-1,-1
50,54,459.00,456.00,24.50,74.20,0.9430,-1,-1
50,55,876.00,438.00,40.10,106.90,1.0000,-1,-1
50,56,436.00,463.00,24.30,62.70,0.9620,-1,-1
51,3,42.00,414.00,152.90,352.30,0.9990,-1,-1
51,4,769.00,445.00,34.50,89.60,0.9970,-1,-1
51,5,1249.00,388.00,97.20,371.50,1.0000,-1,-1
51,9,842.00,436.00,45.80,119.60,1.0000,-1,-1
51,16,685.00,452.00,27.20,72.80,0.9930,-1,-1
51,29,1017.00,436.00,66.90,186.10,1.0000,-1,-1
51,39,471.00,454.00,29.70,75.10,0.9490,-1,-1
51,41,788.00,445.00,45.10,108.80,0.9960,-1,-1
51,48,400.00,461.00,21.00,59.40,0.9350,-1,-1
51,51,370.00,462.00,21.20,56.70,0.9750,-1,-1
51,52,194.00,441.00,78.10,192.20,0.9990,-1,-1
51,54,452.00,456.00,23.60,68.50,0.9640,-1,-1
51,55,875.00,438.00,36.40,107.00,1.0000,-1,-1
52,3,15.00,428.00,176.40,345.00,1.0000,-1,-1
52,4,764.00,438.00,34.90,88.60,0.9960,-1,-1
52,5,1239.00,376.00,113.20,411.10,1.0000,-1,-1
52,9,839.00,432.00,45.90,124.80,0.9980,-1,-1
52,16,681.00,445.00,29.30,71.40,0.9990,-1,-1
52,29,1017.00,444.00,64.00,164.40,1.0000,-1,-1
52,34,822.00,437.00,30.40,113.80,0.9780,-1,-1
52,39,468.00,449.00,28.90,86.90,0.9320,-1,-1
52,41,791.00,441.00,38.60,110.30,1.0000,-1,-1
52,48,398.00,458.00,20.90,59.20,0.9960,-1,-1
52,51,365.00,458.00,19.50,55.60,0.9940,-1,-1
52,52,182.00,439.00,77.60,195.70,1.0000,-1,-1
52,54,447.00,449.00,26.10,78.40,0.9580,-1,-1
52,55,876.00,435.00,37.80,112.60,0.9700,-1,-1
52,56,427.00,461.00,21.80,59.40,0.9530,-1,-1
53,3,6.00,417.00,165.10,363.70,1.0000,-1,-1
53,4,759.00,436.00,31.90,87.50,0.9990,-1,-1
53,5,1230.00,383.00,125.10,404.50,1.0000,-1,-1
53,9,839.00,437.00,44.60,116.60,1.0000,-1,-1
53,16,676.00,445.00,27.30,69.30,0.9990,-1,-1
53,29,1014.00,438.00,63.80,170.40,1.0000,-1,-1
53,34,821.00,436.00,31.20,112.80,0.9800,-1,-1
53,39,459.00,451.00,28.90,80.30,0.9680,-1,-1
53,41,781.00,440.00,43.60,109.20,1.0000,-1,-1
53,48,393.00,452.00,22.90,64.20,0.9880,-1,-1
53,51,359.00,456.00,21.30,64.20,0.9690,-1,-1
53,52,172.00,441.00,85.70,193.20,1.0000,-1,-1
53,54,441.00,446.00,29.60,79.70,0.9060,-1,-1
53,55,869.00,432.00,37.90,109.30,1.0000,-1,-1
53,56,420.00,459.00,24.70,65.30,0.9670,-1,-1
53,57,381.00,458.00,22.20,61.90,0.9020,-1,-1
54,3,-13.00,405.00,191.50,391.80,0.9990,-1,-1
54,4,756.00,438.00,34.10,88.50,0.9920,-1,-1
54,5,1232.00,380.00,130.40,405.90,1.0000,-1,-1
54,9,822.00,428.00,48.40,124.90,0.9980,-1,-1
54,16,669.00,442.00,28.40,74.30,0.9780,-1,-1
54,29,997.00,444.00,68.30,167.10,1.0000,-1,-1
54,39,455.00,452.00,26.70,77.80,0.9780,-1,-1
54,41,775.00,436.00,42.70,110.90,1.0000,-1,-1
54,48,385.00,448.00,23.00,70.80,0.9480,-1,-1
54,51,355.00,453.00,20.90,59.60,0.9350,-1,-1
54,52,171.00,441.00,75.80,179.60,0.9990,-1,-1
54,54,433.00,450.00,22.10,67.80,0.9810,-1,-1
54,55,865.00,428.00,38.60,110.50,1.0000,-1,-1
54,56,417.00,458.00,20.40,60.70,0.9710,-1,-1
55,3,-15.00,397.00,129.70,382.40,0.9950,-1,-1
55,4,748.00,431.00,34.80,92.40,0.9970,-1,-1
55,5,1236.00,397.00,127.70,379.50,1.0000,-1,-1
55,9,816.00,423.00,44.50,118.30,0.9990,-1,-1
55,16,662.00,438.00,27.90,66.40,0.9970,-1,-1
55,29,982.00,430.00,73.90,166.40,1.0000,-1,-1
55,39,444.00,440.00,30.30,86.60,0.9570,-1,-1
55,41,766.00,430.00,40.30,111.90,1.0000,-1,-1
55,48,374.00,448.00,21.70,61.80,0.9930,-1,-1
55,51,345.00,451.00,20.40,53.90,0.9700,-1,-1
55,52,178.00,430.00,72.70,174.70,0.9940,-1,-1
55,55,857.00,424.00,38.10,107.30,1.0000,-1,-1
55,56,406.00,456.00,23.80,64.50,0.9400,-1,-1
55,58,140.00,440.00,72.90,202.80,1.0000,-1,-1
56,3,-29.00,405.00,146.00,384.00,0.9800,-1,-1
56,4,739.00,431.00,34.60,92.80,0.9980,-1,-1
56,5,1232.00,381.00,136.00,420.60,1.0000,-1,-1
56,9,811.00,423.00,43.80,121.80,0.9960,-1,-1
56,16,653.00,434.00,29.70,72.50,0.9920,-1,-1
56,29,978.00,428.00,73.90,171.10,1.0000,-1,-1
56,39,437.00,447.00,27.80,76.60,0.9920,-1,-1
56,41,768.00,434.00,39.20,118.10,0.9990,-1,-1
56,48,367.00,451.00,20.70,60.20,0.9930,-1,-1
56,51,337.00,454.00,21.30,58.10,0.9860,-1,-1
56,55,852.00,422.00,40.70,119.20,1.0000,-1,-1
56,56,399.00,455.00,22.70,62.30,0.9780,-1,-1
56,58,128.00,436.00,78.20,208.60,1.0000,-1,-1
57,3,-27.00,394.00,117.90,399.70,0.9300,-1,-1
57,4,733.00,427.00,34.70,95.50,0.9950,-1,-1
57,5,1245.00,387.00,117.80,412.90,1.0000,-1,-1
57,8,56.00,445.00,76.00,201.60,0.9860,-1,-1
57,9,800.00,432.00,56.70,107.60,0.9990,-1,-1
57,16,651.00,437.00,28.50,72.50,0.9990,-1,-1
57,29,966.00,429.00,72.80,175.50,1.0000,-1,-1
57,39,431.00,447.00,30.40,77.70,0.9820,-1,-1
57,41,753.00,430.00,41.90,113.70,1.0000,-1,-1
57,48,364.00,448.00,22.40,61.40,0.9870,-1,-1
57,51,333.00,452.00,22.10,61.90,0.9950,-1,-1
57,52,158.00,429.00,70.10,182.30,0.9990,-1,-1
57,54,417.00,446.00,25.40,73.00,0.9040,-1,-1
57,55,846.00,424.00,42.00,111.60,1.0000,-1,-1
57,58,112.00,441.00,78.60,200.90,1.0000,-1,-1
58,4,726.00,428.00,37.30,91.70,0.9990,-1,-1
58,5,1245.00,375.00,132.00,428.50,1.0000,-1,-1
58,8,38.00,446.00,78.00,198.50,0.9880,-1,-1
58,9,801.00,423.00,48.00,125.80,0.9990,-1,-1
58,16,647.00,438.00,27.10,63.70,0.9990,-1,-1
58,29,959.00,430.00,78.10,177.10,1.0000,-1,-1
58,41,751.00,430.00,41.30,105.50,1.0000,-1,-1
58,48,359.00,442.00,24.20,66.90,0.9930,-1,-1
58,51,328.00,451.00,21.10,59.80,0.9860,-1,-1
58,52,149.00,427.00,71.10,186.40,0.9990,-1,-1
58,54,411.00,445.00,24.00,70.30,0.9730,-1,-1
58,55,844.00,421.00,38.40,112.40,0.9990,-1,-1
58,56,389.00,451.00,20.80,63.20,0.9650,-1,-1
58,58,100.00,438.00,82.90,217.70,0.9990,-1,-1
59,4,722.00,431.00,37.80,92.30,0.9950,-1,-1
59,5,1243.00,386.00,145.80,422.50,1.0000,-1,-1
59,8,43.00,450.00,67.50,190.40,0.9910,-1,-1
59,9,798.00,427.00,43.60,117.60,0.9990,-1,-1
59,16,645.00,436.00,28.50,70.60,0.9990,-1,-1
59,29,957.00,429.00,74.90,176.50,1.0000,-1,-1
59,41,745.00,436.00,43.70,114.10,1.0000,-1,-1
59,48,357.00,445.00,21.20,67.30,0.9880,-1,-1
59,51,324.00,450.00,21.50,58.30,0.9890,-1,-1
59,52,146.00,429.00,69.20,183.10,0.9990,-1,-1
59,54,410.00,442.00,25.20,69.90,0.9770,-1,-1
59,55,839.00,422.00,45.00,112.10,0.9990,-1,-1
59,56,388.00,451.00,21.30,63.00,0.9800,-1,-1
59,58,104.00,438.00,67.00,211.00,0.9990,-1,-1
60,4,713.00,432.00,41.40,98.20,0.9920,-1,-1
60,5,1245.00,377.00,138.00,450.50,1.0000,-1,-1
60,7,18.00,442.00,74.30,206.20,0.9850,-1,-1
60,9,788.00,423.00,43.20,120.10,0.9980,-1,-1
60,16,637.00,434.00,27.90,75.10,0.9980,-1,-1
60,29,953.00,435.00,69.20,162.00,1.0000,-1,-1
60,41,734.00,435.00,43.20,111.00,1.0000,-1,-1
60,48,346.00,452.00,20.90,57.00,0.9750,-1,-1
60,51,320.00,455.00,21.60,57.80,0.9910,-1,-1
60,52,128.00,422.00,76.30,199.80,1.0000,-1,-1
60,54,392.00,443.00,24.40,74.20,0.9370,-1,-1
60,55,837.00,422.00,42.60,111.50,1.0000,-1,-1
60,56,378.00,449.00,23.30,68.90,0.9630,-1,-1
60,58,91.00,440.00,80.50,204.10,0.9990,-1,-1
60,59,334.00,456.00,21.40,56.00,0.9130,-1,-1
61,4,714.00,429.00,34.50,90.80,0.9980,-1,-1
61,5,1263.00,390.00,137.10,435.30,1.0000,-1,-1
61,7,18.00,449.00,66.30,191.70,0.9910,-1,-1
61,9,783.00,418.00,46.40,133.50,0.9970,-1,-1
61,16,632.00,434.00,27.90,73.50,0.9980,-1,-1
61,29,944.00,417.00,85.10,192.70,1.0000,-1,-1
61,41,733.00,434.00,43.90,108.30,1.0000,-1,-1
61,48,341.00,453.00,23.00,61.60,0.9370,-1,-1
61,51,313.00,450.00,21.50,64.30,0.9300,-1,-1
61,52,125.00,416.00,73.90,206.40,0.9990,-1,-1
61,55,836.00,426.00,43.00,110.70,0.9970,-1,-1
61,58,82.00,436.00,73.70,206.40,0.9980,-1,-1
62,4,710.00,435.00,38.50,93.70,0.9990,-1,-1
62,5,1266.00,376.00,140.70,450.20,1.0000,-1,-1
62,7,7.00,449.00,74.10,199.80,0.9750,-1,-1
62,9,773.00,426.00,45.20,122.50,0.9990,-1,-1
62,16,632.00,440.00,27.80,68.90,1.0000,-1,-1
62,29,938.00,437.00,77.70,179.50,1.0000,-1,-1
62,41,734.00,441.00,40.30,108.10,1.0000,-1,-1
62,48,345.00,447.00,22.60,73.00,0.9400,-1,-1
62,51,313.00,457.00,20.20,56.70,0.9750,-1,-1
62,52,133.00,419.00,66.20,197.10,0.9990,-1,-1
62,55,835.00,427.00,40.10,111.60,0.9990,-1,-1
62,58,69.00,441.00,83.90,210.80,0.9990,-1,-1
63,4,711.00,435.00,37.80,91.70,1.0000,-1,-1
63,5,1260.00,357.00,152.80,477.60,1.0000,-1,-1
63,7,3.00,442.00,70.90,201.10,0.9960,-1,-1
63,16,632.00,444.00,25.10,65.80,0.9990,-1,-1
63,29,947.00,440.00,68.10,161.00,1.0000,-1,-1
63,34,779.00,426.00,47.50,124.50,1.0000,-1,-1
63,41,733.00,435.00,41.20,111.40,1.0000,-1,-1
63,48,347.00,449.00,22.90,62.30,0.9580,-1,-1
63,51,312.00,457.00,21.10,58.60,0.9910,-1,-1
63,52,117.00,426.00,74.50,195.50,1.0000,-1,-1
63,55,834.00,427.00,40.50,115.30,0.9990,-1,-1
63,58,72.00,444.00,83.60,206.50,0.9990,-1,-1
63,59,335.00,455.00,20.90,57.70,0.9080,-1,-1
64,4,711.00,434.00,35.10,93.50,0.9970,-1,-1
64,5,1268.00,366.00,174.00,459.80,1.0000,-1,-1
64,7,4.00,452.00,72.20,198.90,1.0000,-1,-1
64,16,629.00,438.00,26.70,68.10,1.0000,-1,-1
64,29,946.00,425.00,68.50,174.60,1.0000,-1,-1
64,34,778.00,427.00,48.30,124.90,1.0000,-1,-1
64,41,731.00,439.00,42.70,111.70,1.0000,-1,-1
64,48,346.00,447.00,24.30,66.40,0.9580,-1,-1
64,51,315.00,456.00,19.10,58.30,0.9580,-1,-1
64,52,113.00,424.00,78.20,192.20,1.0000,-1,-1
64,55,834.00,423.00,43.50,115.30,1.0000,-1,-1
64,58,68.00,438.00,83.40,207.80,0.9980,-1,-1
65,4,711.00,427.00,35.20,96.70,0.9970,-1,-1
65,5,1277.00,357.00,164.30,491.20,1.0000,-1,-1
65,7,-2.00,464.00,64.00,176.20,0.9920,-1,-1
65,16,630.00,435.00,29.30,74.40,0.9940,-1,-1
65,29,936.00,435.00,74.40,169.80,1.0000,-1,-1
65,34,779.00,427.00,44.40,117.90,1.0000,-1,-1
65,41,727.00,439.00,39.00,99.00,1.0000,-1,-1
65,48,341.00,445.00,23.10,69.90,0.9800,-1,-1
65,50,536.00,443.00,38.00,86.30,0.9240,-1,-1
65,51,307.00,452.00,22.40,60.60,0.9460,-1,-1
65,52,108.00,431.00,71.30,184.40,0.9990,-1,-1
65,55,837.00,426.00,38.50,115.30,1.0000,-1,-1
65,58,60.00,440.00,78.00,213.70,0.9970,-1,-1
66,4,712.00,430.00,32.80,90.80,0.9940,-1,-1
66,5,1286.00,369.00,182.80,462.20,1.0000,-1,-1
66,7,-4.00,452.00,62.30,195.90,0.9990,-1,-1
66,16,628.00,433.00,28.10,71.90,0.9990,-1,-1
66,29,932.00,435.00,71.50,165.40,1.0000,-1,-1
66,34,775.00,428.00,42.40,121.10,1.0000,-1,-1
66,41,728.00,437.00,40.00,104.40,1.0000,-1,-1
66,48,342.00,447.00,24.70,62.80,0.9740,-1,-1
66,51,308.00,456.00,20.80,57.40,0.9830,-1,-1
66,52,102.00,431.00,87.40,182.60,0.9990,-1,-1
66,55,838.00,427.00,37.20,107.40,0.9990,-1,-1
66,58,53.00,445.00,82.10,196.50,0.9990,-1,-1
66,59,328.00,456.00,20.90,55.60,0.9020,-1,-1
67,5,1298.00,377.00,174.40,463.90,1.0000,-1,-1
67,7,-8.00,441.00,64.00,208.80,0.9840,-1,-1
67,16,629.00,435.00,25.80,67.20,1.0000,-1,-1
67,29,932.00,426.00,71.50,180.50,1.0000,-1,-1
67,34,771.00,429.00,45.60,116.50,1.0000,-1,-1
67,41,721.00,429.00,45.00,118.00,1.0000,-1,-1
67,48,338.00,451.00,21.00,55.50,0.9400,-1,-1
67,50,532.00,441.00,33.20,83.00,0.9580,-1,-1
67,51,303.00,446.00,25.70,67.40,0.9760,-1,-1
67,52,103.00,428.00,73.70,184.30,0.9990,-1,-1
67,55,837.00,427.00,39.60,107.90,1.0000,-1,-1
67,58,46.00,441.00,93.70,212.70,0.9990,-1,-1
68,5,1310.00,367.00,171.90,485.30,1.0000,-1,-1
68,16,626.00,431.00,28.00,67.00,1.0000,-1,-1
68,29,927.00,427.00,73.40,174.60,1.0000,-1,-1
68,34,765.00,424.00,42.10,117.30,0.9990,-1,-1
68,41,721.00,428.00,39.40,110.20,1.0000,-1,-1
68,50,521.00,428.00,38.20,98.20,0.9920,-1,-1
68,51,304.00,444.00,21.10,60.40,0.9700,-1,-1
68,52,95.00,419.00,76.20,198.90,0.9990,-1,-1
68,55,835.00,417.00,42.50,119.50,0.9990,-1,-1
68,58,43.00,431.00,84.80,207.90,0.9950,-1,-1
69,4,702.00,419.00,33.60,93.80,0.9950,-1,-1
69,5,1323.00,343.00,193.70,519.40,1.0000,-1,-1
69,16,627.00,430.00,27.40,69.00,1.0000,-1,-1
69,29,920.00,413.00,77.20,183.10,1.0000,-1,-1
69,34,766.00,413.00,48.60,124.80,1.0000,-1,-1
69,41,721.00,433.00,34.90,97.50,1.0000,-1,-1
69,50,524.00,430.00,36.80,88.90,0.9730,-1,-1
69,51,306.00,448.00,20.60,54.00,0.9970,-1,-1
69,52,83.00,417.00,75.20,201.90,0.9990,-1,-1
69,55,832.00,420.00,43.30,114.00,0.9950,-1,-1
69,58,35.00,430.00,93.30,217.40,0.9990,-1,-1
70,5,1314.00,364.00,231.70,492.80,1.0000,-1,-1
70,16,626.00,429.00,26.60,68.60,1.0000,-1,-1
70,29,915.00,425.00,75.50,165.10,1.0000,-1,-1
70,34,759.00,419.00,44.90,118.40,1.0000,-1,-1
70,41,717.00,427.00,43.30,113.00,1.0000,-1,-1
70,50,507.00,423.00,45.90,122.80,0.9930,-1,-1
70,51,304.00,446.00,22.50,58.80,0.9920,-1,-1
70,52,75.00,423.00,76.60,194.80,1.0000,-1,-1
70,55,826.00,417.00,45.60,118.20,0.9820,-1,-1
70,58,29.00,432.00,86.30,216.40,0.9990,-1,-1
70,60,130.00,441.00,46.60,142.10,0.9850,-1,-1
70,61,1220.00,422.00,39.90,116.10,0.9410,-1,-1
71,5,1336.00,376.00,212.00,488.00,1.0000,-1,-1
71,16,620.00,428.00,25.50,68.30,1.0000,-1,-1
71,29,914.00,420.00,76.30,177.70,1.0000,-1,-1
71,34,765.00,421.00,43.50,114.00,1.0000,-1,-1
71,41,712.00,424.00,39.50,106.00,1.0000,-1,-1
71,50,516.00,420.00,38.60,117.90,0.9940,-1,-1
71,52,71.00,417.00,80.10,207.30,0.9990,-1,-1
71,55,825.00,412.00,49.10,116.60,0.9990,-1,-1
71,58,32.00,429.00,82.00,217.80,0.9990,-1,-1
71,62,491.00,417.00,51.50,126.50,0.9670,-1,-1
72,5,1339.00,341.00,213.40,544.90,1.0000,-1,-1
72,16,623.00,425.00,27.40,71.50,1.0000,-1,-1
72,29,910.00,419.00,73.40,167.30,1.0000,-1,-1
72,34,758.00,417.00,46.30,124.80,1.0000,-1,-1
72,41,711.00,425.00,41.20,104.70,1.0000,-1,-1
72,50,521.00,429.00,40.00,92.00,0.9960,-1,-1
72,52,72.00,413.00,75.20,198.20,0.9980,-1,-1
72,55,835.00,416.00,45.50,115.80,1.0000,-1,-1
72,58,26.00,422.00,85.00,226.50,0.9980,-1,-1
72,60,128.00,435.00,40.30,149.40,0.9350,-1,-1
72,62,489.00,421.00,50.60,130.90,0.9900,-1,-1
73,5,1349.00,341.00,201.90,539.20,1.0000,-1,-1
73,16,621.00,428.00,25.90,66.10,0.9990,-1,-1
73,29,905.00,427.00,72.20,163.00,1.0000,-1,-1
73,34,762.00,414.00,46.90,120.90,0.9990,-1,-1
73,41,711.00,426.00,40.80,105.60,1.0000,-1,-1
73,50,524.00,428.00,39.00,93.00,0.9990,-1,-1
73,52,64.00,405.00,75.30,203.30,0.9990,-1,-1
73,55,828.00,415.00,48.80,119.10,1.0000,-1,-1
73,58,18.00,433.00,82.90,206.40,0.9980,-1,-1
73,60,114.00,445.00,51.70,134.30,0.9870,-1,-1
73,62,486.00,423.00,47.90,122.60,0.9840,-1,-1
74,5,1366.00,348.00,196.10,544.10,1.0000,-1,-1
74,16,618.00,427.00,27.30,70.60,1.0000,-1,-1
74,29,908.00,427.00,70.60,166.80,1.0000,-1,-1
74,34,758.00,415.00,46.80,123.30,1.0000,-1,-1
74,41,709.00,424.00,40.10,105.90,1.0000,-1,-1
74,50,524.00,424.00,36.80,96.90,0.9990,-1,-1
74,52,60.00,409.00,78.60,208.10,0.9990,-1,-1
74,55,830.00,420.00,38.90,109.80,1.0000,-1,-1
74,58,11.00,433.00,85.40,206.40,0.9990,-1,-1
74,60,118.00,437.00,51.80,141.20,0.9910,-1,-1
74,62,481.00,414.00,55.00,147.20,0.9970,-1,-1
75,5,1373.00,331.00,215.00,600.50,1.0000,-1,-1
75,16,617.00,434.00,28.10,66.90,0.9960,-1,-1
75,29,898.00,424.00,70.40,170.60,1.0000,-1,-1
75,34,757.00,421.00,43.10,119.80,1.0000,-1,-1
75,41,709.00,430.00,39.60,111.10,1.0000,-1,-1
75,50,527.00,430.00,34.30,91.70,0.9980,-1,-1
75,52,54.00,418.00,77.90,202.90,0.9990,-1,-1
75,55,827.00,420.00,44.70,115.80,0.9980,-1,-1
75,58,4.00,429.00,84.40,202.10,0.9980,-1,-1
75,60,111.00,440.00,49.80,134.30,0.9970,-1,-1
75,62,480.00,421.00,48.50,143.50,0.9970,-1,-1
76,5,1379.00,336.00,195.20,588.70,1.0000,-1,-1
76,16,614.00,428.00,29.70,69.90,1.0000,-1,-1
76,29,893.00,424.00,71.70,177.30,1.0000,-1,-1
76,34,759.00,420.00,45.40,120.20,1.0000,-1,-1
76,41,706.00,431.00,42.80,121.60,0.9990,-1,-1
76,50,523.00,427.00,34.80,88.70,0.9990,-1,-1
76,52,53.00,412.00,74.40,198.90,0.9990,-1,-1
76,55,826.00,415.00,42.60,120.40,0.9980,-1,-1
76,58,-1.00,434.00,78.30,207.10,0.9980,-1,-1
76,60,104.00,438.00,51.80,138.70,0.9960,-1,-1
76,62,471.00,415.00,54.10,139.20,0.9980,-1,-1
77,4,689.00,426.00,37.20,89.10,0.9940,-1,-1
77,5,1407.00,337.00,193.80,611.70,1.0000,-1,-1
77,16,615.00,432.00,28.00,70.30,1.0000,-1,-1
77,29,897.00,430.00,72.30,162.90,1.0000,-1,-1
77,34,751.00,424.00,39.80,115.10,0.9970,-1,-1
77,41,708.00,434.00,42.30,108.10,1.0000,-1,-1
77,50,522.00,428.00,35.80,89.40,1.0000,-1,-1
77,52,46.00,412.00,73.10,208.90,0.9990,-1,-1
77,55,826.00,421.00,43.20,116.90,0.9980,-1,-1
77,58,4.00,428.00,75.60,212.60,0.9980,-1,-1
77,60,95.00,432.00,56.40,149.30,0.9870,-1,-1
77,62,472.00,417.00,56.70,137.70,0.9950,-1,-1
78,5,1434.00,351.00,165.60,592.10,1.0000,-1,-1
78,16,609.00,430.00,29.70,74.90,0.9990,-1,-1
78,29,888.00,429.00,72.30,167.80,1.0000,-1,-1
78,34,756.00,417.00,40.60,126.10,1.0000,-1,-1
78,41,703.00,429.00,43.90,116.20,1.0000,-1,-1
78,50,524.00,431.00,32.20,87.80,0.9990,-1,-1
78,52,33.00,416.00,84.50,205.90,0.9990,-1,-1
78,55,825.00,424.00,39.50,114.40,1.0000,-1,-1
78,58,-4.00,431.00,71.00,206.50,0.9960,-1,-1
78,60,89.00,437.00,59.00,147.30,0.9810,-1,-1
78,62,480.00,419.00,52.10,131.80,0.9950,-1,-1
79,5,1431.00,356.00,183.10,600.30,1.0000,-1,-1
79,16,608.00,432.00,26.70,71.40,0.9980,-1,-1
79,29,887.00,427.00,76.30,169.30,1.0000,-1,-1
79,34,753.00,419.00,44.00,119.40,1.0000,-1,-1
79,41,703.00,433.00,38.20,107.60,1.0000,-1,-1
79,50,522.00,429.00,34.70,91.60,1.0000,-1,-1
79,52,31.00,415.00,88.90,211.80,1.0000,-1,-1
79,55,826.00,423.00,36.30,113.30,1.0000,-1,-1
79,58,-6.00,434.00,73.00,201.80,0.9680,-1,-1
79,60,92.00,441.00,57.20,141.60,0.9970,-1,-1
79,62,472.00,421.00,58.70,137.00,0.9990,-1,-1
80,5,1464.00,335.00,181.60,644.90,1.0000,-1,-1
80,16,607.00,427.00,29.70,76.50,0.9990,-1,-1
80,29,883.00,433.00,65.20,162.70,1.0000,-1,-1
80,34,745.00,427.00,45.00,114.30,1.0000,-1,-1
80,41,698.00,426.00,38.90,111.80,1.0000,-1,-1
80,50,522.00,429.00,36.90,87.40,1.0000,-1,-1
80,52,25.00,418.00,85.50,208.70,1.0000,-1,-1
80,55,822.00,412.00,46.20,134.10,0.9980,-1,-1
80,60,83.00,432.00,57.80,141.40,0.9970,-1,-1
80,62,460.00,415.00,57.30,134.40,0.9990,-1,-1
81,5,1477.00,329.00,169.70,649.30,1.0000,-1,-1
81,16,606.00,427.00,25.70,69.50,0.9990,-1,-1
81,29,874.00,423.00,76.30,178.10,1.0000,-1,-1
81,34,744.00,421.00,46.00,121.40,1.0000,-1,-1
81,41,698.00,427.00,39.00,109.90,1.0000,-1,-1
81,50,520.00,428.00,36.50,90.30,1.0000,-1,-1
81,52,21.00,413.00,87.50,203.20,1.0000,-1,-1
81,55,821.00,419.00,42.90,115.00,0.9990,-1,-1
81,60,80.00,425.00,60.40,160.40,0.9840,-1,-1
81,62,451.00,416.00,66.40,128.80,0.9990,-1,-1
82,5,1476.00,346.00,202.70,679.10,1.0000,-1,-1
82,16,606.00,428.00,24.80,69.50,0.9970,-1,-1
82,29,879.00,422.00,61.60,178.60,1.0000,-1,-1
82,34,742.00,418.00,44.90,125.20,1.0000,-1,-1
82,41,696.00,420.00,45.20,121.00,1.0000,-1,-1
82,50,522.00,424.00,33.80,92.70,0.9990,-1,-1
82,52,14.00,409.00,77.90,211.70,1.0000,-1,-1
82,55,823.00,413.00,41.30,121.30,1.0000,-1,-1
82,60,82.00,433.00,52.50,139.10,0.9920,-1,-1
82,62,454.00,417.00,57.80,133.50,0.9990,-1,-1
83,5,1488.00,356.00,210.60,658.80,1.0000,-1,-1
83,16,598.00,423.00,27.60,75.70,0.9960,-1,-1
83,29,871.00,420.00,70.20,177.20,1.0000,-1,-1
83,34,741.00,416.00,46.00,123.20,0.9990,-1,-1
83,41,694.00,423.00,41.70,115.30,1.0000,-1,-1
83,50,516.00,421.00,36.30,94.80,0.9990,-1,-1
83,52,5.00,403.00,90.40,205.50,1.0000,-1,-1
83,55,818.00,414.00,41.90,119.50,1.0000,-1,-1
83,60,82.00,429.00,57.80,141.20,0.9950,-1,-1
83,62,449.00,406.00,62.70,140.50,0.9990,-1,-1
84,5,1503.00,336.00,231.00,695.40,1.0000,-1,-1
84,16,599.00,419.00,30.00,78.90,0.9990,-1,-1
84,29,867.00,427.00,68.90,168.30,1.0000,-1,-1
84,34,733.00,410.00,46.90,124.20,0.9990,-1,-1
84,41,685.00,418.00,44.40,120.80,0.9990,-1,-1
84,50,515.00,419.00,36.60,96.40,1.0000,-1,-1
84,52,10.00,401.00,73.80,211.60,1.0000,-1,-1
84,55,821.00,411.00,44.00,122.60,1.0000,-1,-1
84,60,72.00,427.00,52.80,135.90,0.9990,-1,-1
84,62,450.00,404.00,54.90,139.40,0.9980,-1,-1
85,5,1502.00,346.00,276.00,716.20,1.0000,-1,-1
85,16,596.00,421.00,28.20,73.40,0.9980,-1,-1
85,29,866.00,423.00,64.70,163.30,1.0000,-1,-1
85,34,737.00,417.00,46.40,121.40,1.0000,-1,-1
85,41,684.00,422.00,40.00,105.20,0.9990,-1,-1
85,50,514.00,416.00,43.30,107.10,1.0000,-1,-1
85,52,-2.00,401.00,90.30,202.90,1.0000,-1,-1
85,55,820.00,409.00,39.50,119.50,0.9950,-1,-1
85,60,63.00,422.00,62.40,151.60,0.9940,-1,-1
85,62,440.00,410.00,57.40,135.70,0.9960,-1,-1
86,5,1542.00,330.00,237.20,713.00,1.0000,-1,-1
86,16,596.00,419.00,28.40,74.50,0.9990,-1,-1
86,29,864.00,407.00,73.50,178.40,1.0000,-1,-1
86,34,728.00,413.00,46.10,128.00,1.0000,-1,-1
86,41,685.00,418.00,39.00,109.10,1.0000,-1,-1
86,50,517.00,417.00,39.00,92.80,1.0000,-1,-1
86,52,-2.00,398.00,75.10,217.30,1.0000,-1,-1
86,55,812.00,409.00,47.70,120.10,1.0000,-1,-1
86,60,64.00,418.00,64.10,153.10,0.9990,-1,-1
86,62,434.00,406.00,58.80,137.40,0.9960,-1,-1
87,5,1530.00,318.00,252.30,782.70,1.0000,-1,-1
87,16,595.00,422.00,26.50,71.60,0.9940,-1,-1
87,29,859.00,416.00,70.30,168.90,1.0000,-1,-1
87,34,727.00,409.00,46.70,123.00,1.0000,-1,-1
87,41,687.00,418.00,38.30,111.30,1.0000,-1,-1
87,50,519.00,417.00,37.70,97.30,0.9990,-1,-1
87,52,-3.00,403.00,75.10,218.30,1.0000,-1,-1
87,55,816.00,413.00,41.80,121.10,0.9960,-1,-1
87,60,66.00,418.00,57.80,150.60,0.9930,-1,-1
87,62,428.00,411.00,58.10,127.20,0.9980,-1,-1
88,5,1553.00,299.00,264.50,788.40,1.0000,-1,-1
88,16,596.00,418.00,29.70,76.60,0.9990,-1,-1
88,29,855.00,423.00,67.30,170.30,1.0000,-1,-1
88,34,727.00,414.00,47.50,126.20,1.0000,-1,-1
88,41,682.00,421.00,40.80,112.70,1.0000,-1,-1
88,50,517.00,414.00,40.60,103.00,0.9970,-1,-1
88,52,-9.00,404.00,82.60,213.60,1.0000,-1,-1
88,55,821.00,412.00,37.30,122.40,1.0000,-1,-1
88,60,68.00,434.00,54.60,124.90,0.9200,-1,-1
88,62,422.00,403.00,61.60,137.20,0.9990,-1,-1
89,5,1577.00,336.00,244.70,764.30,1.0000,-1,-1
89,16,596.00,425.00,23.80,57.20,0.9650,-1,-1
89,29,852.00,417.00,69.70,166.10,1.0000,-1,-1
89,34,729.00,409.00,44.30,124.00,0.9980,-1,-1
89,41,684.00,413.00,42.90,114.90,0.9980,-1,-1
89,50,519.00,419.00,41.50,95.80,0.9950,-1,-1
89,52,-4.00,403.00,77.00,220.00,0.9990,-1,-1
89,55,822.00,412.00,43.30,120.40,0.9460,-1,-1
89,62,423.00,409.00,48.50,128.50,0.9940,-1,-1
90,4,678.00,419.00,40.20,104.10,1.0000,-1,-1
90,5,1633.00,305.00,231.00,793.60,1.0000,-1,-1
90,16,597.00,421.00,26.90,71.40,1.0000,-1,-1
90,29,857.00,408.00,69.80,178.20,1.0000,-1,-1
90,34,730.00,414.00,44.30,120.20,0.9970,-1,-1
90,39,324.00,423.00,37.00,89.80,0.9460,-1,-1
90,50,518.00,421.00,40.30,89.40,0.9990,-1,-1
90,52,-20.00,389.00,80.20,215.00,0.9990,-1,-1
90,55,825.00,413.00,38.00,117.10,0.9920,-1,-1
90,62,411.00,408.00,61.50,133.70,0.9970,-1,-1
91,5,1654.00,291.00,230.30,820.80,1.0000,-1,-1
91,16,598.00,420.00,27.60,72.20,0.9970,-1,-1
91,29,849.00,418.00,73.30,169.10,1.0000,-1,-1
91,34,727.00,417.00,44.20,116.50,1.0000,-1,-1
91,39,329.00,421.00,29.50,82.50,0.9760,-1,-1
91,41,682.00,418.00,44.80,113.70,1.0000,-1,-1
91,50,520.00,418.00,42.10,92.40,0.9990,-1,-1
91,52,-22.00,400.00,81.60,223.40,0.9960,-1,-1
91,55,818.00,411.00,45.60,115.80,0.9970,-1,-1
91,62,408.00,406.00,52.70,131.90,0.9990,-1,-1
92,5,1657.00,309.00,253.80,806.40,1.0000,-1,-1
92,16,595.00,420.00,30.10,72.10,1.0000,-1,-1
92,29,852.00,420.00,74.40,174.00,1.0000,-1,-1
92,34,724.00,415.00,46.10,119.20,0.9990,-1,-1
92,39,322.00,416.00,36.40,94.80,0.9960,-1,-1
92,41,680.00,414.00,38.90,115.30,0.9990,-1,-1
92,50,528.00,412.00,38.60,99.60,0.9980,-1,-1
92,52,-21.00,402.00,79.20,200.40,0.9970,-1,-1
92,55,825.00,413.00,38.30,114.30,0.9950,-1,-1
92,62,410.00,405.00,54.30,134.00,0.9950,-1,-1
93,5,1692.00,304.00,250.30,810.20,1.0000,-1,-1
93,16,597.00,417.00,29.80,74.10,0.9960,-1,-1
93,29,845.00,410.00,78.20,183.70,1.0000,-1,-1
93,34,726.00,412.00,44.50,123.90,0.9980,-1,-1
93,39,329.00,423.00,29.30,82.50,0.9960,-1,-1
93,41,679.00,415.00,41.30,117.30,0.9980,-1,-1
93,50,528.00,410.00,46.20,101.90,0.9990,-1,-1
93,55,825.00,407.00,38.90,122.30,0.9990,-1,-1
93,56,307.00,424.00,27.40,76.60,0.9800,-1,-1
93,62,405.00,403.00,56.20,147.10,0.9990,-1,-1
94,5,1698.00,295.00,277.30,830.80,0.9990,-1,-1
94,9,719.00,403.00,47.50,127.70,0.9850,-1,-1
94,16,604.00,419.00,27.00,66.10,0.9980,-1,-1
94,29,852.00,417.00,70.70,166.60,1.0000,-1,-1
94,34,741.00,414.00,39.90,109.00,0.9970,-1,-1
94,39,327.00,417.00,33.20,89.70,0.9870,-1,-1
94,41,684.00,410.00,44.60,113.90,0.9990,-1,-1
94,50,536.00,414.00,39.00,101.80,1.0000,-1,-1
94,55,827.00,405.00,44.20,115.40,0.9980,-1,-1
94,56,307.00,423.00,29.60,83.30,0.9830,-1,-1
94,62,407.00,403.00,57.00,128.50,0.9980,-1,-1
95,16,601.00,410.00,27.00,70.80,0.9990,-1,-1
95,29,849.00,405.00,72.00,181.10,0.9990,-1,-1
95,34,728.00,404.00,41.50,121.70,0.9960,-1,-1
95,39,328.00,410.00,33.90,95.60,1.0000,-1,-1
95,41,685.00,406.00,39.80,115.20,1.0000,-1,-1
95,50,540.00,408.00,37.20,99.10,0.9990,-1,-1
95,55,827.00,397.00,40.90,124.50,0.9700,-1,-1
95,56,307.00,419.00,28.60,87.70,0.9830,-1,-1
95,62,404.00,401.00,48.60,129.20,0.9990,-1,-1
95,63,359.00,417.00,33.90,97.30,0.9320,-1,-1
96,16,603.00,409.00,25.50,68.60,1.0000,-1,-1
96,29,843.00,414.00,75.60,171.20,0.9990,-1,-1
96,34,727.00,404.00,45.70,126.00,0.9980,-1,-1
96,39,327.00,409.00,31.70,87.40,0.9890,-1,-1
96,41,683.00,404.00,46.10,114.80,0.9990,-1,-1
96,50,540.00,404.00,35.20,95.10,0.9970,-1,-1
96,56,306.00,414.00,29.80,83.60,0.9380,-1,-1
96,62,397.00,397.00,58.10,138.60,0.9990,-1,-1
96,63,360.00,417.00,35.70,94.90,0.9500,-1,-1
97,9,720.00,391.00,46.20,127.40,0.9970,-1,-1
97,16,604.00,410.00,26.00,64.60,0.9990,-1,-1
97,29,844.00,405.00,77.00,167.00,0.9990,-1,-1
97,39,327.00,402.00,34.00,98.00,0.9990,-1,-1
97,41,682.00,397.00,44.50,118.90,1.0000,-1,-1
97,50,543.00,403.00,35.10,96.40,0.9980,-1,-1
97,56,311.00,417.00,26.70,81.70,0.9880,-1,-1
97,62,398.00,397.00,51.50,132.90,0.9980,-1,-1
97,63,361.00,406.00,34.40,99.80,0.9820,-1,-1
97,64,752.00,400.00,31.80,110.80,0.9930,-1,-1
98,5,1787.00,384.00,190.00,557.10,0.9640,-1,-1
98,9,718.00,392.00,47.70,122.30,0.9930,-1,-1
98,16,602.00,407.00,27.00,61.70,0.9990,-1,-1
98,29,837.00,405.00,78.50,173.00,0.9990,-1,-1
98,39,321.00,398.00,38.50,100.90,0.9990,-1,-1
98,41,684.00,395.00,43.20,124.10,1.0000,-1,-1
98,50,544.00,402.00,35.30,97.60,0.9950,-1,-1
98,56,306.00,413.00,28.40,83.80,0.9840,-1,-1
98,62,400.00,391.00,46.70,134.30,0.9980,-1,-1
98,63,359.00,408.00,37.50,105.00,0.9920,-1,-1
98,64,749.00,393.00,36.20,112.20,0.9860,-1,-1
99,5,1805.00,374.00,165.50,551.10,0.9850,-1,-1
99,16,603.00,405.00,26.60,66.20,0.9990,-1,-1
99,29,841.00,401.00,65.90,164.30,1.0000,-1,-1
99,34,725.00,397.00,42.90,120.90,0.9970,-1,-1
99,39,321.00,398.00,38.20,102.60,0.9980,-1,-1
99,41,683.00,399.00,42.80,117.60,0.9990,-1,-1
99,50,547.00,402.00,35.80,98.00,0.9920,-1,-1
99,56,306.00,415.00,26.20,76.70,0.9800,-1,-1
99,62,403.00,394.00,43.10,133.20,0.9970,-1,-1
99,63,357.00,410.00,36.40,99.20,0.9590,-1,-1
100,5,1791.00,368.00,167.90,537.10,0.9970,-1,-1
100,9,724.00,389.00,44.80,126.20,0.9960,-1,-1
100,16,607.00,402.00,26.90,68.20,0.9930,-1,-1
100,29,833.00,392.00,76.80,179.10,1.0000,-1,-1
100,39,325.00,394.00,34.30,101.50,0.9910,-1,-1
100,41,685.00,394.00,39.80,111.30,0.9990,-1,-1
100,50,547.00,402.00,32.30,101.10,0.9960,-1,-1
100,56,307.00,410.00,26.50,77.20,0.9920,-1,-1
100,62,395.00,391.00,49.40,124.50,0.9940,-1,-1
100,63,361.00,409.00,33.00,92.30,0.9850,-1,-1
100,64,753.00,394.00,33.30,111.60,0.9640,-1,-1
101,5,1791.00,379.00,153.00,539.00,0.9990,-1,-1
101,9,716.00,382.00,48.90,130.70,0.9970,-1,-1
101,16,603.00,405.00,27.50,63.50,1.0000,-1,-1
101,29,839.00,386.00,75.00,176.40,1.0000,-1,-1
101,39,321.00,400.00,32.60,90.50,0.9940,-1,-1
101,41,682.00,394.00,39.80,115.40,1.0000,-1,-1
101,50,546.00,397.00,35.20,105.40,0.9930,-1,-1
101,56,302.00,412.00,27.50,79.20,0.9910,-1,-1
101,62,390.00,390.00,48.10,121.70,0.9670,-1,-1
101,63,354.00,402.00,35.50,102.20,0.9920,-1,-1
101,64,745.00,394.00,33.90,109.90,0.9990,-1,-1
102,5,1777.00,382.00,165.70,516.10,0.9990,-1,-1
102,9,720.00,389.00,49.40,125.70,0.9970,-1,-1
102,16,603.00,402.00,27.60,68.30,1.0000,-1,-1
102,29,835.00,387.00,71.90,186.70,1.0000,-1,-1
102,39,318.00,396.00,36.50,94.20,0.9950,-1,-1
102,41,682.00,394.00,42.60,118.00,0.9990,-1,-1
102,50,547.00,399.00,35.80,101.00,0.9930,-1,-1
102,56,302.00,418.00,26.50,69.70,0.9890,-1,-1
102,62,386.00,389.00,53.80,142.80,0.9940,-1,-1
102,63,353.00,405.00,37.60,102.70,0.9770,-1,-1
103,5,1756.00,368.00,193.20,535.20,0.9990,-1,-1
103,9,716.00,390.00,54.30,132.90,0.9960,-1,-1
103,16,598.00,402.00,27.60,68.90,0.9980,-1,-1
103,29,827.00,392.00,75.20,177.50,1.0000,-1,-1
103,39,318.00,398.00,33.50,93.60,0.9750,-1,-1
103,41,679.00,390.00,41.10,121.20,0.9990,-1,-1
103,50,545.00,394.00,34.80,101.20,0.9950,-1,-1
103,56,299.00,409.00,26.10,77.00,0.9700,-1,-1
103,62,373.00,384.00,59.60,139.50,0.9910,-1,-1
103,63,350.00,403.00,36.50,103.40,0.9920,-1,-1
103,65,1237.00,399.00,40.90,123.20,0.9270,-1,-1
104,5,1740.00,379.00,210.30,525.60,1.0000,-1,-1
104,9,715.00,392.00,49.00,121.70,0.9910,-1,-1
104,16,596.00,400.00,29.50,73.90,1.0000,-1,-1
104,29,822.00,391.00,77.80,177.90,1.0000,-1,-1
104,39,315.00,399.00,34.60,96.80,0.9790,-1,-1
104,41,677.00,390.00,40.20,115.70,1.0000,-1,-1
104,50,545.00,395.00,38.60,109.30,0.9980,-1,-1
104,56,298.00,415.00,25.50,78.10,0.9820,-1,-1
104,62,376.00,398.00,50.90,126.70,0.9850,-1,-1
104,63,346.00,403.00,38.10,99.30,0.9930,-1,-1
104,64,744.00,392.00,33.80,110.40,0.9990,-1,-1
105,5,1706.00,366.00,228.30,535.80,1.0000,-1,-1
105,9,714.00,388.00,47.60,121.40,0.9940,-1,-1
105,16,596.00,396.00,28.60,74.70,0.9990,-1,-1
105,29,822.00,394.00,70.00,176.50,1.0000,-1,-1
105,39,309.00,403.00,31.80,91.30,0.9680,-1,-1
105,41,675.00,390.00,41.90,115.10,0.9990,-1,-1
105,50,549.00,398.00,36.90,104.40,0.9950,-1,-1
105,56,293.00,406.00,28.10,86.10,0.9820,-1,-1
105,62,373.00,390.00,52.70,125.30,0.9890,-1,-1
105,63,348.00,400.00,40.30,108.80,0.9960,-1,-1
105,64,749.00,395.00,32.30,114.00,0.9960,-1,-1
106,5,1688.00,367.00,240.60,540.50,1.0000,-1,-1
106,9,710.00,388.00,46.50,125.50,0.9980,-1,-1
106,16,596.00,400.00,25.80,69.20,0.9960,-1,-1
106,29,825.00,396.00,62.70,165.80,1.0000,-1,-1
106,39,307.00,399.00,34.10,96.90,0.9940,-1,-1
106,41,676.00,395.00,38.90,112.40,1.0000,-1,-1
106,50,544.00,394.00,37.30,103.50,0.9980,-1,-1
106,56,286.00,415.00,29.90,80.20,0.9740,-1,-1
106,62,363.00,392.00,50.20,131.40,0.9840,-1,-1
106,63,345.00,402.00,37.30,106.30,0.9880,-1,-1
106,64,744.00,391.00,32.30,116.60,0.9690,-1,-1
107,5,1699.00,394.00,230.60,520.80,1.0000,-1,-1
107,9,708.00,392.00,49.10,121.00,0.9960,-1,-1
107,16,595.00,400.00,25.70,66.60,0.9980,-1,-1
107,29,823.00,378.00,71.60,190.10,1.0000,-1,-1
107,39,307.00,404.00,31.00,87.70,0.9900,-1,-1
107,41,672.00,391.00,45.50,117.00,1.0000,-1,-1
107,50,548.00,396.00,34.30,93.90,0.9970,-1,-1
107,56,291.00,415.00,25.90,74.90,0.9670,-1,-1
107,62,367.00,388.00,51.10,137.20,0.9840,-1,-1
107,63,345.00,399.00,36.90,99.60,0.9930,-1,-1
107,64,742.00,394.00,32.80,110.20,0.9940,-1,-1
108,5,1684.00,390.00,230.80,515.90,1.0000,-1,-1
108,9,710.00,385.00,45.50,125.00,0.9970,-1,-1
108,16,595.00,400.00,22.60,65.00,0.9980,-1,-1
108,29,811.00,398.00,74.90,178.20,1.0000,-1,-1
108,39,311.00,400.00,33.90,91.70,0.9860,-1,-1
108,41,672.00,392.00,43.20,111.60,1.0000,-1,-1
108,50,549.00,390.00,35.30,105.50,0.9980,-1,-1
108,56,286.00,416.00,27.20,75.60,0.9310,-1,-1
108,62,361.00,384.00,51.40,138.30,0.9910,-1,-1
108,64,742.00,391.00,34.90,116.60,0.9920,-1,-1
109,5,1694.00,370.00,229.00,557.60,1.0000,-1,-1
109,9,701.00,385.00,48.90,128.90,0.9970,-1,-1
109,16,589.00,393.00,29.50,72.50,0.9970,-1,-1
109,29,817.00,392.00,71.50,174.30,1.0000,-1,-1
109,39,304.00,393.00,35.20,96.20,0.9830,-1,-1
109,41,674.00,392.00,43.30,113.60,1.0000,-1,-1
109,50,549.00,393.00,35.50,109.40,0.9970,-1,-1
109,56,287.00,411.00,27.20,79.60,0.9450,-1,-1
109,62,357.00,388.00,51.10,131.50,0.9870,-1,-1
109,63,338.00,397.00,40.90,110.50,0.9920,-1,-1
109,64,740.00,388.00,37.20,120.80,0.9960,-1,-1
110,5,1703.00,382.00,220.40,543.70,0.9990,-1,-1
110,9,700.00,385.00,47.70,123.60,0.9990,-1,-1
110,16,589.00,396.00,24.40,66.60,0.9980,-1,-1
110,29,817.00,394.00,69.20,166.70,0.9990,-1,-1
110,39,306.00,395.00,34.80,95.40,0.9900,-1,-1
110,41,669.00,394.00,42.20,116.00,0.9990,-1,-1
110,50,546.00,390.00,38.00,105.70,0.9970,-1,-1
110,56,287.00,407.00,27.00,80.20,0.9450,-1,-1
110,60,48.00,394.00,58.70,159.80,0.9890,-1,-1
110,62,350.00,377.00,57.50,141.80,0.9870,-1,-1
110,64,739.00,391.00,37.00,113.40,0.9990,-1,-1
111,5,1683.00,372.00,239.50,541.90,1.0000,-1,-1
111,9,706.00,379.00,47.00,124.50,0.9980,-1,-1
111,16,590.00,397.00,28.60,70.00,0.9980,-1,-1
111,29,810.00,386.00,70.80,179.60,0.9990,-1,-1
111,39,303.00,392.00,36.20,100.70,0.9980,-1,-1
111,41,674.00,390.00,43.40,130.30,0.9930,-1,-1
111,50,544.00,390.00,40.10,114.80,0.9960,-1,-1
111,60,40.00,389.00,58.30,164.90,0.9920,-1,-1
111,62,350.00,377.00,59.10,145.70,0.9920,-1,-1
111,64,739.00,388.00,36.20,113.30,0.9990,-1,-1
112,5,1714.00,365.00,204.20,537.30,1.0000,-1,-1
112,9,698.00,383.00,48.30,129.90,0.9990,-1,-1
112,16,590.00,397.00,27.80,69.50,0.9990,-1,-1
112,29,814.00,392.00,66.20,174.10,1.0000,-1,-1
112,39,303.00,396.00,32.10,87.20,0.9960,-1,-1
112,41,671.00,394.00,41.70,116.80,0.9990,-1,-1
112,50,547.00,394.00,37.10,102.60,0.9980,-1,-1
112,56,286.00,407.00,30.10,91.70,0.9250,-1,-1
112,60,45.00,398.00,57.50,140.90,0.9970,-1,-1
112,62,346.00,386.00,53.80,142.60,0.9950,-1,-1
112,64,739.00,389.00,33.60,112.30,0.9990,-1,-1
113,5,1725.00,361.00,192.30,541.50,1.0000,-1,-1
113,9,697.00,388.00,60.20,122.30,1.0000,-1,-1
113,16,590.00,400.00,26.20,65.80,1.0000,-1,-1
113,29,810.00,389.00,72.20,176.30,1.0000,-1,-1
113,39,302.00,399.00,35.20,94.70,1.0000,-1,-1
113,41,671.00,391.00,41.60,116.60,1.0000,-1,-1
113,50,550.00,399.00,36.50,100.00,0.9990,-1,-1
113,60,46.00,402.00,56.70,143.00,0.9990,-1,-1
113,62,351.00,386.00,61.60,142.80,0.9970,-1,-1
113,64,746.00,389.00,35.00,116.30,0.9760,-1,-1
114,5,1718.00,372.00,195.60,550.00,1.0000,-1,-1
114,9,705.00,380.00,49.60,133.30,0.9990,-1,-1
114,16,591.00,398.00,25.80,69.10,0.9990,-1,-1
114,29,811.00,389.00,73.70,177.10,1.0000,-1,-1
114,39,302.00,401.00,35.10,90.30,1.0000,-1,-1
114,41,670.00,389.00,45.90,123.10,0.9980,-1,-1
114,50,552.00,392.00,37.50,105.20,0.9960,-1,-1
114,60,49.00,400.00,54.90,140.90,0.9990,-1,-1
114,62,350.00,389.00,57.50,133.20,0.9950,-1,-1
114,64,741.00,389.00,39.70,113.90,0.9980,-1,-1
115,5,1705.00,373.00,199.70,542.00,1.0000,-1,-1
115,9,704.00,386.00,48.00,122.00,0.9980,-1,-1
115,16,595.00,405.00,28.30,66.90,1.0000,-1,-1
115,29,818.00,395.00,70.50,173.30,0.9990,-1,-1
115,39,312.00,398.00,34.70,96.70,0.9990,-1,-1
115,41,675.00,400.00,45.20,113.20,0.9990,-1,-1
115,50,555.00,393.00,39.20,109.20,0.9940,-1,-1
115,60,49.00,399.00,53.20,146.40,0.9980,-1,-1
115,62,351.00,392.00,51.70,135.60,0.9880,-1,-1
115,64,746.00,390.00,34.40,110.20,0.9960,-1,-1
116,5,1710.00,356.00,184.40,552.50,1.0000,-1,-1
116,9,704.00,388.00,43.30,121.90,0.9970,-1,-1
116,16,601.00,404.00,25.30,68.00,0.9960,-1,-1
116,29,812.00,394.00,65.90,164.50,0.9990,-1,-1
116,39,314.00,404.00,32.70,91.60,0.9940,-1,-1
116,41,680.00,392.00,41.10,121.50,0.9930,-1,-1
116,50,558.00,390.00,41.80,115.40,0.9990,-1,-1
116,60,53.00,403.00,55.90,143.70,0.9950,-1,-1
116,62,348.00,393.00,52.20,137.50,0.9740,-1,-1
116,64,752.00,388.00,34.70,116.50,1.0000,-1,-1
117,5,1714.00,344.00,173.20,585.50,1.0000,-1,-1
117,9,708.00,386.00,47.80,122.60,0.9990,-1,-1
117,16,601.00,406.00,24.90,66.20,0.9550,-1,-1
117,29,812.00,387.00,75.90,175.30,0.9990,-1,-1
117,39,319.00,400.00,34.90,103.50,0.9400,-1,-1
117,41,682.00,390.00,39.00,121.00,0.9820,-1,-1
117,50,566.00,401.00,36.50,92.90,0.9890,-1,-1
117,60,57.00,399.00,58.00,145.50,0.9830,-1,-1
117,62,354.00,398.00,43.60,124.80,0.9750,-1,-1
117,64,763.00,396.00,30.00,105.00,0.9990,-1,-1
118,5,1712.00,367.00,171.60,563.60,1.0000,-1,-1
118,16,604.00,407.00,27.30,70.50,0.9970,-1,-1
118,29,818.00,396.00,73.60,170.60,0.9990,-1,-1
118,34,713.00,383.00,46.00,131.50,0.9980,-1,-1
118,39,316.00,399.00,38.10,103.50,0.9980,-1,-1
118,41,687.00,395.00,41.70,120.90,1.0000,-1,-1
118,50,570.00,395.00,43.50,118.50,0.9930,-1,-1
118,60,66.00,402.00,54.40,149.10,0.9960,-1,-1
118,62,351.00,401.00,49.30,136.80,0.9880,-1,-1
118,64,760.00,390.00,35.30,119.00,0.9940,-1,-1
119,5,1724.00,348.00,177.70,572.90,1.0000,-1,-1
119,16,616.00,405.00,26.50,66.50,0.9990,-1,-1
119,29,827.00,402.00,65.90,163.90,0.9960,-1,-1
119,34,717.00,394.00,46.30,122.00,0.9980,-1,-1
119,41,691.00,396.00,42.70,120.20,0.9720,-1,-1
119,50,578.00,404.00,38.70,103.90,0.9940,-1,-1
119,60,69.00,409.00,56.70,139.40,0.9980,-1,-1
119,62,359.00,398.00,55.90,136.60,0.9860,-1,-1
119,63,327.00,407.00,32.80,93.80,0.9970,-1,-1
119,64,772.00,394.00,31.90,114.30,0.9970,-1,-1
119,66,869.00,392.00,54.90,136.30,0.9790,-1,-1
120,5,1707.00,367.00,193.30,570.00,1.0000,-1,-1
120,9,709.00,397.00,41.90,109.30,0.9720,-1,-1
120,16,619.00,401.00,28.10,73.60,0.9560,-1,-1
120,29,829.00,391.00,73.90,173.00,0.9970,-1,-1
120,34,732.00,393.00,46.70,127.80,1.0000,-1,-1
120,50,591.00,401.00,37.60,107.70,0.9930,-1,-1
120,60,86.00,409.00,55.20,138.20,0.9850,-1,-1
120,62,364.00,395.00,50.30,138.10,0.9870,-1,-1
120,63,339.00,398.00,38.80,107.30,0.9760,-1,-1
120,64,779.00,396.00,34.70,112.20,1.0000,-1,-1
121,5,1693.00,371.00,232.50,571.20,1.0000,-1,-1
121,9,728.00,398.00,39.30,116.20,0.9990,-1,-1
121,16,616.00,398.00,33.00,111.60,0.9930,-1,-1
121,29,850.00,395.00,65.40,162.40,0.9990,-1,-1
121,34,750.00,393.00,48.00,132.70,0.9970,-1,-1
121,60,108.00,407.00,60.90,156.00,0.9970,-1,-1
121,62,374.00,390.00,61.00,147.40,0.9760,-1,-1
121,63,343.00,410.00,28.90,93.50,0.9300,-1,-1
121,66,896.00,382.00,48.40,135.60,0.9940,-1,-1
121,67,649.00,406.00,27.70,67.70,1.0000,-1,-1
121,68,806.00,395.00,34.80,111.00,0.9970,-1,-1
121,69,365.00,406.00,31.40,99.20,0.9950,-1,-1
121,70,35.00,418.00,37.30,106.10,0.9820,-1,-1
122,5,1697.00,370.00,239.40,564.70,1.0000,-1,-1
122,9,732.00,393.00,40.20,113.40,1.0000,-1,-1
122,16,628.00,399.00,34.90,101.90,0.9950,-1,-1
122,29,854.00,397.00,72.20,163.40,1.0000,-1,-1
122,34,756.00,392.00,45.60,125.70,0.9970,-1,-1
122,60,121.00,406.00,57.30,143.20,0.9940,-1,-1
122,62,388.00,400.00,62.90,136.80,0.9930,-1,-1
122,66,909.00,385.00,50.20,139.00,0.9940,-1,-1
122,67,659.00,403.00,26.90,66.70,0.9980,-1,-1
122,68,814.00,393.00,29.30,111.30,0.9990,-1,-1
122,69,362.00,399.00,39.90,103.60,0.9990,-1,-1
122,70,42.00,418.00,36.40,102.50,0.9540,-1,-1
123,5,1715.00,377.00,225.40,556.10,1.0000,-1,-1
123,9,732.00,393.00,43.50,116.30,0.9960,-1,-1
123,16,628.00,385.00,41.50,112.10,0.9930,-1,-1
123,29,859.00,392.00,68.70,174.70,1.0000,-1,-1
123,34,764.00,388.00,49.20,125.90,0.9980,-1,-1
123,60,132.00,410.00,53.50,142.20,0.9980,-1,-1
123,62,389.00,390.00,65.50,141.00,0.9920,-1,-1
123,66,917.00,384.00,48.30,132.80,0.9960,-1,-1
123,67,661.00,398.00,28.90,70.10,0.9980,-1,-1
123,68,819.00,389.00,35.10,109.30,0.9980,-1,-1
123,69,370.00,400.00,35.50,101.10,0.9840,-1,-1
123,70,50.00,408.00,34.80,110.30,0.9910,-1,-1
123,71,-10.00,372.00,76.10,233.50,0.9010,-1,-1
124,5,1722.00,378.00,222.70,553.20,1.0000,-1,-1
124,9,737.00,383.00,46.50,127.70,0.9860,-1,-1
124,16,642.00,392.00,35.50,104.40,0.9900,-1,-1
124,29,866.00,397.00,68.90,159.80,1.0000,-1,-1
124,34,768.00,385.00,47.90,129.50,0.9990,-1,-1
124,55,828.00,390.00,32.70,111.60,0.9980,-1,-1
124,60,137.00,402.00,61.80,146.70,0.9900,-1,-1
124,62,396.00,395.00,63.60,134.60,0.9860,-1,-1
124,66,917.00,377.00,54.50,136.20,0.9990,-1,-1
124,67,668.00,396.00,27.50,70.80,0.9970,-1,-1
124,69,366.00,413.00,27.30,80.20,0.9630,-1,-1
124,70,55.00,406.00,35.00,103.70,0.9650,-1,-1
124,71,-10.00,380.00,78.20,230.20,0.9820,-1,-1
124,72,382.00,395.00,35.10,101.80,0.9980,-1,-1
125,5,1730.00,369.00,228.90,583.40,1.0000,-1,-1
125,9,741.00,392.00,41.20,112.70,0.9970,-1,-1
125,16,646.00,388.00,37.10,113.60,0.9960,-1,-1
125,29,876.00,394.00,70.10,163.40,1.0000,-1,-1
125,34,767.00,381.00,47.10,134.60,1.0000,-1,-1
125,55,834.00,387.00,31.90,103.70,0.9990,-1,-1
125,60,143.00,395.00,55.80,139.90,0.9970,-1,-1
125,62,405.00,391.00,61.10,130.40,0.9940,-1,-1
125,66,927.00,370.00,52.50,148.70,0.9980,-1,-1
125,67,676.00,396.00,26.40,64.00,1.0000,-1,-1
125,69,375.00,412.00,25.50,80.90,0.9740,-1,-1
125,70,64.00,407.00,31.50,101.70,0.9780,-1,-1
125,71,-9.00,363.00,72.00,244.10,0.9840,-1,-1
125,72,392.00,394.00,32.30,98.30,0.9970,-1,-1
126,5,1758.00,369.00,199.40,543.00,1.0000,-1,-1
126,9,755.00,386.00,44.10,116.00,0.9520,-1,-1
126,16,656.00,383.00,40.20,114.50,0.9770,-1,-1
126,29,883.00,378.00,75.70,175.40,0.9990,-1,-1
126,34,784.00,385.00,46.20,119.90,0.9970,-1,-1
126,55,849.00,386.00,31.00,107.10,0.9980,-1,-1
126,60,164.00,397.00,50.90,133.10,0.9980,-1,-1
126,62,418.00,383.00,61.50,134.60,0.9920,-1,-1
126,66,945.00,365.00,53.10,148.50,0.9940,-1,-1
126,70,76.00,398.00,34.30,108.30,0.9850,-1,-1
126,71,-15.00,369.00,99.30,250.20,0.9920,-1,-1
126,72,396.00,389.00,33.80,94.60,0.9740,-1,-1
126,73,691.00,386.00,29.50,73.50,0.9980,-1,-1
127,5,1775.00,350.00,183.00,565.40,0.9980,-1,-1
127,9,764.00,387.00,42.90,122.40,0.9630,-1,-1
127,16,665.00,383.00,35.50,107.20,0.9970,-1,-1
127,29,897.00,389.00,61.80,163.20,1.0000,-1,-1
127,34,789.00,377.00,47.40,125.70,1.0000,-1,-1
127,55,855.00,383.00,30.40,106.50,0.9980,-1,-1
127,60,170.00,393.00,57.10,136.20,0.9990,-1,-1
127,62,422.00,382.00,63.50,139.00,0.9810,-1,-1
127,66,944.00,368.00,48.50,138.30,0.9970,-1,-1
127,70,86.00,404.00,33.50,102.30,0.9830,-1,-1
127,71,-14.00,367.00,104.30,228.10,0.9940,-1,-1
127,72,393.00,402.00,26.90,81.70,0.9870,-1,-1
127,73,695.00,386.00,26.90,72.90,0.9940,-1,-1
127,74,411.00,390.00,34.40,103.60,0.9960,-1,-1
128,5,1775.00,355.00,178.70,547.60,0.9990,-1,-1
128,9,766.00,384.00,36.90,113.40,0.9470,-1,-1
128,16,673.00,387.00,39.00,115.00,0.9940,-1,-1
128,29,897.00,383.00,70.70,167.20,0.9980,-1,-1
128,34,791.00,375.00,53.30,134.20,0.9990,-1,-1
128,55,863.00,376.00,31.90,113.90,0.9860,-1,-1
128,60,183.00,393.00,51.20,139.70,0.9950,-1,-1
128,62,432.00,384.00,64.90,137.40,0.9960,-1,-1
128,66,954.00,367.00,55.10,153.00,0.9960,-1,-1
128,70,95.00,400.00,33.60,102.20,0.9910,-1,-1
128,71,-6.00,373.00,83.50,222.50,0.9990,-1,-1
128,72,397.00,405.00,25.30,82.30,0.9890,-1,-1
128,73,705.00,388.00,27.80,68.00,1.0000,-1,-1
128,74,420.00,388.00,33.30,98.30,0.9970,-1,-1
129,5,1786.00,332.00,172.00,581.90,0.9950,-1,-1
129,9,776.00,386.00,41.20,110.00,0.9780,-1,-1
129,16,682.00,382.00,34.00,108.00,0.9980,-1,-1
129,29,907.00,379.00,67.00,174.40,0.9990,-1,-1
129,34,798.00,377.00,50.50,131.90,0.9960,-1,-1
129,55,871.00,377.00,29.40,111.40,0.9950,-1,-1
129,60,182.00,391.00,59.30,148.50,0.9970,-1,-1
129,62,441.00,374.00,62.60,142.80,0.9780,-1,-1
129,66,963.00,367.00,55.00,143.90,0.9980,-1,-1
129,70,97.00,399.00,42.40,105.50,0.9870,-1,-1
129,71,4.00,365.00,87.50,236.20,0.9990,-1,-1
129,72,405.00,404.00,27.90,82.40,0.9480,-1,-1
129,73,714.00,390.00,28.50,67.60,0.9950,-1,-1
129,74,421.00,385.00,38.00,108.40,0.9990,-1,-1
130,5,1778.00,327.00,179.70,600.90,0.9970,-1,-1
130,9,786.00,383.00,37.80,120.10,0.9910,-1,-1
130,16,688.00,381.00,36.40,111.90,0.9960,-1,-1
130,29,907.00,384.00,64.90,172.30,0.9980,-1,-1
130,34,807.00,374.00,47.10,128.10,1.0000,-1,-1
130,55,878.00,373.00,29.60,111.00,0.9970,-1,-1
130,60,193.00,396.00,59.50,137.50,0.9950,-1,-1
130,62,435.00,387.00,64.60,135.10,0.9930,-1,-1
130,66,969.00,363.00,56.80,151.30,0.9970,-1,-1
130,70,106.00,395.00,37.30,109.30,0.9930,-1,-1
130,71,1.00,361.00,95.40,259.60,1.0000,-1,-1
130,72,412.00,399.00,30.70,88.80,0.9850,-1,-1
130,73,717.00,388.00,28.00,69.90,1.0000,-1,-1
130,74,431.00,383.00,38.70,106.90,0.9960,-1,-1
131,5,1776.00,320.00,194.20,603.10,0.9930,-1,-1
131,9,787.00,373.00,43.00,120.70,0.9410,-1,-1
131,16,702.00,372.00,41.20,125.00,0.9860,-1,-1
131,29,923.00,378.00,66.00,166.20,0.9980,-1,-1
131,34,811.00,372.00,47.80,131.90,0.9970,-1,-1
131,55,894.00,374.00,30.10,108.90,0.9990,-1,-1
131,60,216.00,393.00,52.10,140.30,0.9840,-1,-1
131,62,449.00,371.00,63.60,142.50,0.9900,-1,-1
131,66,985.00,362.00,50.50,156.60,0.9990,-1,-1
131,70,128.00,390.00,39.90,111.20,0.9120,-1,-1
131,71,7.00,366.00,97.80,241.80,0.9990,-1,-1
131,72,425.00,402.00,26.70,81.10,0.9530,-1,-1
131,73,732.00,384.00,26.40,73.50,0.9980,-1,-1
131,74,445.00,381.00,37.90,107.90,0.9940,-1,-1
132,5,1769.00,320.00,219.80,591.20,0.9770,-1,-1
132,16,711.00,375.00,37.90,123.40,0.9820,-1,-1
132,29,925.00,381.00,70.30,162.20,0.9990,-1,-1
132,34,820.00,374.00,47.10,132.50,0.9990,-1,-1
132,55,897.00,377.00,33.00,106.00,1.0000,-1,-1
132,60,223.00,391.00,56.30,139.00,0.9960,-1,-1
132,62,463.00,373.00,66.10,144.10,0.9930,-1,-1
132,66,999.00,364.00,46.80,156.30,0.9980,-1,-1
132,70,135.00,397.00,37.00,100.50,0.9920,-1,-1
132,71,23.00,367.00,99.50,240.40,1.0000,-1,-1
132,72,434.00,398.00,26.20,81.50,0.9740,-1,-1
132,73,744.00,389.00,22.60,64.70,0.9890,-1,-1
132,74,449.00,387.00,36.00,103.80,1.0000,-1,-1
132,75,1416.00,380.00,42.60,131.80,0.9200,-1,-1
133,5,1775.00,348.00,215.00,567.00,0.9050,-1,-1
133,16,720.00,377.00,39.10,116.10,0.9960,-1,-1
133,29,930.00,375.00,71.50,170.90,0.9990,-1,-1
133,34,823.00,369.00,50.60,137.50,0.9980,-1,-1
133,55,907.00,375.00,31.30,105.90,0.9950,-1,-1
133,60,232.00,389.00,57.50,146.10,0.9960,-1,-1
133,62,460.00,373.00,66.60,140.60,0.9940,-1,-1
133,66,1003.00,361.00,54.80,153.00,1.0000,-1,-1
133,70,146.00,397.00,35.40,99.40,0.9980,-1,-1
133,71,36.00,369.00,93.50,243.70,1.0000,-1,-1
133,72,439.00,396.00,28.80,86.40,0.9710,-1,-1
133,73,745.00,385.00,28.50,68.20,0.9980,-1,-1
133,74,456.00,381.00,37.40,109.90,0.9990,-1,-1
134,5,1756.00,333.00,247.90,589.30,0.9410,-1,-1
134,16,725.00,376.00,39.00,108.70,0.9970,-1,-1
134,29,938.00,376.00,73.70,167.80,0.9980,-1,-1
134,34,833.00,370.00,51.60,134.10,0.9980,-1,-1
134,55,917.00,371.00,30.40,109.90,0.9980,-1,-1
134,60,238.00,383.00,60.90,146.90,0.9940,-1,-1
134,62,480.00,368.00,65.90,144.50,0.9940,-1,-1
134,66,1008.00,361.00,50.10,151.80,0.9990,-1,-1
134,70,145.00,389.00,34.90,105.90,0.9970,-1,-1
134,71,19.00,366.00,95.60,225.10,1.0000,-1,-1
134,72,447.00,394.00,27.20,84.80,0.9750,-1,-1
134,73,754.00,373.00,29.30,80.20,0.9970,-1,-1
134,74,461.00,379.00,37.90,107.90,0.9980,-1,-1
134,76,105.00,396.00,23.30,57.70,0.9830,-1,-1
135,5,1754.00,351.00,251.50,572.70,0.9050,-1,-1
135,16,732.00,371.00,37.10,115.40,0.9920,-1,-1
135,29,943.00,373.00,67.80,161.80,0.9980,-1,-1
135,34,839.00,368.00,46.00,126.80,1.0000,-1,-1
135,55,921.00,367.00,28.50,110.40,0.9990,-1,-1
135,60,249.00,379.00,59.40,139.70,0.9970,-1,-1
135,62,478.00,368.00,66.80,138.30,0.9960,-1,-1
135,66,1013.00,355.00,53.50,151.40,0.9990,-1,-1
135,70,159.00,389.00,35.20,103.90,0.9830,-1,-1
135,71,19.00,369.00,109.40,224.60,1.0000,-1,-1
135,72,454.00,395.00,26.00,77.10,0.9800,-1,-1
135,73,763.00,382.00,26.70,66.90,0.9960,-1,-1
136,16,741.00,368.00,40.10,112.10,0.9980,-1,-1
136,29,952.00,368.00,73.00,169.70,1.0000,-1,-1
136,34,840.00,370.00,49.30,131.10,0.9990,-1,-1
136,55,929.00,365.00,32.10,109.60,1.0000,-1,-1
136,60,255.00,377.00,55.80,135.90,0.9940,-1,-1
136,62,504.00,356.00,63.50,153.00,0.9960,-1,-1
136,66,1022.00,346.00,59.40,157.10,1.0000,-1,-1
136,70,166.00,385.00,37.70,103.50,0.9970,-1,-1
136,71,21.00,357.00,93.70,243.50,1.0000,-1,-1
136,72,459.00,386.00,26.30,80.10,0.9650,-1,-1
136,73,768.00,371.00,27.70,72.10,0.9990,-1,-1
136,74,477.00,374.00,37.70,107.50,0.9930,-1,-1
136,77,125.00,380.00,21.00,67.20,0.9360,-1,-1
137,5,1768.00,350.00,229.30,547.90,0.9010,-1,-1
137,16,743.00,358.00,42.90,127.50,1.0000,-1,-1
137,29,948.00,361.00,74.80,167.00,1.0000,-1,-1
137,34,850.00,360.00,47.30,128.90,1.0000,-1,-1
137,55,930.00,358.00,32.90,116.40,0.9980,-1,-1
137,60,264.00,378.00,51.30,136.50,0.9980,-1,-1
137,62,500.00,358.00,64.40,143.80,0.9950,-1,-1
137,66,1032.00,350.00,57.00,149.50,0.9990,-1,-1
137,70,175.00,381.00,34.00,98.10,0.9840,-1,-1
137,71,37.00,357.00,111.70,226.80,1.0000,-1,-1
137,72,460.00,383.00,29.90,85.00,0.9920,-1,-1
137,73,774.00,368.00,25.50,68.60,0.9730,-1,-1
137,74,480.00,367.00,36.30,106.60,0.9340,-1,-1
138,16,747.00,365.00,40.80,109.00,0.9980,-1,-1
138,29,956.00,356.00,74.20,181.00,1.0000,-1,-1
138,34,850.00,359.00,47.00,124.20,0.9990,-1,-1
138,55,939.00,363.00,31.30,102.50,0.9990,-1,-1
138,60,268.00,374.00,54.60,138.10,0.9940,-1,-1
138,62,510.00,354.00,66.40,146.70,0.9910,-1,-1
138,66,1035.00,339.00,59.60,163.10,0.9990,-1,-1
138,70,176.00,376.00,32.90,102.10,0.9980,-1,-1
138,71,20.00,338.00,136.30,252.60,1.0000,-1,-1
138,72,466.00,374.00,29.40,86.90,0.9750,-1,-1
138,73,779.00,366.00,26.10,69.40,0.9690,-1,-1
138,74,483.00,371.00,35.70,98.20,0.9950,-1,-1
139,5,1784.00,314.00,211.50,609.90,0.9170,-1,-1
139,16,751.00,363.00,37.00,108.90,1.0000,-1,-1
139,29,962.00,357.00,67.90,175.80,0.9990,-1,-1
139,34,857.00,356.00,48.90,123.90,1.0000,-1,-1
139,55,941.00,354.00,33.60,112.60,0.9980,-1,-1
139,60,278.00,372.00,51.30,125.80,0.9980,-1,-1
139,62,513.00,354.00,65.80,149.70,0.9950,-1,-1
139,66,1035.00,339.00,61.70,156.40,1.0000,-1,-1
139,70,176.00,370.00,37.20,106.30,0.9960,-1,-1
139,71,37.00,353.00,107.50,224.70,1.0000,-1,-1
139,72,467.00,379.00,29.00,84.90,0.9800,-1,-1
139,73,780.00,365.00,27.70,72.30,0.9990,-1,-1
139,74,489.00,365.00,37.10,101.80,0.9870,-1,-1
139,78,137.00,373.00,25.50,67.90,0.9680,-1,-1
139,79,1472.00,363.00,43.90,124.50,0.9220,-1,-1
140,5,1790.00,315.00,200.10,625.40,0.9340,-1,-1
140,16,755.00,360.00,40.00,115.70,0.9990,-1,-1
140,29,964.00,362.00,72.20,161.70,0.9990,-1,-1
140,34,857.00,353.00,50.00,126.10,1.0000,-1,-1
140,55,943.00,353.00,32.90,118.20,0.9970,-1,-1
140,60,272.00,367.00,55.20,142.70,0.9990,-1,-1
140,62,525.00,355.00,51.00,142.00,0.9900,-1,-1
140,66,1040.00,339.00,56.20,161.50,1.0000,-1,-1
140,70,180.00,371.00,33.70,104.90,0.9980,-1,-1
140,71,35.00,342.00,107.20,247.60,1.0000,-1,-1
140,72,473.00,377.00,25.90,82.20,0.9370,-1,-1
140,73,784.00,364.00,23.30,66.70,0.9760,-1,-1
140,74,490.00,362.00,34.50,108.20,0.9710,-1,-1
140,78,141.00,369.00,21.20,63.70,0.9720,-1,-1
141,5,1790.00,328.00,199.40,582.70,0.9010,-1,-1
141,16,764.00,352.00,43.00,127.80,0.9960,-1,-1
141,29,967.00,355.00,69.80,171.20,1.0000,-1,-1
141,34,863.00,355.00,49.80,128.10,0.9990,-1,-1
141,55,948.00,354.00,32.20,109.30,0.9990,-1,-1
141,60,283.00,362.00,50.90,138.30,0.9980,-1,-1
141,62,529.00,355.00,64.20,149.60,0.9970,-1,-1
141,66,1045.00,338.00,61.60,157.10,0.9990,-1,-1
141,70,185.00,370.00,37.10,104.20,0.9920,-1,-1
141,71,48.00,336.00,119.80,256.30,1.0000,-1,-1
141,72,477.00,374.00,27.10,80.70,0.9800,-1,-1
141,73,790.00,361.00,27.70,69.40,0.9990,-1,-1
141,74,496.00,361.00,34.40,100.10,0.9960,-1,-1
141,79,1482.00,350.00,49.40,141.40,0.9550,-1,-1
142,16,765.00,356.00,41.80,115.00,0.9980,-1,-1
142,29,975.00,355.00,69.70,177.90,1.0000,-1,-1
142,34,867.00,354.00,51.80,130.80,0.9990,-1,-1
142,55,955.00,350.00,35.20,112.90,1.0000,-1,-1
142,60,294.00,361.00,52.40,144.10,0.9990,-1,-1
142,62,540.00,349.00,60.00,148.20,0.9950,-1,-1
142,66,1046.00,337.00,63.00,172.00,1.0000,-1,-1
142,70,197.00,375.00,32.60,103.80,0.9960,-1,-1
142,71,45.00,344.00,105.50,234.00,1.0000,-1,-1
142,72,480.00,375.00,27.20,85.40,0.9540,-1,-1
142,73,795.00,360.00,28.10,75.10,0.9440,-1,-1
142,74,502.00,363.00,30.70,97.00,0.9940,-1,-1
142,78,151.00,371.00,25.30,68.30,0.9920,-1,-1
143,16,770.00,358.00,38.00,113.50,0.9990,-1,-1
143,29,968.00,353.00,70.80,172.90,1.0000,-1,-1
143,34,870.00,352.00,49.60,134.10,0.9990,-1,-1
143,60,296.00,369.00,53.40,134.70,0.9990,-1,-1
143,62,538.00,352.00,59.40,144.60,0.9990,-1,-1
143,66,1058.00,345.00,61.10,158.90,0.9980,-1,-1
143,70,196.00,374.00,38.00,108.40,0.9940,-1,-1
143,71,44.00,338.00,117.30,242.70,1.0000,-1,-1
143,72,486.00,377.00,25.50,78.10,0.9610,-1,-1
143,73,796.00,358.00,29.90,78.50,0.9930,-1,-1
143,74,502.00,362.00,32.50,99.40,0.9790,-1,-1
143,78,152.00,373.00,24.20,67.10,0.9510,-1,-1
144,16,775.00,357.00,41.00,116.50,0.9990,-1,-1
144,29,975.00,352.00,72.10,171.60,1.0000,-1,-1
144,34,874.00,352.00,44.50,129.80,0.9990,-1,-1
144,60,296.00,371.00,53.00,140.30,0.9990,-1,-1
144,62,543.00,351.00,61.90,144.90,1.0000,-1,-1
144,66,1069.00,337.00,55.90,153.80,0.9980,-1,-1
144,70,198.00,377.00,32.70,100.80,0.9970,-1,-1
144,71,45.00,331.00,115.40,258.40,1.0000,-1,-1
144,72,484.00,377.00,30.20,89.40,0.9220,-1,-1
144,74,505.00,367.00,34.70,99.40,0.9890,-1,-1
144,78,156.00,373.00,21.30,64.70,0.9950,-1,-1
145,16,779.00,359.00,39.90,112.70,0.9980,-1,-1
145,29,980.00,360.00,72.40,163.10,0.9990,-1,-1
145,34,878.00,351.00,50.10,125.70,0.9980,-1,-1
145,60,303.00,374.00,48.40,131.20,0.9980,-1,-1
145,62,552.00,356.00,64.30,142.60,0.9990,-1,-1
145,66,1071.00,341.00,54.70,163.00,1.0000,-1,-1
145,70,201.00,375.00,36.30,102.00,0.9850,-1,-1
145,71,46.00,333.00,110.00,258.00,0.9990,-1,-1
145,72,488.00,380.00,27.60,81.50,0.9030,-1,-1
145,74,505.00,367.00,33.80,97.80,0.9890,-1,-1
145,78,162.00,376.00,23.10,69.70,0.9900,-1,-1
146,16,786.00,352.00,43.10,129.90,0.9940,-1,-1
146,29,980.00,357.00,68.30,173.20,0.9990,-1,-1
146,34,880.00,352.00,52.80,139.50,0.9980,-1,-1
146,60,310.00,375.00,45.70,133.50,0.9980,-1,-1
146,62,561.00,353.00,61.00,155.90,0.9990,-1,-1
146,66,1078.00,341.00,59.50,163.20,0.9980,-1,-1
146,70,211.00,380.00,35.50,109.00,0.9900,-1,-1
146,71,64.00,366.00,100.20,240.80,1.0000,-1,-1
146,72,495.00,380.00,26.70,80.40,0.9360,-1,-1
146,74,513.00,370.00,32.80,100.50,0.9890,-1,-1
146,78,167.00,380.00,23.30,69.60,0.9130,-1,-1
147,16,784.00,356.00,44.00,120.10,0.9990,-1,-1
147,29,979.00,362.00,69.10,165.00,1.0000,-1,-1
147,34,885.00,353.00,41.90,131.60,1.0000,-1,-1
147,60,318.00,381.00,48.80,125.80,0.9980,-1,-1
147,62,567.00,352.00,59.80,150.80,0.9930,-1,-1
147,66,1086.00,336.00,60.80,165.20,0.9990,-1,-1
147,70,219.00,381.00,36.30,104.00,0.9650,-1,-1
147,71,53.00,353.00,106.00,252.80,1.0000,-1,-1
147,72,498.00,382.00,28.40,87.80,0.9770,-1,-1
147,73,817.00,363.00,27.20,72.60,0.9870,-1,-1
147,74,519.00,372.00,31.50,97.10,0.9870,-1,-1
147,78,176.00,383.00,19.60,60.70,0.9950,-1,-1
147,80,-4.00,388.00,50.10,207.70,0.9500,-1,-1
148,5,1785.00,350.00,196.70,565.60,0.9510,-1,-1
148,16,792.00,357.00,44.30,123.40,0.9990,-1,-1
148,29,990.00,355.00,75.70,176.00,0.9990,-1,-1
148,34,885.00,351.00,52.00,130.20,0.9990,-1,-1
148,60,318.00,377.00,51.60,126.70,0.9980,-1,-1
148,62,576.00,351.00,63.20,160.90,0.9990,-1,-1
148,66,1092.00,334.00,58.60,164.20,0.9970,-1,-1
148,70,224.00,375.00,34.20,109.50,0.9870,-1,-1
148,71,54.00,351.00,105.90,250.80,1.0000,-1,-1
148,72,504.00,385.00,27.20,83.70,0.9500,-1,-1
148,74,521.00,369.00,32.70,97.40,0.9840,-1,-1
148,78,174.00,380.00,21.40,64.20,0.9910,-1,-1
148,80,-16.00,380.00,78.90,231.30,0.9570,-1,-1
149,5,1798.00,322.00,181.70,603.10,0.9820,-1,-1
149,16,797.00,356.00,42.10,120.70,0.9990,-1,-1
149,29,988.00,350.00,76.50,175.60,1.0000,-1,-1
149,34,893.00,357.00,48.00,128.50,0.9980,-1,-1
149,60,330.00,375.00,54.00,132.80,0.9980,-1,-1
149,62,580.00,360.00,58.70,149.50,0.9980,-1,-1
149,66,1090.00,339.00,59.20,174.00,0.9990,-1,-1
149,70,230.00,381.00,33.10,101.20,0.9900,-1,-1
149,71,59.00,348.00,113.40,260.60,1.0000,-1,-1
149,72,507.00,385.00,28.80,83.20,0.9440,-1,-1
149,73,830.00,370.00,25.30,65.20,0.9900,-1,-1
149,74,524.00,370.00,33.90,105.60,0.9970,-1,-1
149,78,181.00,381.00,22.70,70.20,0.9940,-1,-1
149,80,-9.00,395.00,53.80,209.40,0.9670,-1,-1
150,5,1775.00,332.00,224.70,595.50,0.9580,-1,-1
150,16,803.00,354.00,42.60,126.40,0.9940,-1,-1
150,29,998.00,360.00,66.90,165.30,0.9990,-1,-1
150,34,895.00,357.00,50.70,126.20,0.9990,-1,-1
150,60,332.00,376.00,52.40,126.70,0.9990,-1,-1
150,62,587.00,350.00,67.20,162.20,0.9990,-1,-1
150,66,1104.00,346.00,56.10,158.10,0.9990,-1,-1
150,70,231.00,382.00,32.10,99.20,0.9830,-1,-1
150,71,72.00,358.00,106.10,237.90,1.0000,-1,-1
150,72,510.00,382.00,28.80,83.40,0.9510,-1,-1
150,73,834.00,363.00,26.30,69.10,0.9950,-1,-1
150,74,530.00,367.00,35.30,103.90,0.9900,-1,-1
150,78,188.00,378.00,23.80,68.60,0.9700,-1,-1
150,80,-14.00,397.00,74.10,187.40,0.9900,-1,-1
151,5,1786.00,317.00,209.50,623.70,0.9290,-1,-1
151,16,811.00,354.00,43.00,116.10,0.9990,-1,-1
151,29,1001.00,358.00,74.70,170.20,0.9990,-1,-1
151,34,904.00,355.00,41.60,125.60,0.9980,-1,-1
151,60,342.00,369.00,55.70,138.60,0.9980,-1,-1
151,62,591.00,358.00,66.00,140.80,0.9960,-1,-1
151,66,1105.00,337.00,68.60,168.90,0.9990,-1,-1
151,70,233.00,383.00,35.40,100.40,0.9370,-1,-1
151,71,66.00,347.00,105.10,253.30,1.0000,-1,-1
151,72,520.00,377.00,29.90,88.70,0.9410,-1,-1
151,73,842.00,357.00,27.70,74.20,0.9760,-1,-1
151,74,537.00,368.00,35.20,100.40,0.9970,-1,-1
151,78,197.00,378.00,20.70,62.90,0.9830,-1,-1
151,80,-6.00,391.00,65.70,193.00,0.9950,-1,-1
151,81,932.00,358.00,33.20,102.20,0.9640,-1,-1
152,16,813.00,353.00,40.20,124.30,0.9970,-1,-1
152,29,1003.00,353.00,70.20,173.70,1.0000,-1,-1
152,34,903.00,354.00,47.80,127.90,0.9990,-1,-1
152,60,345.00,372.00,49.60,126.50,0.9990,-1,-1
152,62,591.00,355.00,69.60,146.40,0.9980,-1,-1
152,66,1113.00,339.00,56.60,160.30,0.9980,-1,-1
152,70,236.00,380.00,33.30,102.20,0.9780,-1,-1
152,71,68.00,356.00,105.50,230.10,1.0000,-1,-1
152,72,517.00,382.00,25.90,82.00,0.9560,-1,-1
152,73,845.00,361.00,26.50,70.00,0.9730,-1,-1
152,74,540.00,367.00,35.90,98.70,0.9980,-1,-1
152,78,193.00,374.00,21.40,67.10,0.9810,-1,-1
152,80,-6.00,378.00,67.00,210.70,0.9950,-1,-1
153,16,817.00,349.00,42.40,117.00,0.9990,-1,-1
153,29,1007.00,349.00,68.40,170.80,1.0000,-1,-1
153,34,898.00,352.00,46.00,120.40,0.9980,-1,-1
153,60,347.00,370.00,51.70,126.10,0.9970,-1,-1
153,62,598.00,351.00,67.20,153.30,0.9990,-1,-1
153,66,1112.00,338.00,61.90,171.00,0.9920,-1,-1
153,70,235.00,376.00,36.90,103.80,0.9910,-1,-1
153,71,64.00,350.00,101.00,255.10,1.0000,-1,-1
153,72,523.00,374.00,26.70,85.80,0.9300,-1,-1
153,74,538.00,359.00,35.30,105.70,0.9970,-1,-1
153,78,200.00,375.00,24.80,59.50,0.9870,-1,-1
153,80,-11.00,386.00,75.40,185.00,0.9940,-1,-1
153,81,932.00,352.00,35.70,104.20,0.9910,-1,-1
154,16,822.00,353.00,38.10,110.70,0.9970,-1,-1
154,29,1013.00,349.00,63.90,163.20,1.0000,-1,-1
154,34,892.00,344.00,51.70,124.80,0.9990,-1,-1
154,60,349.00,360.00,53.10,135.10,0.9990,-1,-1
154,62,605.00,351.00,69.40,148.90,0.9980,-1,-1
154,66,1118.00,324.00,63.90,176.40,0.9900,-1,-1
154,70,241.00,373.00,38.70,100.80,0.9740,-1,-1
154,71,55.00,354.00,111.40,234.60,1.0000,-1,-1
154,72,523.00,374.00,26.40,79.40,0.9290,-1,-1
154,74,540.00,360.00,35.20,98.70,0.9990,-1,-1
154,78,200.00,370.00,25.20,68.30,0.9680,-1,-1
154,80,-13.00,382.00,78.70,204.80,0.9920,-1,-1
154,81,933.00,347.00,33.50,104.20,0.9880,-1,-1
155,5,1781.00,329.00,213.00,594.90,0.9240,-1,-1
155,16,821.00,341.00,39.90,126.40,0.9970,-1,-1
155,29,1017.00,340.00,63.00,175.60,0.9980,-1,-1
155,34,904.00,346.00,49.10,130.40,1.0000,-1,-1
155,60,353.00,367.00,49.10,125.50,0.9990,-1,-1
155,62,609.00,337.00,66.60,162.60,0.9950,-1,-1
155,66,1121.00,330.00,62.60,173.30,0.9920,-1,-1
155,70,246.00,371.00,32.50,103.20,0.9720,-1,-1
155,71,62.00,344.00,107.60,242.20,1.0000,-1,-1
155,72,529.00,373.00,27.00,83.60,0.9580,-1,-1
155,73,851.00,352.00,29.60,73.00,0.9710,-1,-1
155,74,543.00,359.00,33.90,100.10,0.9980,-1,-1
155,78,200.00,369.00,24.00,68.40,0.9580,-1,-1
155,80,-9.00,378.00,68.80,189.10,0.9940,-1,-1
156,5,1795.00,310.00,182.20,592.60,0.9550,-1,-1
156,16,823.00,339.00,40.10,128.20,0.9960,-1,-1
156,29,1014.00,350.00,62.10,165.20,0.9990,-1,-1
156,34,903.00,339.00,51.10,137.80,1.0000,-1,-1
156,60,349.00,362.00,51.00,130.90,0.9980,-1,-1
156,62,615.00,347.00,69.40,147.90,0.9970,-1,-1
156,66,1125.00,328.00,60.10,177.30,0.9970,-1,-1
156,70,238.00,368.00,39.50,106.40,0.9920,-1,-1
156,71,44.00,333.00,118.40,242.60,1.0000,-1,-1
156,72,526.00,365.00,28.50,89.40,0.9510,-1,-1
156,73,854.00,350.00,28.10,73.80,0.9830,-1,-1
156,74,548.00,357.00,34.60,101.00,0.9980,-1,-1
156,78,202.00,366.00,25.60,69.60,0.9960,-1,-1
156,80,-4.00,381.00,67.30,205.20,0.9980,-1,-1
156,81,939.00,346.00,33.40,101.40,0.9960,-1,-1
157,5,1776.00,318.00,206.80,597.10,0.9880,-1,-1
157,16,824.00,336.00,46.50,127.70,0.9980,-1,-1
157,29,1014.00,350.00,61.80,160.30,1.0000,-1,-1
157,34,901.00,342.00,49.20,129.40,1.0000,-1,-1
157,60,348.00,363.00,52.70,132.70,0.9980,-1,-1
157,62,618.00,343.00,65.70,140.90,0.9960,-1,-1
157,66,1126.00,327.00,58.30,174.80,0.9840,-1,-1
157,70,245.00,366.00,38.80,107.20,0.9870,-1,-1
157,71,55.00,332.00,117.70,253.50,1.0000,-1,-1
157,72,523.00,367.00,28.90,88.60,0.9300,-1,-1
157,74,548.00,356.00,35.50,104.20,0.9980,-1,-1
157,78,201.00,363.00,25.70,68.40,0.9840,-1,-1
157,80,-8.00,370.00,70.70,206.90,0.9980,-1,-1
157,81,939.00,341.00,36.50,107.70,0.9930,-1,-1
158,5,1761.00,310.00,205.70,606.10,0.9950,-1,-1
158,16,825.00,339.00,40.20,129.40,0.9950,-1,-1
158,29,1014.00,346.00,71.30,170.70,0.9990,-1,-1
158,34,898.00,338.00,49.70,131.90,0.9990,-1,-1
158,60,351.00,354.00,49.50,134.30,0.9970,-1,-1
158,62,616.00,341.00,68.80,140.90,0.9970,-1,-1
158,66,1118.00,329.00,64.00,172.90,0.9990,-1,-1
158,70,239.00,367.00,36.40,106.00,0.9610,-1,-1
158,71,50.00,346.00,115.40,242.50,1.0000,-1,-1
158,74,546.00,358.00,37.10,99.00,0.9920,-1,-1
158,78,198.00,366.00,19.10,61.40,0.9890,-1,-1
158,80,-10.00,372.00,67.60,198.40,0.9960,-1,-1
158,81,934.00,345.00,34.50,106.00,0.9720,-1,-1
158,82,596.00,364.00,36.40,111.60,0.9660,-1,-1
159,5,1751.00,292.00,219.80,639.00,0.9980,-1,-1
159,16,824.00,343.00,40.60,119.40,0.9980,-1,-1
159,29,1013.00,354.00,68.10,161.80,1.0000,-1,-1
159,34,903.00,344.00,48.10,126.10,1.0000,-1,-1
159,60,354.00,364.00,50.40,130.40,0.9950,-1,-1
159,62,614.00,342.00,76.40,142.50,0.9960,-1,-1
159,66,1124.00,318.00,65.30,175.80,0.9990,-1,-1
159,70,241.00,363.00,40.40,110.60,0.9820,-1,-1
159,71,51.00,352.00,105.80,226.20,0.9990,-1,-1
159,74,542.00,356.00,39.70,107.40,0.9900,-1,-1
159,78,197.00,366.00,23.30,65.50,0.9930,-1,-1
159,80,-6.00,384.00,67.40,206.80,0.9950,-1,-1
159,81,939.00,345.00,34.40,103.30,0.9940,-1,-1
159,82,594.00,360.00,34.60,112.40,0.9510,-1,-1
160,5,1739.00,287.00,231.40,642.00,0.9990,-1,-1
160,16,820.00,344.00,42.30,125.90,0.9990,-1,-1
160,29,1006.00,354.00,67.60,161.80,1.0000,-1,-1
160,34,902.00,343.00,47.90,127.10,0.9980,-1,-1
160,60,351.00,362.00,53.80,137.70,0.9980,-1,-1
160,62,624.00,348.00,67.60,145.90,0.9920,-1,-1
160,66,1122.00,317.00,62.70,180.10,0.9990,-1,-1
160,70,240.00,367.00,34.60,106.80,0.9930,-1,-1
160,71,36.00,330.00,112.90,272.00,1.0000,-1,-1
160,72,518.00,371.00,27.40,82.10,0.9140,-1,-1
160,73,854.00,356.00,25.40,67.30,0.9780,-1,-1
160,74,545.00,363.00,34.50,100.80,0.9890,-1,-1
160,78,196.00,361.00,24.70,72.50,0.9620,-1,-1
160,80,-13.00,383.00,73.70,183.90,0.9740,-1,-1
160,81,934.00,341.00,38.70,110.90,0.9990,-1,-1
160,82,596.00,362.00,32.70,110.70,0.9750,-1,-1
161,5,1713.00,299.00,225.10,640.60,1.0000,-1,-1
161,16,818.00,342.00,45.70,138.00,0.9950,-1,-1
161,29,997.00,349.00,68.50,171.20,1.0000,-1,-1
161,34,890.00,343.00,50.30,126.40,0.9990,-1,-1
161,60,339.00,367.00,53.40,135.80,0.9960,-1,-1
161,62,612.00,344.00,71.10,155.90,0.9950,-1,-1
161,66,1116.00,322.00,71.20,181.90,0.9990,-1,-1
161,70,223.00,370.00,38.80,105.40,0.9800,-1,-1
161,71,15.00,351.00,124.50,247.30,1.0000,-1,-1
161,73,844.00,357.00,27.00,65.50,0.9950,-1,-1
161,74,532.00,362.00,38.10,108.40,0.9920,-1,-1
161,81,930.00,350.00,36.50,108.70,0.9940,-1,-1
161,82,580.00,360.00,33.50,111.80,0.9620,-1,-1
161,83,180.00,365.00,22.80,70.10,0.9670,-1,-1
161,84,501.00,371.00,27.90,96.60,0.9180,-1,-1
162,5,1700.00,328.00,236.00,582.90,1.0000,-1,-1
162,16,809.00,350.00,48.10,122.10,0.9960,-1,-1
162,29,994.00,352.00,75.60,169.60,1.0000,-1,-1
162,34,888.00,345.00,45.30,129.90,0.9990,-1,-1
162,60,335.00,366.00,50.30,127.90,0.9980,-1,-1
162,62,618.00,340.00,65.20,156.60,0.9950,-1,-1
162,66,1122.00,320.00,63.70,190.70,1.0000,-1,-1
162,70,223.00,370.00,37.10,106.20,0.9940,-1,-1
162,71,25.00,328.00,113.20,286.00,1.0000,-1,-1
162,73,839.00,356.00,27.00,68.10,0.9960,-1,-1
162,74,530.00,358.00,37.40,105.70,0.9930,-1,-1
162,81,928.00,344.00,38.40,108.10,0.9990,-1,-1
162,82,584.00,365.00,30.30,107.80,0.9670,-1,-1
162,83,184.00,368.00,23.40,65.30,0.9260,-1,-1
162,84,505.00,374.00,28.30,89.40,0.9560,-1,-1
163,5,1700.00,301.00,221.90,636.60,1.0000,-1,-1
163,16,809.00,346.00,45.70,122.90,0.9970,-1,-1
163,29,989.00,342.00,72.70,180.00,0.9990,-1,-1
163,34,884.00,349.00,47.70,130.80,0.9990,-1,-1
163,60,334.00,369.00,48.50,127.80,0.9960,-1,-1
163,62,609.00,348.00,70.80,159.60,0.9970,-1,-1
163,66,1117.00,328.00,57.20,178.00,0.9980,-1,-1
163,70,214.00,371.00,40.70,106.40,0.9900,-1,-1
163,71,13.00,336.00,119.80,263.20,1.0000,-1,-1
163,74,519.00,359.00,37.80,106.90,0.9930,-1,-1
163,81,919.00,349.00,37.10,108.20,0.9980,-1,-1
163,82,580.00,361.00,33.60,107.70,0.9260,-1,-1
163,84,501.00,372.00,28.40,91.20,0.9450,-1,-1
163,85,168.00,361.00,23.90,73.30,0.9160,-1,-1
164,5,1676.00,309.00,239.20,630.30,1.0000,-1,-1
164,16,804.00,342.00,40.60,127.20,0.9940,-1,-1
164,29,985.00,344.00,69.10,169.00,1.0000,-1,-1
164,34,881.00,344.00,49.60,127.10,0.9990,-1,-1
164,60,324.00,369.00,52.50,126.60,0.9940,-1,-1
164,62,613.00,349.00,65.30,143.10,0.9910,-1,-1
164,66,1105.00,324.00,67.80,178.20,0.9990,-1,-1
164,70,209.00,368.00,37.60,107.80,0.9720,-1,-1
164,71,6.00,330.00,116.50,268.70,1.0000,-1,-1
164,73,833.00,355.00,25.00,68.90,0.9060,-1,-1
164,74,518.00,360.00,38.70,111.40,0.9980,-1,-1
164,81,922.00,348.00,35.70,102.30,0.9990,-1,-1
164,82,575.00,368.00,32.70,111.20,0.9920,-1,-1
164,84,494.00,374.00,27.70,85.90,0.9550,-1,-1
165,5,1699.00,323.00,216.90,628.00,1.0000,-1,-1
165,16,799.00,349.00,43.20,127.30,0.9980,-1,-1
165,29,975.00,341.00,66.00,180.60,1.0000,-1,-1
165,34,872.00,345.00,47.20,125.80,1.0000,-1,-1
165,60,317.00,360.00,52.50,139.70,0.9980,-1,-1
165,62,604.00,347.00,69.20,148.10,0.9950,-1,-1
165,66,1107.00,324.00,65.20,188.30,1.0000,-1,-1
165,70,203.00,371.00,37.80,102.70,0.9510,-1,-1
165,71,-9.00,341.00,113.80,254.80,0.9990,-1,-1
165,73,830.00,353.00,28.60,75.30,0.9860,-1,-1
165,74,512.00,358.00,38.00,113.50,0.9860,-1,-1
165,81,919.00,352.00,36.30,102.40,0.9880,-1,-1
165,82,570.00,361.00,33.70,113.50,0.9800,-1,-1
165,84,489.00,370.00,27.40,88.70,0.9360,-1,-1
166,5,1681.00,312.00,211.30,601.30,1.0000,-1,-1
166,16,789.00,346.00,40.90,123.50,0.9930,-1,-1
166,29,960.00,341.00,68.30,176.00,1.0000,-1,-1
166,34,863.00,348.00,47.30,127.20,0.9990,-1,-1
166,60,305.00,356.00,51.30,133.50,0.9970,-1,-1
166,62,593.00,336.00,71.40,169.30,0.9950,-1,-1
166,66,1101.00,327.00,61.90,185.50,0.9990,-1,-1
166,70,187.00,371.00,35.20,102.20,0.9730,-1,-1
166,71,-13.00,345.00,96.50,260.70,0.9960,-1,-1
166,73,818.00,354.00,26.90,66.60,0.9870,-1,-1
166,74,497.00,361.00,38.20,109.00,0.9840,-1,-1
166,81,918.00,353.00,37.30,111.00,0.9060,-1,-1
166,82,558.00,361.00,34.00,113.20,0.9700,-1,-1
166,86,900.00,345.00,37.40,108.60,0.9950,-1,-1
166,87,143.00,365.00,21.90,68.80,0.9680,-1,-1
166,88,475.00,374.00,27.50,83.10,0.9420,-1,-1
167,5,1672.00,319.00,215.40,624.40,1.0000,-1,-1
167,16,783.00,348.00,47.40,127.60,0.9940,-1,-1
167,29,958.00,354.00,71.60,161.10,1.0000,-1,-1
167,34,857.00,349.00,49.40,132.90,0.9990,-1,-1
167,60,302.00,364.00,53.30,128.30,0.9960,-1,-1
167,62,593.00,340.00,62.80,155.40,0.9970,-1,-1
167,66,1088.00,325.00,68.10,191.30,0.9990,-1,-1
167,70,179.00,369.00,41.70,107.90,0.9820,-1,-1
167,71,-15.00,359.00,83.00,253.70,0.9590,-1,-1
167,73,811.00,357.00,27.40,68.10,0.9960,-1,-1
167,74,495.00,357.00,42.20,116.30,0.9850,-1,-1
167,82,553.00,364.00,31.80,102.90,0.9790,-1,-1
167,86,900.00,351.00,34.80,99.20,0.9980,-1,-1
167,88,466.00,374.00,27.40,87.40,0.9320,-1,-1
168,5,1669.00,304.00,199.30,650.40,1.0000,-1,-1
168,16,774.00,350.00,42.50,120.60,1.0000,-1,-1
168,29,949.00,344.00,73.30,169.50,1.0000,-1,-1
168,34,850.00,342.00,51.40,131.40,1.0000,-1,-1
168,60,294.00,364.00,52.80,134.00,0.9980,-1,-1
168,62,585.00,340.00,70.70,164.30,0.9990,-1,-1
168,66,1086.00,324.00,70.90,183.10,0.9990,-1,-1
168,70,172.00,370.00,41.20,107.90,0.9840,-1,-1
168,73,805.00,353.00,28.20,74.60,0.9990,-1,-1
168,74,486.00,356.00,39.50,118.80,0.9860,-1,-1
168,82,550.00,358.00,34.50,108.00,0.9900,-1,-1
168,86,890.00,348.00,36.30,103.10,0.9980,-1,-1
168,87,131.00,369.00,24.80,64.80,0.9190,-1,-1
168,88,460.00,372.00,26.50,88.50,0.9090,-1,-1
169,5,1658.00,321.00,212.80,612.00,1.0000,-1,-1
169,16,767.00,339.00,44.10,132.80,0.9930,-1,-1
169,29,944.00,347.00,62.50,160.90,1.0000,-1,-1
169,34,839.00,343.00,47.80,128.40,1.0000,-1,-1
169,60,285.00,361.00,56.10,130.60,0.9950,-1,-1
169,62,577.00,342.00,69.40,150.00,0.9940,-1,-1
169,66,1081.00,320.00,63.90,182.00,0.9990,-1,-1
169,70,164.00,372.00,42.20,108.70,0.9820,-1,-1
169,73,798.00,355.00,27.90,70.20,0.9980,-1,-1
169,74,474.00,356.00,38.40,116.70,0.9860,-1,-1
169,77,124.00,371.00,22.20,66.20,0.9550,-1,-1
169,82,542.00,365.00,30.90,99.60,0.9780,-1,-1
169,86,887.00,348.00,34.80,101.30,0.9990,-1,-1
169,88,447.00,366.00,30.80,98.70,0.9210,-1,-1
170,5,1631.00,306.00,205.60,621.80,1.0000,-1,-1
170,16,753.00,346.00,43.20,121.20,0.9990,-1,-1
170,29,934.00,349.00,65.30,161.70,1.0000,-1,-1
170,34,831.00,337.00,48.30,129.30,0.9990,-1,-1
170,60,277.00,361.00,55.50,133.90,0.9930,-1,-1
170,62,564.00,342.00,71.70,163.20,0.9980,-1,-1
170,66,1074.00,317.00,69.10,192.80,0.9990,-1,-1
170,70,148.00,366.00,44.60,111.50,0.9920,-1,-1
170,73,790.00,356.00,27.60,66.60,0.9980,-1,-1
170,74,464.00,357.00,36.80,114.70,0.9930,-1,-1
170,76,108.00,369.00,19.80,63.10,0.9430,-1,-1
170,82,533.00,367.00,30.10,99.30,0.9750,-1,-1
170,86,878.00,347.00,34.80,100.80,0.9990,-1,-1
170,88,438.00,368.00,28.00,96.10,0.9470,-1,-1
171,5,1630.00,300.00,188.50,610.90,1.0000,-1,-1
171,16,740.00,350.00,41.90,121.90,1.0000,-1,-1
171,29,918.00,341.00,67.50,175.00,1.0000,-1,-1
171,34,812.00,346.00,49.10,130.00,1.0000,-1,-1
171,60,258.00,364.00,51.30,135.70,0.9890,-1,-1
171,62,545.00,338.00,74.00,155.80,0.9980,-1,-1
171,66,1057.00,328.00,67.50,189.80,0.9990,-1,-1
171,70,127.00,370.00,38.40,109.30,0.9860,-1,-1
171,72,514.00,360.00,33.60,111.30,0.9540,-1,-1
171,73,771.00,356.00,27.20,72.70,0.9970,-1,-1
171,74,445.00,358.00,41.60,114.30,0.9960,-1,-1
171,86,863.00,341.00,35.10,109.30,0.9980,-1,-1
171,88,421.00,370.00,27.90,89.90,0.9200,-1,-1
172,5,1623.00,293.00,172.80,624.60,1.0000,-1,-1
172,16,730.00,347.00,45.70,130.90,1.0000,-1,-1
172,29,909.00,350.00,67.80,161.90,1.0000,-1,-1
172,34,811.00,342.00,46.10,135.60,0.9990,-1,-1
172,60,246.00,369.00,48.80,128.20,0.9890,-1,-1
172,62,543.00,348.00,73.70,155.30,0.9990,-1,-1
172,66,1058.00,321.00,67.60,196.20,1.0000,-1,-1
172,70,117.00,375.00,44.70,110.70,0.9900,-1,-1
172,72,507.00,363.00,36.50,110.40,0.9800,-1,-1
172,73,766.00,350.00,27.50,71.90,0.9580,-1,-1
172,74,435.00,358.00,40.90,114.80,0.9960,-1,-1
172,86,853.00,344.00,36.40,107.50,0.9980,-1,-1
172,89,701.00,378.00,21.90,52.80,0.9410,-1,-1
173,5,1598.00,284.00,186.40,637.90,1.0000,-1,-1
173,16,728.00,351.00,42.70,127.10,1.0000,-1,-1
173,29,908.00,347.00,69.10,172.20,0.9990,-1,-1
173,34,804.00,349.00,51.40,133.20,1.0000,-1,-1
173,60,236.00,371.00,53.80,123.90,0.9870,-1,-1
173,62,538.00,339.00,67.30,161.10,0.9990,-1,-1
173,66,1053.00,316.00,63.90,201.80,0.9990,-1,-1
173,70,105.00,371.00,38.90,111.60,0.9930,-1,-1
173,72,500.00,366.00,36.10,110.40,0.9530,-1,-1
173,73,760.00,355.00,28.40,71.20,0.9960,-1,-1
173,74,428.00,356.00,38.00,122.40,0.9960,-1,-1
173,86,847.00,346.00,35.10,105.70,0.9990,-1,-1
173,90,1798.00,274.00,179.90,662.10,0.9560,-1,-1
173,91,68.00,375.00,23.10,65.30,0.9210,-1,-1
174,5,1580.00,307.00,202.20,618.10,1.0000,-1,-1
174,16,725.00,346.00,43.20,131.70,0.9800,-1,-1
174,29,899.00,345.00,69.80,170.30,0.9990,-1,-1
174,34,800.00,340.00,47.20,135.70,0.9880,-1,-1
174,60,242.00,374.00,44.60,124.00,0.9700,-1,-1
174,62,535.00,339.00,70.80,159.70,0.9920,-1,-1
174,66,1045.00,310.00,68.40,203.40,0.9860,-1,-1
174,70,109.00,367.00,36.20,111.20,0.9450,-1,-1
174,72,485.00,367.00,39.10,113.30,0.9120,-1,-1
174,74,426.00,357.00,38.50,110.80,0.9880,-1,-1
174,86,846.00,342.00,38.50,121.30,0.9960,-1,-1
174,90,1776.00,265.00,197.50,650.30,0.9840,-1,-1
175,5,1590.00,303.00,177.80,598.00,1.0000,-1,-1
175,16,717.00,346.00,43.90,132.50,1.0000,-1,-1
175,29,896.00,345.00,68.20,173.90,0.9990,-1,-1
175,34,787.00,348.00,50.30,130.80,0.9990,-1,-1
175,60,232.00,376.00,52.90,124.70,0.9580,-1,-1
175,62,528.00,341.00,63.10,164.00,0.9980,-1,-1
175,66,1040.00,320.00,69.30,198.50,0.9980,-1,-1
175,70,93.00,374.00,40.90,112.60,0.9900,-1,-1
175,73,749.00,356.00,26.50,67.40,0.9780,-1,-1
175,74,410.00,360.00,47.00,115.30,0.9960,-1,-1
175,86,845.00,347.00,36.80,107.00,0.9980,-1,-1
175,88,389.00,373.00,31.00,101.00,0.9080,-1,-1
175,90,1753.00,271.00,212.90,669.30,0.9970,-1,-1
175,92,52.00,378.00,24.50,64.70,0.9830,-1,-1
176,5,1563.00,290.00,196.60,630.90,1.0000,-1,-1
176,16,714.00,350.00,42.20,126.90,0.9990,-1,-1
176,29,892.00,350.00,63.40,166.60,0.9990,-1,-1
176,34,793.00,346.00,51.70,137.90,1.0000,-1,-1
176,60,229.00,374.00,45.90,124.70,0.9990,-1,-1
176,62,518.00,343.00,77.00,161.80,0.9990,-1,-1
176,66,1036.00,312.00,67.20,207.80,1.0000,-1,-1
176,70,97.00,376.00,37.50,108.60,0.9820,-1,-1
176,72,488.00,368.00,32.20,109.10,0.9640,-1,-1
176,73,752.00,358.00,26.60,69.10,0.9980,-1,-1
176,74,413.00,358.00,40.50,119.20,0.9990,-1,-1
176,86,844.00,351.00,33.70,99.20,0.9980,-1,-1
176,90,1731.00,265.00,212.90,660.10,0.9990,-1,-1
176,92,51.00,375.00,26.50,73.90,0.9540,-1,-1
176,93,826.00,340.00,37.70,115.30,0.9580,-1,-1
176,94,951.00,363.00,35.80,88.80,0.9320,-1,-1
176,95,393.00,367.00,30.00,99.30,0.9010,-1,-1
177,5,1563.00,298.00,182.60,619.80,1.0000,-1,-1
177,16,716.00,348.00,42.30,138.40,0.9980,-1,-1
177,29,885.00,343.00,67.50,165.20,0.9990,-1,-1
177,34,792.00,345.00,50.20,135.40,1.0000,-1,-1
177,60,221.00,372.00,52.00,135.50,0.9940,-1,-1
177,62,524.00,340.00,81.90,167.40,0.9990,-1,-1
177,66,1046.00,317.00,68.80,208.70,0.9990,-1,-1
177,70,91.00,379.00,39.90,107.00,0.9890,-1,-1
177,72,484.00,372.00,30.70,99.80,0.9540,-1,-1
177,73,750.00,361.00,26.60,67.40,0.9720,-1,-1
177,74,416.00,356.00,39.70,117.60,1.0000,-1,-1
177,86,834.00,347.00,38.30,105.50,0.9980,-1,-1
177,90,1725.00,282.00,209.60,657.30,1.0000,-1,-1
177,92,50.00,378.00,24.00,66.30,0.9090,-1,-1
178,5,1539.00,293.00,200.20,643.20,1.0000,-1,-1
178,16,715.00,342.00,43.60,138.80,0.9990,-1,-1
178,29,890.00,348.00,67.80,164.10,0.9990,-1,-1
178,34,786.00,344.00,52.60,133.50,1.0000,-1,-1
178,60,223.00,366.00,52.70,130.60,0.9960,-1,-1
178,62,522.00,350.00,75.90,160.50,1.0000,-1,-1
178,66,1043.00,319.00,68.80,199.40,0.9990,-1,-1
178,70,91.00,377.00,40.90,109.80,0.9630,-1,-1
178,72,481.00,365.00,33.90,108.80,0.9860,-1,-1
178,73,750.00,357.00,26.10,69.10,0.9950,-1,-1
178,74,411.00,356.00,40.40,118.70,0.9990,-1,-1
178,86,839.00,345.00,37.50,109.60,0.9960,-1,-1
178,90,1718.00,265.00,217.40,679.30,1.0000,-1,-1
178,92,48.00,373.00,23.90,70.50,0.9380,-1,-1
178,94,946.00,338.00,41.60,111.00,0.9220,-1,-1
179,5,1548.00,298.00,184.20,630.00,1.0000,-1,-1
179,16,713.00,345.00,45.70,133.30,0.9990,-1,-1
179,29,889.00,347.00,66.90,162.20,0.9990,-1,-1
179,34,787.00,347.00,46.10,124.80,0.9990,-1,-1
179,60,217.00,363.00,52.40,133.60,0.9970,-1,-1
179,62,522.00,347.00,75.00,163.30,1.0000,-1,-1
179,66,1052.00,313.00,63.80,201.00,0.9990,-1,-1
179,70,84.00,369.00,43.90,112.70,0.9900,-1,-1
179,72,481.00,365.00,32.00,107.30,0.9660,-1,-1
179,73,749.00,352.00,27.80,70.30,0.9810,-1,-1
179,74,406.00,356.00,39.00,114.80,0.9850,-1,-1
179,86,843.00,346.00,36.80,102.10,0.9980,-1,-1
179,90,1724.00,294.00,213.50,641.70,1.0000,-1,-1
179,92,43.00,369.00,26.20,71.50,0.9770,-1,-1
179,93,825.00,340.00,38.60,114.30,0.9630,-1,-1
179,94,944.00,344.00,36.90,100.20,0.9500,-1,-1
180,5,1531.00,300.00,189.30,626.00,1.0000,-1,-1
180,16,712.00,340.00,43.90,130.10,0.9990,-1,-1
180,29,887.00,340.00,61.60,170.60,0.9990,-1,-1
180,34,788.00,338.00,47.10,132.20,1.0000,-1,-1
180,60,218.00,361.00,51.50,127.50,0.9900,-1,-1
180,62,521.00,336.00,77.70,168.40,1.0000,-1,-1
180,66,1043.00,312.00,69.00,198.20,0.9990,-1,-1
180,70,90.00,365.00,40.00,111.70,0.9670,-1,-1
180,73,750.00,347.00,28.20,71.60,0.9950,-1,-1
180,74,408.00,351.00,40.90,119.50,0.9990,-1,-1
180,82,486.00,356.00,34.00,116.60,0.9520,-1,-1
180,86,844.00,341.00,35.80,104.60,0.9950,-1,-1
180,90,1711.00,283.00,218.30,671.00,1.0000,-1,-1
180,92,44.00,368.00,25.20,73.30,0.9760,-1,-1
180,94,944.00,341.00,36.30,101.50,0.9750,-1,-1
180,95,389.00,358.00,34.70,104.10,0.9110,-1,-1
181,5,1514.00,314.00,181.80,614.40,1.0000,-1,-1
181,16,708.00,337.00,46.30,126.50,1.0000,-1,-1
181,29,877.00,331.00,69.90,164.40,1.0000,-1,-1
181,34,783.00,329.00,50.80,134.60,0.9990,-1,-1
181,60,221.00,355.00,50.50,128.80,0.9950,-1,-1
181,62,510.00,329.00,79.40,165.80,1.0000,-1,-1
181,66,1043.00,309.00,67.70,204.30,0.9990,-1,-1
181,70,82.00,360.00,39.10,115.40,0.9600,-1,-1
181,73,746.00,340.00,26.70,70.20,1.0000,-1,-1
181,74,403.00,338.00,40.80,119.00,0.9990,-1,-1
181,82,476.00,354.00,46.20,107.20,0.9900,-1,-1
181,90,1702.00,265.00,221.70,682.70,1.0000,-1,-1
181,92,42.00,356.00,24.70,71.90,0.9720,-1,-1
181,93,833.00,332.00,34.60,107.30,0.9950,-1,-1
181,94,942.00,334.00,34.80,98.40,0.9930,-1,-1
182,5,1508.00,299.00,203.20,599.90,1.0000,-1,-1
182,16,709.00,324.00,44.00,145.20,1.0000,-1,-1
182,29,880.00,337.00,65.50,164.30,0.9980,-1,-1
182,34,778.00,327.00,50.80,134.70,0.9980,-1,-1
182,60,221.00,348.00,49.50,128.30,0.9960,-1,-1
182,62,508.00,322.00,78.30,167.20,1.0000,-1,-1
182,66,1045.00,298.00,66.20,213.70,0.9990,-1,-1
182,70,80.00,350.00,45.20,119.80,0.9850,-1,-1
182,73,750.00,342.00,23.90,64.10,0.9980,-1,-1
182,74,403.00,339.00,42.30,115.60,1.0000,-1,-1
182,82,476.00,350.00,46.90,104.70,0.9910,-1,-1
182,86,846.00,333.00,36.90,102.30,0.9990,-1,-1
182,90,1729.00,270.00,187.90,643.80,1.0000,-1,-1
182,92,41.00,352.00,25.00,72.80,0.9730,-1,-1
182,93,821.00,331.00,39.90,110.50,0.9500,-1,-1
182,94,943.00,326.00,41.00,115.60,0.9520,-1,-1
182,95,382.00,352.00,29.00,92.90,0.9110,-1,-1
183,5,1520.00,299.00,174.40,609.40,1.0000,-1,-1
183,16,710.00,331.00,43.70,131.10,1.0000,-1,-1
183,29,872.00,329.00,71.00,166.70,0.9980,-1,-1
183,34,781.00,326.00,49.70,140.00,0.9990,-1,-1
183,60,218.00,347.00,51.30,129.90,0.9980,-1,-1
183,62,507.00,321.00,86.10,164.10,0.9990,-1,-1
183,66,1047.00,299.00,70.30,206.20,0.9990,-1,-1
183,70,80.00,346.00,44.20,120.20,0.9890,-1,-1
183,73,748.00,334.00,27.30,69.20,0.9990,-1,-1
183,74,399.00,337.00,43.80,119.90,1.0000,-1,-1
183,82,481.00,346.00,32.90,104.50,0.9150,-1,-1
183,86,842.00,325.00,37.50,110.80,0.9980,-1,-1
183,90,1705.00,270.00,207.10,648.20,1.0000,-1,-1
183,92,41.00,351.00,24.00,70.40,0.9650,-1,-1
183,94,938.00,335.00,35.50,92.80,0.9810,-1,-1
183,95,380.00,349.00,30.60,98.80,0.9210,-1,-1
184,5,1493.00,294.00,191.20,602.40,1.0000,-1,-1
184,16,702.00,330.00,51.20,131.40,1.0000,-1,-1
184,29,872.00,331.00,65.50,163.20,0.9990,-1,-1
184,34,778.00,323.00,47.60,139.90,0.9970,-1,-1
184,60,216.00,344.00,49.60,135.80,0.9970,-1,-1
184,62,506.00,323.00,82.80,160.40,1.0000,-1,-1
184,66,1049.00,299.00,62.10,212.70,0.9980,-1,-1
184,70,74.00,352.00,40.20,108.90,0.9800,-1,-1
184,73,746.00,334.00,27.10,66.20,0.9980,-1,-1
184,74,395.00,332.00,46.70,123.60,0.9920,-1,-1
184,82,478.00,346.00,32.00,100.50,0.9650,-1,-1
184,86,833.00,324.00,38.20,108.70,0.9990,-1,-1
184,90,1708.00,258.00,204.60,681.30,1.0000,-1,-1
184,94,934.00,332.00,34.40,91.80,0.9990,-1,-1
184,95,376.00,344.00,32.40,101.00,0.9480,-1,-1
184,96,100.00,350.00,29.70,69.80,0.9100,-1,-1
185,5,1491.00,291.00,170.00,638.40,1.0000,-1,-1
185,16,706.00,325.00,50.20,132.80,1.0000,-1,-1
185,29,869.00,326.00,66.80,161.00,0.9990,-1,-1
185,34,776.00,332.00,46.50,127.60,0.9970,-1,-1
185,60,219.00,339.00,52.00,130.90,0.9950,-1,-1
185,62,519.00,321.00,69.30,151.90,1.0000,-1,-1
185,66,1050.00,298.00,63.60,206.70,0.9980,-1,-1
185,70,76.00,343.00,39.40,117.00,0.9850,-1,-1
185,73,750.00,335.00,25.50,66.00,0.9950,-1,-1
185,74,393.00,326.00,43.20,125.90,0.9910,-1,-1
185,82,480.00,341.00,36.50,111.90,0.9800,-1,-1
185,86,832.00,317.00,40.00,119.60,0.9990,-1,-1
185,90,1696.00,248.00,215.40,666.80,1.0000,-1,-1
185,92,36.00,346.00,23.30,68.30,0.9870,-1,-1
185,94,929.00,328.00,39.50,102.90,0.9990,-1,-1
185,95,376.00,343.00,30.70,100.20,0.9660,-1,-1
186,5,1473.00,282.00,204.10,621.20,1.0000,-1,-1
186,16,708.00,325.00,45.60,134.10,1.0000,-1,-1
186,29,875.00,326.00,65.70,168.10,0.9990,-1,-1
186,34,779.00,320.00,51.30,140.70,0.9990,-1,-1
186,60,213.00,341.00,54.40,139.70,0.9930,-1,-1
186,62,512.00,311.00,77.30,167.60,1.0000,-1,-1
186,66,1048.00,297.00,66.80,209.80,0.9990,-1,-1
186,70,74.00,342.00,44.50,116.30,0.9970,-1,-1
186,73,749.00,328.00,29.10,76.60,0.9990,-1,-1
186,74,398.00,326.00,42.00,122.10,0.9990,-1,-1
186,82,474.00,338.00,34.80,108.80,0.9520,-1,-1
186,86,831.00,318.00,37.60,112.10,0.9990,-1,-1
186,90,1683.00,258.00,222.50,645.20,1.0000,-1,-1
186,92,31.00,337.00,27.00,81.20,0.9930,-1,-1
186,94,922.00,324.00,38.70,115.70,0.9990,-1,-1
186,95,376.00,338.00,33.20,106.90,0.9000,-1,-1
187,5,1472.00,287.00,200.20,629.20,1.0000,-1,-1
187,16,705.00,329.00,47.20,126.10,1.0000,-1,-1
187,29,877.00,335.00,61.80,159.20,0.9990,-1,-1
187,34,780.00,322.00,50.60,140.00,0.9990,-1,-1
187,60,214.00,341.00,52.10,134.90,0.9880,-1,-1
187,62,505.00,318.00,71.00,160.20,1.0000,-1,-1
187,66,1047.00,296.00,71.10,215.40,0.9990,-1,-1
187,70,73.00,343.00,44.70,116.20,0.9950,-1,-1
187,73,751.00,335.00,25.60,68.70,0.9990,-1,-1
187,74,385.00,326.00,45.20,119.70,0.9950,-1,-1
187,82,481.00,341.00,37.40,110.20,0.9450,-1,-1
187,86,831.00,323.00,37.80,111.50,1.0000,-1,-1
187,90,1681.00,270.00,220.70,639.00,1.0000,-1,-1
187,92,30.00,342.00,27.00,78.30,0.9900,-1,-1
187,94,926.00,334.00,35.70,98.30,0.9980,-1,-1
188,5,1443.00,268.00,196.40,649.40,1.0000,-1,-1
188,16,707.00,321.00,49.40,135.40,1.0000,-1,-1
188,29,865.00,327.00,74.50,170.20,0.9960,-1,-1
188,34,772.00,323.00,55.20,141.50,0.9990,-1,-1
188,60,214.00,338.00,50.70,133.30,0.9880,-1,-1
188,62,509.00,304.00,73.80,175.70,1.0000,-1,-1
188,66,1045.00,290.00,77.50,220.40,1.0000,-1,-1
188,70,70.00,340.00,41.30,110.90,0.9930,-1,-1
188,73,750.00,332.00,29.90,68.20,0.9980,-1,-1
188,74,397.00,329.00,40.10,118.80,0.9930,-1,-1
188,86,831.00,322.00,40.70,113.30,1.0000,-1,-1
188,90,1648.00,270.00,259.50,657.50,1.0000,-1,-1
188,94,918.00,323.00,39.40,123.90,0.9980,-1,-1
188,95,378.00,343.00,32.10,98.90,0.9410,-1,-1
188,96,94.00,337.00,33.30,75.10,0.9700,-1,-1
189,5,1435.00,267.00,216.70,660.00,1.0000,-1,-1
189,16,708.00,328.00,48.20,135.30,1.0000,-1,-1
189,29,867.00,324.00,67.40,163.70,0.9990,-1,-1
189,34,773.00,324.00,43.80,131.90,0.9990,-1,-1
189,60,216.00,338.00,52.00,135.90,0.9950,-1,-1
189,62,507.00,309.00,82.60,175.80,1.0000,-1,-1
189,66,1044.00,292.00,79.30,220.10,0.9990,-1,-1
189,70,70.00,339.00,40.60,118.70,0.9800,-1,-1
189,73,751.00,330.00,30.20,75.30,0.9960,-1,-1
189,74,389.00,330.00,44.40,128.80,0.9990,-1,-1
189,82,479.00,345.00,41.40,110.20,0.9720,-1,-1
189,86,830.00,324.00,38.80,113.50,0.9990,-1,-1
189,90,1648.00,271.00,258.30,640.70,1.0000,-1,-1
189,94,919.00,332.00,38.60,112.80,0.9970,-1,-1
190,5,1426.00,276.00,228.60,654.80,1.0000,-1,-1
190,16,703.00,327.00,53.80,143.30,1.0000,-1,-1
190,29,868.00,333.00,65.40,153.90,0.9990,-1,-1
190,34,775.00,332.00,48.10,131.20,0.9990,-1,-1
190,60,216.00,343.00,52.40,138.80,0.9950,-1,-1
190,62,505.00,315.00,75.90,165.50,1.0000,-1,-1
190,66,1054.00,292.00,75.60,231.90,1.0000,-1,-1
190,70,72.00,344.00,40.20,108.70,0.9880,-1,-1
190,73,749.00,332.00,31.60,74.20,0.9980,-1,-1
190,74,391.00,335.00,42.30,115.50,1.0000,-1,-1
190,82,482.00,343.00,32.50,104.20,0.9320,-1,-1
190,86,830.00,327.00,35.80,110.20,0.9990,-1,-1
190,90,1632.00,267.00,257.90,658.40,1.0000,-1,-1
190,92,32.00,345.00,25.50,67.80,0.9900,-1,-1
190,94,919.00,331.00,34.80,112.90,0.9990,-1,-1
190,95,373.00,346.00,30.50,95.50,0.9730,-1,-1
191,5,1423.00,283.00,222.50,677.00,1.0000,-1,-1
191,16,705.00,333.00,50.10,132.10,1.0000,-1,-1
191,29,865.00,328.00,69.90,176.30,0.9990,-1,-1
191,34,774.00,335.00,48.20,130.30,0.9990,-1,-1
191,60,220.00,335.00,52.10,137.70,0.9960,-1,-1
191,62,507.00,312.00,76.30,172.30,1.0000,-1,-1
191,66,1049.00,303.00,84.60,219.70,1.0000,-1,-1
191,70,67.00,337.00,42.60,116.10,0.9840,-1,-1
191,73,751.00,342.00,27.20,70.30,0.9950,-1,-1
191,74,388.00,328.00,45.60,126.10,0.9980,-1,-1
191,86,827.00,331.00,37.70,111.40,1.0000,-1,-1
191,90,1630.00,299.00,243.40,656.50,1.0000,-1,-1
191,92,28.00,340.00,26.00,74.90,0.9340,-1,-1
191,94,919.00,333.00,34.60,111.70,0.9990,-1,-1
191,95,370.00,352.00,30.90,94.60,0.9320,-1,-1
192,5,1415.00,294.00,224.90,681.10,1.0000,-1,-1
192,16,702.00,323.00,49.80,141.70,1.0000,-1,-1
192,29,868.00,339.00,65.90,167.80,1.0000,-1,-1
192,34,770.00,330.00,51.60,137.70,0.9990,-1,-1
192,60,224.00,339.00,51.60,128.80,0.9970,-1,-1
192,62,505.00,315.00,74.70,170.20,1.0000,-1,-1
192,66,1049.00,303.00,84.90,225.00,1.0000,-1,-1
192,70,67.00,344.00,40.90,114.50,0.9610,-1,-1
192,73,754.00,341.00,28.60,69.50,0.9900,-1,-1
192,74,388.00,331.00,43.20,122.20,1.0000,-1,-1
192,86,830.00,333.00,35.90,113.00,1.0000,-1,-1
192,90,1645.00,295.00,221.20,653.00,1.0000,-1,-1
192,92,32.00,335.00,25.30,75.90,0.9370,-1,-1
192,94,918.00,330.00,38.50,118.90,0.9990,-1,-1
192,95,367.00,345.00,32.30,100.90,0.9310,-1,-1
192,96,97.00,341.00,28.70,70.80,0.9720,-1,-1
193,5,1412.00,311.00,208.80,646.70,1.0000,-1,-1
193,16,705.00,323.00,49.80,156.00,1.0000,-1,-1
193,29,862.00,331.00,72.30,177.10,0.9980,-1,-1
193,34,778.00,330.00,47.10,126.90,0.9990,-1,-1
193,60,224.00,336.00,51.50,132.90,0.9980,-1,-1
193,62,510.00,305.00,73.20,186.10,1.0000,-1,-1
193,66,1051.00,313.00,77.80,224.70,1.0000,-1,-1
193,70,65.00,337.00,43.90,111.80,0.9810,-1,-1
193,73,754.00,340.00,27.50,66.70,0.9870,-1,-1
193,74,388.00,329.00,44.70,124.40,0.9970,-1,-1
193,86,826.00,329.00,42.20,118.80,1.0000,-1,-1
193,90,1637.00,290.00,228.40,668.90,1.0000,-1,-1
193,92,30.00,334.00,27.00,75.30,0.9370,-1,-1
193,94,920.00,331.00,36.70,120.00,0.9940,-1,-1
193,95,372.00,346.00,30.90,95.10,0.9720,-1,-1
194,5,1414.00,320.00,216.40,647.10,1.0000,-1,-1
194,16,703.00,330.00,53.50,133.80,1.0000,-1,-1
194,29,864.00,335.00,68.30,173.40,0.9990,-1,-1
194,34,778.00,331.00,47.00,126.80,1.0000,-1,-1
194,60,223.00,330.00,52.20,137.50,0.9980,-1,-1
194,62,509.00,315.00,70.80,173.30,0.9990,-1,-1
194,66,1049.00,311.00,83.10,228.00,1.0000,-1,-1
194,70,64.00,338.00,43.20,117.50,0.9840,-1,-1
194,73,756.00,338.00,28.20,68.50,0.9940,-1,-1
194,74,388.00,329.00,43.10,117.30,1.0000,-1,-1
194,86,826.00,331.00,42.30,117.40,1.0000,-1,-1
194,90,1635.00,299.00,239.20,674.60,1.0000,-1,-1
194,94,917.00,329.00,39.30,126.20,0.9900,-1,-1
194,95,366.00,348.00,30.40,91.70,0.9710,-1,-1
195,5,1396.00,297.00,230.90,668.10,1.0000,-1,-1
195,16,704.00,330.00,49.00,139.40,1.0000,-1,-1
195,29,866.00,333.00,65.00,167.70,0.9990,-1,-1
195,34,770.00,329.00,49.20,138.00,0.9980,-1,-1
195,60,218.00,333.00,56.00,134.10,0.9980,-1,-1
195,62,506.00,316.00,72.60,178.60,0.9990,-1,-1
195,66,1055.00,310.00,79.10,226.00,1.0000,-1,-1
195,70,63.00,342.00,36.20,108.20,0.9910,-1,-1
195,73,752.00,342.00,28.60,68.20,0.9900,-1,-1
195,74,385.00,328.00,43.30,125.30,0.9970,-1,-1
195,86,826.00,326.00,42.20,122.70,1.0000,-1,-1
195,90,1626.00,290.00,256.40,681.30,1.0000,-1,-1
195,94,922.00,334.00,36.10,116.20,0.9920,-1,-1
195,95,368.00,349.00,31.90,94.30,0.9670,-1,-1
196,5,1395.00,319.00,200.20,632.20,1.0000,-1,-1
196,16,713.00,318.00,45.40,149.90,0.9990,-1,-1
196,29,865.00,334.00,66.90,163.10,0.9970,-1,-1
196,34,772.00,327.00,50.50,131.90,0.9980,-1,-1
196,60,227.00,331.00,50.80,129.00,0.9990,-1,-1
196,62,506.00,314.00,81.70,180.90,0.9990,-1,-1
196,66,1065.00,307.00,91.00,234.10,1.0000,-1,-1
196,70,59.00,340.00,40.60,111.10,0.9580,-1,-1
196,74,387.00,326.00,44.20,129.00,0.9970,-1,-1
196,86,829.00,333.00,41.00,112.10,0.9990,-1,-1
196,90,1616.00,311.00,238.90,644.30,1.0000,-1,-1
196,92,30.00,330.00,28.90,74.20,0.9330,-1,-1
196,94,925.00,335.00,39.40,110.40,1.0000,-1,-1
196,95,368.00,345.00,29.60,94.30,0.9280,-1,-1
197,5,1388.00,306.00,201.60,653.10,1.0000,-1,-1
197,16,706.00,324.00,48.70,141.40,1.0000,-1,-1
197,29,866.00,340.00,68.50,166.70,0.9980,-1,-1
197,34,778.00,335.00,50.40,136.10,0.9990,-1,-1
197,60,224.00,338.00,52.00,130.20,0.9950,-1,-1
197,62,509.00,310.00,77.00,188.60,0.9980,-1,-1
197,66,1058.00,304.00,80.20,239.80,1.0000,-1,-1
197,70,65.00,327.00,43.40,122.00,0.9930,-1,-1
197,73,761.00,346.00,28.40,64.00,0.9530,-1,-1
197,74,386.00,331.00,41.00,126.80,0.9760,-1,-1
197,86,830.00,330.00,39.50,115.10,0.9980,-1,-1
197,90,1628.00,297.00,258.90,657.70,1.0000,-1,-1
197,92,26.00,331.00,28.70,77.20,0.9400,-1,-1
197,94,927.00,334.00,35.90,119.40,0.9990,-1,-1
197,95,366.00,348.00,31.30,94.10,0.9390,-1,-1
198,5,1390.00,299.00,206.40,664.80,1.0000,-1,-1
198,16,713.00,332.00,46.00,138.30,0.9990,-1,-1
198,29,870.00,338.00,62.40,166.00,0.9990,-1,-1
198,34,776.00,333.00,52.30,141.50,0.9980,-1,-1
198,60,226.00,340.00,51.60,129.20,0.9950,-1,-1
198,62,507.00,314.00,75.10,173.20,0.9990,-1,-1
198,66,1077.00,312.00,77.20,230.30,1.0000,-1,-1
198,70,76.00,336.00,37.80,108.00,0.9430,-1,-1
198,73,760.00,342.00,28.40,65.40,0.9950,-1,-1
198,74,388.00,332.00,42.10,121.70,0.9960,-1,-1
198,86,838.00,333.00,37.70,114.90,0.9990,-1,-1
198,90,1630.00,291.00,235.40,696.00,1.0000,-1,-1
198,92,28.00,333.00,28.20,76.60,0.9010,-1,-1
198,94,928.00,338.00,38.50,111.00,0.9980,-1,-1
198,95,367.00,353.00,31.60,95.60,0.9690,-1,-1
198,96,92.00,335.00,29.80,74.80,0.9710,-1,-1
199,5,1381.00,282.00,214.40,693.10,1.0000,-1,-1
199,16,713.00,333.00,49.80,135.10,1.0000,-1,-1
199,29,870.00,337.00,69.90,174.10,0.9920,-1,-1
199,34,781.00,339.00,47.50,127.60,0.9980,-1,-1
199,60,233.00,339.00,51.30,128.30,0.9960,-1,-1
199,62,510.00,319.00,76.10,171.80,0.9970,-1,-1
199,66,1078.00,315.00,83.80,234.60,0.9990,-1,-1
199,73,763.00,346.00,29.10,74.40,0.9520,-1,-1
199,74,391.00,334.00,41.60,116.10,0.9900,-1,-1
199,86,844.00,335.00,40.40,115.10,1.0000,-1,-1
199,90,1603.00,293.00,259.70,681.10,1.0000,-1,-1
199,94,932.00,340.00,36.80,114.00,0.9990,-1,-1
200,5,1391.00,303.00,204.20,647.40,1.0000,-1,-1
200,16,724.00,333.00,47.90,145.40,1.0000,-1,-1
200,29,876.00,348.00,69.10,167.20,0.9990,-1,-1
200,34,785.00,343.00,46.70,140.70,0.9980,-1,-1
200,60,240.00,346.00,49.70,126.10,0.9980,-1,-1
200,62,508.00,317.00,78.00,181.30,0.9990,-1,-1
200,66,1081.00,317.00,82.30,241.10,1.0000,-1,-1
200,70,68.00,350.00,42.40,111.20,0.9400,-1,-1
200,74,390.00,340.00,44.30,117.20,0.9980,-1,-1
200,86,842.00,341.00,40.50,115.70,0.9990,-1,-1
200,90,1623.00,309.00,235.40,658.80,1.0000,-1,-1
200,92,36.00,338.00,27.10,76.80,0.9520,-1,-1
200,94,934.00,341.00,35.70,110.40,0.9970,-1,-1
200,95,370.00,356.00,32.50,95.40,0.9620,-1,-1
200,96,101.00,347.00,28.00,71.10,0.9650,-1,-1
201,5,1400.00,283.00,189.70,706.00,1.0000,-1,-1
201,16,724.00,343.00,47.80,142.00,0.9970,-1,-1
201,29,884.00,347.00,66.10,168.30,0.9970,-1,-1
201,34,790.00,341.00,50.00,135.90,0.9990,-1,-1
201,60,250.00,352.00,48.10,129.20,0.9970,-1,-1
201,62,517.00,339.00,68.60,157.90,0.9970,-1,-1
201,66,1099.00,325.00,88.00,238.80,1.0000,-1,-1
201,70,85.00,346.00,40.20,117.00,0.9350,-1,-1
201,74,385.00,351.00,37.90,108.90,0.9660,-1,-1
201,86,851.00,346.00,42.90,113.70,0.9950,-1,-1
201,90,1610.00,292.00,260.00,679.50,1.0000,-1,-1
201,94,944.00,349.00,35.90,116.30,1.0000,-1,-1
202,5,1385.00,331.00,199.70,652.90,1.0000,-1,-1
202,16,731.00,351.00,47.60,143.00,0.9910,-1,-1
202,29,885.00,352.00,69.10,159.60,0.9970,-1,-1
202,34,787.00,343.00,51.60,140.80,0.9890,-1,-1
202,60,256.00,352.00,49.40,134.30,0.9890,-1,-1
202,62,521.00,325.00,80.50,175.30,0.9900,-1,-1
202,66,1100.00,322.00,79.50,241.60,0.9980,-1,-1
202,70,90.00,347.00,42.90,111.60,0.9770,-1,-1
202,74,398.00,353.00,43.90,121.90,0.9250,-1,-1
202,86,858.00,350.00,42.50,121.20,0.9950,-1,-1
202,90,1605.00,307.00,256.40,667.20,1.0000,-1,-1
202,94,950.00,355.00,35.30,116.10,0.9980,-1,-1
202,95,372.00,355.00,40.80,108.80,0.9690,-1,-1
203,5,1391.00,322.00,192.70,665.40,1.0000,-1,-1
203,16,735.00,346.00,48.80,144.50,0.9960,-1,-1
203,29,891.00,360.00,69.10,175.10,0.9990,-1,-1
203,34,798.00,352.00,50.10,134.10,0.9990,-1,-1
203,60,260.00,359.00,52.40,127.20,0.9940,-1,-1
203,62,523.00,342.00,79.00,170.80,0.9970,-1,-1
203,66,1110.00,331.00,77.80,238.00,0.9990,-1,-1
203,70,97.00,357.00,39.40,109.00,0.9970,-1,-1
203,74,412.00,353.00,44.30,128.50,0.9920,-1,-1
203,77,125.00,362.00,29.70,73.50,0.9530,-1,-1
203,86,859.00,355.00,41.30,115.40,0.9990,-1,-1
203,90,1615.00,330.00,255.10,645.30,1.0000,-1,-1
203,91,57.00,356.00,28.80,78.10,0.9730,-1,-1
203,94,953.00,359.00,38.70,116.00,0.9990,-1,-1
203,95,388.00,368.00,30.40,103.00,0.9730,-1,-1
204,5,1399.00,325.00,200.60,651.50,1.0000,-1,-1
204,16,751.00,356.00,50.10,144.70,0.9990,-1,-1
204,29,908.00,357.00,64.30,170.60,0.9990,-1,-1
204,34,806.00,352.00,51.40,135.50,0.9990,-1,-1
204,60,275.00,364.00,48.10,122.40,0.9990,-1,-1
204,62,535.00,340.00,83.90,179.70,0.9980,-1,-1
204,66,1126.00,336.00,71.00,238.30,1.0000,-1,-1
204,70,107.00,362.00,40.80,108.80,0.9950,-1,-1
204,74,423.00,353.00,40.50,121.20,0.9900,-1,-1
204,77,137.00,363.00,30.60,70.30,0.9580,-1,-1
204,86,863.00,353.00,40.50,116.20,0.9960,-1,-1
204,90,1646.00,296.00,249.00,702.70,1.0000,-1,-1
204,91,70.00,361.00,27.20,68.90,0.9270,-1,-1
204,94,968.00,358.00,32.70,118.90,1.0000,-1,-1
204,97,401.00,369.00,36.30,113.60,0.9750,-1,-1
205,5,1389.00,339.00,219.50,667.10,1.0000,-1,-1
205,16,759.00,361.00,42.60,133.40,0.9960,-1,-1
205,29,909.00,362.00,69.40,167.40,0.9960,-1,-1
205,34,812.00,349.00,55.20,142.10,0.9990,-1,-1
205,60,286.00,349.00,52.90,140.30,0.9950,-1,-1
205,62,534.00,343.00,83.00,182.10,0.9990,-1,-1
205,66,1136.00,327.00,86.30,253.80,1.0000,-1,-1
205,70,119.00,353.00,42.30,120.60,0.9850,-1,-1
205,74,418.00,348.00,47.30,124.00,0.9760,-1,-1
205,81,879.00,356.00,47.70,122.80,0.9690,-1,-1
205,90,1632.00,320.00,266.90,691.50,1.0000,-1,-1
205,94,975.00,365.00,39.90,117.10,0.9980,-1,-1
206,5,1389.00,329.00,199.30,666.00,1.0000,-1,-1
206,16,776.00,354.00,50.40,139.50,0.9980,-1,-1
206,29,928.00,376.00,68.90,157.80,1.0000,-1,-1
206,34,826.00,359.00,49.60,134.70,0.9990,-1,-1
206,60,302.00,365.00,53.00,122.10,0.9950,-1,-1
206,62,552.00,353.00,80.90,160.90,1.0000,-1,-1
206,66,1151.00,333.00,83.20,257.30,1.0000,-1,-1
206,70,134.00,358.00,39.30,120.60,0.9880,-1,-1
206,74,439.00,355.00,42.70,121.80,0.9750,-1,-1
206,81,897.00,358.00,45.70,121.10,0.9990,-1,-1
206,90,1638.00,315.00,275.20,723.50,1.0000,-1,-1
206,94,991.00,361.00,33.10,125.70,1.0000,-1,-1
206,97,418.00,374.00,36.10,104.50,0.9620,-1,-1
206,98,161.00,363.00,37.10,77.40,0.9640,-1,-1
207,5,1391.00,356.00,201.90,635.10,1.0000,-1,-1
207,16,780.00,350.00,46.60,151.60,0.9990,-1,-1
207,29,930.00,372.00,72.80,164.30,1.0000,-1,-1
207,34,840.00,358.00,49.80,142.30,1.0000,-1,-1
207,60,308.00,363.00,48.70,125.50,0.9950,-1,-1
207,62,558.00,351.00,83.10,170.40,1.0000,-1,-1
207,66,1147.00,329.00,86.20,253.50,1.0000,-1,-1
207,70,145.00,359.00,40.40,119.10,0.9710,-1,-1
207,74,442.00,356.00,50.40,126.40,0.9930,-1,-1
207,81,903.00,356.00,42.90,120.20,0.9990,-1,-1
207,90,1640.00,334.00,251.80,714.50,1.0000,-1,-1
207,94,998.00,369.00,34.80,116.50,0.9970,-1,-1
207,98,173.00,369.00,27.80,68.90,0.9480,-1,-1
208,5,1396.00,353.00,208.00,664.50,1.0000,-1,-1
208,16,780.00,354.00,54.30,150.20,0.9960,-1,-1
208,29,938.00,372.00,69.90,160.30,0.9970,-1,-1
208,34,844.00,357.00,50.70,144.50,0.9980,-1,-1
208,60,324.00,363.00,52.00,121.30,0.9960,-1,-1
208,62,563.00,355.00,74.70,161.70,0.9990,-1,-1
208,66,1169.00,333.00,78.20,258.50,1.0000,-1,-1
208,70,153.00,356.00,41.00,118.00,0.9860,-1,-1
208,74,444.00,359.00,43.20,119.50,0.9950,-1,-1
208,81,908.00,361.00,44.80,119.60,0.9960,-1,-1
208,90,1646.00,322.00,279.50,693.50,1.0000,-1,-1
208,94,1006.00,363.00,33.90,119.90,0.9990,-1,-1
208,97,426.00,372.00,32.10,99.70,0.9700,-1,-1
209,5,1410.00,342.00,189.00,671.80,1.0000,-1,-1
209,16,789.00,353.00,49.80,150.80,0.9990,-1,-1
209,29,944.00,369.00,63.80,167.40,0.9950,-1,-1
209,34,852.00,369.00,56.20,127.70,0.9990,-1,-1
209,60,329.00,366.00,49.00,126.10,0.9990,-1,-1
209,62,567.00,360.00,81.20,158.00,0.9990,-1,-1
209,66,1174.00,336.00,79.30,249.30,1.0000,-1,-1
209,70,154.00,358.00,41.50,122.80,0.9750,-1,-1
209,74,453.00,357.00,41.30,124.70,0.9780,-1,-1
209,81,916.00,357.00,42.90,119.80,1.0000,-1,-1
209,87,125.00,365.00,23.00,68.70,0.9700,-1,-1
209,90,1639.00,319.00,278.20,705.40,1.0000,-1,-1
209,94,1012.00,367.00,33.00,117.20,0.9980,-1,-1
209,97,440.00,368.00,32.20,108.40,0.9940,-1,-1
209,98,187.00,367.00,29.60,72.00,0.9770,-1,-1
209,99,640.00,375.00,22.40,62.40,0.9240,-1,-1
210,5,1414.00,330.00,192.90,677.10,1.0000,-1,-1
210,16,798.00,359.00,45.70,136.80,0.9990,-1,-1
210,29,945.00,375.00,72.00,164.30,1.0000,-1,-1
210,34,852.00,357.00,51.40,137.10,0.9980,-1,-1
210,60,331.00,368.00,52.30,128.80,0.9950,-1,-1
210,62,573.00,350.00,79.40,170.40,0.9990,-1,-1
210,66,1184.00,342.00,80.20,246.50,1.0000,-1,-1
210,70,162.00,357.00,41.20,126.00,0.9810,-1,-1
210,72,468.00,359.00,41.50,121.80,0.9950,-1,-1
210,81,916.00,361.00,46.90,116.10,1.0000,-1,-1
210,87,130.00,364.00,27.10,70.30,0.9890,-1,-1
210,90,1652.00,346.00,274.80,682.10,1.0000,-1,-1
210,94,1015.00,363.00,35.70,116.80,0.9990,-1,-1
210,97,445.00,374.00,30.80,102.50,0.9670,-1,-1
210,98,190.00,365.00,32.20,71.30,0.9720,-1,-1
210,99,641.00,370.00,24.70,66.70,0.9450,-1,-1
211,5,1421.00,349.00,180.50,630.20,1.0000,-1,-1
211,16,801.00,353.00,52.80,152.20,0.9970,-1,-1
211,29,958.00,366.00,66.70,166.20,0.9980,-1,-1
211,34,868.00,364.00,49.10,133.10,0.9990,-1,-1
211,60,347.00,360.00,52.40,129.30,0.9940,-1,-1
211,62,580.00,349.00,82.40,167.20,0.9990,-1,-1
211,66,1201.00,323.00,85.90,269.20,1.0000,-1,-1
211,70,170.00,361.00,37.70,115.90,0.9960,-1,-1
211,72,473.00,355.00,41.80,128.60,0.9830,-1,-1
211,77,142.00,360.00,25.80,68.70,0.9930,-1,-1
211,81,923.00,356.00,43.60,119.20,0.9990,-1,-1
211,90,1658.00,323.00,238.20,674.20,1.0000,-1,-1
211,94,1028.00,362.00,33.30,116.30,0.9990,-1,-1
211,97,451.00,374.00,33.00,102.10,0.9630,-1,-1
211,98,201.00,362.00,31.60,77.10,0.9750,-1,-1
211,100,653.00,365.00,24.70,64.30,0.9810,-1,-1
212,5,1408.00,355.00,206.70,650.80,1.0000,-1,-1
212,16,806.00,357.00,57.20,148.00,0.9990,-1,-1
212,29,957.00,363.00,71.70,168.40,1.0000,-1,-1
212,34,870.00,354.00,51.50,140.30,0.9990,-1,-1
212,60,349.00,362.00,51.10,133.80,0.9940,-1,-1
212,62,584.00,341.00,78.90,188.60,1.0000,-1,-1
212,66,1201.00,333.00,83.80,268.20,1.0000,-1,-1
212,70,179.00,360.00,39.50,114.30,0.9950,-1,-1
212,72,480.00,354.00,47.50,130.00,0.9920,-1,-1
212,77,148.00,364.00,26.50,72.40,0.9750,-1,-1
212,81,933.00,361.00,42.70,119.40,1.0000,-1,-1
212,90,1646.00,328.00,261.80,669.70,1.0000,-1,-1
212,94,1033.00,358.00,34.90,119.60,0.9960,-1,-1
212,97,459.00,369.00,33.70,106.70,0.9530,-1,-1
212,98,210.00,365.00,29.10,70.90,0.9660,-1,-1
212,100,663.00,368.00,25.10,62.10,0.9890,-1,-1
213,5,1399.00,336.00,219.40,645.10,1.0000,-1,-1
213,16,819.00,348.00,52.90,151.80,1.0000,-1,-1
213,29,962.00,368.00,73.90,163.30,1.0000,-1,-1
213,34,875.00,362.00,53.10,138.90,0.9980,-1,-1
213,60,354.00,360.00,54.10,125.90,0.9940,-1,-1
213,62,588.00,346.00,80.00,164.10,0.9990,-1,-1
213,66,1200.00,325.00,98.20,276.00,1.0000,-1,-1
213,70,179.00,358.00,44.50,119.30,0.9920,-1,-1
213,72,483.00,353.00,45.40,127.30,0.9950,-1,-1
213,77,150.00,364.00,28.20,72.30,0.9860,-1,-1
213,81,938.00,358.00,43.70,116.60,1.0000,-1,-1
213,90,1664.00,319.00,242.00,693.80,1.0000,-1,-1
213,94,1036.00,362.00,34.80,116.00,1.0000,-1,-1
213,97,462.00,372.00,33.40,105.80,0.9840,-1,-1
213,100,667.00,368.00,21.30,62.90,0.9490,-1,-1
214,5,1409.00,346.00,196.80,638.60,1.0000,-1,-1
214,16,823.00,356.00,48.20,136.10,0.9990,-1,-1
214,29,970.00,365.00,66.70,166.90,0.9980,-1,-1
214,34,881.00,362.00,47.60,131.20,0.9980,-1,-1
214,60,361.00,368.00,50.90,127.00,0.9950,-1,-1
214,62,585.00,359.00,79.80,157.40,0.9990,-1,-1
214,66,1228.00,329.00,82.10,274.10,1.0000,-1,-1
214,70,183.00,362.00,40.40,119.20,0.9920,-1,-1
214,72,484.00,352.00,46.40,137.00,0.9940,-1,-1
214,77,155.00,367.00,25.70,72.20,0.9900,-1,-1
214,81,944.00,358.00,43.80,123.10,0.9990,-1,-1
214,90,1646.00,324.00,257.00,668.60,1.0000,-1,-1
214,94,1043.00,365.00,32.10,106.60,0.9940,-1,-1
214,97,461.00,378.00,35.20,101.10,0.9750,-1,-1
214,98,217.00,366.00,29.50,71.80,0.9720,-1,-1
214,100,671.00,367.00,26.10,63.90,0.9950,-1,-1
215,5,1415.00,346.00,204.90,648.90,1.0000,-1,-1
215,16,827.00,353.00,45.10,146.90,0.9990,-1,-1
215,29,968.00,361.00,76.40,174.20,0.9990,-1,-1
215,34,881.00,360.00,50.00,135.70,0.9990,-1,-1
215,60,369.00,367.00,51.70,122.10,0.9990,-1,-1
215,62,593.00,353.00,77.70,166.30,0.9990,-1,-1
215,66,1212.00,330.00,96.90,268.80,1.0000,-1,-1
215,70,190.00,364.00,40.80,120.40,0.9940,-1,-1
215,72,485.00,348.00,45.40,141.80,0.9940,-1,-1
215,77,162.00,367.00,23.30,68.40,0.9610,-1,-1
215,81,946.00,359.00,47.60,123.10,1.0000,-1,-1
215,90,1662.00,319.00,259.60,696.10,1.0000,-1,-1
215,94,1049.00,367.00,32.00,106.40,0.9880,-1,-1
215,97,462.00,374.00,39.20,106.40,0.9830,-1,-1
215,98,220.00,367.00,26.20,64.40,0.9860,-1,-1
215,100,677.00,369.00,24.00,58.50,0.9930,-1,-1
216,5,1394.00,310.00,212.80,703.70,1.0000,-1,-1
216,16,835.00,358.00,51.50,140.10,1.0000,-1,-1
216,29,981.00,370.00,66.20,169.20,0.9950,-1,-1
216,34,890.00,363.00,48.00,133.80,1.0000,-1,-1
216,60,380.00,366.00,49.10,119.90,0.9980,-1,-1
216,62,600.00,353.00,80.10,177.80,0.9990,-1,-1
216,66,1235.00,318.00,91.40,291.90,1.0000,-1,-1
216,70,200.00,362.00,43.90,114.70,0.9930,-1,-1
216,72,490.00,359.00,40.90,120.10,0.9940,-1,-1
216,77,170.00,364.00,23.90,67.60,0.9670,-1,-1
216,81,944.00,355.00,47.20,122.90,0.9950,-1,-1
216,90,1648.00,318.00,255.60,706.90,1.0000,-1,-1
216,94,1057.00,365.00,36.20,113.60,0.9990,-1,-1
216,97,471.00,364.00,36.10,117.00,0.9410,-1,-1
216,100,683.00,369.00,26.10,60.90,0.9160,-1,-1
217,5,1381.00,334.00,240.30,690.60,1.0000,-1,-1
217,16,839.00,364.00,47.70,130.80,0.9990,-1,-1
217,29,983.00,374.00,61.90,158.70,0.9980,-1,-1
217,34,893.00,362.00,49.60,138.80,0.9990,-1,-1
217,60,382.00,369.00,47.40,121.00,0.9990,-1,-1
217,62,598.00,348.00,76.00,175.00,0.9990,-1,-1
217,66,1242.00,321.00,96.30,296.70,1.0000,-1,-1
217,70,201.00,361.00,42.70,116.30,0.9990,-1,-1
217,72,491.00,350.00,49.60,138.20,0.9980,-1,-1
217,77,175.00,367.00,25.00,68.80,0.9470,-1,-1
217,81,967.00,364.00,40.90,116.70,1.0000,-1,-1
217,90,1631.00,312.00,280.80,740.60,1.0000,-1,-1
217,94,1059.00,367.00,34.10,113.50,0.9910,-1,-1
217,97,471.00,377.00,34.80,103.60,0.9640,-1,-1
217,100,687.00,376.00,23.30,55.60,0.9730,-1,-1
217,101,935.00,364.00,34.40,108.00,0.9920,-1,-1
218,5,1388.00,354.00,226.50,666.70,1.0000,-1,-1
218,16,842.00,363.00,47.80,131.20,0.9990,-1,-1
218,29,982.00,367.00,71.70,174.10,1.0000,-1,-1
218,34,895.00,360.00,48.20,143.10,1.0000,-1,-1
218,60,391.00,367.00,46.30,117.60,1.0000,-1,-1
218,62,593.00,351.00,94.60,180.10,1.0000,-1,-1
218,66,1254.00,328.00,84.10,288.50,1.0000,-1,-1
218,70,203.00,367.00,41.60,109.70,0.9980,-1,-1
218,72,500.00,365.00,44.60,124.00,0.9970,-1,-1
218,77,181.00,363.00,23.60,69.50,0.9900,-1,-1
218,90,1640.00,337.00,279.60,720.40,1.0000,-1,-1
218,94,1067.00,369.00,31.90,117.30,0.9960,-1,-1
218,97,480.00,372.00,37.40,110.20,0.9890,-1,-1
218,98,238.00,367.00,28.70,68.60,0.9820,-1,-1
218,100,689.00,373.00,23.90,61.60,0.9840,-1,-1
218,101,940.00,363.00,30.80,102.30,0.9900,-1,-1
219,5,1396.00,311.00,226.30,719.20,1.0000,-1,-1
219,16,834.00,353.00,57.80,149.40,0.9990,-1,-1
219,29,992.00,377.00,62.50,160.20,1.0000,-1,-1
219,34,897.00,360.00,50.30,141.70,1.0000,-1,-1
219,60,395.00,360.00,49.30,129.90,0.9980,-1,-1
219,62,604.00,351.00,73.00,166.80,0.9990,-1,-1
219,66,1260.00,337.00,85.10,284.10,1.0000,-1,-1
219,70,206.00,359.00,44.90,116.60,0.9980,-1,-1
219,72,500.00,361.00,44.40,119.40,0.9960,-1,-1
219,77,178.00,360.00,25.70,74.80,0.9740,-1,-1
219,81,967.00,366.00,45.90,115.00,1.0000,-1,-1
219,90,1636.00,337.00,284.50,714.50,1.0000,-1,-1
219,94,1071.00,370.00,32.70,117.90,0.9990,-1,-1
219,97,476.00,371.00,36.10,110.90,0.9670,-1,-1
219,98,237.00,359.00,33.30,77.50,0.9580,-1,-1
219,100,690.00,370.00,25.30,67.50,0.9870,-1,-1
219,101,936.00,372.00,39.20,109.50,0.9880,-1,-1
220,5,1387.00,354.00,215.80,664.40,1.0000,-1,-1
220,16,845.00,358.00,52.80,152.00,0.9990,-1,-1
220,29,997.00,375.00,65.10,168.00,0.9990,-1,-1
220,34,895.00,366.00,50.80,137.70,1.0000,-1,-1
220,60,395.00,366.00,47.10,123.10,0.9990,-1,-1
220,62,602.00,353.00,76.70,168.90,0.9990,-1,-1
220,66,1254.00,322.00,103.10,313.50,1.0000,-1,-1
220,70,209.00,363.00,39.90,113.00,0.9860,-1,-1
220,72,506.00,358.00,45.50,128.30,0.9940,-1,-1
220,77,185.00,365.00,26.30,70.30,0.9950,-1,-1
220,81,972.00,365.00,43.30,119.20,0.9990,-1,-1
220,90,1639.00,339.00,268.20,716.60,1.0000,-1,-1
220,94,1073.00,368.00,34.10,120.70,0.9980,-1,-1
220,97,482.00,368.00,36.90,109.30,0.9860,-1,-1
220,98,242.00,363.00,27.00,64.60,0.9680,-1,-1
220,100,695.00,373.00,24.90,61.10,0.9940,-1,-1
221,5,1373.00,353.00,223.40,677.70,1.0000,-1,-1
221,16,844.00,356.00,47.10,143.30,1.0000,-1,-1
221,29,990.00,377.00,68.00,166.10,0.9970,-1,-1
221,34,898.00,367.00,52.00,137.80,0.9990,-1,-1
221,60,403.00,367.00,50.50,120.00,0.9990,-1,-1
221,62,596.00,352.00,97.00,174.90,0.9990,-1,-1
221,66,1265.00,323.00,92.80,305.50,1.0000,-1,-1
221,70,207.00,360.00,44.50,113.30,0.9860,-1,-1
221,72,506.00,353.00,45.40,128.40,0.9940,-1,-1
221,77,185.00,357.00,28.50,74.40,0.9760,-1,-1
221,81,973.00,364.00,49.60,123.00,0.9990,-1,-1
221,90,1630.00,329.00,271.50,711.20,1.0000,-1,-1
221,94,1077.00,373.00,34.10,111.60,0.9920,-1,-1
221,97,484.00,368.00,37.20,110.30,0.9900,-1,-1
221,98,245.00,361.00,29.70,77.30,0.9750,-1,-1
221,100,697.00,368.00,26.10,66.40,0.9840,-1,-1
221,101,941.00,368.00,35.50,92.30,0.9980,-1,-1
222,5,1380.00,364.00,222.60,677.00,1.0000,-1,-1
222,16,845.00,352.00,46.10,150.30,1.0000,-1,-1
222,29,993.00,370.00,68.20,160.50,0.9960,-1,-1
222,34,895.00,358.00,50.90,143.20,0.9990,-1,-1
222,60,401.00,356.00,49.60,128.60,0.9980,-1,-1
222,62,606.00,345.00,79.60,180.40,1.0000,-1,-1
222,66,1273.00,326.00,92.20,297.90,1.0000,-1,-1
222,70,208.00,361.00,43.70,112.10,0.9990,-1,-1
222,72,509.00,361.00,43.80,123.60,0.9950,-1,-1
222,77,183.00,358.00,26.40,68.90,0.9880,-1,-1
222,81,981.00,366.00,40.80,113.10,0.9990,-1,-1
222,90,1638.00,332.00,261.50,713.90,1.0000,-1,-1
222,94,1078.00,374.00,36.10,113.10,0.9730,-1,-1
222,97,483.00,371.00,35.60,103.20,0.9950,-1,-1
222,98,248.00,362.00,29.00,71.10,0.9890,-1,-1
222,100,701.00,370.00,26.00,63.70,0.9970,-1,-1
222,101,925.00,373.00,44.60,112.40,0.9980,-1,-1
222,102,685.00,372.00,21.30,60.00,0.9350,-1,-1
223,5,1385.00,368.00,217.50,672.50,1.0000,-1,-1
223,16,851.00,363.00,47.50,140.40,0.9990,-1,-1
223,29,995.00,365.00,64.50,171.80,0.9970,-1,-1
223,34,895.00,356.00,51.80,146.00,0.9980,-1,-1
223,60,405.00,361.00,50.90,123.10,0.9980,-1,-1
223,62,599.00,349.00,93.60,174.90,0.9990,-1,-1
223,66,1282.00,336.00,91.60,288.60,1.0000,-1,-1
223,70,212.00,356.00,41.30,110.40,0.9990,-1,-1
223,74,503.00,350.00,46.90,132.90,0.9940,-1,-1
223,77,185.00,350.00,28.40,80.00,0.9880,-1,-1
223,81,979.00,364.00,42.90,115.40,1.0000,-1,-1
223,90,1625.00,350.00,284.90,702.80,1.0000,-1,-1
223,94,1082.00,368.00,36.70,114.70,0.9990,-1,-1
223,97,481.00,370.00,38.50,110.50,0.9930,-1,-1
223,98,243.00,356.00,28.80,73.90,0.9830,-1,-1
223,100,703.00,368.00,24.60,62.80,0.9930,-1,-1
223,101,937.00,368.00,37.50,117.90,0.9870,-1,-1
223,102,683.00,370.00,21.10,57.00,0.9420,-1,-1
224,5,1380.00,368.00,213.10,643.80,1.0000,-1,-1
224,16,845.00,347.00,50.70,150.00,0.9980,-1,-1
224,29,1001.00,367.00,63.60,163.90,0.9970,-1,-1
224,34,904.00,357.00,52.80,141.70,0.9990,-1,-1
224,60,402.00,353.00,51.00,131.40,0.9930,-1,-1
224,62,609.00,339.00,86.50,185.00,0.9990,-1,-1
224,66,1289.00,334.00,91.90,294.40,0.9990,-1,-1
224,70,215.00,355.00,38.80,109.80,0.9790,-1,-1
224,74,512.00,347.00,40.40,128.70,0.9910,-1,-1
224,77,185.00,352.00,28.50,71.80,0.9880,-1,-1
224,90,1638.00,330.00,255.30,701.00,1.0000,-1,-1
224,94,1083.00,369.00,34.60,114.30,0.9990,-1,-1
224,97,481.00,364.00,37.10,111.50,0.9990,-1,-1
224,98,247.00,356.00,31.00,75.70,0.9790,-1,-1
224,100,704.00,366.00,25.90,58.60,0.9900,-1,-1
224,101,935.00,363.00,44.60,122.00,0.9470,-1,-1
224,102,690.00,369.00,20.00,58.10,0.9110,-1,-1
225,5,1357.00,352.00,252.10,677.10,1.0000,-1,-1
225,16,841.00,339.00,56.10,160.90,0.9980,-1,-1
225,29,993.00,359.00,69.60,167.70,0.9970,-1,-1
225,34,904.00,363.00,45.80,132.10,1.0000,-1,-1
225,60,410.00,359.00,48.50,121.50,0.9990,-1,-1
225,62,604.00,349.00,83.80,173.20,0.9990,-1,-1
225,66,1289.00,317.00,90.50,323.00,0.9990,-1,-1
225,70,210.00,352.00,46.70,117.10,0.9950,-1,-1
225,74,512.00,350.00,41.10,125.30,0.9900,-1,-1
225,77,188.00,341.00,29.00,85.50,0.9390,-1,-1
225,81,986.00,360.00,45.20,117.90,0.9990,-1,-1
225,90,1634.00,321.00,282.00,721.70,1.0000,-1,-1
225,94,1079.00,363.00,40.60,117.80,0.9980,-1,-1
225,97,486.00,368.00,35.80,102.60,0.9940,-1,-1
225,98,245.00,351.00,31.70,76.50,0.9450,-1,-1
225,100,707.00,365.00,24.30,65.40,0.9760,-1,-1
225,101,932.00,362.00,40.30,115.00,0.9420,-1,-1
226,5,1367.00,335.00,244.20,673.50,1.0000,-1,-1
226,16,853.00,356.00,47.20,140.40,0.9990,-1,-1
226,29,1003.00,366.00,69.60,171.10,0.9990,-1,-1
226,34,903.00,355.00,52.10,147.70,0.9990,-1,-1
226,60,412.00,358.00,49.50,122.80,0.9980,-1,-1
226,62,600.00,349.00,91.60,162.30,0.9990,-1,-1
226,66,1304.00,336.00,99.40,292.60,0.9980,-1,-1
226,70,214.00,354.00,44.40,109.00,0.9920,-1,-1
226,74,507.00,352.00,41.70,128.20,0.9910,-1,-1
226,77,191.00,350.00,28.40,71.70,0.9940,-1,-1
226,81,974.00,357.00,44.20,117.80,0.9980,-1,-1
226,90,1629.00,311.00,287.50,735.80,1.0000,-1,-1
226,94,1087.00,365.00,33.10,116.10,0.9990,-1,-1
226,97,485.00,365.00,38.30,112.00,0.9970,-1,-1
226,98,247.00,350.00,33.80,80.30,0.9730,-1,-1
226,100,708.00,367.00,25.90,64.40,0.9940,-1,-1
226,101,940.00,369.00,38.80,109.00,0.9570,-1,-1
226,102,694.00,363.00,22.60,65.50,0.9080,-1,-1
227,5,1369.00,328.00,253.10,703.70,1.0000,-1,-1
227,16,850.00,347.00,52.60,154.30,0.9990,-1,-1
227,29,997.00,359.00,66.60,170.90,0.9990,-1,-1
227,34,907.00,358.00,50.10,141.10,1.0000,-1,-1
227,60,419.00,356.00,47.70,123.00,0.9960,-1,-1
227,62,603.00,345.00,88.90,178.20,0.9980,-1,-1
227,66,1308.00,310.00,116.00,325.20,0.9990,-1,-1
227,70,217.00,349.00,45.20,118.60,0.9830,-1,-1
227,74,512.00,348.00,41.10,126.60,0.9920,-1,-1
227,77,193.00,345.00,28.20,74.60,0.9770,-1,-1
227,81,969.00,356.00,38.80,113.10,0.9140,-1,-1
227,90,1639.00,315.00,264.60,731.80,1.0000,-1,-1
227,94,1095.00,365.00,34.50,116.80,0.9990,-1,-1
227,97,480.00,357.00,41.90,121.20,0.9960,-1,-1
227,98,251.00,342.00,29.90,83.80,0.9260,-1,-1
227,100,713.00,367.00,23.80,60.10,0.9970,-1,-1
227,101,943.00,356.00,42.70,127.90,0.9860,-1,-1
227,102,701.00,362.00,22.30,60.90,0.9510,-1,-1
228,5,1373.00,342.00,241.20,682.60,1.0000,-1,-1
228,16,852.00,355.00,53.40,152.60,0.9980,-1,-1
228,29,1011.00,363.00,63.40,171.80,0.9990,-1,-1
228,34,908.00,358.00,48.40,139.90,0.9970,-1,-1
228,60,420.00,363.00,47.50,119.50,0.9950,-1,-1
228,62,611.00,354.00,82.50,160.60,0.9980,-1,-1
228,66,1312.00,329.00,100.60,299.20,1.0000,-1,-1
228,70,223.00,356.00,40.20,109.30,0.9950,-1,-1
228,74,510.00,347.00,43.00,130.20,0.9950,-1,-1
228,77,198.00,346.00,28.30,74.10,0.9960,-1,-1
228,81,990.00,359.00,41.90,127.50,0.9990,-1,-1
228,90,1636.00,332.00,292.00,702.00,1.0000,-1,-1
228,94,1095.00,362.00,36.50,116.10,0.9990,-1,-1
228,97,486.00,362.00,39.70,111.30,0.9950,-1,-1
228,98,255.00,361.00,27.20,67.10,0.9160,-1,-1
228,100,717.00,368.00,24.70,60.10,0.9940,-1,-1
228,101,934.00,365.00,46.70,117.70,0.9900,-1,-1
228,102,704.00,366.00,22.80,59.60,0.9070,-1,-1
229,5,1376.00,319.00,232.10,711.60,1.0000,-1,-1
229,16,867.00,358.00,42.20,138.90,0.9970,-1,-1
229,29,1007.00,370.00,73.70,160.20,0.9990,-1,-1
229,34,905.00,359.00,52.70,143.50,0.9940,-1,-1
229,60,422.00,358.00,47.10,122.30,0.9980,-1,-1
229,62,604.00,346.00,84.90,176.00,0.9990,-1,-1
229,66,1318.00,324.00,114.00,317.50,0.9990,-1,-1
229,70,222.00,350.00,41.10,120.10,0.9950,-1,-1
229,74,507.00,351.00,45.00,121.50,0.9840,-1,-1
229,77,198.00,349.00,27.00,76.10,0.9920,-1,-1
229,90,1619.00,311.00,296.60,763.50,1.0000,-1,-1
229,94,1104.00,369.00,32.40,108.80,0.9970,-1,-1
229,97,478.00,352.00,41.10,125.60,0.9910,-1,-1
229,98,258.00,356.00,29.40,70.30,0.9010,-1,-1
229,100,717.00,367.00,25.10,64.70,0.9970,-1,-1
229,101,934.00,365.00,40.20,118.80,0.9990,-1,-1
230,5,1388.00,312.00,229.00,706.60,1.0000,-1,-1
230,16,859.00,348.00,59.90,148.00,0.9930,-1,-1
230,29,1008.00,355.00,70.10,168.50,0.9990,-1,-1
230,34,915.00,361.00,51.20,134.50,0.9950,-1,-1
230,60,428.00,358.00,47.90,121.80,0.9910,-1,-1
230,62,611.00,335.00,93.70,178.10,0.9970,-1,-1
230,66,1316.00,309.00,130.30,345.60,0.9990,-1,-1
230,70,227.00,341.00,39.40,119.10,0.9890,-1,-1
230,74,511.00,348.00,48.00,126.20,0.9290,-1,-1
230,77,205.00,342.00,24.30,77.60,0.9410,-1,-1
230,90,1627.00,298.00,276.10,772.90,1.0000,-1,-1
230,94,1107.00,362.00,38.70,121.70,0.9980,-1,-1
230,97,489.00,364.00,37.90,105.40,0.9880,-1,-1
230,98,265.00,355.00,31.50,77.90,0.9120,-1,-1
231,5,1382.00,334.00,218.10,687.40,1.0000,-1,-1
231,16,871.00,348.00,50.30,152.50,0.9990,-1,-1
231,29,1017.00,366.00,66.40,164.80,1.0000,-1,-1
231,60,436.00,355.00,45.50,117.40,0.9940,-1,-1
231,62,618.00,343.00,92.70,174.30,0.9990,-1,-1
231,66,1325.00,316.00,115.80,329.30,0.9680,-1,-1
231,70,233.00,355.00,39.30,109.10,0.9950,-1,-1
231,72,519.00,347.00,49.10,129.40,0.9960,-1,-1
231,77,209.00,346.00,25.40,70.30,0.9830,-1,-1
231,81,985.00,358.00,41.30,114.80,0.9530,-1,-1
231,90,1623.00,324.00,284.40,748.40,1.0000,-1,-1
231,94,1110.00,368.00,39.20,116.60,0.9940,-1,-1
231,97,491.00,353.00,39.60,125.40,0.9920,-1,-1
231,98,263.00,353.00,29.60,72.00,0.9180,-1,-1
231,100,734.00,369.00,23.40,61.10,0.9930,-1,-1
231,101,926.00,363.00,48.40,137.40,0.9990,-1,-1
231,103,958.00,368.00,39.60,117.80,0.9730,-1,-1
232,5,1370.00,340.00,229.60,696.60,1.0000,-1,-1
232,16,866.00,340.00,53.00,157.60,0.9990,-1,-1
232,29,1022.00,361.00,67.50,162.20,0.9980,-1,-1
232,60,442.00,349.00,47.20,123.60,0.9930,-1,-1
232,62,607.00,335.00,103.40,185.60,0.9970,-1,-1
232,70,234.00,350.00,39.90,107.90,0.9920,-1,-1
232,72,519.00,348.00,42.80,131.30,0.9940,-1,-1
232,77,216.00,342.00,26.50,73.80,0.9750,-1,-1
232,90,1630.00,331.00,248.50,708.60,1.0000,-1,-1
232,94,1119.00,366.00,36.20,112.40,0.9990,-1,-1
232,97,497.00,353.00,40.70,123.00,0.9980,-1,-1
232,98,272.00,350.00,29.10,78.20,0.9700,-1,-1
232,100,736.00,362.00,24.00,62.50,0.9470,-1,-1
232,101,929.00,360.00,49.80,138.80,1.0000,-1,-1
232,103,957.00,368.00,43.70,115.30,0.9890,-1,-1
232,104,1010.00,354.00,41.80,123.60,0.9980,-1,-1
233,5,1402.00,334.00,196.90,690.40,1.0000,-1,-1
233,16,873.00,349.00,53.10,148.40,0.9960,-1,-1
233,29,1018.00,361.00,71.90,162.40,0.9980,-1,-1
233,60,443.00,350.00,51.80,119.90,0.9980,-1,-1
233,62,628.00,330.00,76.10,192.30,0.9990,-1,-1
233,66,1341.00,318.00,108.50,319.50,0.9980,-1,-1
233,70,241.00,343.00,41.40,113.40,0.9920,-1,-1
233,72,521.00,337.00,46.50,130.60,0.9940,-1,-1
233,77,217.00,341.00,28.20,71.70,0.9980,-1,-1
233,90,1622.00,323.00,276.20,733.80,1.0000,-1,-1
233,94,1120.00,359.00,38.50,122.30,0.9950,-1,-1
233,97,496.00,351.00,42.40,123.70,0.9970,-1,-1
233,98,273.00,346.00,31.30,71.20,0.9720,-1,-1
233,100,743.00,363.00,24.00,61.10,0.9960,-1,-1
233,101,926.00,358.00,48.80,136.50,0.9980,-1,-1
233,103,956.00,365.00,42.30,118.80,0.9930,-1,-1
233,104,1011.00,357.00,40.40,124.70,0.9990,-1,-1
234,5,1373.00,312.00,237.70,718.70,1.0000,-1,-1
234,16,883.00,343.00,54.20,153.50,0.9960,-1,-1
234,29,1030.00,356.00,69.90,162.20,0.9990,-1,-1
234,60,450.00,346.00,46.60,119.50,0.9930,-1,-1
234,62,623.00,340.00,83.70,180.60,0.9990,-1,-1
234,70,245.00,346.00,38.80,113.70,0.9960,-1,-1
234,72,525.00,336.00,49.10,132.40,0.9720,-1,-1
234,77,224.00,343.00,25.90,71.90,0.9880,-1,-1
234,81,974.00,362.00,38.30,115.70,0.9870,-1,-1
234,90,1627.00,334.00,274.50,724.20,1.0000,-1,-1
234,94,1122.00,358.00,38.10,119.50,0.9990,-1,-1
234,97,502.00,355.00,38.60,110.90,0.9840,-1,-1
234,98,279.00,351.00,28.10,68.30,0.9740,-1,-1
234,100,749.00,358.00,23.90,64.90,0.9890,-1,-1
234,101,936.00,361.00,51.30,136.50,0.9980,-1,-1
234,104,1005.00,354.00,46.90,121.80,0.9660,-1,-1
235,5,1382.00,344.00,212.00,688.70,1.0000,-1,-1
235,16,884.00,344.00,50.10,150.40,0.9980,-1,-1
235,29,1036.00,357.00,65.50,160.80,0.9990,-1,-1
235,60,453.00,344.00,48.80,120.10,0.9970,-1,-1
235,62,639.00,329.00,83.00,181.40,0.9990,-1,-1
235,70,250.00,339.00,40.40,117.00,0.9950,-1,-1
235,72,529.00,339.00,49.60,135.80,0.9640,-1,-1
235,77,233.00,336.00,26.40,76.10,0.9850,-1,-1
235,81,967.00,357.00,42.10,118.80,0.9950,-1,-1
235,90,1624.00,333.00,276.40,726.90,1.0000,-1,-1
235,94,1133.00,355.00,36.30,122.00,0.9960,-1,-1
235,97,504.00,351.00,38.70,112.50,0.9880,-1,-1
235,98,281.00,347.00,29.60,69.60,0.9950,-1,-1
235,100,747.00,350.00,26.30,71.40,0.9840,-1,-1
235,101,938.00,349.00,44.20,136.10,0.9990,-1,-1
235,104,992.00,359.00,35.60,101.90,0.9820,-1,-1
235,105,-6.00,342.00,59.20,193.70,0.9610,-1,-1
236,5,1388.00,331.00,224.90,681.50,1.0000,-1,-1
236,16,885.00,340.00,48.40,145.60,0.9970,-1,-1
236,29,1035.00,350.00,70.40,163.40,0.9980,-1,-1
236,60,457.00,337.00,47.50,119.40,0.9890,-1,-1
236,62,641.00,327.00,78.00,184.80,0.9980,-1,-1
236,70,256.00,342.00,36.20,105.00,0.9880,-1,-1
236,72,528.00,328.00,51.50,141.60,0.9860,-1,-1
236,77,237.00,334.00,25.90,74.90,0.9970,-1,-1
236,90,1639.00,306.00,269.40,733.50,1.0000,-1,-1
236,94,1137.00,348.00,32.90,118.60,0.9990,-1,-1
236,97,505.00,348.00,40.80,112.40,0.9980,-1,-1
236,98,288.00,344.00,27.70,66.80,0.9900,-1,-1
236,100,754.00,348.00,24.10,71.90,0.9890,-1,-1
236,101,932.00,343.00,55.60,147.80,0.9850,-1,-1
236,103,959.00,350.00,42.00,127.60,0.9970,-1,-1
236,104,984.00,357.00,35.50,102.10,0.9800,-1,-1
236,105,-9.00,344.00,67.10,183.20,0.9980,-1,-1
237,5,1375.00,318.00,245.80,725.80,1.0000,-1,-1
237,16,886.00,326.00,54.00,158.20,0.9970,-1,-1
237,29,1035.00,351.00,68.30,155.50,0.9970,-1,-1
237,60,462.00,332.00,49.60,126.60,0.9930,-1,-1
237,62,641.00,318.00,81.60,188.10,0.9990,-1,-1
237,70,257.00,339.00,39.40,108.40,0.9930,-1,-1
237,72,531.00,326.00,49.20,139.30,0.9940,-1,-1
237,77,235.00,328.00,27.40,73.90,0.9880,-1,-1
237,90,1644.00,312.00,269.00,715.50,1.0000,-1,-1
237,94,1138.00,350.00,31.00,112.30,0.9990,-1,-1
237,97,506.00,346.00,39.80,117.50,0.9950,-1,-1
237,98,289.00,337.00,29.10,70.90,0.9910,-1,-1
237,100,762.00,345.00,25.30,67.90,0.9900,-1,-1
237,103,951.00,343.00,44.90,132.60,1.0000,-1,-1
237,104,981.00,352.00,37.50,105.90,0.9500,-1,-1
237,105,-12.00,331.00,72.30,193.40,0.9940,-1,-1
238,5,1384.00,314.00,212.10,699.50,1.0000,-1,-1
238,16,891.00,332.00,50.60,155.40,0.9980,-1,-1
238,29,1035.00,338.00,70.50,173.80,0.9980,-1,-1
238,60,468.00,331.00,49.00,132.60,0.9430,-1,-1
238,62,634.00,323.00,82.60,186.30,0.9990,-1,-1
238,70,255.00,328.00,42.00,115.90,0.9910,-1,-1
238,72,527.00,323.00,49.50,142.90,0.9940,-1,-1
238,77,237.00,325.00,26.60,71.30,0.9820,-1,-1
238,90,1620.00,293.00,276.00,740.40,1.0000,-1,-1
238,94,1142.00,348.00,34.70,116.60,0.9970,-1,-1
238,97,503.00,341.00,43.10,119.60,0.9340,-1,-1
238,98,288.00,334.00,32.10,77.20,0.9880,-1,-1
238,100,761.00,344.00,24.20,69.20,0.9680,-1,-1
238,101,945.00,342.00,46.40,134.10,1.0000,-1,-1
238,104,975.00,351.00,38.80,113.00,0.9990,-1,-1
238,105,-11.00,335.00,85.30,187.30,0.9960,-1,-1
239,5,1391.00,302.00,202.40,728.20,1.0000,-1,-1
239,16,891.00,331.00,51.30,153.80,0.9980,-1,-1
239,29,1050.00,342.00,60.50,165.60,0.9970,-1,-1
239,60,474.00,341.00,50.00,114.00,0.9400,-1,-1
239,62,644.00,317.00,75.30,189.30,0.9990,-1,-1
239,70,260.00,334.00,40.20,109.10,0.9900,-1,-1
239,72,533.00,332.00,49.80,136.50,0.9910,-1,-1
239,77,242.00,328.00,27.10,67.60,0.9930,-1,-1
239,90,1624.00,300.00,277.70,738.10,1.0000,-1,-1
239,94,1146.00,341.00,34.00,118.10,0.9970,-1,-1
239,97,506.00,340.00,40.40,121.70,0.9780,-1,-1
239,98,287.00,333.00,30.60,71.80,0.9930,-1,-1
239,100,764.00,346.00,23.30,61.20,0.9790,-1,-1
239,101,942.00,339.00,48.40,141.70,0.9900,-1,-1
239,104,967.00,339.00,45.40,127.40,0.9990,-1,-1
239,105,-7.00,331.00,80.80,186.60,0.9960,-1,-1
239,106,1023.00,350.00,43.30,116.30,0.9150,-1,-1
240,5,1378.00,286.00,202.70,728.90,1.0000,-1,-1
240,16,890.00,332.00,54.50,141.00,0.9990,-1,-1
240,29,1051.00,339.00,62.30,175.30,0.9990,-1,-1
240,60,474.00,334.00,51.90,121.60,0.9760,-1,-1
240,62,640.00,322.00,80.70,186.40,0.9990,-1,-1
240,70,259.00,329.00,41.50,119.00,0.9780,-1,-1
240,72,529.00,320.00,48.40,140.60,0.9940,-1,-1
240,77,241.00,323.00,25.40,71.50,0.9960,-1,-1
240,90,1641.00,312.00,253.40,716.70,1.0000,-1,-1
240,94,1149.00,345.00,32.70,114.60,1.0000,-1,-1
240,97,505.00,339.00,40.30,121.80,0.9900,-1,-1
240,98,293.00,332.00,30.80,69.20,0.9940,-1,-1
240,100,771.00,347.00,22.20,62.30,0.9860,-1,-1
240,101,946.00,335.00,50.80,138.10,0.9950,-1,-1
240,104,970.00,339.00,46.50,129.00,1.0000,-1,-1
240,105,-7.00,332.00,79.40,187.20,0.9940,-1,-1
241,5,1385.00,288.00,216.80,726.10,1.0000,-1,-1
241,16,904.00,326.00,52.20,155.00,1.0000,-1,-1
241,29,1055.00,350.00,65.80,158.20,0.9980,-1,-1
241,60,484.00,330.00,48.70,128.40,0.9860,-1,-1
241,62,646.00,308.00,84.00,194.30,0.9980,-1,-1
241,70,262.00,328.00,39.10,110.30,0.9970,-1,-1
241,72,532.00,326.00,48.50,127.60,0.9960,-1,-1
241,77,247.00,326.00,27.10,67.90,0.9930,-1,-1
241,90,1630.00,295.00,272.50,733.00,1.0000,-1,-1
241,94,1149.00,340.00,35.70,119.30,0.9930,-1,-1
241,97,511.00,328.00,41.90,137.70,0.9560,-1,-1
241,98,295.00,331.00,30.20,74.20,0.9900,-1,-1
241,100,778.00,338.00,25.10,72.10,0.9790,-1,-1
241,104,963.00,337.00,43.60,130.90,0.9960,-1,-1
241,105,-5.00,332.00,75.10,193.60,0.9990,-1,-1
241,106,1039.00,347.00,39.30,113.80,0.9980,-1,-1
242,5,1391.00,286.00,222.00,720.70,1.0000,-1,-1
242,16,904.00,326.00,49.40,155.20,0.9950,-1,-1
242,29,1050.00,345.00,68.00,156.80,0.9990,-1,-1
242,60,481.00,335.00,47.70,122.20,0.9920,-1,-1
242,62,639.00,315.00,88.40,186.60,0.9990,-1,-1
242,70,265.00,327.00,37.60,115.10,0.9910,-1,-1
242,72,527.00,321.00,51.50,144.20,0.9900,-1,-1
242,77,249.00,323.00,25.00,70.30,0.9990,-1,-1
242,90,1638.00,297.00,272.10,742.00,1.0000,-1,-1
242,94,1157.00,339.00,30.30,116.40,0.9960,-1,-1
242,97,509.00,333.00,43.80,130.50,0.9920,-1,-1
242,98,294.00,329.00,32.00,75.10,0.9950,-1,-1
242,100,779.00,344.00,23.00,60.00,0.9580,-1,-1
242,104,958.00,339.00,46.20,134.70,1.0000,-1,-1
242,105,-5.00,326.00,77.20,192.00,1.0000,-1,-1
243,5,1379.00,275.00,214.30,753.80,1.0000,-1,-1
243,16,905.00,322.00,54.40,162.30,0.9990,-1,-1
243,29,1059.00,343.00,61.80,153.00,0.9990,-1,-1
243,60,498.00,327.00,46.60,128.10,0.9910,-1,-1
243,62,644.00,315.00,90.50,187.20,0.9990,-1,-1
243,70,263.00,329.00,40.30,116.20,0.9920,-1,-1
243,72,537.00,318.00,45.50,137.30,0.9880,-1,-1
243,77,254.00,322.00,24.40,72.70,0.9980,-1,-1
243,90,1610.00,289.00,301.10,747.80,1.0000,-1,-1
243,94,1161.00,343.00,35.70,117.20,1.0000,-1,-1
243,98,302.00,329.00,28.20,76.40,0.9960,-1,-1
243,100,782.00,342.00,23.10,62.10,0.9840,-1,-1
243,101,960.00,333.00,48.50,140.00,0.9960,-1,-1
243,105,0.00,330.00,77.50,181.10,0.9990,-1,-1
244,5,1398.00,306.00,198.70,729.10,1.0000,-1,-1
244,16,901.00,316.00,61.10,167.40,0.9990,-1,-1
244,29,1056.00,336.00,68.20,165.00,0.9990,-1,-1
244,60,501.00,329.00,46.10,122.20,0.9880,-1,-1
244,62,642.00,314.00,97.70,189.20,1.0000,-1,-1
244,70,275.00,330.00,36.10,106.40,0.9890,-1,-1
244,72,532.00,316.00,49.80,133.50,0.9830,-1,-1
244,77,250.00,314.00,31.80,77.40,0.9910,-1,-1
244,90,1593.00,300.00,320.60,732.50,1.0000,-1,-1
244,94,1156.00,336.00,34.90,116.10,0.9890,-1,-1
244,98,309.00,328.00,26.30,68.20,0.9470,-1,-1
244,100,784.00,341.00,21.50,60.80,0.9850,-1,-1
244,101,970.00,337.00,43.80,128.20,0.9990,-1,-1
244,105,-4.00,319.00,87.50,196.00,1.0000,-1,-1
245,5,1366.00,281.00,243.30,743.00,1.0000,-1,-1
245,16,911.00,321.00,53.90,156.10,0.9980,-1,-1
245,29,1069.00,349.00,69.00,153.90,0.9970,-1,-1
245,62,645.00,309.00,87.50,191.70,1.0000,-1,-1
245,70,271.00,325.00,39.20,109.90,0.9950,-1,-1
245,72,537.00,323.00,49.40,129.60,0.9620,-1,-1
245,77,252.00,320.00,27.90,77.50,0.9690,-1,-1
245,90,1612.00,286.00,299.80,739.10,1.0000,-1,-1
245,94,1165.00,338.00,35.00,119.80,0.9970,-1,-1
245,97,510.00,334.00,45.40,120.00,0.9870,-1,-1
245,98,300.00,329.00,29.60,71.90,0.9870,-1,-1
245,100,787.00,337.00,22.50,61.60,0.9940,-1,-1
245,101,961.00,332.00,48.70,148.30,1.0000,-1,-1
245,105,-4.00,328.00,82.80,196.80,0.9970,-1,-1
245,106,1051.00,339.00,43.50,117.30,1.0000,-1,-1
246,5,1364.00,273.00,244.40,772.70,1.0000,-1,-1
246,16,915.00,330.00,56.00,147.40,0.9970,-1,-1
246,29,1071.00,338.00,70.80,164.50,0.9980,-1,-1
246,62,655.00,303.00,78.00,197.60,1.0000,-1,-1
246,70,275.00,326.00,42.10,113.00,0.9920,-1,-1
246,72,541.00,313.00,49.60,143.90,0.9960,-1,-1
246,77,258.00,321.00,26.00,69.20,0.9730,-1,-1
246,90,1623.00,303.00,294.60,726.90,1.0000,-1,-1
246,94,1170.00,337.00,34.90,124.40,0.9640,-1,-1
246,97,514.00,329.00,43.10,129.50,0.9910,-1,-1
246,98,306.00,325.00,31.10,74.00,0.9860,-1,-1
246,100,791.00,339.00,26.40,68.40,0.9930,-1,-1
246,101,973.00,331.00,46.20,144.20,1.0000,-1,-1
246,102,729.00,345.00,25.00,62.60,0.9670,-1,-1
246,105,2.00,318.00,81.00,198.60,1.0000,-1,-1
247,5,1365.00,295.00,237.30,736.10,1.0000,-1,-1
247,16,915.00,330.00,56.20,146.60,0.9980,-1,-1
247,29,1065.00,335.00,80.80,173.30,0.9970,-1,-1
247,62,653.00,301.00,80.10,205.80,1.0000,-1,-1
247,70,275.00,320.00,41.30,117.00,0.9900,-1,-1
247,72,534.00,317.00,48.70,135.60,0.9900,-1,-1
247,77,254.00,312.00,27.60,73.10,0.9980,-1,-1
247,90,1590.00,315.00,345.00,732.20,1.0000,-1,-1
247,94,1170.00,341.00,35.00,119.20,0.9970,-1,-1
247,97,510.00,335.00,45.10,117.20,0.9950,-1,-1
247,98,304.00,321.00,31.50,70.20,0.9880,-1,-1
247,100,791.00,337.00,25.20,68.40,0.9940,-1,-1
247,101,971.00,328.00,49.40,147.80,0.9960,-1,-1
247,102,729.00,342.00,25.60,66.70,0.9730,-1,-1
247,105,-1.00,318.00,84.40,203.00,1.0000,-1,-1
247,106,1059.00,332.00,43.70,119.30,1.0000,-1,-1
248,5,1368.00,287.00,238.30,749.50,1.0000,-1,-1
248,16,921.00,319.00,50.30,152.80,0.9990,-1,-1
248,29,1073.00,341.00,69.50,164.60,0.9990,-1,-1
248,62,658.00,309.00,81.90,192.20,1.0000,-1,-1
248,70,272.00,320.00,42.10,110.60,0.9980,-1,-1
248,72,532.00,320.00,53.90,134.10,0.9970,-1,-1
248,77,257.00,319.00,27.50,74.50,0.9920,-1,-1
248,90,1610.00,321.00,305.80,728.30,1.0000,-1,-1
248,94,1169.00,343.00,37.40,113.80,0.9990,-1,-1
248,97,506.00,328.00,39.00,117.00,0.9720,-1,-1
248,98,301.00,321.00,31.40,71.30,0.9940,-1,-1
248,100,791.00,342.00,22.60,60.20,0.9940,-1,-1
248,101,983.00,342.00,44.50,123.30,1.0000,-1,-1
248,102,732.00,347.00,22.60,56.20,0.9680,-1,-1
248,103,958.00,337.00,48.50,126.60,0.9820,-1,-1
248,105,-1.00,319.00,83.40,200.70,1.0000,-1,-1
248,106,1057.00,335.00,54.50,124.90,0.9990,-1,-1
249,5,1371.00,302.00,222.90,726.30,1.0000,-1,-1
249,16,922.00,315.00,54.60,155.90,0.9970,-1,-1
249,29,1072.00,341.00,65.20,161.80,0.9990,-1,-1
249,62,662.00,312.00,77.40,188.70,1.0000,-1,-1
249,70,275.00,321.00,42.60,113.40,0.9870,-1,-1
249,72,537.00,310.00,50.70,144.40,0.9890,-1,-1
249,77,258.00,315.00,28.70,78.10,0.9890,-1,-1
249,90,1623.00,305.00,312.10,758.60,1.0000,-1,-1
249,94,1172.00,340.00,33.60,112.70,0.9950,-1,-1
249,97,510.00,329.00,46.40,117.20,0.9990,-1,-1
249,98,305.00,317.00,32.60,72.80,0.9940,-1,-1
249,100,797.00,338.00,22.80,66.30,0.9880,-1,-1
249,101,969.00,330.00,49.90,140.00,1.0000,-1,-1
249,102,733.00,343.00,22.50,56.00,0.9720,-1,-1
249,105,-0.00,325.00,77.70,177.10,1.0000,-1,-1
249,106,1059.00,332.00,45.80,130.30,1.0000,-1,-1
250,5,1358.00,300.00,243.60,743.70,1.0000,-1,-1
250,16,924.00,313.00,56.10,159.90,0.9950,-1,-1
250,29,1078.00,344.00,69.40,159.90,0.9980,-1,-1
250,62,661.00,301.00,77.70,195.30,1.0000,-1,-1
250,70,276.00,317.00,41.80,112.40,0.9890,-1,-1
250,72,536.00,316.00,50.80,138.90,0.9970,-1,-1
250,77,260.00,311.00,28.80,76.00,0.9980,-1,-1
250,90,1619.00,298.00,305.30,774.20,1.0000,-1,-1
250,94,1176.00,336.00,33.30,113.40,0.9980,-1,-1
250,97,513.00,326.00,44.90,123.60,0.9980,-1,-1
250,98,311.00,318.00,28.60,69.40,0.9950,-1,-1
250,100,797.00,334.00,21.90,64.70,0.9910,-1,-1
250,101,972.00,329.00,50.80,144.60,1.0000,-1,-1
250,102,737.00,341.00,22.90,55.30,0.9540,-1,-1
250,105,6.00,307.00,80.70,203.70,0.9990,-1,-1
250,106,1066.00,325.00,45.10,131.90,0.9990,-1,-1
251,5,1364.00,300.00,244.50,747.80,1.0000,-1,-1
251,16,921.00,322.00,59.20,156.70,0.9900,-1,-1
251,29,1086.00,335.00,68.80,160.70,0.9990,-1,-1
251,62,663.00,293.00,79.90,212.30,0.9990,-1,-1
251,70,279.00,314.00,41.40,115.30,0.9920,-1,-1
251,72,540.00,316.00,46.30,137.10,0.9920,-1,-1
251,77,262.00,307.00,28.60,78.70,0.9900,-1,-1
251,90,1647.00,310.00,266.70,727.20,1.0000,-1,-1
251,94,1182.00,336.00,34.80,112.30,0.9960,-1,-1
251,97,510.00,324.00,45.10,119.20,0.9970,-1,-1
251,98,308.00,310.00,32.00,77.90,0.9920,-1,-1
251,100,804.00,334.00,21.10,59.40,0.9930,-1,-1
251,101,980.00,328.00,49.40,141.10,0.9970,-1,-1
251,102,739.00,338.00,21.70,55.40,0.9580,-1,-1
251,105,11.00,317.00,76.50,193.70,1.0000,-1,-1
251,106,1063.00,324.00,43.90,129.00,0.9990,-1,-1
251,107,1547.00,269.00,130.00,484.90,0.9910,-1,-1
252,5,1374.00,304.00,242.80,731.80,1.0000,-1,-1
252,16,928.00,321.00,56.20,150.20,0.9880,-1,-1
252,29,1091.00,336.00,66.60,159.70,0.9990,-1,-1
252,62,663.00,292.00,81.00,205.10,0.9990,-1,-1
252,70,278.00,308.00,40.90,118.80,0.9920,-1,-1
252,72,535.00,308.00,54.70,148.10,0.9760,-1,-1
252,77,263.00,306.00,27.40,75.30,0.9720,-1,-1
252,90,1640.00,298.00,296.40,751.70,1.0000,-1,-1
252,94,1189.00,329.00,34.70,116.80,0.9960,-1,-1
252,97,511.00,323.00,45.60,121.10,0.9950,-1,-1
252,98,309.00,311.00,31.80,81.40,0.9920,-1,-1
252,100,802.00,332.00,21.70,62.50,0.9850,-1,-1
252,101,979.00,321.00,52.30,146.10,0.9990,-1,-1
252,102,736.00,334.00,24.80,61.10,0.9700,-1,-1
252,105,12.00,311.00,77.00,203.40,1.0000,-1,-1
252,106,1067.00,323.00,46.60,134.20,1.0000,-1,-1
252,107,1546.00,274.00,139.80,445.80,0.9960,-1,-1
253,5,1372.00,312.00,230.20,701.70,1.0000,-1,-1
253,16,932.00,318.00,57.30,151.00,0.9980,-1,-1
253,29,1087.00,333.00,67.40,159.20,0.9990,-1,-1
253,62,669.00,295.00,78.90,194.30,0.9990,-1,-1
253,70,281.00,314.00,40.10,114.00,0.9970,-1,-1
253,72,542.00,305.00,48.00,148.10,0.9970,-1,-1
253,77,265.00,306.00,30.40,83.60,0.9620,-1,-1
253,90,1671.00,278.00,266.70,766.30,1.0000,-1,-1
253,94,1190.00,334.00,34.00,115.40,0.9980,-1,-1
253,97,511.00,321.00,45.40,123.50,0.9960,-1,-1
253,98,309.00,315.00,30.80,78.00,0.9890,-1,-1
253,100,806.00,334.00,25.60,61.90,0.9920,-1,-1
253,101,980.00,320.00,48.80,144.20,1.0000,-1,-1
253,102,742.00,336.00,20.70,55.40,0.9620,-1,-1
253,105,15.00,309.00,74.40,200.90,1.0000,-1,-1
253,106,1068.00,326.00,46.70,129.90,1.0000,-1,-1
253,107,1547.00,278.00,158.90,459.10,0.9990,-1,-1
254,5,1384.00,305.00,229.40,702.70,1.0000,-1,-1
254,16,928.00,307.00,49.50,161.70,0.9930,-1,-1
254,29,1090.00,329.00,63.90,156.80,0.9990,-1,-1
254,62,666.00,296.00,76.60,200.50,0.9990,-1,-1
254,70,277.00,318.00,43.50,118.40,0.9910,-1,-1
254,72,543.00,305.00,48.80,138.10,0.9950,-1,-1
254,77,264.00,312.00,28.90,79.40,0.9960,-1,-1
254,90,1661.00,279.00,267.60,766.90,1.0000,-1,-1
254,94,1190.00,329.00,37.70,119.30,0.9810,-1,-1
254,97,510.00,323.00,46.40,121.20,0.9990,-1,-1
254,98,304.00,316.00,33.50,74.50,0.9860,-1,-1
254,100,806.00,332.00,25.60,63.50,0.9960,-1,-1
254,101,986.00,321.00,46.50,132.40,0.9990,-1,-1
254,102,743.00,334.00,25.50,61.60,0.9630,-1,-1
254,103,966.00,330.00,39.10,121.90,0.9810,-1,-1
254,105,9.00,313.00,85.10,207.50,1.0000,-1,-1
254,106,1073.00,321.00,46.60,130.30,1.0000,-1,-1
254,107,1568.00,275.00,154.70,463.20,0.9990,-1,-1
255,5,1390.00,274.00,223.00,750.70,1.0000,-1,-1
255,16,926.00,305.00,60.50,167.50,0.9960,-1,-1
255,29,1094.00,324.00,67.00,163.90,0.9900,-1,-1
255,62,669.00,297.00,82.10,194.50,0.9990,-1,-1
255,70,279.00,314.00,38.60,116.20,0.9810,-1,-1
255,72,540.00,307.00,51.70,139.00,0.9950,-1,-1
255,77,268.00,308.00,31.20,81.00,0.9990,-1,-1
255,90,1661.00,269.00,283.40,754.00,1.0000,-1,-1
255,94,1193.00,329.00,37.60,118.40,0.9790,-1,-1
255,97,512.00,323.00,44.60,120.80,0.9950,-1,-1
255,98,310.00,314.00,30.60,72.90,0.9950,-1,-1
255,100,809.00,332.00,23.40,64.50,0.9930,-1,-1
255,101,980.00,316.00,52.30,149.30,0.9990,-1,-1
255,102,745.00,335.00,23.40,59.00,0.9610,-1,-1
255,105,13.00,312.00,89.40,199.60,1.0000,-1,-1
255,106,1071.00,319.00,50.00,141.20,1.0000,-1,-1
255,107,1577.00,273.00,156.30,461.60,0.9990,-1,-1
255,108,1040.00,343.00,19.20,42.20,0.9050,-1,-1
256,5,1386.00,272.00,229.60,743.80,1.0000,-1,-1
256,16,934.00,311.00,58.40,161.60,0.9980,-1,-1
256,29,1097.00,330.00,66.20,162.00,0.9900,-1,-1
256,62,670.00,287.00,87.00,212.10,0.9990,-1,-1
256,70,285.00,314.00,39.50,118.10,0.9930,-1,-1
256,72,542.00,306.00,51.60,146.70,0.9940,-1,-1
256,77,271.00,313.00,29.70,77.80,0.9970,-1,-1
256,90,1683.00,243.00,240.70,794.40,1.0000,-1,-1
256,94,1202.00,332.00,33.30,112.90,0.9970,-1,-1
256,97,509.00,322.00,48.00,120.00,0.9800,-1,-1
256,98,315.00,316.00,30.50,75.60,0.9770,-1,-1
256,100,815.00,334.00,23.40,59.50,0.9700,-1,-1
256,101,994.00,326.00,51.10,129.50,1.0000,-1,-1
256,102,747.00,334.00,24.20,61.40,0.9520,-1,-1
256,105,17.00,310.00,84.80,209.60,1.0000,-1,-1
256,106,1080.00,321.00,44.50,130.80,1.0000,-1,-1
256,107,1594.00,228.00,169.20,528.10,0.9780,-1,-1
256,108,1043.00,341.00,18.60,41.20,0.9180,-1,-1
257,5,1391.00,274.00,228.20,735.80,1.0000,-1,-1
257,16,936.00,308.00,59.70,167.50,0.9990,-1,-1
257,29,1104.00,325.00,65.10,161.70,0.9980,-1,-1
257,62,674.00,293.00,84.50,201.30,0.9950,-1,-1
257,70,290.00,321.00,36.40,108.70,0.9940,-1,-1
257,72,540.00,310.00,51.90,138.90,0.9910,-1,-1
257,77,275.00,314.00,30.00,79.00,0.9260,-1,-1
257,90,1695.00,272.00,233.90,766.70,1.0000,-1,-1
257,94,1207.00,328.00,34.30,110.60,0.9970,-1,-1
257,97,514.00,325.00,41.20,123.90,0.9930,-1,-1
257,98,317.00,320.00,29.00,73.00,0.9900,-1,-1
257,100,822.00,333.00,23.50,59.80,0.9910,-1,-1
257,101,990.00,315.00,55.30,153.30,0.9960,-1,-1
257,102,749.00,335.00,24.10,61.70,0.9490,-1,-1
257,105,23.00,320.00,77.60,194.90,1.0000,-1,-1
257,106,1079.00,325.00,47.10,130.70,0.9380,-1,-1
257,107,1607.00,235.00,186.20,517.20,0.9960,-1,-1
257,108,1045.00,336.00,20.90,46.70,0.9890,-1,-1
258,5,1409.00,276.00,214.50,737.70,1.0000,-1,-1
258,16,942.00,318.00,49.60,155.80,0.9900,-1,-1
258,29,1107.00,323.00,70.80,164.30,0.9900,-1,-1
258,62,670.00,297.00,79.20,185.50,0.9800,-1,-1
258,70,296.00,309.00,40.80,126.10,0.9550,-1,-1
258,72,540.00,313.00,50.40,136.30,0.9410,-1,-1
258,90,1675.00,257.00,271.40,761.60,1.0000,-1,-1
258,94,1213.00,327.00,34.40,113.90,0.9980,-1,-1
258,97,521.00,328.00,41.90,120.20,0.9840,-1,-1
258,98,316.00,317.00,31.50,73.20,0.9620,-1,-1
258,100,822.00,328.00,21.70,56.90,0.9590,-1,-1
258,101,994.00,322.00,52.60,138.20,0.9920,-1,-1
258,102,760.00,329.00,21.20,59.20,0.9430,-1,-1
258,105,31.00,314.00,75.20,190.70,0.9970,-1,-1
258,106,1081.00,309.00,57.20,138.60,0.9820,-1,-1
258,108,1049.00,335.00,22.90,45.20,0.9660,-1,-1
259,5,1400.00,292.00,256.70,735.60,1.0000,-1,-1
259,16,945.00,309.00,56.50,160.80,0.9970,-1,-1
259,29,1118.00,326.00,58.40,157.50,0.9960,-1,-1
259,60,550.00,314.00,47.90,134.30,0.9910,-1,-1
259,62,674.00,288.00,85.10,204.10,0.9970,-1,-1
259,70,288.00,319.00,42.90,120.00,0.9870,-1,-1
259,77,281.00,314.00,32.00,83.40,0.9980,-1,-1
259,90,1673.00,266.00,252.30,766.40,1.0000,-1,-1
259,94,1209.00,325.00,38.10,116.90,0.9990,-1,-1
259,97,524.00,330.00,43.80,123.00,0.9630,-1,-1
259,98,320.00,319.00,31.70,73.60,0.9620,-1,-1
259,100,823.00,334.00,23.60,56.40,0.9820,-1,-1
259,101,995.00,321.00,56.90,142.20,0.9990,-1,-1
259,102,755.00,337.00,24.20,59.60,0.9480,-1,-1
259,105,26.00,319.00,75.20,199.70,1.0000,-1,-1
259,106,1095.00,315.00,42.80,137.60,1.0000,-1,-1
259,108,1049.00,339.00,22.80,48.20,0.9640,-1,-1
260,5,1407.00,290.00,239.80,729.80,1.0000,-1,-1
260,16,947.00,313.00,52.80,157.20,0.9960,-1,-1
260,29,1123.00,321.00,57.50,165.60,0.9990,-1,-1
260,62,678.00,289.00,83.10,200.50,0.9990,-1,-1
260,70,297.00,315.00,37.30,119.60,0.9930,-1,-1
260,72,545.00,306.00,51.00,145.60,0.9950,-1,-1
260,77,286.00,315.00,28.30,75.20,0.9970,-1,-1
260,90,1677.00,248.00,243.50,736.50,1.0000,-1,-1
260,94,1216.00,322.00,33.10,114.30,0.9990,-1,-1
260,97,522.00,331.00,39.30,120.80,0.9920,-1,-1
260,98,323.00,312.00,34.90,81.50,0.9520,-1,-1
260,100,829.00,325.00,25.60,70.10,0.9910,-1,-1
260,101,999.00,314.00,53.90,152.80,0.9990,-1,-1
260,102,760.00,338.00,23.00,55.40,0.9350,-1,-1
260,105,27.00,311.00,83.30,195.40,0.9990,-1,-1
260,106,1096.00,318.00,46.30,139.00,0.9990,-1,-1
260,108,1057.00,337.00,21.90,46.80,0.9340,-1,-1
261,5,1432.00,294.00,220.20,720.90,1.0000,-1,-1
261,16,951.00,301.00,59.30,157.70,0.9930,-1,-1
261,29,1131.00,314.00,61.60,162.20,0.9990,-1,-1
261,60,549.00,297.00,52.80,156.90,0.9960,-1,-1
261,62,682.00,294.00,83.30,198.50,0.9960,-1,-1
261,70,298.00,310.00,43.50,118.40,0.9780,-1,-1
261,77,290.00,311.00,28.50,75.30,0.9990,-1,-1
261,90,1681.00,236.00,261.80,796.80,1.0000,-1,-1
261,94,1227.00,317.00,34.80,118.10,0.9990,-1,-1
261,97,519.00,324.00,41.70,120.60,0.9910,-1,-1
261,98,327.00,315.00,32.80,69.40,0.9120,-1,-1
261,100,839.00,323.00,26.70,64.70,0.9780,-1,-1
261,101,1009.00,318.00,48.30,144.40,0.9980,-1,-1
261,102,770.00,329.00,23.50,59.90,0.9400,-1,-1
261,105,41.00,317.00,70.80,190.00,0.9990,-1,-1
261,106,1104.00,311.00,44.90,131.10,1.0000,-1,-1
261,108,1062.00,327.00,23.70,54.10,0.9600,-1,-1
262,5,1417.00,292.00,251.80,733.10,1.0000,-1,-1
262,16,958.00,307.00,55.60,155.20,0.9960,-1,-1
262,29,1140.00,319.00,52.20,159.10,0.9970,-1,-1
262,60,552.00,298.00,57.10,150.80,0.9900,-1,-1
262,62,680.00,289.00,88.40,204.80,0.9950,-1,-1
262,70,301.00,308.00,42.20,121.40,0.9940,-1,-1
262,90,1691.00,242.00,258.60,754.50,1.0000,-1,-1
262,94,1229.00,318.00,40.30,118.20,0.9980,-1,-1
262,97,525.00,314.00,43.70,129.80,0.9640,-1,-1
262,100,840.00,319.00,24.50,67.00,0.9550,-1,-1
262,101,1021.00,318.00,46.30,123.30,0.9980,-1,-1
262,102,769.00,325.00,24.90,62.20,0.9590,-1,-1
262,105,34.00,307.00,79.70,194.90,0.9990,-1,-1
262,106,1105.00,306.00,47.90,145.50,0.9980,-1,-1
262,108,1066.00,330.00,21.00,42.70,0.9590,-1,-1
263,5,1440.00,286.00,231.00,728.60,1.0000,-1,-1
263,16,963.00,303.00,61.40,164.80,0.9900,-1,-1
263,29,1138.00,314.00,66.50,170.00,0.9990,-1,-1
263,60,545.00,294.00,62.00,157.60,0.9960,-1,-1
263,62,679.00,278.00,90.70,218.20,0.9990,-1,-1
263,70,304.00,307.00,40.50,111.90,0.9840,-1,-1
263,77,298.00,304.00,28.50,77.20,0.9990,-1,-1
263,90,1715.00,226.00,239.90,834.00,1.0000,-1,-1
263,94,1233.00,310.00,35.60,123.70,0.9980,-1,-1
263,98,331.00,308.00,34.00,84.20,0.9510,-1,-1
263,100,848.00,318.00,24.80,66.20,0.9930,-1,-1
263,101,1015.00,316.00,50.50,136.70,0.9960,-1,-1
263,102,778.00,325.00,24.20,55.20,0.9490,-1,-1
263,105,39.00,311.00,77.10,190.30,1.0000,-1,-1
263,106,1113.00,306.00,46.50,140.70,0.9980,-1,-1
263,108,1072.00,327.00,23.80,49.90,0.9750,-1,-1
264,5,1436.00,278.00,227.60,742.10,1.0000,-1,-1
264,16,956.00,298.00,59.90,162.70,0.9880,-1,-1
264,29,1144.00,310.00,66.00,161.70,0.9990,-1,-1
264,60,547.00,287.00,54.80,162.10,0.9970,-1,-1
264,62,678.00,280.00,101.10,194.50,0.9990,-1,-1
264,70,305.00,306.00,39.10,118.40,0.9800,-1,-1
264,77,296.00,299.00,30.00,81.40,1.0000,-1,-1
264,90,1712.00,211.00,260.70,825.90,0.9990,-1,-1
264,94,1236.00,314.00,40.10,116.10,0.9990,-1,-1
264,97,527.00,312.00,45.10,130.30,0.9970,-1,-1
264,98,333.00,304.00,31.20,82.10,0.9940,-1,-1
264,100,842.00,317.00,26.70,63.20,0.9810,-1,-1
264,101,1009.00,299.00,63.70,144.90,0.9990,-1,-1
264,102,777.00,316.00,25.60,63.60,0.9520,-1,-1
264,105,39.00,316.00,76.10,176.20,1.0000,-1,-1
264,106,1115.00,304.00,44.30,137.60,1.0000,-1,-1
264,108,1075.00,321.00,23.30,50.40,0.9680,-1,-1
265,5,1444.00,284.00,242.50,734.60,1.0000,-1,-1
265,16,968.00,293.00,56.50,161.50,0.9970,-1,-1
265,29,1139.00,308.00,71.60,171.90,0.9990,-1,-1
265,60,551.00,293.00,51.80,155.70,0.9940,-1,-1
265,62,687.00,284.00,85.50,207.00,0.9990,-1,-1
265,70,309.00,300.00,40.90,115.20,0.9800,-1,-1
265,77,297.00,296.00,28.90,85.40,0.9990,-1,-1
265,90,1734.00,205.00,245.90,819.10,0.9970,-1,-1
265,94,1240.00,310.00,33.50,114.30,0.9990,-1,-1
265,97,526.00,301.00,46.50,143.20,0.9400,-1,-1
265,100,852.00,314.00,23.50,61.60,0.9860,-1,-1
265,101,1013.00,301.00,54.30,154.40,0.9970,-1,-1
265,102,779.00,318.00,23.10,61.30,0.9550,-1,-1
265,105,46.00,304.00,78.70,201.60,1.0000,-1,-1
265,106,1117.00,304.00,50.70,125.30,0.9990,-1,-1
265,108,1075.00,318.00,22.20,50.60,0.9810,-1,-1
266,5,1453.00,281.00,217.60,711.80,1.0000,-1,-1
266,16,965.00,291.00,61.80,164.20,0.9950,-1,-1
266,29,1152.00,301.00,69.40,169.60,0.9990,-1,-1
266,60,547.00,283.00,55.10,161.80,0.9910,-1,-1
266,62,682.00,280.00,94.00,193.30,0.9980,-1,-1
266,70,311.00,298.00,41.60,119.70,0.9980,-1,-1
266,77,301.00,292.00,26.20,77.80,0.9990,-1,-1
266,90,1733.00,228.00,240.50,791.00,0.9920,-1,-1
266,94,1240.00,304.00,35.00,122.90,0.9950,-1,-1
266,97,523.00,307.00,42.40,131.80,0.9820,-1,-1
266,100,853.00,312.00,23.20,65.90,0.9910,-1,-1
266,101,1008.00,298.00,54.00,153.70,0.9990,-1,-1
266,102,787.00,316.00,22.30,51.70,0.9500,-1,-1
266,105,45.00,291.00,79.80,208.00,1.0000,-1,-1
266,106,1124.00,294.00,44.60,138.50,0.9990,-1,-1
266,108,1083.00,318.00,20.30,45.00,0.9630,-1,-1
266,109,-4.00,302.00,61.70,218.60,0.9270,-1,-1
267,5,1444.00,255.00,236.80,756.30,1.0000,-1,-1
267,16,969.00,294.00,58.50,169.20,0.9970,-1,-1
267,29,1151.00,309.00,67.30,153.80,0.9990,-1,-1
267,60,544.00,279.00,60.30,173.40,0.9920,-1,-1
267,62,705.00,280.00,84.40,209.10,0.9990,-1,-1
267,70,316.00,295.00,39.20,122.90,0.9870,-1,-1
267,77,300.00,293.00,28.20,77.70,0.9990,-1,-1
267,90,1738.00,218.00,252.20,778.10,0.9890,-1,-1
267,94,1246.00,306.00,37.90,119.80,0.9910,-1,-1
267,97,524.00,301.00,40.10,130.60,0.9930,-1,-1
267,100,850.00,313.00,24.70,62.50,0.9920,-1,-1
267,101,999.00,304.00,58.60,142.70,0.9960,-1,-1
267,102,785.00,312.00,24.50,59.90,0.9430,-1,-1
267,105,47.00,289.00,74.30,198.70,1.0000,-1,-1
267,106,1122.00,299.00,44.40,127.60,0.9970,-1,-1
267,108,1080.00,318.00,21.00,46.50,0.9530,-1,-1
267,109,-4.00,289.00,53.60,223.80,0.9210,-1,-1
268,5,1461.00,251.00,226.60,743.60,1.0000,-1,-1
268,16,967.00,302.00,50.50,153.70,0.9940,-1,-1
268,29,1155.00,301.00,67.10,168.10,0.9990,-1,-1
268,60,547.00,279.00,56.60,168.70,0.9950,-1,-1
268,62,690.00,274.00,94.50,197.70,0.9970,-1,-1
268,70,314.00,295.00,40.60,122.50,0.9880,-1,-1
268,77,299.00,295.00,27.80,72.90,0.9990,-1,-1
268,90,1725.00,240.00,263.80,772.90,0.9890,-1,-1
268,94,1247.00,310.00,36.40,118.90,0.9960,-1,-1
268,97,514.00,306.00,45.10,135.30,0.9890,-1,-1
268,100,857.00,309.00,25.40,64.80,0.9890,-1,-1
268,101,1008.00,293.00,53.90,152.30,0.9910,-1,-1
268,102,786.00,310.00,25.00,63.80,0.9490,-1,-1
268,105,51.00,297.00,73.70,191.40,1.0000,-1,-1
268,106,1126.00,296.00,45.10,132.60,0.9980,-1,-1
268,108,1083.00,317.00,22.50,47.20,0.9470,-1,-1
268,109,-6.00,286.00,63.10,218.20,0.9350,-1,-1
268,110,581.00,299.00,46.40,124.90,0.9670,-1,-1
269,5,1446.00,274.00,229.50,716.00,1.0000,-1,-1
269,16,961.00,295.00,56.90,160.60,0.9890,-1,-1
269,29,1159.00,308.00,70.10,162.40,0.9990,-1,-1
269,60,552.00,281.00,56.00,166.30,0.9920,-1,-1
269,62,691.00,279.00,88.40,194.90,0.9980,-1,-1
269,70,312.00,292.00,41.50,118.60,0.9880,-1,-1
269,77,301.00,291.00,29.00,82.40,0.9990,-1,-1
269,90,1720.00,215.00,278.00,786.40,0.9840,-1,-1
269,94,1250.00,306.00,35.00,117.70,0.9940,-1,-1
269,97,518.00,303.00,49.30,141.40,0.9840,-1,-1
269,100,858.00,307.00,22.50,66.50,0.9870,-1,-1
269,101,1007.00,291.00,54.80,149.30,0.9880,-1,-1
269,102,788.00,311.00,21.50,55.80,0.9170,-1,-1
269,105,43.00,299.00,76.70,194.20,0.9990,-1,-1
269,106,1128.00,295.00,46.40,138.20,0.9990,-1,-1
269,108,1083.00,315.00,24.20,49.80,0.9530,-1,-1
270,5,1467.00,274.00,222.30,711.00,1.0000,-1,-1
270,16,962.00,284.00,60.40,166.90,0.9820,-1,-1
270,29,1165.00,304.00,67.20,165.30,1.0000,-1,-1
270,60,552.00,279.00,56.40,165.20,0.9920,-1,-1
270,62,690.00,265.00,101.30,216.10,0.9990,-1,-1
270,70,309.00,292.00,44.20,125.70,0.9870,-1,-1
270,77,296.00,287.00,29.20,84.50,0.9940,-1,-1
270,90,1724.00,222.00,268.00,776.90,0.9940,-1,-1
270,94,1250.00,305.00,31.80,111.60,0.9790,-1,-1
270,97,513.00,305.00,48.50,130.70,0.9810,-1,-1
270,100,857.00,306.00,25.00,66.30,0.9910,-1,-1
270,101,1002.00,290.00,56.20,150.40,0.9950,-1,-1
270,102,785.00,311.00,24.10,57.80,0.9030,-1,-1
270,105,43.00,294.00,81.90,202.60,0.9950,-1,-1
270,106,1127.00,296.00,46.50,131.20,0.9990,-1,-1
270,108,1088.00,315.00,22.10,45.00,0.9790,-1,-1
270,110,585.00,292.00,48.80,124.10,0.9500,-1,-1
270,111,1038.00,302.00,47.70,127.40,0.9780,-1,-1
271,5,1465.00,254.00,230.10,737.10,1.0000,-1,-1
271,16,963.00,287.00,63.60,166.70,0.9840,-1,-1
271,29,1165.00,302.00,62.50,166.70,0.9960,-1,-1
271,62,694.00,277.00,93.30,216.50,0.9990,-1,-1
271,70,306.00,297.00,38.90,125.50,0.9650,-1,-1
271,72,537.00,283.00,57.60,163.60,0.9940,-1,-1
271,77,293.00,293.00,27.30,79.90,0.9990,-1,-1
271,90,1686.00,234.00,314.90,797.90,0.9970,-1,-1
271,94,1249.00,308.00,35.90,117.10,0.9980,-1,-1
271,98,331.00,302.00,31.60,73.40,0.9520,-1,-1
271,100,855.00,313.00,23.00,60.40,0.9980,-1,-1
271,101,1005.00,302.00,55.60,136.60,0.9920,-1,-1
271,102,786.00,313.00,22.80,57.70,0.9580,-1,-1
271,105,38.00,299.00,80.00,192.40,0.9990,-1,-1
271,106,1123.00,303.00,43.60,132.50,0.9980,-1,-1
271,108,1084.00,319.00,20.90,45.30,0.9300,-1,-1
271,110,586.00,302.00,47.20,121.60,0.9590,-1,-1
272,5,1455.00,269.00,220.40,723.60,1.0000,-1,-1
272,16,962.00,295.00,63.00,166.40,0.9910,-1,-1
272,29,1161.00,318.00,62.80,149.90,1.0000,-1,-1
272,62,694.00,290.00,98.90,215.50,0.9990,-1,-1
272,70,304.00,296.00,40.00,122.70,0.9810,-1,-1
272,72,533.00,289.00,54.90,161.00,0.9870,-1,-1
272,77,287.00,298.00,32.50,79.30,0.9830,-1,-1
272,90,1696.00,221.00,301.50,816.30,0.9970,-1,-1
272,94,1254.00,303.00,34.00,126.50,0.9780,-1,-1
272,98,326.00,306.00,30.10,74.80,0.9870,-1,-1
272,100,848.00,313.00,23.40,65.30,0.9760,-1,-1
272,101,997.00,296.00,60.20,147.90,0.9890,-1,-1
272,102,781.00,318.00,24.50,59.30,0.9600,-1,-1
272,105,33.00,302.00,77.10,202.10,0.9990,-1,-1
272,106,1127.00,298.00,44.30,138.40,0.9990,-1,-1
272,108,1081.00,321.00,21.60,46.20,0.9520,-1,-1
272,110,581.00,304.00,49.40,126.10,0.9930,-1,-1
272,111,1022.00,315.00,45.20,123.80,0.9970,-1,-1
272,112,942.00,304.00,41.60,110.10,0.9920,-1,-1
273,5,1456.00,273.00,237.80,728.90,1.0000,-1,-1
273,16,964.00,290.00,62.20,166.40,0.9930,-1,-1
273,29,1159.00,319.00,62.40,149.10,0.9990,-1,-1
273,62,679.00,268.00,91.50,221.80,0.9950,-1,-1
273,70,297.00,300.00,44.20,120.30,0.9790,-1,-1
273,72,534.00,292.00,51.80,159.50,0.9950,-1,-1
273,77,282.00,300.00,30.70,78.10,0.9990,-1,-1
273,90,1702.00,225.00,302.50,814.60,0.9960,-1,-1
273,94,1244.00,307.00,37.30,121.20,0.9980,-1,-1
273,97,499.00,315.00,44.00,135.40,0.9740,-1,-1
273,100,849.00,312.00,25.20,64.00,0.9860,-1,-1
273,101,999.00,298.00,56.30,148.10,0.9830,-1,-1
273,102,777.00,315.00,26.60,65.80,0.9690,-1,-1
273,105,36.00,301.00,78.30,195.70,0.9970,-1,-1
273,106,1119.00,296.00,54.20,137.00,0.9980,-1,-1
273,108,1081.00,321.00,20.50,44.90,0.9310,-1,-1
273,110,583.00,299.00,50.00,125.90,0.9800,-1,-1
273,111,1024.00,304.00,44.00,129.70,0.9830,-1,-1
273,112,927.00,299.00,51.10,116.90,0.9980,-1,-1
273,113,830.00,311.00,18.60,62.10,0.9090,-1,-1
274,5,1453.00,255.00,237.50,759.50,1.0000,-1,-1
274,16,962.00,292.00,58.30,162.00,0.9900,-1,-1
274,29,1153.00,308.00,73.20,164.40,0.9990,-1,-1
274,62,675.00,276.00,92.70,217.00,0.9960,-1,-1
274,70,298.00,303.00,40.50,114.00,0.9970,-1,-1
274,72,524.00,292.00,55.30,155.40,0.9920,-1,-1
274,77,280.00,298.00,32.70,79.30,0.9990,-1,-1
274,90,1707.00,222.00,292.00,818.50,0.9970,-1,-1
274,94,1244.00,303.00,38.40,120.90,0.9870,-1,-1
274,97,497.00,313.00,46.50,142.70,0.9320,-1,-1
274,100,848.00,314.00,23.50,63.30,0.9750,-1,-1
274,101,1001.00,299.00,50.80,145.70,0.9990,-1,-1
274,102,776.00,315.00,25.00,63.10,0.9650,-1,-1
274,105,33.00,314.00,77.40,182.20,0.9990,-1,-1
274,106,1118.00,300.00,47.70,131.10,0.9980,-1,-1
274,108,1077.00,320.00,24.10,49.00,0.9910,-1,-1
274,110,580.00,298.00,50.10,124.90,0.9610,-1,-1
274,111,1031.00,307.00,41.90,124.20,0.9810,-1,-1
274,112,924.00,312.00,41.50,103.60,0.9940,-1,-1
274,114,761.00,314.00,25.20,58.20,0.9160,-1,-1
275,5,1460.00,281.00,232.60,751.60,1.0000,-1,-1
275,16,962.00,299.00,58.10,165.70,0.9940,-1,-1
275,29,1158.00,303.00,71.80,166.40,0.9990,-1,-1
275,62,679.00,276.00,91.50,208.80,1.0000,-1,-1
275,70,291.00,306.00,40.90,114.50,0.9900,-1,-1
275,72,528.00,296.00,50.50,153.00,0.9950,-1,-1
275,77,279.00,301.00,29.40,81.40,0.9970,-1,-1
275,90,1718.00,223.00,279.80,828.50,0.9960,-1,-1
275,94,1242.00,300.00,38.80,127.10,0.9880,-1,-1
275,97,489.00,303.00,49.80,154.80,0.9690,-1,-1
275,98,319.00,310.00,28.00,66.60,0.9890,-1,-1
275,100,844.00,314.00,24.40,64.30,0.9870,-1,-1
275,102,775.00,318.00,23.50,54.10,0.9620,-1,-1
275,105,30.00,305.00,79.80,198.60,1.0000,-1,-1
275,106,1116.00,302.00,44.60,132.50,0.9990,-1,-1
275,108,1076.00,318.00,23.40,49.30,0.9800,-1,-1
275,110,578.00,297.00,49.10,126.20,0.9370,-1,-1
275,111,1020.00,308.00,45.40,125.30,0.9950,-1,-1
275,112,920.00,308.00,42.20,105.10,0.9800,-1,-1
276,5,1460.00,275.00,218.60,729.30,1.0000,-1,-1
276,16,952.00,294.00,60.00,163.70,0.9990,-1,-1
276,29,1146.00,311.00,67.90,159.10,0.9980,-1,-1
276,62,663.00,274.00,84.40,211.30,0.9980,-1,-1
276,70,281.00,305.00,41.00,114.60,0.9910,-1,-1
276,72,505.00,279.00,59.90,172.50,0.9930,-1,-1
276,77,265.00,298.00,26.70,79.60,0.9940,-1,-1
276,90,1729.00,242.00,252.30,815.70,0.9990,-1,-1
276,94,1236.00,303.00,35.80,122.00,0.9780,-1,-1
276,100,840.00,312.00,24.50,67.80,0.9750,-1,-1
276,101,1007.00,307.00,50.10,124.20,0.9960,-1,-1
276,102,768.00,317.00,22.80,56.90,0.9570,-1,-1
276,105,15.00,311.00,78.30,195.30,1.0000,-1,-1
276,106,1112.00,304.00,44.70,125.50,1.0000,-1,-1
276,108,1070.00,319.00,23.00,48.80,0.9420,-1,-1
276,112,917.00,303.00,42.00,117.80,0.9950,-1,-1
276,114,755.00,320.00,24.10,55.00,0.9220,-1,-1
277,5,1447.00,251.00,237.00,756.20,1.0000,-1,-1
277,16,940.00,293.00,63.00,172.40,0.9970,-1,-1
277,29,1146.00,305.00,65.50,157.80,0.9960,-1,-1
277,60,565.00,307.00,46.40,114.80,0.9590,-1,-1
277,62,650.00,288.00,90.10,211.70,0.9990,-1,-1
277,70,271.00,304.00,42.90,118.90,0.9730,-1,-1
277,72,498.00,286.00,62.60,171.10,0.9930,-1,-1
277,77,260.00,298.00,31.80,84.20,0.9990,-1,-1
277,90,1726.00,225.00,249.60,813.00,0.9990,-1,-1
277,94,1226.00,307.00,34.40,112.00,0.9860,-1,-1
277,97,472.00,310.00,45.80,142.70,0.9800,-1,-1
277,100,834.00,315.00,23.60,60.80,0.9740,-1,-1
277,101,1008.00,314.00,43.50,123.60,0.9910,-1,-1
277,102,761.00,318.00,23.50,59.40,0.9540,-1,-1
277,103,982.00,308.00,49.20,133.70,0.9900,-1,-1
277,105,9.00,304.00,82.90,196.40,1.0000,-1,-1
277,106,1110.00,299.00,41.50,128.50,0.9990,-1,-1
277,108,1064.00,319.00,21.90,46.40,0.9670,-1,-1
277,112,896.00,317.00,40.70,99.30,0.9440,-1,-1
277,114,744.00,312.00,24.00,61.00,0.9610,-1,-1
278,5,1455.00,274.00,230.90,732.30,1.0000,-1,-1
278,16,933.00,298.00,66.20,170.20,0.9990,-1,-1
278,29,1135.00,308.00,65.90,162.50,0.9940,-1,-1
278,60,561.00,304.00,47.30,114.80,0.9630,-1,-1
278,62,649.00,275.00,91.00,223.40,0.9960,-1,-1
278,70,262.00,301.00,42.50,123.20,0.9660,-1,-1
278,72,488.00,294.00,64.10,174.90,0.9950,-1,-1
278,77,245.00,299.00,29.40,81.40,0.9990,-1,-1
278,90,1729.00,238.00,243.20,822.40,0.9990,-1,-1
278,94,1221.00,308.00,39.30,119.00,0.9840,-1,-1
278,97,466.00,314.00,44.80,131.10,0.9580,-1,-1
278,100,831.00,314.00,21.10,61.20,0.9540,-1,-1
278,101,994.00,312.00,45.90,117.40,0.9950,-1,-1
278,102,756.00,318.00,23.30,56.50,0.9400,-1,-1
278,105,-4.00,309.00,77.60,192.90,0.9990,-1,-1
278,106,1097.00,297.00,44.10,133.60,0.9990,-1,-1
278,108,1054.00,319.00,23.60,50.50,0.9540,-1,-1
278,112,897.00,298.00,45.50,129.40,0.9920,-1,-1
278,114,735.00,316.00,24.40,56.70,0.9650,-1,-1
278,115,281.00,302.00,37.90,101.20,0.9700,-1,-1
279,5,1423.00,276.00,255.50,711.20,1.0000,-1,-1
279,16,924.00,294.00,60.70,173.40,0.9980,-1,-1
279,29,1126.00,299.00,69.70,163.40,0.9950,-1,-1
279,60,548.00,299.00,49.30,121.70,0.9810,-1,-1
279,62,636.00,274.00,92.10,220.90,0.9980,-1,-1
279,70,249.00,303.00,45.00,121.60,0.9890,-1,-1
279,72,475.00,279.00,64.20,184.60,0.9970,-1,-1
279,77,234.00,294.00,29.60,87.60,0.9950,-1,-1
279,90,1704.00,234.00,275.80,817.30,0.9990,-1,-1
279,94,1215.00,305.00,34.20,117.00,0.9390,-1,-1
279,97,451.00,307.00,48.00,147.90,0.9690,-1,-1
279,101,990.00,304.00,42.90,123.50,0.9920,-1,-1
279,102,742.00,312.00,26.50,61.90,0.9650,-1,-1
279,103,960.00,302.00,58.00,143.80,0.9870,-1,-1
279,105,-11.00,308.00,84.00,183.20,0.9870,-1,-1
279,106,1087.00,299.00,47.10,132.90,0.9980,-1,-1
279,108,1048.00,312.00,21.60,53.20,0.9890,-1,-1
279,114,730.00,311.00,23.50,59.50,0.9240,-1,-1
279,116,813.00,308.00,25.60,59.50,0.9670,-1,-1
280,5,1433.00,263.00,241.80,723.70,1.0000,-1,-1
280,16,923.00,286.00,65.00,177.90,0.9990,-1,-1
280,29,1122.00,301.00,70.80,169.00,0.9970,-1,-1
280,60,548.00,303.00,43.70,111.50,0.9400,-1,-1
280,62,625.00,272.00,98.90,211.20,0.9980,-1,-1
280,70,242.00,298.00,45.40,121.20,0.9830,-1,-1
280,72,464.00,286.00,63.00,179.40,0.9920,-1,-1
280,77,227.00,299.00,28.00,75.60,0.9980,-1,-1
280,90,1702.00,246.00,265.30,789.00,1.0000,-1,-1
280,94,1203.00,299.00,39.40,118.60,0.9950,-1,-1
280,97,437.00,310.00,47.90,141.40,0.9710,-1,-1
280,101,978.00,303.00,45.20,126.60,0.9990,-1,-1
280,102,737.00,315.00,24.10,56.80,0.9700,-1,-1
280,106,1088.00,294.00,45.10,131.30,1.0000,-1,-1
280,108,1034.00,312.00,23.70,50.90,0.9790,-1,-1
280,109,-2.00,309.00,51.30,193.40,0.9850,-1,-1
280,112,879.00,298.00,48.90,118.40,1.0000,-1,-1
280,114,718.00,312.00,20.90,56.60,0.9400,-1,-1
280,115,268.00,304.00,32.50,79.00,0.9880,-1,-1
280,116,808.00,306.00,25.80,64.50,0.9880,-1,-1
281,5,1424.00,250.00,243.00,737.20,1.0000,-1,-1
281,16,910.00,290.00,60.20,167.00,1.0000,-1,-1
281,29,1113.00,293.00,65.20,167.60,0.9930,-1,-1
281,60,527.00,299.00,48.20,117.60,0.9780,-1,-1
281,62,607.00,274.00,91.40,215.60,0.9990,-1,-1
281,70,251.00,303.00,32.20,73.60,0.9040,-1,-1
281,72,453.00,286.00,58.50,175.00,0.9960,-1,-1
281,77,220.00,297.00,42.60,128.90,0.9660,-1,-1
281,90,1694.00,214.00,255.50,790.90,1.0000,-1,-1
281,94,1191.00,297.00,35.30,117.60,0.9980,-1,-1
281,97,416.00,309.00,41.00,138.90,0.9850,-1,-1
281,101,971.00,300.00,47.50,132.10,0.9930,-1,-1
281,106,1067.00,294.00,48.90,133.90,0.9970,-1,-1
281,108,1022.00,313.00,22.40,47.50,0.9550,-1,-1
281,112,854.00,302.00,42.70,110.70,0.9990,-1,-1
281,114,720.00,311.00,25.50,64.10,0.9510,-1,-1
281,117,792.00,311.00,21.30,57.10,0.9940,-1,-1
281,118,200.00,298.00,33.00,83.50,0.9940,-1,-1
281,119,697.00,313.00,24.00,58.20,0.9720,-1,-1
281,120,764.00,305.00,19.30,69.10,0.9010,-1,-1
282,5,1410.00,241.00,268.50,733.50,1.0000,-1,-1
282,16,900.00,286.00,62.10,174.00,1.0000,-1,-1
282,29,1114.00,296.00,58.40,157.60,0.9990,-1,-1
282,60,521.00,299.00,47.80,117.20,0.9860,-1,-1
282,62,606.00,263.00,92.50,220.00,1.0000,-1,-1
282,72,441.00,289.00,59.00,156.90,0.9950,-1,-1
282,77,220.00,306.00,44.60,118.30,0.9770,-1,-1
282,90,1681.00,216.00,261.00,763.30,1.0000,-1,-1
282,94,1185.00,298.00,35.80,118.50,1.0000,-1,-1
282,97,406.00,302.00,46.90,148.50,0.9950,-1,-1
282,103,961.00,298.00,42.00,133.50,1.0000,-1,-1
282,106,1073.00,294.00,41.60,126.00,0.9990,-1,-1
282,108,1015.00,308.00,22.90,52.50,0.9710,-1,-1
282,112,850.00,297.00,52.50,123.50,0.9950,-1,-1
282,114,715.00,314.00,24.60,55.70,0.9700,-1,-1
282,117,785.00,308.00,22.70,60.60,0.9980,-1,-1
282,118,187.00,296.00,29.90,81.20,0.9730,-1,-1
282,119,690.00,312.00,24.30,58.90,0.9750,-1,-1
283,5,1404.00,246.00,252.10,720.20,1.0000,-1,-1
283,16,887.00,287.00,69.10,173.90,0.9990,-1,-1
283,29,1106.00,302.00,58.60,154.10,0.9990,-1,-1
283,60,518.00,300.00,46.60,118.00,0.9610,-1,-1
283,62,590.00,257.00,92.30,224.40,0.9990,-1,-1
283,72,426.00,276.00,63.00,177.50,0.9910,-1,-1
283,77,201.00,303.00,45.10,115.50,0.9900,-1,-1
283,90,1689.00,206.00,266.30,805.90,1.0000,-1,-1
283,94,1180.00,299.00,35.30,113.30,1.0000,-1,-1
283,97,406.00,311.00,38.10,136.10,0.9790,-1,-1
283,103,961.00,299.00,42.10,125.50,0.9980,-1,-1
283,106,1061.00,290.00,46.40,132.60,1.0000,-1,-1
283,108,1008.00,305.00,24.30,51.00,0.9660,-1,-1
283,112,839.00,300.00,48.50,114.00,0.9990,-1,-1
283,114,707.00,313.00,25.30,61.10,0.9580,-1,-1
283,117,778.00,306.00,25.40,61.40,0.9950,-1,-1
283,118,178.00,294.00,31.20,84.50,0.9960,-1,-1
283,119,686.00,309.00,24.50,62.20,0.9430,-1,-1
283,121,751.00,306.00,19.90,61.30,0.9040,-1,-1
284,5,1414.00,252.00,254.30,697.90,1.0000,-1,-1
284,16,885.00,283.00,66.70,166.80,0.9990,-1,-1
284,29,1097.00,295.00,63.40,155.50,0.9990,-1,-1
284,60,512.00,297.00,47.30,118.40,0.9690,-1,-1
284,62,574.00,257.00,99.10,235.70,0.9990,-1,-1
284,70,217.00,299.00,37.10,87.90,0.9640,-1,-1
284,72,415.00,278.00,58.20,182.20,0.9990,-1,-1
284,77,196.00,302.00,44.50,119.70,0.9390,-1,-1
284,90,1673.00,215.00,275.90,763.40,1.0000,-1,-1
284,94,1172.00,295.00,37.60,122.70,1.0000,-1,-1
284,97,387.00,302.00,50.30,166.80,0.9720,-1,-1
284,103,955.00,304.00,46.60,122.50,0.9980,-1,-1
284,106,1053.00,290.00,45.60,133.20,0.9990,-1,-1
284,108,1007.00,306.00,22.30,49.30,0.9310,-1,-1
284,112,825.00,300.00,49.90,115.30,0.9990,-1,-1
284,114,700.00,315.00,25.50,62.20,0.9560,-1,-1
284,117,772.00,309.00,25.40,59.30,0.9990,-1,-1
284,118,168.00,295.00,30.60,86.30,0.9840,-1,-1
284,119,681.00,312.00,21.40,53.20,0.9260,-1,-1
284,121,743.00,302.00,20.70,70.20,0.9230,-1,-1
285,5,1423.00,229.00,246.10,739.10,1.0000,-1,-1
285,16,879.00,279.00,66.80,171.00,0.9990,-1,-1
285,29,1100.00,297.00,59.00,158.30,0.9990,-1,-1
285,60,505.00,302.00,44.60,116.70,0.9760,-1,-1
285,62,565.00,275.00,117.20,203.10,0.9990,-1,-1
285,70,213.00,308.00,31.10,69.60,0.9350,-1,-1
285,72,408.00,277.00,67.80,184.70,0.9980,-1,-1
285,77,186.00,303.00,41.30,120.60,0.9780,-1,-1
285,90,1690.00,226.00,248.40,778.00,1.0000,-1,-1
285,94,1171.00,291.00,37.10,126.60,0.9990,-1,-1
285,97,376.00,309.00,49.80,144.30,0.9890,-1,-1
285,103,945.00,300.00,51.00,124.60,1.0000,-1,-1
285,106,1053.00,295.00,43.90,121.90,1.0000,-1,-1
285,108,1004.00,311.00,20.90,43.30,0.9840,-1,-1
285,112,816.00,303.00,46.50,111.70,0.9970,-1,-1
285,114,694.00,313.00,24.00,58.00,0.9780,-1,-1
285,117,768.00,307.00,19.90,60.70,0.9970,-1,-1
285,118,160.00,294.00,32.00,90.30,0.9950,-1,-1
285,119,679.00,311.00,22.40,55.50,0.9690,-1,-1
286,5,1407.00,245.00,249.70,728.80,1.0000,-1,-1
286,16,881.00,288.00,69.40,162.20,0.9910,-1,-1
286,29,1097.00,289.00,61.10,160.00,0.9950,-1,-1
286,60,498.00,297.00,48.10,115.40,0.9120,-1,-1
286,62,581.00,263.00,77.00,231.20,0.9980,-1,-1
286,72,397.00,278.00,58.90,181.40,0.9950,-1,-1
286,77,181.00,303.00,43.80,123.70,0.9590,-1,-1
286,90,1672.00,236.00,255.70,760.00,1.0000,-1,-1
286,94,1173.00,295.00,35.50,111.30,0.9700,-1,-1
286,97,369.00,303.00,52.30,150.30,0.9530,-1,-1
286,103,942.00,294.00,44.30,122.90,0.9790,-1,-1
286,106,1041.00,287.00,47.90,130.20,0.9990,-1,-1
286,108,998.00,309.00,21.30,43.90,0.9880,-1,-1
286,112,815.00,302.00,51.50,113.20,1.0000,-1,-1
286,117,763.00,303.00,24.30,62.70,0.9550,-1,-1
286,118,153.00,303.00,27.70,71.40,0.9860,-1,-1
287,5,1435.00,229.00,223.60,736.60,1.0000,-1,-1
287,16,866.00,285.00,64.90,170.60,0.9990,-1,-1
287,29,1091.00,295.00,62.80,155.80,0.9990,-1,-1
287,60,497.00,297.00,47.40,111.70,0.9050,-1,-1
287,62,567.00,269.00,102.60,221.40,0.9990,-1,-1
287,72,383.00,286.00,60.90,167.50,0.9790,-1,-1
287,77,180.00,304.00,38.30,116.40,0.9400,-1,-1
287,90,1669.00,215.00,266.90,775.20,1.0000,-1,-1
287,94,1163.00,292.00,37.10,116.90,0.9990,-1,-1
287,97,355.00,308.00,48.50,162.00,0.9190,-1,-1
287,103,934.00,297.00,48.60,127.50,0.9960,-1,-1
287,106,1048.00,287.00,43.50,140.10,0.9940,-1,-1
287,108,991.00,314.00,17.10,37.10,0.9610,-1,-1
287,112,801.00,304.00,47.60,109.70,0.9970,-1,-1
287,114,683.00,312.00,24.90,60.80,0.9220,-1,-1
287,117,758.00,308.00,23.90,64.10,0.9380,-1,-1
287,118,141.00,299.00,34.40,90.20,0.9520,-1,-1
288,5,1430.00,243.00,235.90,737.00,1.0000,-1,-1
288,16,871.00,283.00,67.90,168.60,1.0000,-1,-1
288,29,1099.00,291.00,62.40,156.40,1.0000,-1,-1
288,60,495.00,298.00,50.10,114.80,0.9230,-1,-1
288,62,554.00,262.00,97.90,229.40,0.9950,-1,-1
288,72,384.00,280.00,59.20,181.50,0.9950,-1,-1
288,77,169.00,305.00,40.30,125.80,0.9880,-1,-1
288,90,1661.00,205.00,296.30,799.10,1.0000,-1,-1
288,94,1168.00,291.00,32.90,114.50,0.9960,-1,-1
288,97,353.00,298.00,53.80,169.70,0.9730,-1,-1
288,102,683.00,309.00,24.70,63.10,0.9440,-1,-1
288,103,934.00,285.00,51.50,139.30,0.9950,-1,-1
288,106,1043.00,278.00,45.70,135.00,0.9980,-1,-1
288,108,996.00,311.00,20.00,43.60,0.9790,-1,-1
288,112,814.00,299.00,45.60,113.00,1.0000,-1,-1
288,118,139.00,294.00,32.30,85.00,0.9900,-1,-1
288,119,665.00,308.00,24.10,60.20,0.9120,-1,-1
288,120,759.00,299.00,21.20,64.70,0.9930,-1,-1
289,5,1453.00,220.00,234.00,765.40,1.0000,-1,-1
289,16,861.00,281.00,67.80,175.10,0.9990,-1,-1
289,29,1098.00,290.00,64.30,151.10,0.9980,-1,-1
289,60,499.00,290.00,50.90,122.80,0.9720,-1,-1
289,62,550.00,252.00,83.20,253.90,0.9990,-1,-1
289,72,379.00,274.00,66.30,182.30,0.9910,-1,-1
289,77,165.00,298.00,43.80,128.80,0.9430,-1,-1
289,90,1672.00,214.00,283.80,777.50,1.0000,-1,-1
289,94,1170.00,282.00,31.60,125.40,0.9950,-1,-1
289,103,930.00,295.00,42.80,126.30,0.9980,-1,-1
289,106,1050.00,278.00,45.20,133.90,0.9970,-1,-1
289,108,994.00,296.00,23.80,52.30,0.9930,-1,-1
289,112,804.00,292.00,48.90,116.40,1.0000,-1,-1
289,120,756.00,300.00,21.50,63.40,0.9560,-1,-1
290,5,1430.00,234.00,244.50,735.20,1.0000,-1,-1
290,16,858.00,288.00,72.40,174.70,0.9980,-1,-1
290,29,1095.00,285.00,65.50,165.30,0.9990,-1,-1
290,60,492.00,295.00,48.70,119.30,0.9670,-1,-1
290,62,538.00,262.00,103.60,222.20,0.9980,-1,-1
290,72,373.00,277.00,66.80,178.20,0.9960,-1,-1
290,77,159.00,295.00,48.20,120.60,0.9490,-1,-1
290,90,1686.00,204.00,275.50,794.20,1.0000,-1,-1
290,94,1163.00,288.00,34.70,115.70,0.9680,-1,-1
290,102,679.00,303.00,24.40,61.00,0.9850,-1,-1
290,103,924.00,294.00,50.40,127.70,0.9940,-1,-1
290,106,1033.00,282.00,49.00,134.50,0.9980,-1,-1
290,108,991.00,299.00,23.00,51.50,0.9490,-1,-1
290,112,796.00,299.00,47.80,110.90,1.0000,-1,-1
290,118,128.00,295.00,32.70,86.20,0.9960,-1,-1
290,119,658.00,306.00,23.00,58.50,0.9440,-1,-1
290,120,754.00,298.00,22.90,63.70,0.9980,-1,-1
290,122,729.00,298.00,20.30,71.90,0.9150,-1,-1
291,5,1458.00,237.00,214.20,680.60,1.0000,-1,-1
291,16,869.00,277.00,66.30,171.90,0.9980,-1,-1
291,29,1102.00,285.00,60.60,157.90,0.9980,-1,-1
291,60,498.00,287.00,47.00,120.60,0.9740,-1,-1
291,62,534.00,254.00,112.10,219.90,0.9970,-1,-1
291,70,190.00,296.00,30.40,73.30,0.9430,-1,-1
291,72,369.00,268.00,65.40,184.00,0.9950,-1,-1
291,77,159.00,298.00,45.40,124.90,0.9760,-1,-1
291,90,1678.00,216.00,289.90,781.00,1.0000,-1,-1
291,94,1163.00,279.00,34.60,120.30,0.9940,-1,-1
291,97,342.00,290.00,49.50,157.10,0.9440,-1,-1
291,102,678.00,304.00,24.00,57.00,0.9630,-1,-1
291,103,929.00,281.00,49.80,138.70,0.9910,-1,-1
291,106,1044.00,272.00,45.80,140.20,0.9980,-1,-1
291,108,993.00,290.00,24.80,50.50,0.9780,-1,-1
291,112,790.00,292.00,52.80,113.70,1.0000,-1,-1
291,114,660.00,298.00,26.50,64.40,0.9500,-1,-1
291,118,130.00,295.00,30.10,77.50,0.9520,-1,-1
291,120,753.00,301.00,24.00,55.00,0.9850,-1,-1
291,122,727.00,296.00,20.00,66.40,0.9200,-1,-1
292,5,1459.00,240.00,238.90,729.10,1.0000,-1,-1
292,16,856.00,269.00,70.20,174.60,1.0000,-1,-1
292,29,1099.00,281.00,65.40,153.70,0.9940,-1,-1
292,60,500.00,284.00,45.50,114.50,0.9860,-1,-1
292,62,534.00,262.00,86.00,218.70,0.9980,-1,-1
292,72,360.00,263.00,64.30,198.30,0.9980,-1,-1
292,77,154.00,291.00,48.20,131.20,0.9800,-1,-1
292,90,1700.00,195.00,260.40,785.90,0.9990,-1,-1
292,94,1170.00,278.00,36.90,115.40,0.9980,-1,-1
292,102,678.00,296.00,25.50,63.10,0.9500,-1,-1
292,103,929.00,282.00,53.10,123.90,0.9910,-1,-1
292,106,1043.00,263.00,48.10,144.90,0.9990,-1,-1
292,108,993.00,288.00,23.00,47.50,0.9860,-1,-1
292,112,784.00,285.00,53.80,112.10,0.9990,-1,-1
292,114,659.00,293.00,26.70,62.20,0.9620,-1,-1
292,118,123.00,283.00,32.60,84.30,0.9900,-1,-1
292,120,752.00,287.00,25.80,67.30,0.9950,-1,-1
292,123,608.00,289.00,41.20,117.50,0.9760,-1,-1
293,5,1468.00,219.00,203.70,724.90,1.0000,-1,-1
293,16,860.00,263.00,70.80,175.80,1.0000,-1,-1
293,29,1101.00,272.00,67.40,164.40,0.9990,-1,-1
293,62,516.00,259.00,94.70,227.40,0.9980,-1,-1
293,72,362.00,258.00,68.30,196.30,0.9970,-1,-1
293,77,154.00,287.00,44.20,126.10,0.9860,-1,-1
293,90,1709.00,185.00,258.20,806.40,1.0000,-1,-1
293,94,1167.00,272.00,37.60,119.30,0.9920,-1,-1
293,97,331.00,274.00,55.00,168.10,0.9280,-1,-1
293,102,681.00,294.00,24.90,57.60,0.9480,-1,-1
293,103,928.00,275.00,57.70,124.20,0.9940,-1,-1
293,106,1046.00,269.00,41.90,129.30,0.9990,-1,-1
293,108,990.00,284.00,23.00,53.50,0.9860,-1,-1
293,112,776.00,282.00,49.80,124.60,0.9640,-1,-1
293,114,660.00,290.00,22.80,56.80,0.9650,-1,-1
293,116,802.00,287.00,40.10,111.00,0.9980,-1,-1
293,118,122.00,284.00,31.80,83.60,0.9910,-1,-1
293,120,755.00,286.00,21.80,58.60,0.9940,-1,-1
293,123,618.00,284.00,38.10,133.90,0.9810,-1,-1
294,5,1459.00,206.00,218.10,717.90,1.0000,-1,-1
294,16,855.00,259.00,66.90,173.70,1.0000,-1,-1
294,29,1100.00,265.00,72.70,162.90,0.9990,-1,-1
294,62,517.00,239.00,109.10,236.80,0.9990,-1,-1
294,72,358.00,256.00,67.40,196.40,0.9980,-1,-1
294,77,154.00,283.00,47.60,129.80,0.9870,-1,-1
294,90,1713.00,172.00,268.80,831.80,0.9990,-1,-1
294,94,1173.00,266.00,33.40,123.20,0.9770,-1,-1
294,97,325.00,285.00,49.50,157.80,0.9790,-1,-1
294,102,681.00,286.00,23.90,59.00,0.9410,-1,-1
294,103,925.00,264.00,47.60,134.90,0.9930,-1,-1
294,106,1042.00,256.00,51.20,147.50,0.9990,-1,-1
294,108,993.00,282.00,22.20,50.00,0.9920,-1,-1
294,112,781.00,280.00,47.30,124.40,0.9920,-1,-1
294,114,661.00,281.00,24.80,63.70,0.9830,-1,-1
294,116,803.00,286.00,38.90,105.90,0.9950,-1,-1
294,118,123.00,281.00,31.60,82.30,0.9920,-1,-1
294,120,756.00,281.00,22.00,64.80,0.9790,-1,-1
294,123,617.00,283.00,44.90,120.20,0.9930,-1,-1
295,5,1466.00,204.00,226.60,728.00,1.0000,-1,-1
295,16,855.00,250.00,66.30,188.20,1.0000,-1,-1
295,29,1100.00,266.00,74.20,163.40,0.9990,-1,-1
295,62,519.00,243.00,103.50,230.50,0.9990,-1,-1
295,70,182.00,282.00,32.00,77.10,0.9780,-1,-1
295,72,351.00,259.00,75.70,191.60,0.9980,-1,-1
295,77,152.00,281.00,43.70,132.70,0.9830,-1,-1
295,90,1726.00,159.00,256.60,806.50,0.9990,-1,-1
295,94,1172.00,260.00,34.80,126.00,0.9910,-1,-1
295,102,679.00,287.00,25.00,61.30,0.9590,-1,-1
295,103,928.00,267.00,46.20,133.60,0.9930,-1,-1
295,106,1043.00,260.00,44.50,135.40,1.0000,-1,-1
295,108,992.00,275.00,26.70,57.20,0.9900,-1,-1
295,112,788.00,273.00,44.00,117.70,0.9950,-1,-1
295,114,664.00,282.00,23.80,59.60,0.9880,-1,-1
295,118,120.00,273.00,35.40,90.00,0.9980,-1,-1
295,120,757.00,282.00,23.40,61.80,0.9760,-1,-1
295,123,612.00,279.00,43.90,124.10,0.9360,-1,-1
296,5,1482.00,191.00,221.70,741.80,1.0000,-1,-1
296,16,854.00,252.00,64.20,178.60,0.9990,-1,-1
296,29,1107.00,269.00,61.60,154.40,1.0000,-1,-1
296,62,516.00,236.00,95.70,227.70,0.9920,-1,-1
296,72,354.00,262.00,59.30,175.90,0.9980,-1,-1
296,77,152.00,277.00,44.40,133.20,0.9810,-1,-1
296,90,1704.00,165.00,274.20,779.20,0.9970,-1,-1
296,94,1175.00,262.00,33.40,118.40,0.9950,-1,-1
296,97,321.00,284.00,47.50,148.20,0.9110,-1,-1
296,102,685.00,286.00,23.00,62.30,0.9450,-1,-1
296,103,930.00,264.00,52.90,137.90,0.9950,-1,-1
296,106,1045.00,253.00,51.60,147.30,1.0000,-1,-1
296,108,994.00,279.00,21.90,47.80,0.9840,-1,-1
296,112,788.00,273.00,46.50,120.10,0.9970,-1,-1
296,114,664.00,281.00,23.80,57.70,0.9860,-1,-1
296,118,116.00,275.00,36.30,88.20,0.9970,-1,-1
296,120,757.00,282.00,21.70,61.60,0.9690,-1,-1
296,123,613.00,271.00,47.10,145.50,0.9560,-1,-1
297,5,1486.00,193.00,243.40,732.80,1.0000,-1,-1
297,16,853.00,247.00,63.90,184.50,0.9980,-1,-1
297,29,1106.00,264.00,65.50,160.50,0.9990,-1,-1
297,62,506.00,229.00,87.60,230.90,0.9970,-1,-1
297,70,183.00,279.00,29.50,70.10,0.9730,-1,-1
297,72,348.00,257.00,62.10,187.60,0.9960,-1,-1
297,77,162.00,277.00,43.10,120.80,0.9710,-1,-1
297,90,1722.00,149.00,261.30,790.80,0.9910,-1,-1
297,94,1176.00,264.00,34.40,113.30,1.0000,-1,-1
297,97,317.00,286.00,46.90,150.20,0.9690,-1,-1
297,102,684.00,278.00,26.60,65.50,0.9580,-1,-1
297,103,932.00,263.00,49.20,142.40,0.9960,-1,-1
297,106,1043.00,251.00,49.40,145.80,0.9990,-1,-1
297,108,1001.00,274.00,20.40,46.90,0.9660,-1,-1
297,112,785.00,275.00,48.70,115.40,0.9910,-1,-1
297,114,670.00,282.00,22.90,58.00,0.9410,-1,-1
297,118,113.00,270.00,35.50,90.00,0.9980,-1,-1
297,120,758.00,276.00,22.40,64.30,0.9590,-1,-1
297,123,616.00,270.00,46.20,128.00,0.9880,-1,-1
297,124,893.00,258.00,52.20,145.40,0.9880,-1,-1
298,5,1481.00,173.00,223.30,756.00,1.0000,-1,-1
298,16,850.00,249.00,64.70,178.90,0.9980,-1,-1
298,29,1105.00,266.00,64.80,157.90,1.0000,-1,-1
298,62,503.00,225.00,90.30,236.90,0.9950,-1,-1
298,72,353.00,255.00,60.50,179.50,0.9990,-1,-1
298,77,149.00,268.00,50.20,139.80,0.9620,-1,-1
298,90,1724.00,152.00,259.90,810.00,0.9980,-1,-1
298,94,1178.00,259.00,38.90,112.30,0.9990,-1,-1
298,97,314.00,283.00,51.50,150.30,0.9550,-1,-1
298,102,685.00,282.00,25.70,61.20,0.9510,-1,-1
298,103,929.00,263.00,55.30,136.80,0.9960,-1,-1
298,106,1048.00,253.00,47.90,138.10,0.9990,-1,-1
298,108,999.00,270.00,21.50,50.60,0.9420,-1,-1
298,112,775.00,275.00,44.90,114.20,0.9950,-1,-1
298,114,666.00,273.00,23.30,69.00,0.9790,-1,-1
298,118,113.00,274.00,35.60,87.20,0.9980,-1,-1
298,120,758.00,276.00,22.60,64.40,0.9700,-1,-1
298,123,614.00,266.00,43.40,135.20,0.9750,-1,-1
298,124,888.00,252.00,58.90,158.50,0.9290,-1,-1
299,5,1473.00,180.00,257.80,757.20,1.0000,-1,-1
299,16,848.00,249.00,65.50,182.40,0.9970,-1,-1
299,29,1104.00,264.00,72.30,162.40,0.9990,-1,-1
299,62,504.00,244.00,88.30,226.60,0.9890,-1,-1
299,72,343.00,253.00,62.90,194.00,0.9990,-1,-1
299,77,150.00,276.00,47.00,132.60,0.9920,-1,-1
299,90,1710.00,145.00,277.70,811.60,0.9960,-1,-1
299,94,1176.00,259.00,39.90,118.70,1.0000,-1,-1
299,97,304.00,282.00,51.70,152.60,0.9820,-1,-1
299,102,682.00,281.00,23.80,59.50,0.9520,-1,-1
299,103,931.00,263.00,54.40,140.70,0.9960,-1,-1
299,106,1049.00,259.00,53.30,134.80,0.9990,-1,-1
299,108,999.00,280.00,18.90,43.10,0.9640,-1,-1
299,112,772.00,273.00,45.70,113.10,0.9940,-1,-1
299,114,661.00,281.00,24.60,56.90,0.9520,-1,-1
299,118,107.00,274.00,34.80,85.60,0.9980,-1,-1
299,120,757.00,275.00,24.80,61.30,0.9730,-1,-1
299,123,615.00,274.00,40.60,124.00,0.9640,-1,-1
299,124,889.00,262.00,55.20,151.40,0.9520,-1,-1
300,5,1506.00,182.00,217.70,757.60,1.0000,-1,-1
300,16,843.00,245.00,72.70,193.00,0.9990,-1,-1
300,29,1117.00,263.00,56.90,150.20,0.9990,-1,-1
300,62,507.00,232.00,95.50,231.10,0.9960,-1,-1
300,72,338.00,251.00,71.70,189.90,0.9990,-1,-1
300,77,150.00,273.00,45.90,131.20,0.9750,-1,-1
300,90,1716.00,138.00,276.40,846.60,0.9960,-1,-1
300,94,1178.00,262.00,34.40,114.10,0.9960,-1,-1
300,97,296.00,269.00,60.30,164.90,0.9940,-1,-1
300,102,682.00,280.00,21.40,59.50,0.9620,-1,-1
300,103,927.00,259.00,53.70,132.20,0.9960,-1,-1
300,106,1053.00,257.00,42.90,132.90,0.9980,-1,-1
300,108,994.00,273.00,22.00,51.30,0.9690,-1,-1
300,112,775.00,269.00,47.80,111.80,0.9980,-1,-1
300,114,662.00,275.00,25.70,63.40,0.9370,-1,-1
300,118,105.00,275.00,35.10,81.20,0.9960,-1,-1
300,120,755.00,275.00,22.60,58.30,0.9790,-1,-1
300,123,610.00,267.00,42.80,127.00,0.9500,-1,-1
300,124,888.00,250.00,55.20,152.20,0.9820,-1,-1
301,5,1472.00,201.00,250.40,756.50,1.0000,-1,-1
301,16,837.00,240.00,68.90,198.90,0.9980,-1,-1
301,29,1114.00,264.00,59.30,154.80,0.9990,-1,-1
301,62,502.00,243.00,99.60,234.80,0.9950,-1,-1
301,72,323.00,252.00,76.00,193.00,0.9940,-1,-1
301,77,145.00,271.00,51.10,131.00,0.9430,-1,-1
301,90,1718.00,160.00,281.90,835.70,0.9940,-1,-1
301,94,1176.00,260.00,35.20,123.10,0.9990,-1,-1
301,97,285.00,273.00,58.00,174.20,0.9390,-1,-1
301,102,678.00,281.00,25.40,65.40,0.9700,-1,-1
301,103,931.00,259.00,48.20,144.10,0.9960,-1,-1
301,106,1048.00,255.00,48.30,143.70,0.9980,-1,-1
301,108,992.00,273.00,24.10,55.00,0.9910,-1,-1
301,112,773.00,273.00,46.60,113.40,0.9990,-1,-1
301,114,665.00,282.00,22.10,55.50,0.9650,-1,-1
301,118,101.00,271.00,33.30,88.10,0.9930,-1,-1
301,123,610.00,275.00,43.80,127.60,0.9350,-1,-1
301,124,885.00,256.00,56.30,151.60,0.9860,-1,-1
302,5,1476.00,209.00,253.20,740.90,1.0000,-1,-1
302,16,839.00,247.00,71.80,192.60,1.0000,-1,-1
302,29,1110.00,263.00,63.90,153.80,1.0000,-1,-1
302,62,486.00,225.00,92.20,243.20,0.9980,-1,-1
302,70,167.00,276.00,31.40,80.70,0.9610,-1,-1
302,72,323.00,246.00,66.80,206.40,0.9980,-1,-1
302,77,137.00,273.00,43.20,132.20,0.9660,-1,-1
302,90,1744.00,160.00,253.80,834.30,0.9570,-1,-1
302,94,1175.00,266.00,33.80,117.10,1.0000,-1,-1
302,97,285.00,270.00,61.90,170.10,0.9970,-1,-1
302,102,678.00,284.00,24.00,54.50,0.9740,-1,-1
302,103,927.00,268.00,50.20,136.20,0.9970,-1,-1
302,106,1046.00,251.00,48.80,153.10,0.9990,-1,-1
302,108,993.00,278.00,21.90,47.70,0.9920,-1,-1
302,112,756.00,269.00,48.00,121.90,0.9880,-1,-1
302,114,663.00,279.00,23.90,60.50,0.9840,-1,-1
302,118,89.00,265.00,36.90,92.00,0.9980,-1,-1
302,123,606.00,273.00,45.70,127.80,0.9750,-1,-1
302,124,886.00,262.00,52.00,145.10,0.9930,-1,-1
303,5,1494.00,211.00,247.30,764.60,1.0000,-1,-1
303,16,825.00,249.00,70.60,193.80,1.0000,-1,-1
303,29,1115.00,271.00,55.60,156.10,1.0000,-1,-1
303,62,481.00,226.00,106.60,235.00,0.9980,-1,-1
303,72,312.00,250.00,75.40,201.50,0.9910,-1,-1
303,77,130.00,265.00,52.20,137.10,0.9660,-1,-1
303,90,1738.00,172.00,268.90,801.10,0.9560,-1,-1
303,94,1173.00,261.00,34.00,124.10,0.9950,-1,-1
303,97,279.00,271.00,53.20,174.90,0.9930,-1,-1
303,102,675.00,279.00,24.90,62.30,0.9500,-1,-1
303,103,919.00,266.00,58.20,125.70,0.9960,-1,-1
303,106,1044.00,258.00,45.10,140.90,0.9990,-1,-1
303,108,990.00,277.00,24.90,52.50,0.9730,-1,-1
303,112,760.00,272.00,42.80,106.20,0.9990,-1,-1
303,114,658.00,277.00,22.30,59.00,0.9160,-1,-1
303,118,83.00,263.00,38.00,89.60,0.9960,-1,-1
303,122,722.00,273.00,21.40,68.60,0.9000,-1,-1
303,123,607.00,271.00,46.40,137.20,0.9700,-1,-1
303,124,875.00,257.00,49.60,149.00,0.9940,-1,-1
304,5,1469.00,190.00,244.20,787.90,1.0000,-1,-1
304,16,832.00,252.00,61.60,197.80,0.9990,-1,-1
304,29,1110.00,269.00,62.40,150.70,0.9990,-1,-1
304,62,462.00,232.00,94.90,234.90,0.9960,-1,-1
304,72,310.00,250.00,71.10,204.00,0.9940,-1,-1
304,77,125.00,266.00,51.70,135.30,0.9870,-1,-1
304,90,1740.00,194.00,269.30,786.30,0.9260,-1,-1
304,94,1173.00,265.00,33.60,118.70,0.9990,-1,-1
304,97,274.00,268.00,58.60,181.60,0.9990,-1,-1
304,102,677.00,282.00,24.60,59.40,0.9440,-1,-1
304,103,927.00,276.00,46.70,120.60,0.9860,-1,-1
304,106,1042.00,255.00,48.10,143.10,1.0000,-1,-1
304,108,992.00,273.00,22.70,50.60,0.9760,-1,-1
304,112,754.00,272.00,45.80,113.10,0.9980,-1,-1
304,114,656.00,274.00,25.20,62.60,0.9650,-1,-1
304,118,79.00,263.00,39.70,94.30,0.9990,-1,-1
304,123,602.00,274.00,42.60,124.30,0.9590,-1,-1
304,124,873.00,252.00,52.80,154.60,0.9830,-1,-1
305,5,1476.00,214.00,249.00,757.10,1.0000,-1,-1
305,16,829.00,247.00,73.60,198.80,1.0000,-1,-1
305,29,1109.00,271.00,61.20,153.90,1.0000,-1,-1
305,62,477.00,222.00,77.60,237.60,0.9960,-1,-1
305,72,306.00,224.00,75.30,225.40,0.9980,-1,-1
305,77,123.00,269.00,44.00,130.00,0.9540,-1,-1
305,90,1743.00,189.00,259.20,830.50,0.9390,-1,-1
305,94,1171.00,264.00,39.60,122.20,0.9960,-1,-1
305,97,268.00,272.00,58.30,177.40,0.9960,-1,-1
305,102,669.00,285.00,23.30,54.50,0.9350,-1,-1
305,103,919.00,265.00,48.80,138.00,0.9940,-1,-1
305,106,1040.00,254.00,49.90,147.90,1.0000,-1,-1
305,108,991.00,273.00,21.80,53.60,0.9940,-1,-1
305,112,757.00,272.00,41.30,103.10,0.9990,-1,-1
305,114,656.00,280.00,21.90,54.80,0.9780,-1,-1
305,118,75.00,256.00,38.40,103.00,0.9990,-1,-1
305,123,600.00,268.00,41.70,129.10,0.9990,-1,-1
305,124,877.00,261.00,52.60,154.20,0.9800,-1,-1
305,125,737.00,275.00,38.10,108.40,0.9420,-1,-1
306,5,1467.00,205.00,255.90,763.80,1.0000,-1,-1
306,16,818.00,247.00,70.80,196.60,1.0000,-1,-1
306,29,1109.00,274.00,60.40,154.40,1.0000,-1,-1
306,62,450.00,230.00,95.20,239.60,0.9990,-1,-1
306,72,296.00,243.00,77.00,211.20,0.9970,-1,-1
306,77,112.00,265.00,49.00,138.70,0.9740,-1,-1
306,90,1725.00,182.00,291.80,849.40,0.9870,-1,-1
306,94,1168.00,268.00,35.90,115.70,0.9950,-1,-1
306,97,261.00,278.00,52.90,170.50,0.9980,-1,-1
306,102,664.00,284.00,22.60,55.50,0.9330,-1,-1
306,103,924.00,265.00,46.60,133.60,0.9970,-1,-1
306,106,1037.00,259.00,43.50,136.20,1.0000,-1,-1
306,108,983.00,272.00,23.40,58.70,0.9820,-1,-1
306,112,749.00,269.00,41.60,114.70,0.9980,-1,-1
306,114,649.00,274.00,24.30,63.00,0.9530,-1,-1
306,118,71.00,260.00,36.30,90.70,0.9990,-1,-1
306,123,598.00,269.00,45.00,135.20,0.9690,-1,-1
306,124,874.00,259.00,53.90,153.30,0.9890,-1,-1
306,125,729.00,279.00,41.10,112.90,0.9390,-1,-1
307,5,1466.00,200.00,252.00,769.50,1.0000,-1,-1
307,16,809.00,244.00,74.30,205.90,1.0000,-1,-1
307,29,1102.00,269.00,58.70,154.10,0.9980,-1,-1
307,62,441.00,227.00,94.40,239.50,0.9940,-1,-1
307,72,276.00,243.00,73.20,209.70,0.9980,-1,-1
307,77,101.00,253.00,45.40,142.50,0.9610,-1,-1
307,90,1721.00,192.00,291.50,801.30,0.9870,-1,-1
307,94,1159.00,264.00,37.00,116.90,0.9950,-1,-1
307,97,244.00,274.00,60.10,176.00,0.9970,-1,-1
307,102,655.00,278.00,25.80,61.00,0.9180,-1,-1
307,103,915.00,262.00,46.40,133.30,0.9960,-1,-1
307,106,1028.00,255.00,47.90,143.50,1.0000,-1,-1
307,108,979.00,274.00,22.90,50.60,0.9910,-1,-1
307,112,738.00,271.00,47.10,114.10,0.9970,-1,-1
307,114,642.00,272.00,21.70,57.80,0.9710,-1,-1
307,118,52.00,253.00,35.30,96.80,0.9990,-1,-1
307,123,587.00,269.00,41.10,131.30,0.9770,-1,-1
307,124,856.00,250.00,57.50,158.70,0.9960,-1,-1
307,125,707.00,265.00,45.60,129.00,0.9640,-1,-1
308,5,1477.00,208.00,240.50,754.10,1.0000,-1,-1
308,16,799.00,239.00,71.60,205.10,1.0000,-1,-1
308,29,1097.00,264.00,63.60,161.60,0.9990,-1,-1
308,62,447.00,236.00,98.20,231.00,0.9980,-1,-1
308,72,270.00,236.00,74.20,215.70,0.9980,-1,-1
308,77,99.00,265.00,48.10,130.70,0.9830,-1,-1
308,90,1738.00,182.00,266.70,807.50,0.9790,-1,-1
308,94,1158.00,264.00,37.20,115.20,1.0000,-1,-1
308,97,235.00,254.00,59.30,206.00,0.9990,-1,-1
308,102,657.00,278.00,24.90,59.90,0.9410,-1,-1
308,103,905.00,261.00,52.20,133.40,0.9950,-1,-1
308,106,1026.00,255.00,50.70,144.10,1.0000,-1,-1
308,108,973.00,275.00,24.40,53.40,0.9900,-1,-1
308,112,727.00,268.00,43.10,116.10,0.9990,-1,-1
308,114,641.00,274.00,24.70,63.80,0.9740,-1,-1
308,118,44.00,255.00,34.90,92.30,0.9980,-1,-1
308,123,573.00,265.00,47.50,125.40,0.9960,-1,-1
308,124,858.00,255.00,56.90,157.70,0.9970,-1,-1
308,126,700.00,267.00,23.50,69.70,0.9190,-1,-1
309,5,1467.00,194.00,236.60,788.80,1.0000,-1,-1
309,16,793.00,243.00,76.40,215.10,1.0000,-1,-1
309,29,1097.00,267.00,63.80,157.50,0.9990,-1,-1
309,62,436.00,223.00,77.30,217.70,0.9970,-1,-1
309,72,265.00,242.00,71.70,209.00,0.9970,-1,-1
309,77,100.00,261.00,46.60,130.10,0.9720,-1,-1
309,90,1734.00,195.00,274.70,824.00,0.9940,-1,-1
309,94,1154.00,264.00,33.60,112.50,1.0000,-1,-1
309,97,222.00,274.00,58.10,167.30,0.9960,-1,-1
309,102,648.00,280.00,25.60,60.90,0.9240,-1,-1
309,103,907.00,269.00,47.30,131.90,0.9970,-1,-1
309,106,1024.00,252.00,47.30,148.10,1.0000,-1,-1
309,108,970.00,278.00,23.10,49.60,0.9910,-1,-1
309,112,725.00,275.00,45.70,118.60,0.9970,-1,-1
309,114,637.00,271.00,23.00,62.60,0.9690,-1,-1
309,118,36.00,251.00,35.70,98.80,0.9900,-1,-1
309,123,578.00,268.00,47.40,135.60,0.9310,-1,-1
309,124,849.00,252.00,56.30,155.60,0.9990,-1,-1
309,125,706.00,271.00,37.60,118.70,0.9180,-1,-1
310,5,1475.00,196.00,245.30,758.10,1.0000,-1,-1
310,16,794.00,244.00,76.90,215.40,1.0000,-1,-1
310,29,1098.00,268.00,62.70,155.90,0.9990,-1,-1
310,62,432.00,218.00,90.70,227.20,0.9980,-1,-1
310,72,259.00,236.00,66.70,219.40,0.9980,-1,-1
310,77,84.00,260.00,51.70,136.80,0.9680,-1,-1
310,90,1740.00,154.00,270.20,859.00,0.9780,-1,-1
310,94,1151.00,266.00,40.80,121.20,0.9930,-1,-1
310,97,213.00,257.00,58.40,194.80,0.9950,-1,-1
310,103,902.00,263.00,50.00,133.80,0.9940,-1,-1
310,106,1023.00,265.00,42.80,135.40,0.9990,-1,-1
310,108,968.00,277.00,23.40,54.00,0.9890,-1,-1
310,112,713.00,271.00,49.10,123.40,0.9820,-1,-1
310,114,633.00,275.00,24.60,62.10,0.9700,-1,-1
310,118,34.00,261.00,37.60,95.00,0.9960,-1,-1
310,123,569.00,276.00,45.10,131.30,0.9290,-1,-1
310,124,849.00,261.00,51.60,147.80,0.9910,-1,-1
310,125,695.00,267.00,41.80,126.70,0.9980,-1,-1
311,5,1470.00,208.00,245.90,764.90,1.0000,-1,-1
311,16,787.00,255.00,81.40,210.30,1.0000,-1,-1
311,29,1099.00,270.00,63.50,159.40,0.9990,-1,-1
311,60,485.00,269.00,45.50,118.80,0.9310,-1,-1
311,62,426.00,241.00,81.00,219.10,0.9980,-1,-1
311,72,256.00,246.00,65.50,218.90,0.9980,-1,-1
311,77,76.00,262.00,49.20,145.40,0.9680,-1,-1
311,90,1733.00,163.00,285.50,859.90,0.9680,-1,-1
311,94,1146.00,263.00,37.60,120.60,0.9960,-1,-1
311,97,212.00,273.00,57.00,170.10,0.9870,-1,-1
311,102,649.00,285.00,24.90,55.70,0.9070,-1,-1
311,103,901.00,262.00,52.10,140.90,0.9920,-1,-1
311,106,1024.00,262.00,45.30,135.20,1.0000,-1,-1
311,108,967.00,280.00,23.50,57.10,0.9960,-1,-1
311,112,710.00,274.00,45.20,114.40,0.9930,-1,-1
311,114,637.00,284.00,23.10,54.20,0.9430,-1,-1
311,118,30.00,266.00,35.30,94.10,0.9930,-1,-1
311,123,570.00,269.00,40.10,134.30,0.9340,-1,-1
311,124,845.00,259.00,54.70,157.80,0.9960,-1,-1
312,5,1493.00,208.00,227.40,765.20,1.0000,-1,-1
312,16,778.00,247.00,73.30,204.70,1.0000,-1,-1
312,29,1100.00,278.00,62.70,161.20,0.9980,-1,-1
312,60,483.00,278.00,46.10,108.80,0.9900,-1,-1
312,62,417.00,238.00,81.70,226.60,0.9980,-1,-1
312,72,232.00,252.00,76.70,210.80,0.9980,-1,-1
312,77,78.00,270.00,45.20,141.60,0.9570,-1,-1
312,90,1744.00,170.00,275.10,883.50,0.9780,-1,-1
312,94,1152.00,272.00,38.60,112.30,0.9990,-1,-1
312,97,200.00,274.00,57.90,188.50,0.9950,-1,-1
312,102,643.00,290.00,24.80,64.70,0.9360,-1,-1
312,103,899.00,267.00,51.70,146.00,0.9960,-1,-1
312,106,1021.00,260.00,51.70,144.80,0.9990,-1,-1
312,108,963.00,283.00,23.80,54.90,0.9950,-1,-1
312,112,701.00,272.00,48.50,120.60,0.9910,-1,-1
312,114,626.00,281.00,23.10,59.20,0.9220,-1,-1
312,118,23.00,269.00,37.20,97.70,0.9940,-1,-1
312,123,564.00,275.00,44.80,123.40,0.9830,-1,-1
312,124,837.00,270.00,51.60,151.80,0.9980,-1,-1
313,5,1495.00,222.00,208.40,730.40,1.0000,-1,-1
313,16,781.00,251.00,73.10,196.50,0.9990,-1,-1
313,29,1103.00,274.00,62.00,161.70,0.9840,-1,-1
313,62,407.00,233.00,100.70,249.50,0.9990,-1,-1
313,72,225.00,254.00,82.10,217.40,0.9770,-1,-1
313,77,70.00,277.00,48.40,142.40,0.9480,-1,-1
313,94,1157.00,272.00,35.70,119.50,0.9300,-1,-1
313,97,197.00,280.00,68.00,195.40,0.9930,-1,-1
313,103,895.00,278.00,54.60,129.40,0.9890,-1,-1
313,106,1025.00,269.00,50.40,140.60,0.9970,-1,-1
313,108,962.00,289.00,21.80,46.50,0.9560,-1,-1
313,112,699.00,284.00,52.80,109.40,0.9970,-1,-1
313,118,20.00,276.00,36.50,89.30,0.9810,-1,-1
313,123,559.00,278.00,48.30,118.20,0.9900,-1,-1
313,124,838.00,262.00,59.60,155.30,0.9860,-1,-1
314,5,1487.00,223.00,236.50,758.10,1.0000,-1,-1
314,16,784.00,250.00,65.00,212.20,0.9990,-1,-1
314,29,1104.00,278.00,59.90,156.10,0.9910,-1,-1
314,60,480.00,279.00,46.40,115.90,0.9850,-1,-1
314,62,411.00,251.00,77.60,204.90,0.9990,-1,-1
314,72,219.00,250.00,76.40,209.80,0.9750,-1,-1
314,77,67.00,275.00,51.60,139.60,0.9700,-1,-1
314,90,1739.00,191.00,274.50,835.30,0.9600,-1,-1
314,94,1153.00,277.00,35.00,117.90,0.9960,-1,-1
314,97,183.00,289.00,65.10,184.30,0.9680,-1,-1
314,103,901.00,282.00,48.60,122.80,0.9910,-1,-1
314,106,1021.00,264.00,49.50,147.50,0.9980,-1,-1
314,108,961.00,290.00,25.20,45.10,0.9730,-1,-1
314,112,685.00,279.00,46.70,123.20,0.9870,-1,-1
314,118,15.00,278.00,38.90,96.70,0.9910,-1,-1
314,123,563.00,292.00,41.60,122.50,0.9160,-1,-1
314,124,839.00,266.00,59.80,157.30,0.9930,-1,-1
315,5,1519.00,207.00,211.30,785.70,1.0000,-1,-1
315,16,776.00,252.00,83.00,219.30,0.9990,-1,-1
315,29,1100.00,283.00,61.70,161.40,0.9990,-1,-1
315,60,486.00,280.00,48.10,117.50,0.9890,-1,-1
315,62,396.00,242.00,96.40,256.10,0.9990,-1,-1
315,72,218.00,251.00,81.10,231.70,0.9820,-1,-1
315,94,1155.00,282.00,32.00,115.50,0.9950,-1,-1
315,97,184.00,294.00,64.90,184.50,0.9820,-1,-1
315,102,627.00,296.00,24.00,61.70,0.9190,-1,-1
315,103,899.00,289.00,43.50,126.30,0.9990,-1,-1
315,106,1015.00,277.00,54.00,143.90,0.9990,-1,-1
315,108,964.00,292.00,25.40,54.60,0.9890,-1,-1
315,112,687.00,291.00,44.20,119.60,0.9920,-1,-1
315,118,18.00,286.00,35.10,91.70,0.9820,-1,-1
315,123,563.00,289.00,44.70,135.30,0.9480,-1,-1
315,124,839.00,281.00,57.80,145.60,0.9960,-1,-1
315,127,88.00,288.00,43.90,113.00,0.9100,-1,-1
316,5,1498.00,214.00,227.80,788.50,1.0000,-1,-1
316,16,779.00,251.00,72.80,223.60,1.0000,-1,-1
316,29,1106.00,279.00,68.40,162.30,0.9980,-1,-1
316,60,492.00,282.00,45.80,113.90,0.9960,-1,-1
316,62,402.00,253.00,87.30,240.50,0.9990,-1,-1
316,72,223.00,259.00,82.30,229.00,0.9730,-1,-1
316,94,1164.00,275.00,35.30,124.30,0.9940,-1,-1
316,97,178.00,285.00,62.30,192.90,0.9850,-1,-1
316,103,900.00,292.00,48.50,128.60,0.9950,-1,-1
316,106,1029.00,274.00,47.30,136.20,0.9990,-1,-1
316,108,970.00,288.00,22.80,55.60,0.9900,-1,-1
316,110,571.00,294.00,39.90,123.70,0.9350,-1,-1
316,112,692.00,287.00,45.60,116.80,0.9980,-1,-1
316,118,20.00,290.00,33.70,84.70,0.9930,-1,-1
316,124,839.00,270.00,58.80,157.20,0.9970,-1,-1
316,128,648.00,299.00,25.90,61.90,0.9580,-1,-1
317,5,1526.00,209.00,226.60,770.90,1.0000,-1,-1
317,16,776.00,264.00,77.40,221.20,1.0000,-1,-1
317,29,1112.00,292.00,66.80,146.70,1.0000,-1,-1
317,60,497.00,287.00,46.60,112.50,0.9930,-1,-1
317,62,400.00,245.00,79.10,226.80,0.9990,-1,-1
317,72,206.00,266.00,95.30,223.30,0.9740,-1,-1
317,94,1166.00,281.00,39.20,114.80,1.0000,-1,-1
317,97,183.00,296.00,59.00,189.60,0.9860,-1,-1
317,103,904.00,283.00,50.60,133.30,0.9970,-1,-1
317,106,1027.00,275.00,50.40,151.80,1.0000,-1,-1
317,108,977.00,290.00,24.10,55.30,0.9830,-1,-1
317,110,578.00,291.00,40.70,130.20,0.9430,-1,-1
317,112,695.00,290.00,43.30,115.00,0.9630,-1,-1
317,117,678.00,290.00,38.80,105.00,0.9880,-1,-1
317,118,27.00,290.00,33.00,86.60,0.9970,-1,-1
317,121,727.00,298.00,22.50,59.20,0.9990,-1,-1
317,124,834.00,269.00,58.70,165.30,0.9990,-1,-1
317,127,77.00,290.00,46.90,143.40,0.9740,-1,-1
317,128,653.00,301.00,25.70,62.60,0.9110,-1,-1
318,5,1539.00,213.00,231.40,777.90,1.0000,-1,-1
318,16,773.00,252.00,74.20,227.40,1.0000,-1,-1
318,29,1112.00,274.00,73.80,161.50,0.9970,-1,-1
318,60,500.00,286.00,50.30,116.70,0.9970,-1,-1
318,62,406.00,246.00,92.00,229.20,0.9990,-1,-1
318,72,207.00,270.00,95.00,231.30,0.9960,-1,-1
318,94,1172.00,278.00,34.20,113.10,0.9970,-1,-1
318,103,900.00,283.00,57.90,127.00,0.9940,-1,-1
318,106,1032.00,264.00,61.30,159.60,0.9990,-1,-1
318,108,980.00,288.00,26.20,60.30,0.9950,-1,-1
318,110,578.00,291.00,44.10,127.90,0.9550,-1,-1
318,112,675.00,288.00,47.70,117.70,0.9970,-1,-1
318,118,24.00,288.00,36.70,91.50,0.9950,-1,-1
318,121,730.00,292.00,24.70,64.20,0.9960,-1,-1
318,124,833.00,269.00,57.90,160.20,0.9940,-1,-1
318,125,657.00,298.00,24.70,61.10,0.9240,-1,-1
318,127,80.00,291.00,45.90,134.00,0.9500,-1,-1
318,128,642.00,294.00,23.60,60.60,0.9170,-1,-1
319,5,1535.00,229.00,217.10,757.40,1.0000,-1,-1
319,16,783.00,256.00,77.70,219.20,0.9990,-1,-1
319,29,1117.00,282.00,66.60,149.10,0.9990,-1,-1
319,60,508.00,285.00,46.80,114.50,0.9970,-1,-1
319,62,406.00,244.00,90.30,238.40,0.9990,-1,-1
319,72,198.00,253.00,93.10,248.00,0.9970,-1,-1
319,94,1179.00,272.00,39.00,114.80,1.0000,-1,-1
319,103,909.00,286.00,52.40,128.10,0.9970,-1,-1
319,106,1039.00,263.00,49.70,145.10,1.0000,-1,-1
319,108,984.00,287.00,25.90,57.30,0.9950,-1,-1
319,110,581.00,288.00,38.90,130.40,0.9920,-1,-1
319,112,690.00,280.00,40.70,112.00,0.9980,-1,-1
319,118,28.00,284.00,36.70,95.10,0.9990,-1,-1
319,121,736.00,293.00,22.10,59.70,0.9990,-1,-1
319,124,840.00,269.00,60.10,158.70,0.9970,-1,-1
319,125,660.00,299.00,24.60,58.30,0.9410,-1,-1
319,127,81.00,279.00,57.90,144.20,0.9770,-1,-1
319,128,646.00,296.00,23.50,58.10,0.9100,-1,-1
320,5,1548.00,228.00,218.30,718.30,1.0000,-1,-1
320,16,775.00,262.00,71.90,220.70,1.0000,-1,-1
320,29,1125.00,281.00,63.60,146.50,0.9990,-1,-1
320,60,509.00,282.00,46.60,112.60,0.9980,-1,-1
320,62,404.00,247.00,84.50,244.30,1.0000,-1,-1
320,72,202.00,269.00,92.90,231.90,0.9980,-1,-1
320,94,1187.00,277.00,32.70,117.10,0.9980,-1,-1
320,97,166.00,278.00,71.30,214.00,0.9980,-1,-1
320,101,920.00,278.00,49.10,136.40,0.9970,-1,-1
320,106,1045.00,267.00,52.40,145.50,1.0000,-1,-1
320,108,984.00,283.00,24.70,55.80,0.9980,-1,-1
320,110,580.00,288.00,42.00,131.20,0.9730,-1,-1
320,112,681.00,281.00,43.90,121.10,0.9970,-1,-1
320,118,30.00,285.00,38.00,96.10,0.9990,-1,-1
320,121,740.00,291.00,19.80,58.60,0.9990,-1,-1
320,124,842.00,261.00,55.20,162.80,0.9900,-1,-1
320,125,665.00,295.00,23.30,61.30,0.9350,-1,-1
320,127,88.00,284.00,49.30,135.50,0.9230,-1,-1
320,128,647.00,291.00,23.70,62.70,0.9660,-1,-1
321,5,1546.00,218.00,235.40,762.90,1.0000,-1,-1
321,16,776.00,248.00,71.80,235.40,1.0000,-1,-1
321,29,1126.00,278.00,56.90,155.30,0.9990,-1,-1
321,60,520.00,287.00,39.00,103.10,0.9960,-1,-1
321,62,407.00,246.00,87.00,228.80,0.9980,-1,-1
321,72,199.00,263.00,88.80,237.30,0.9990,-1,-1
321,94,1190.00,270.00,38.60,114.30,0.9990,-1,-1
321,97,163.00,286.00,68.90,203.60,0.9940,-1,-1
321,101,914.00,272.00,56.50,143.70,0.9940,-1,-1
321,106,1044.00,259.00,48.80,154.50,1.0000,-1,-1
321,108,985.00,281.00,24.40,59.00,0.9940,-1,-1
321,110,580.00,289.00,40.60,124.90,0.9950,-1,-1
321,112,698.00,281.00,43.80,116.00,0.9970,-1,-1
321,117,672.00,284.00,41.90,113.60,0.9920,-1,-1
321,118,29.00,281.00,35.00,91.40,1.0000,-1,-1
321,121,741.00,285.00,22.70,66.20,0.9990,-1,-1
321,124,847.00,267.00,58.20,152.80,0.9980,-1,-1
321,127,82.00,282.00,59.50,143.80,0.9720,-1,-1
321,128,652.00,293.00,21.80,57.20,0.9680,-1,-1
322,5,1578.00,213.00,217.50,769.60,1.0000,-1,-1
322,16,783.00,241.00,75.90,236.10,1.0000,-1,-1
322,29,1134.00,275.00,66.80,157.80,0.9990,-1,-1
322,60,524.00,281.00,42.80,104.30,0.9990,-1,-1
322,62,404.00,242.00,80.60,239.90,1.0000,-1,-1
322,72,186.00,262.00,93.20,235.30,0.9990,-1,-1
322,94,1201.00,267.00,33.80,117.50,0.9960,-1,-1
322,101,922.00,274.00,53.90,133.20,0.9940,-1,-1
322,106,1055.00,255.00,54.90,147.70,0.9990,-1,-1
322,108,997.00,276.00,22.80,56.10,0.9910,-1,-1
322,110,588.00,279.00,41.20,128.60,0.9930,-1,-1
322,112,683.00,276.00,42.50,112.60,0.9980,-1,-1
322,118,32.00,280.00,37.50,94.90,1.0000,-1,-1
322,121,746.00,287.00,19.80,64.00,0.9970,-1,-1
322,124,850.00,263.00,54.50,150.60,1.0000,-1,-1
322,125,668.00,292.00,25.30,61.00,0.9100,-1,-1
322,127,90.00,289.00,48.30,136.50,0.9820,-1,-1
322,128,655.00,283.00,23.80,64.70,0.9300,-1,-1
323,5,1569.00,184.00,223.60,803.60,1.0000,-1,-1
323,16,778.00,247.00,76.20,219.60,1.0000,-1,-1
323,29,1139.00,275.00,64.00,145.10,1.0000,-1,-1
323,60,526.00,278.00,47.20,113.00,0.9900,-1,-1
323,62,397.00,243.00,99.90,241.30,0.9990,-1,-1
323,72,198.00,255.00,87.60,233.60,0.9990,-1,-1
323,94,1196.00,268.00,38.10,117.70,0.9990,-1,-1
323,97,156.00,282.00,66.10,207.40,0.9970,-1,-1
323,101,927.00,265.00,48.70,134.60,0.9950,-1,-1
323,106,1057.00,257.00,56.30,149.60,1.0000,-1,-1
323,108,997.00,278.00,24.00,55.00,0.9760,-1,-1
323,110,586.00,280.00,45.20,138.10,0.9680,-1,-1
323,112,690.00,274.00,42.50,112.00,1.0000,-1,-1
323,118,32.00,279.00,37.10,98.90,0.9990,-1,-1
323,121,748.00,284.00,21.10,66.60,0.9980,-1,-1
323,124,854.00,256.00,58.80,153.90,1.0000,-1,-1
323,127,88.00,282.00,49.70,136.40,0.9940,-1,-1
323,128,658.00,289.00,22.10,60.40,0.9520,-1,-1
324,5,1580.00,214.00,226.60,761.50,1.0000,-1,-1
324,16,780.00,254.00,76.30,224.40,1.0000,-1,-1
324,29,1140.00,265.00,70.60,159.90,0.9960,-1,-1
324,60,530.00,276.00,46.60,111.00,0.9990,-1,-1
324,62,394.00,231.00,105.90,264.50,0.9990,-1,-1
324,72,187.00,248.00,97.60,241.00,0.9950,-1,-1
324,94,1199.00,258.00,36.80,118.80,1.0000,-1,-1
324,101,926.00,263.00,50.40,136.80,0.9970,-1,-1
324,106,1054.00,263.00,50.90,150.70,1.0000,-1,-1
324,108,1002.00,277.00,23.50,50.50,0.9940,-1,-1
324,110,585.00,280.00,43.50,137.40,0.9770,-1,-1
324,112,697.00,275.00,39.80,116.30,0.9770,-1,-1
324,117,671.00,277.00,44.20,115.70,0.9980,-1,-1
324,118,32.00,281.00,36.50,93.10,0.9990,-1,-1
324,121,745.00,281.00,23.60,62.70,0.9940,-1,-1
324,124,859.00,263.00,53.80,140.90,0.9990,-1,-1
324,127,88.00,272.00,53.00,145.10,0.9970,-1,-1
324,128,659.00,288.00,22.80,57.30,0.9250,-1,-1
325,5,1582.00,207.00,238.10,779.90,1.0000,-1,-1
325,16,775.00,247.00,84.80,232.20,1.0000,-1,-1
325,29,1148.00,266.00,64.30,154.00,0.9980,-1,-1
325,60,534.00,274.00,43.70,109.30,0.9960,-1,-1
325,62,377.00,229.00,109.50,259.20,0.9990,-1,-1
325,72,192.00,243.00,79.20,232.40,0.9970,-1,-1
325,94,1205.00,255.00,40.80,125.30,0.9980,-1,-1
325,97,150.00,278.00,77.50,199.30,0.9930,-1,-1
325,101,928.00,263.00,48.50,133.20,0.9960,-1,-1
325,106,1055.00,256.00,54.90,154.20,1.0000,-1,-1
325,108,1002.00,274.00,23.40,55.10,0.9970,-1,-1
325,110,589.00,274.00,44.60,130.80,0.9320,-1,-1
325,117,672.00,269.00,43.50,129.30,0.9990,-1,-1
325,118,35.00,281.00,33.10,91.90,1.0000,-1,-1
325,121,749.00,279.00,24.70,66.40,0.9980,-1,-1
325,124,861.00,258.00,57.70,149.80,0.9990,-1,-1
325,127,89.00,282.00,49.80,140.60,0.9960,-1,-1
326,5,1609.00,186.00,218.20,820.00,1.0000,-1,-1
326,16,777.00,249.00,83.20,236.50,1.0000,-1,-1
326,29,1150.00,261.00,66.00,166.40,0.9980,-1,-1
326,60,538.00,276.00,45.30,110.30,0.9990,-1,-1
326,62,375.00,234.00,106.10,257.80,0.9990,-1,-1
326,72,180.00,272.00,85.30,228.40,0.9960,-1,-1
326,94,1209.00,261.00,34.20,122.90,1.0000,-1,-1
326,101,934.00,272.00,50.30,136.40,0.9980,-1,-1
326,106,1058.00,260.00,55.90,145.90,0.9990,-1,-1
326,108,1003.00,274.00,22.10,55.40,0.9790,-1,-1
326,110,593.00,279.00,46.40,135.40,0.9530,-1,-1
326,112,682.00,272.00,44.30,122.20,1.0000,-1,-1
326,118,35.00,281.00,34.90,97.10,0.9990,-1,-1
326,121,755.00,283.00,19.80,63.20,0.9870,-1,-1
326,122,724.00,282.00,22.10,67.60,0.9360,-1,-1
326,124,855.00,256.00,57.10,154.50,0.9990,-1,-1
326,127,84.00,282.00,60.00,150.40,0.9930,-1,-1
327,5,1615.00,196.00,246.70,789.50,1.0000,-1,-1
327,16,772.00,244.00,81.70,230.50,1.0000,-1,-1
327,29,1157.00,263.00,62.10,155.50,0.9960,-1,-1
327,60,544.00,277.00,44.80,109.50,0.9940,-1,-1
327,62,378.00,239.00,104.10,258.70,0.9990,-1,-1
327,72,177.00,252.00,97.50,238.90,1.0000,-1,-1
327,94,1214.00,259.00,42.10,124.30,0.9990,-1,-1
327,97,134.00,282.00,82.20,217.70,0.9910,-1,-1
327,101,933.00,270.00,54.40,143.00,0.9960,-1,-1
327,106,1071.00,253.00,53.10,149.60,1.0000,-1,-1
327,108,1006.00,277.00,24.70,58.30,0.9980,-1,-1
327,110,599.00,279.00,41.50,134.60,0.9870,-1,-1
327,112,685.00,282.00,42.60,108.30,0.9940,-1,-1
327,117,665.00,273.00,38.90,112.70,0.9260,-1,-1
327,118,38.00,280.00,33.50,95.70,1.0000,-1,-1
327,121,758.00,282.00,24.30,66.60,0.9870,-1,-1
327,124,870.00,261.00,57.90,159.40,1.0000,-1,-1
327,127,90.00,287.00,53.90,144.40,0.9790,-1,-1
328,5,1605.00,193.00,251.00,816.30,1.0000,-1,-1
328,16,771.00,250.00,79.60,243.20,0.9990,-1,-1
328,29,1159.00,265.00,66.70,169.30,0.9970,-1,-1
328,62,388.00,251.00,105.70,239.00,0.9980,-1,-1
328,72,148.00,246.00,121.00,267.60,0.9980,-1,-1
328,94,1219.00,266.00,38.60,115.60,0.9920,-1,-1
328,101,938.00,275.00,51.00,123.20,0.9970,-1,-1
328,106,1070.00,264.00,46.80,144.30,0.9990,-1,-1
328,108,1010.00,284.00,25.20,57.40,0.9870,-1,-1
328,112,677.00,289.00,39.70,95.30,0.9210,-1,-1
328,118,36.00,285.00,37.00,101.30,1.0000,-1,-1
328,122,729.00,286.00,23.00,69.10,0.9250,-1,-1
328,123,539.00,285.00,45.00,119.70,0.9310,-1,-1
328,124,870.00,267.00,50.50,153.40,1.0000,-1,-1
328,127,86.00,277.00,62.20,160.60,0.9500,-1,-1
329,5,1619.00,205.00,245.30,799.60,1.0000,-1,-1
329,16,770.00,253.00,89.30,227.20,1.0000,-1,-1
329,29,1163.00,273.00,64.30,155.90,0.9990,-1,-1
329,60,545.00,286.00,46.20,113.70,0.9930,-1,-1
329,62,383.00,241.00,92.50,248.20,0.9980,-1,-1
329,72,156.00,269.00,97.20,240.10,0.9990,-1,-1
329,94,1219.00,266.00,37.20,122.60,0.9990,-1,-1
329,101,941.00,280.00,49.90,129.40,0.9970,-1,-1
329,106,1071.00,265.00,50.20,154.10,1.0000,-1,-1
329,108,1015.00,285.00,21.80,53.30,0.9970,-1,-1
329,110,602.00,290.00,38.10,122.90,0.9360,-1,-1
329,112,683.00,279.00,45.90,123.40,0.9840,-1,-1
329,118,32.00,282.00,37.40,107.00,1.0000,-1,-1
329,122,727.00,283.00,22.40,71.30,0.9270,-1,-1
329,124,871.00,267.00,52.60,154.60,1.0000,-1,-1
329,127,95.00,293.00,56.10,141.60,0.9740,-1,-1
330,5,1621.00,204.00,255.40,793.70,1.0000,-1,-1
330,16,772.00,257.00,84.40,225.20,1.0000,-1,-1
330,29,1163.00,279.00,71.10,156.60,0.9990,-1,-1
330,60,549.00,284.00,47.80,119.80,0.9730,-1,-1
330,62,382.00,245.00,111.40,256.60,0.9980,-1,-1
330,72,165.00,268.00,91.70,246.80,0.9990,-1,-1
330,94,1228.00,270.00,35.50,116.90,0.9830,-1,-1
330,97,127.00,285.00,72.30,219.00,0.9730,-1,-1
330,101,945.00,281.00,53.40,133.70,0.9970,-1,-1
330,106,1075.00,263.00,56.10,159.90,0.9990,-1,-1
330,108,1014.00,285.00,26.60,59.00,0.9970,-1,-1
330,110,599.00,286.00,42.20,132.30,0.9580,-1,-1
330,112,682.00,278.00,45.40,121.50,0.9650,-1,-1
330,118,35.00,284.00,36.60,101.30,1.0000,-1,-1
330,122,730.00,283.00,22.20,71.10,0.9500,-1,-1
330,124,867.00,272.00,56.80,144.70,0.9990,-1,-1
330,127,96.00,293.00,51.80,133.40,0.9530,-1,-1
331,5,1650.00,232.00,233.10,765.40,1.0000,-1,-1
331,16,759.00,245.00,99.70,227.80,0.9990,-1,-1
331,29,1171.00,279.00,55.40,150.90,0.9980,-1,-1
331,60,544.00,281.00,46.70,113.80,0.9120,-1,-1
331,62,375.00,246.00,102.50,244.60,0.9980,-1,-1
331,72,157.00,254.00,103.50,259.90,1.0000,-1,-1
331,94,1230.00,273.00,37.10,117.60,0.9990,-1,-1
331,101,946.00,279.00,47.60,135.80,0.9970,-1,-1
331,106,1082.00,264.00,46.70,152.70,0.9990,-1,-1
331,108,1017.00,284.00,24.80,54.80,0.9960,-1,-1
331,110,602.00,281.00,45.70,143.80,0.9660,-1,-1
331,112,675.00,281.00,43.40,117.70,0.9940,-1,-1
331,118,35.00,279.00,39.50,108.90,1.0000,-1,-1
331,122,731.00,283.00,25.10,69.80,0.9600,-1,-1
331,124,870.00,266.00,60.50,160.70,0.9990,-1,-1
332,5,1659.00,207.00,250.10,815.90,1.0000,-1,-1
332,16,768.00,251.00,87.20,226.30,1.0000,-1,-1
332,29,1178.00,278.00,54.90,143.50,0.9980,-1,-1
332,60,554.00,285.00,44.60,114.80,0.9910,-1,-1
332,62,379.00,242.00,99.40,257.80,0.9980,-1,-1
332,72,152.00,257.00,101.00,256.40,1.0000,-1,-1
332,94,1226.00,272.00,38.60,113.00,0.9970,-1,-1
332,97,102.00,283.00,95.20,231.50,0.9410,-1,-1
332,101,946.00,277.00,51.30,138.30,0.9980,-1,-1
332,106,1083.00,266.00,49.80,150.00,1.0000,-1,-1
332,108,1019.00,291.00,22.30,50.30,0.9940,-1,-1
332,110,600.00,294.00,47.00,130.90,0.9630,-1,-1
332,112,666.00,284.00,43.80,108.50,0.9930,-1,-1
332,118,33.00,282.00,36.00,103.20,1.0000,-1,-1
332,122,731.00,280.00,23.40,75.80,0.9800,-1,-1
332,124,874.00,265.00,52.50,154.60,0.9990,-1,-1
333,5,1658.00,219.00,243.80,773.70,1.0000,-1,-1
333,16,764.00,251.00,90.60,236.70,1.0000,-1,-1
333,29,1173.00,273.00,64.90,155.90,0.9960,-1,-1
333,60,557.00,285.00,42.90,113.50,0.9920,-1,-1
333,62,381.00,255.00,109.60,255.30,0.9970,-1,-1
333,72,136.00,259.00,121.90,268.30,0.9990,-1,-1
333,94,1225.00,275.00,39.70,119.90,0.9960,-1,-1
333,97,85.00,280.00,88.30,219.20,0.9920,-1,-1
333,101,945.00,276.00,52.90,140.80,0.9980,-1,-1
333,106,1087.00,261.00,50.40,154.50,1.0000,-1,-1
333,108,1019.00,287.00,22.80,54.60,0.9970,-1,-1
333,110,602.00,287.00,42.90,130.60,0.9820,-1,-1
333,112,673.00,285.00,42.40,107.90,0.9790,-1,-1
333,118,29.00,279.00,38.50,103.80,1.0000,-1,-1
333,122,732.00,282.00,22.60,74.40,0.9730,-1,-1
333,124,873.00,263.00,58.10,160.80,0.9980,-1,-1
334,5,1674.00,212.00,236.80,806.90,1.0000,-1,-1
334,16,763.00,252.00,88.70,234.90,1.0000,-1,-1
334,29,1173.00,280.00,61.80,152.60,0.9950,-1,-1
334,60,555.00,284.00,43.50,115.90,0.9950,-1,-1
334,62,370.00,255.00,115.60,244.90,0.9980,-1,-1
334,72,134.00,245.00,114.30,271.90,1.0000,-1,-1
334,94,1231.00,275.00,41.30,123.40,0.9980,-1,-1
334,97,83.00,282.00,90.80,208.30,0.9940,-1,-1
334,101,947.00,278.00,51.90,140.10,0.9990,-1,-1
334,106,1084.00,269.00,46.40,147.60,1.0000,-1,-1
334,108,1014.00,285.00,27.40,64.70,0.9940,-1,-1
334,110,600.00,286.00,44.30,133.70,0.9610,-1,-1
334,112,678.00,287.00,44.00,111.40,0.9480,-1,-1
334,117,651.00,283.00,44.60,118.00,0.9970,-1,-1
334,118,29.00,279.00,36.90,104.10,1.0000,-1,-1
334,122,732.00,283.00,21.70,70.40,0.9720,-1,-1
334,124,868.00,262.00,56.20,159.80,0.9960,-1,-1
335,5,1653.00,234.00,257.00,766.00,1.0000,-1,-1
335,16,747.00,254.00,96.50,250.20,1.0000,-1,-1
335,29,1173.00,277.00,64.50,155.80,0.9970,-1,-1
335,60,553.00,283.00,45.20,114.10,0.9560,-1,-1
335,62,382.00,245.00,107.40,256.20,0.9980,-1,-1
335,72,126.00,247.00,118.70,267.80,1.0000,-1,-1
335,94,1234.00,274.00,36.50,125.20,0.9980,-1,-1
335,97,74.00,279.00,99.40,224.00,0.9960,-1,-1
335,101,948.00,273.00,54.00,139.30,0.9990,-1,-1
335,106,1085.00,270.00,46.40,149.10,1.0000,-1,-1
335,108,1016.00,287.00,25.20,55.30,0.9850,-1,-1
335,110,601.00,282.00,39.90,129.70,0.9690,-1,-1
335,112,673.00,284.00,38.90,107.10,0.9990,-1,-1
335,117,637.00,276.00,45.60,125.80,0.9910,-1,-1
335,118,25.00,284.00,31.50,92.60,1.0000,-1,-1
335,122,729.00,283.00,21.90,69.90,0.9820,-1,-1
335,124,876.00,266.00,53.60,153.70,0.9990,-1,-1
336,5,1675.00,222.00,245.90,766.40,1.0000,-1,-1
336,16,757.00,251.00,89.40,235.10,1.0000,-1,-1
336,29,1172.00,278.00,60.50,157.20,0.9990,-1,-1
336,60,550.00,279.00,46.70,121.20,0.9410,-1,-1
336,62,369.00,242.00,123.80,252.30,0.9970,-1,-1
336,72,117.00,256.00,106.70,257.40,1.0000,-1,-1
336,94,1224.00,277.00,40.10,120.90,0.9990,-1,-1
336,97,69.00,278.00,93.90,220.20,0.9960,-1,-1
336,101,946.00,276.00,48.10,139.50,0.9990,-1,-1
336,106,1080.00,263.00,51.80,151.80,0.9990,-1,-1
336,108,1015.00,289.00,25.50,55.50,0.9920,-1,-1
336,112,665.00,281.00,40.80,112.80,0.9970,-1,-1
336,117,632.00,272.00,48.80,133.30,0.9900,-1,-1
336,118,18.00,281.00,33.40,89.40,1.0000,-1,-1
336,122,726.00,281.00,24.00,72.80,0.9670,-1,-1
336,124,866.00,259.00,56.10,160.40,1.0000,-1,-1
337,5,1664.00,219.00,269.30,766.90,1.0000,-1,-1
337,16,731.00,253.00,107.30,243.10,1.0000,-1,-1
337,29,1171.00,275.00,58.70,155.00,1.0000,-1,-1
337,60,547.00,283.00,43.70,107.20,0.9970,-1,-1
337,62,363.00,256.00,105.20,237.80,0.9960,-1,-1
337,72,78.00,250.00,123.00,257.80,1.0000,-1,-1
337,94,1228.00,276.00,35.50,118.40,0.9980,-1,-1
337,101,939.00,277.00,50.80,141.60,0.9990,-1,-1
337,106,1084.00,268.00,46.90,150.90,0.9990,-1,-1
337,108,1012.00,286.00,26.40,62.50,0.9920,-1,-1
337,110,588.00,279.00,46.00,136.00,0.9600,-1,-1
337,112,651.00,280.00,46.70,125.50,0.9990,-1,-1
337,117,627.00,285.00,41.30,118.00,0.9790,-1,-1
337,118,10.00,279.00,33.00,96.30,1.0000,-1,-1
337,124,866.00,265.00,51.20,149.90,1.0000,-1,-1
338,5,1697.00,200.00,239.70,821.50,1.0000,-1,-1
338,16,732.00,256.00,98.10,244.60,1.0000,-1,-1
338,29,1161.00,276.00,73.30,159.30,1.0000,-1,-1
338,60,545.00,284.00,45.50,113.60,0.9890,-1,-1
338,62,334.00,241.00,135.70,266.20,0.9960,-1,-1
338,72,73.00,230.00,131.10,287.60,0.9990,-1,-1
338,94,1225.00,283.00,35.30,113.40,0.9970,-1,-1
338,101,933.00,287.00,47.60,126.30,0.9980,-1,-1
338,106,1076.00,271.00,51.90,151.20,1.0000,-1,-1
338,108,1011.00,291.00,24.40,60.80,0.9960,-1,-1
338,110,580.00,293.00,44.40,126.50,0.9800,-1,-1
338,112,643.00,280.00,48.10,131.90,1.0000,-1,-1
338,117,618.00,275.00,44.10,138.70,0.9480,-1,-1
338,118,1.00,274.00,39.40,105.40,0.9990,-1,-1
338,122,714.00,287.00,25.50,72.50,0.9470,-1,-1
338,124,866.00,275.00,53.80,152.40,1.0000,-1,-1
338,125,681.00,293.00,25.10,66.00,0.9630,-1,-1
339,5,1693.00,215.00,240.20,802.20,1.0000,-1,-1
339,16,734.00,256.00,93.90,252.10,1.0000,-1,-1
339,29,1164.00,293.00,58.10,143.90,1.0000,-1,-1
339,60,545.00,284.00,44.50,116.40,0.9960,-1,-1
339,62,351.00,259.00,107.70,242.10,0.9970,-1,-1
339,72,75.00,261.00,108.00,278.90,1.0000,-1,-1
339,94,1222.00,284.00,39.40,117.70,0.9990,-1,-1
339,97,36.00,290.00,76.20,229.10,0.9970,-1,-1
339,101,932.00,288.00,52.30,135.80,0.9990,-1,-1
339,106,1073.00,274.00,50.50,147.90,1.0000,-1,-1
339,108,1007.00,293.00,22.50,53.90,0.9920,-1,-1
339,110,585.00,287.00,45.60,134.40,0.9640,-1,-1
339,112,639.00,282.00,43.70,121.50,0.9990,-1,-1
339,117,609.00,277.00,47.10,146.60,0.9560,-1,-1
339,118,2.00,289.00,31.00,89.90,0.9990,-1,-1
339,122,713.00,290.00,22.10,71.00,0.9710,-1,-1
339,124,854.00,273.00,58.70,155.00,1.0000,-1,-1
339,125,674.00,299.00,25.90,64.80,0.9890,-1,-1
340,5,1691.00,214.00,244.40,817.30,1.0000,-1,-1
340,16,727.00,248.00,97.60,255.20,1.0000,-1,-1
340,29,1160.00,287.00,63.90,157.70,0.9990,-1,-1
340,60,540.00,286.00,44.80,113.60,0.9930,-1,-1
340,62,343.00,251.00,126.30,264.30,0.9980,-1,-1
340,72,62.00,254.00,125.30,284.40,0.9990,-1,-1
340,94,1224.00,283.00,40.60,129.80,0.9990,-1,-1
340,101,932.00,292.00,49.80,129.80,1.0000,-1,-1
340,106,1070.00,270.00,51.80,153.10,1.0000,-1,-1
340,108,1004.00,295.00,26.90,61.70,0.9740,-1,-1
340,110,576.00,292.00,46.20,137.10,0.9710,-1,-1
340,112,631.00,291.00,44.10,116.60,0.9970,-1,-1
340,118,-4.00,283.00,29.50,102.50,0.9970,-1,-1
340,124,862.00,281.00,50.20,146.00,0.9990,-1,-1
340,125,677.00,299.00,26.80,65.50,0.9850,-1,-1
341,5,1703.00,216.00,234.40,799.80,1.0000,-1,-1
341,16,709.00,260.00,98.90,256.90,1.0000,-1,-1
341,29,1154.00,298.00,71.20,154.80,0.9990,-1,-1
341,60,540.00,289.00,44.40,109.90,0.9980,-1,-1
341,62,341.00,262.00,115.00,258.60,0.9980,-1,-1
341,72,35.00,260.00,141.40,279.40,0.9990,-1,-1
341,94,1221.00,287.00,41.70,125.10,0.9960,-1,-1
341,101,941.00,288.00,46.60,137.00,0.9990,-1,-1
341,106,1065.00,277.00,52.00,162.50,1.0000,-1,-1
341,108,1004.00,307.00,23.90,50.40,0.9980,-1,-1
341,110,576.00,295.00,46.00,133.00,0.9860,-1,-1
341,112,625.00,290.00,45.20,121.70,0.9900,-1,-1
341,124,855.00,282.00,53.00,145.90,1.0000,-1,-1
341,125,676.00,303.00,25.40,66.30,0.9770,-1,-1
341,129,659.00,303.00,25.90,68.40,0.9010,-1,-1
342,5,1726.00,229.00,213.00,828.40,1.0000,-1,-1
342,16,698.00,267.00,114.30,264.50,1.0000,-1,-1
342,29,1156.00,300.00,66.00,159.80,1.0000,-1,-1
342,60,539.00,294.00,44.30,110.40,0.9940,-1,-1
342,62,347.00,259.00,125.80,265.60,0.9960,-1,-1
342,72,12.00,269.00,124.50,288.40,1.0000,-1,-1
342,94,1223.00,295.00,37.10,118.40,0.9970,-1,-1
342,101,927.00,306.00,50.60,134.70,0.9990,-1,-1
342,106,1063.00,279.00,52.40,160.50,1.0000,-1,-1
342,108,999.00,309.00,26.70,62.30,0.9910,-1,-1
342,110,558.00,299.00,58.50,114.60,0.9320,-1,-1
342,112,616.00,296.00,48.70,119.00,0.9670,-1,-1
342,117,600.00,302.00,39.40,116.90,0.9770,-1,-1
342,124,852.00,287.00,59.50,156.00,1.0000,-1,-1
342,125,673.00,314.00,24.30,64.50,0.9670,-1,-1
342,129,657.00,313.00,22.90,63.70,0.9630,-1,-1
343,5,1697.00,229.00,255.50,816.40,1.0000,-1,-1
343,16,714.00,260.00,98.50,270.00,0.9990,-1,-1
343,29,1155.00,310.00,55.20,145.40,0.9990,-1,-1
343,60,538.00,299.00,45.60,109.00,0.9990,-1,-1
343,62,340.00,278.00,110.50,246.00,0.9980,-1,-1
343,72,31.00,263.00,102.80,298.00,0.9980,-1,-1
343,94,1220.00,299.00,43.90,120.70,0.9970,-1,-1
343,101,928.00,306.00,53.00,140.60,0.9990,-1,-1
343,106,1066.00,291.00,50.50,161.90,1.0000,-1,-1
343,108,1003.00,316.00,21.00,56.30,0.9870,-1,-1
343,110,559.00,303.00,45.00,118.90,0.9870,-1,-1
343,112,620.00,305.00,43.20,112.50,0.9950,-1,-1
343,117,599.00,304.00,40.40,121.00,0.9800,-1,-1
343,124,851.00,295.00,51.40,150.40,0.9990,-1,-1
343,125,668.00,319.00,26.80,66.20,0.9090,-1,-1
343,129,652.00,308.00,27.20,71.90,0.9170,-1,-1
344,5,1722.00,230.00,217.80,833.40,1.0000,-1,-1
344,16,690.00,265.00,114.60,263.10,1.0000,-1,-1
344,29,1159.00,307.00,64.60,153.00,0.9990,-1,-1
344,60,545.00,303.00,44.20,105.40,0.9990,-1,-1
344,62,329.00,266.00,125.00,268.60,0.9980,-1,-1
344,72,2.00,260.00,117.70,307.80,0.9960,-1,-1
344,94,1228.00,303.00,35.30,114.90,0.9970,-1,-1
344,101,930.00,309.00,50.20,139.70,0.9990,-1,-1
344,106,1071.00,297.00,49.70,157.60,1.0000,-1,-1
344,108,1002.00,319.00,24.70,53.60,0.9980,-1,-1
344,112,618.00,305.00,42.40,110.80,1.0000,-1,-1
344,117,579.00,312.00,42.30,122.00,0.9910,-1,-1
344,124,857.00,305.00,48.90,138.50,1.0000,-1,-1
344,125,670.00,324.00,22.30,58.10,0.9750,-1,-1
344,129,653.00,314.00,25.20,67.10,0.9050,-1,-1
345,5,1713.00,247.00,239.80,822.50,0.9990,-1,-1
345,16,701.00,255.00,96.00,275.90,1.0000,-1,-1
345,29,1151.00,311.00,70.70,157.60,0.9990,-1,-1
345,60,541.00,310.00,43.50,111.60,0.9990,-1,-1
345,62,335.00,274.00,121.20,271.20,0.9990,-1,-1
345,72,12.00,263.00,125.00,297.10,0.9990,-1,-1
345,94,1232.00,302.00,38.80,122.60,0.9920,-1,-1
345,101,933.00,305.00,50.40,141.40,0.9990,-1,-1
345,106,1069.00,291.00,55.00,163.80,1.0000,-1,-1
345,108,1000.00,319.00,25.90,59.40,0.9980,-1,-1
345,112,615.00,307.00,46.30,120.00,1.0000,-1,-1
345,117,573.00,310.00,44.50,131.60,0.9970,-1,-1
345,124,857.00,302.00,53.60,141.10,1.0000,-1,-1
345,125,669.00,317.00,26.00,67.30,0.9020,-1,-1
346,5,1735.00,276.00,221.00,779.00,0.9990,-1,-1
346,16,687.00,268.00,118.70,295.80,1.0000,-1,-1
346,29,1158.00,310.00,67.50,157.80,1.0000,-1,-1
346,60,547.00,311.00,39.80,110.30,0.9950,-1,-1
346,62,333.00,283.00,116.50,262.30,0.9990,-1,-1
346,72,10.00,272.00,110.80,298.90,0.9990,-1,-1
346,94,1230.00,312.00,38.50,123.90,0.9880,-1,-1
346,101,929.00,311.00,56.10,145.20,0.9990,-1,-1
346,106,1068.00,298.00,51.70,157.90,1.0000,-1,-1
346,108,1004.00,320.00,22.40,60.00,0.9950,-1,-1
346,112,611.00,316.00,42.10,111.90,0.9940,-1,-1
346,117,574.00,311.00,41.70,122.30,0.9990,-1,-1
346,124,850.00,291.00,62.60,166.10,0.9990,-1,-1
346,125,668.00,324.00,25.90,67.10,0.9650,-1,-1
346,129,653.00,319.00,24.60,61.40,0.9670,-1,-1
347,5,1743.00,255.00,240.50,821.60,0.9890,-1,-1
347,16,689.00,285.00,98.00,288.60,1.0000,-1,-1
347,29,1154.00,313.00,72.30,162.10,1.0000,-1,-1
347,62,341.00,272.00,109.60,261.00,0.9980,-1,-1
347,72,7.00,274.00,101.60,293.10,0.9970,-1,-1
347,94,1234.00,317.00,39.40,121.20,0.9970,-1,-1
347,101,931.00,314.00,49.00,138.90,0.9970,-1,-1
347,106,1068.00,304.00,54.70,160.00,1.0000,-1,-1
347,108,1003.00,323.00,25.60,56.40,0.9910,-1,-1
347,110,553.00,310.00,43.90,108.10,0.9880,-1,-1
347,112,609.00,312.00,39.90,113.80,0.9980,-1,-1
347,117,578.00,315.00,40.70,120.10,0.9950,-1,-1
347,124,850.00,296.00,56.10,150.40,1.0000,-1,-1
347,125,670.00,329.00,23.50,60.60,0.9570,-1,-1
347,129,651.00,316.00,26.20,67.20,0.9480,-1,-1
348,5,1738.00,262.00,242.80,814.20,0.9930,-1,-1
348,16,655.00,274.00,119.80,283.20,1.0000,-1,-1
348,29,1159.00,312.00,69.20,163.80,1.0000,-1,-1
348,62,340.00,291.00,111.00,250.90,0.9980,-1,-1
348,72,-4.00,282.00,103.70,276.30,0.9940,-1,-1
348,94,1232.00,319.00,39.70,117.60,1.0000,-1,-1
348,101,924.00,320.00,50.50,139.60,0.9980,-1,-1
348,106,1064.00,294.00,58.90,171.60,1.0000,-1,-1
348,108,1003.00,323.00,23.90,57.20,0.9960,-1,-1
348,110,559.00,316.00,41.70,116.10,0.9970,-1,-1
348,112,603.00,316.00,42.30,112.40,0.9970,-1,-1
348,117,578.00,317.00,41.30,131.20,0.9310,-1,-1
348,124,847.00,292.00,59.70,157.60,0.9990,-1,-1
349,5,1760.00,238.00,226.70,847.30,0.9910,-1,-1
349,16,674.00,271.00,106.50,306.80,1.0000,-1,-1
349,29,1155.00,315.00,67.80,152.50,1.0000,-1,-1
349,62,338.00,289.00,106.00,267.30,0.9980,-1,-1
349,72,-5.00,294.00,85.60,264.60,0.9900,-1,-1
349,94,1231.00,312.00,39.90,115.30,0.9990,-1,-1
349,101,923.00,314.00,51.00,143.90,0.9980,-1,-1
349,106,1069.00,302.00,49.20,156.70,1.0000,-1,-1
349,108,1002.00,321.00,27.20,63.60,0.9980,-1,-1
349,110,563.00,321.00,41.70,119.10,0.9920,-1,-1
349,112,598.00,311.00,39.70,116.60,0.9860,-1,-1
349,124,849.00,293.00,58.20,151.10,0.9990,-1,-1
349,129,651.00,323.00,22.10,66.50,0.9790,-1,-1
350,5,1752.00,274.00,237.00,817.90,0.9820,-1,-1
350,16,659.00,271.00,120.60,310.20,1.0000,-1,-1
350,29,1159.00,309.00,61.60,159.50,1.0000,-1,-1
350,62,322.00,272.00,124.90,284.70,0.9990,-1,-1
350,72,3.00,286.00,81.10,266.40,0.9330,-1,-1
350,94,1233.00,319.00,41.50,122.90,0.9980,-1,-1
350,101,918.00,316.00,54.80,134.80,0.9940,-1,-1
350,106,1068.00,301.00,48.90,153.90,1.0000,-1,-1
350,108,1002.00,320.00,26.60,62.30,0.9940,-1,-1
350,110,558.00,313.00,47.30,128.50,0.9930,-1,-1
350,112,598.00,318.00,38.10,116.30,0.9380,-1,-1
350,124,846.00,293.00,60.50,164.80,1.0000,-1,-1
350,129,646.00,322.00,24.10,64.50,0.9720,-1,-1
351,5,1753.00,225.00,238.10,870.80,0.9840,-1,-1
351,16,646.00,283.00,123.70,290.10,1.0000,-1,-1
351,29,1153.00,311.00,70.40,157.90,1.0000,-1,-1
351,62,325.00,268.00,118.70,282.30,0.9990,-1,-1
351,72,-1.00,289.00,66.80,236.10,0.9440,-1,-1
351,94,1236.00,309.00,36.30,115.60,1.0000,-1,-1
351,101,921.00,314.00,48.30,135.30,0.9950,-1,-1
351,106,1069.00,300.00,50.90,160.40,1.0000,-1,-1
351,108,1003.00,324.00,24.30,58.90,0.9970,-1,-1
351,110,559.00,313.00,41.80,119.20,0.9960,-1,-1
351,112,589.00,315.00,50.00,123.00,0.9580,-1,-1
351,124,853.00,298.00,52.40,152.80,1.0000,-1,-1
352,5,1755.00,273.00,250.60,774.90,0.9790,-1,-1
352,16,636.00,283.00,123.70,285.70,1.0000,-1,-1
352,29,1152.00,309.00,67.20,163.00,1.0000,-1,-1
352,62,323.00,266.00,118.20,291.30,0.9990,-1,-1
352,72,18.00,307.00,52.60,149.70,0.9880,-1,-1
352,94,1236.00,312.00,36.20,118.20,0.9990,-1,-1
352,101,918.00,313.00,51.40,133.90,0.9960,-1,-1
352,106,1068.00,300.00,48.40,152.70,1.0000,-1,-1
352,108,1001.00,321.00,26.70,60.00,0.9970,-1,-1
352,110,562.00,317.00,39.10,133.30,0.9880,-1,-1
352,112,586.00,317.00,38.50,118.50,0.9090,-1,-1
352,124,846.00,299.00,55.60,153.60,0.9990,-1,-1
353,5,1744.00,224.00,275.40,810.50,0.9400,-1,-1
353,16,635.00,281.00,130.30,297.80,1.0000,-1,-1
353,29,1157.00,312.00,61.50,162.60,1.0000,-1,-1
353,60,543.00,314.00,46.60,118.80,0.9940,-1,-1
353,62,319.00,260.00,123.50,299.10,0.9990,-1,-1
353,72,11.00,311.00,53.90,143.00,0.9830,-1,-1
353,94,1235.00,320.00,41.90,118.10,1.0000,-1,-1
353,101,921.00,321.00,47.50,125.80,0.9980,-1,-1
353,106,1067.00,296.00,48.90,158.10,1.0000,-1,-1
353,108,999.00,321.00,26.00,63.90,0.9950,-1,-1
353,117,570.00,311.00,46.40,128.30,0.9570,-1,-1
353,124,844.00,299.00,57.30,157.20,0.9980,-1,-1
354,5,1733.00,229.00,300.70,828.80,0.9500,-1,-1
354,16,625.00,270.00,129.40,306.70,1.0000,-1,-1
354,29,1158.00,321.00,59.70,149.70,1.0000,-1,-1
354,62,332.00,274.00,122.10,279.60,0.9990,-1,-1
354,72,5.00,310.00,58.50,159.70,0.9930,-1,-1
354,94,1232.00,315.00,45.00,127.10,0.9990,-1,-1
354,101,915.00,314.00,48.60,138.00,0.9990,-1,-1
354,106,1066.00,305.00,52.60,163.60,1.0000,-1,-1
354,108,999.00,329.00,23.40,58.70,0.9960,-1,-1
354,117,564.00,318.00,46.10,130.70,0.9930,-1,-1
354,124,842.00,304.00,52.30,155.80,0.9990,-1,-1
355,5,1745.00,246.00,277.00,826.30,0.9480,-1,-1
355,16,620.00,264.00,127.80,324.00,1.0000,-1,-1
355,29,1158.00,322.00,62.40,158.10,1.0000,-1,-1
355,60,532.00,320.00,46.00,113.20,0.9790,-1,-1
355,62,346.00,270.00,111.50,286.00,0.9980,-1,-1
355,72,1.00,305.00,65.20,164.30,0.9980,-1,-1
355,94,1235.00,323.00,38.20,121.90,0.9920,-1,-1
355,101,914.00,322.00,52.50,136.60,0.9990,-1,-1
355,106,1064.00,303.00,53.80,165.70,1.0000,-1,-1
355,108,996.00,331.00,24.70,58.90,0.9950,-1,-1
355,117,564.00,319.00,43.10,140.10,0.9930,-1,-1
355,124,843.00,309.00,55.80,154.90,0.9990,-1,-1
356,5,1715.00,236.00,314.20,824.90,0.9650,-1,-1
356,16,616.00,271.00,132.60,310.10,1.0000,-1,-1
356,29,1156.00,330.00,53.50,144.90,0.9990,-1,-1
356,60,525.00,312.00,49.40,125.10,0.9900,-1,-1
356,62,320.00,269.00,127.20,302.80,0.9990,-1,-1
356,94,1233.00,317.00,45.20,128.60,0.9980,-1,-1
356,101,914.00,321.00,50.90,135.60,0.9980,-1,-1
356,106,1062.00,316.00,56.10,154.80,1.0000,-1,-1
356,108,995.00,333.00,25.90,59.40,0.9840,-1,-1
356,110,557.00,322.00,45.10,129.40,0.9920,-1,-1
356,124,839.00,309.00,55.80,148.20,1.0000,-1,-1
357,16,600.00,284.00,118.70,327.50,1.0000,-1,-1
357,29,1148.00,327.00,59.50,158.60,1.0000,-1,-1
357,60,539.00,326.00,39.70,122.80,0.9980,-1,-1
357,62,338.00,293.00,118.80,266.70,0.9990,-1,-1
357,72,-3.00,318.00,47.70,149.10,0.9480,-1,-1
357,94,1238.00,328.00,41.10,125.60,0.9980,-1,-1
357,101,912.00,323.00,49.90,144.70,0.9990,-1,-1
357,106,1061.00,314.00,51.50,163.20,1.0000,-1,-1
357,108,991.00,338.00,24.10,59.70,0.9950,-1,-1
357,110,555.00,328.00,44.70,134.00,0.9450,-1,-1
357,123,515.00,324.00,47.50,118.20,0.9660,-1,-1
357,124,841.00,313.00,58.20,152.30,1.0000,-1,-1
357,130,730.00,332.00,23.70,66.90,0.9990,-1,-1
358,5,1719.00,272.00,329.90,824.60,0.9210,-1,-1
358,16,608.00,280.00,107.40,301.10,1.0000,-1,-1
358,29,1153.00,340.00,62.60,143.50,1.0000,-1,-1
358,62,332.00,283.00,109.70,286.20,0.9990,-1,-1
358,72,-3.00,318.00,43.10,156.00,0.9620,-1,-1
358,94,1239.00,327.00,40.90,125.60,0.9990,-1,-1
358,101,909.00,336.00,51.60,132.70,0.9980,-1,-1
358,106,1061.00,322.00,56.20,162.30,1.0000,-1,-1
358,108,993.00,338.00,27.80,62.90,0.9970,-1,-1
358,110,548.00,324.00,45.30,129.40,0.9980,-1,-1
358,123,513.00,327.00,47.90,122.60,0.9970,-1,-1
358,124,840.00,315.00,57.80,159.60,1.0000,-1,-1
358,130,729.00,334.00,23.20,66.20,0.9980,-1,-1
359,5,1738.00,297.00,291.30,777.80,0.9610,-1,-1
359,16,600.00,289.00,113.50,315.70,1.0000,-1,-1
359,29,1145.00,337.00,66.50,157.40,1.0000,-1,-1
359,62,325.00,275.00,140.10,307.40,0.9990,-1,-1
359,94,1236.00,335.00,41.40,126.00,0.9980,-1,-1
359,101,907.00,334.00,51.80,131.50,0.9980,-1,-1
359,106,1064.00,317.00,52.50,171.50,1.0000,-1,-1
359,108,990.00,348.00,24.20,55.70,0.9950,-1,-1
359,110,542.00,330.00,44.10,132.60,1.0000,-1,-1
359,123,503.00,334.00,40.70,119.30,0.9830,-1,-1
359,124,837.00,328.00,52.60,149.40,0.9990,-1,-1
359,130,721.00,340.00,24.50,64.90,0.9850,-1,-1
360,5,1723.00,290.00,309.40,796.20,0.9700,-1,-1
360,16,599.00,278.00,105.50,321.20,1.0000,-1,-1
360,29,1142.00,338.00,64.70,157.20,1.0000,-1,-1
360,62,326.00,284.00,127.90,295.60,1.0000,-1,-1
360,94,1238.00,332.00,41.60,128.40,0.9970,-1,-1
360,101,903.00,339.00,47.00,128.50,0.9960,-1,-1
360,106,1054.00,317.00,52.90,175.50,1.0000,-1,-1
360,108,985.00,345.00,26.00,60.40,0.9840,-1,-1
360,110,544.00,325.00,43.60,143.10,0.9990,-1,-1
360,123,502.00,319.00,53.30,147.70,0.9760,-1,-1
360,124,830.00,318.00,59.20,160.60,0.9990,-1,-1
360,130,720.00,340.00,22.70,65.60,0.9950,-1,-1
361,5,1733.00,302.00,299.70,783.90,0.9480,-1,-1
361,16,586.00,292.00,103.70,305.80,1.0000,-1,-1
361,29,1146.00,336.00,66.50,159.00,1.0000,-1,-1
361,62,319.00,287.00,127.10,274.60,0.9990,-1,-1
361,94,1237.00,339.00,38.50,128.20,0.9920,-1,-1
361,101,904.00,341.00,48.00,132.10,0.9970,-1,-1
361,106,1057.00,325.00,53.60,166.30,1.0000,-1,-1
361,108,989.00,346.00,25.00,58.80,0.9950,-1,-1
361,110,545.00,328.00,33.40,130.00,0.9980,-1,-1
361,123,494.00,330.00,47.30,128.00,0.9880,-1,-1
361,124,829.00,325.00,58.50,154.10,0.9980,-1,-1
361,130,721.00,338.00,23.10,67.60,0.9900,-1,-1
362,5,1724.00,296.00,320.30,800.80,0.9570,-1,-1
362,16,568.00,280.00,130.00,341.20,1.0000,-1,-1
362,29,1134.00,332.00,71.10,167.30,1.0000,-1,-1
362,62,330.00,281.00,120.80,280.60,1.0000,-1,-1
362,94,1241.00,340.00,42.00,119.10,1.0000,-1,-1
362,101,899.00,323.00,52.10,149.20,0.9910,-1,-1
362,106,1059.00,328.00,49.40,164.20,1.0000,-1,-1
362,108,987.00,344.00,26.50,61.20,0.9980,-1,-1
362,110,539.00,328.00,40.80,136.60,0.9990,-1,-1
362,123,484.00,334.00,49.40,119.00,0.9990,-1,-1
362,124,826.00,322.00,53.20,147.30,0.9990,-1,-1
362,130,712.00,343.00,23.80,63.90,0.9990,-1,-1
363,16,567.00,296.00,127.80,335.00,1.0000,-1,-1
363,29,1144.00,339.00,60.90,157.60,1.0000,-1,-1
363,62,332.00,270.00,126.10,300.00,1.0000,-1,-1
363,94,1237.00,338.00,44.10,125.30,0.9970,-1,-1
363,101,900.00,329.00,50.10,141.40,0.9940,-1,-1
363,106,1061.00,321.00,55.00,160.40,1.0000,-1,-1
363,108,988.00,346.00,24.80,56.90,0.9950,-1,-1
363,110,537.00,334.00,34.30,129.60,0.9980,-1,-1
363,123,473.00,325.00,45.40,134.50,0.9810,-1,-1
363,124,827.00,320.00,57.20,154.50,0.9990,-1,-1
363,130,713.00,341.00,22.90,60.70,1.0000,-1,-1
364,16,548.00,273.00,129.60,345.00,1.0000,-1,-1
364,29,1135.00,343.00,63.70,147.40,1.0000,-1,-1
364,60,524.00,323.00,44.70,146.00,0.9950,-1,-1
364,62,308.00,270.00,157.80,317.60,1.0000,-1,-1
364,94,1240.00,335.00,42.80,120.10,0.9990,-1,-1
364,101,898.00,334.00,47.60,133.40,0.9960,-1,-1
364,106,1055.00,317.00,54.00,164.60,1.0000,-1,-1
364,108,986.00,338.00,26.40,63.50,0.9950,-1,-1
364,123,479.00,330.00,47.40,123.40,0.9950,-1,-1
364,124,824.00,323.00,52.30,148.30,0.9990,-1,-1
364,125,669.00,330.00,25.50,72.60,0.9570,-1,-1
364,130,710.00,339.00,24.20,65.10,0.9990,-1,-1
365,16,538.00,277.00,144.50,356.80,1.0000,-1,-1
365,29,1134.00,336.00,68.50,152.90,1.0000,-1,-1
365,62,324.00,271.00,122.90,303.00,1.0000,-1,-1
365,94,1240.00,328.00,39.80,139.60,0.9970,-1,-1
365,101,900.00,330.00,48.70,133.70,0.9980,-1,-1
365,106,1064.00,318.00,50.90,165.30,1.0000,-1,-1
365,108,981.00,342.00,28.20,60.00,0.9860,-1,-1
365,123,477.00,331.00,39.20,115.70,0.9990,-1,-1
365,124,820.00,315.00,59.90,156.10,1.0000,-1,-1
365,130,708.00,339.00,24.10,62.70,1.0000,-1,-1
365,131,506.00,323.00,37.00,134.20,0.9760,-1,-1
366,16,539.00,280.00,129.20,360.80,1.0000,-1,-1
366,29,1130.00,340.00,66.30,145.60,1.0000,-1,-1
366,62,327.00,292.00,135.20,282.20,0.9990,-1,-1
366,94,1241.00,334.00,37.00,125.00,0.9970,-1,-1
366,101,895.00,330.00,53.00,143.20,0.9980,-1,-1
366,106,1063.00,315.00,52.30,169.70,1.0000,-1,-1
366,108,980.00,343.00,27.10,58.20,0.9940,-1,-1
366,123,465.00,325.00,47.70,134.20,0.9760,-1,-1
366,124,820.00,319.00,56.40,153.60,1.0000,-1,-1
366,125,663.00,332.00,26.50,75.00,0.9740,-1,-1
366,130,707.00,339.00,23.50,60.00,0.9990,-1,-1
366,131,505.00,335.00,39.40,115.00,0.9740,-1,-1
367,16,531.00,292.00,128.10,359.10,1.0000,-1,-1
367,29,1131.00,331.00,73.00,163.60,1.0000,-1,-1
367,62,313.00,276.00,150.90,306.60,0.9990,-1,-1
367,94,1248.00,335.00,42.00,121.70,0.9960,-1,-1
367,101,898.00,337.00,46.00,126.60,0.9990,-1,-1
367,106,1059.00,322.00,56.80,154.40,1.0000,-1,-1
367,108,985.00,345.00,22.10,57.00,0.9940,-1,-1
367,123,467.00,329.00,43.30,125.00,0.9760,-1,-1
367,124,824.00,315.00,62.10,167.70,1.0000,-1,-1
367,125,663.00,334.00,26.40,77.30,0.9860,-1,-1
367,130,708.00,338.00,20.80,60.90,0.9950,-1,-1
367,131,507.00,321.00,46.10,133.10,0.9590,-1,-1
368,16,541.00,281.00,112.70,354.90,1.0000,-1,-1
368,29,1134.00,330.00,60.60,158.50,1.0000,-1,-1
368,60,518.00,321.00,41.80,142.40,0.9780,-1,-1
368,62,327.00,273.00,124.50,318.40,1.0000,-1,-1
368,94,1251.00,334.00,40.70,125.10,0.9990,-1,-1
368,101,901.00,330.00,51.10,133.00,0.9990,-1,-1
368,106,1063.00,320.00,53.60,164.70,1.0000,-1,-1
368,108,985.00,343.00,28.80,60.80,0.9880,-1,-1
368,123,467.00,334.00,40.60,125.80,0.9680,-1,-1
368,124,821.00,316.00,53.90,159.90,1.0000,-1,-1
368,125,657.00,339.00,26.70,72.50,0.9540,-1,-1
368,130,708.00,341.00,22.40,64.30,0.9990,-1,-1
369,16,511.00,272.00,143.50,367.30,1.0000,-1,-1
369,29,1138.00,331.00,67.40,143.20,0.9990,-1,-1
369,62,318.00,295.00,171.20,294.00,0.9990,-1,-1
369,94,1255.00,333.00,38.20,124.70,0.9990,-1,-1
369,101,898.00,327.00,49.90,137.70,0.9940,-1,-1
369,106,1057.00,319.00,55.60,168.00,0.9980,-1,-1
369,124,816.00,314.00,64.50,167.20,0.9980,-1,-1
369,125,657.00,333.00,26.70,76.30,0.9070,-1,-1
369,130,715.00,344.00,21.70,62.50,0.9550,-1,-1
370,16,520.00,270.00,138.40,370.50,1.0000,-1,-1
370,29,1143.00,327.00,65.30,159.10,1.0000,-1,-1
370,62,310.00,273.00,143.70,306.80,0.9980,-1,-1
370,94,1255.00,328.00,37.50,122.10,0.9960,-1,-1
370,101,900.00,333.00,49.30,127.50,0.9970,-1,-1
370,106,1057.00,310.00,55.30,183.60,1.0000,-1,-1
370,108,990.00,343.00,27.40,63.90,0.9880,-1,-1
370,123,461.00,324.00,40.60,126.00,0.9830,-1,-1
370,124,826.00,317.00,57.30,160.90,1.0000,-1,-1
370,125,647.00,344.00,24.40,67.30,0.9240,-1,-1
370,130,711.00,336.00,24.30,66.50,0.9920,-1,-1
370,131,499.00,326.00,40.10,135.40,0.9880,-1,-1
370,132,666.00,337.00,26.00,71.00,0.9950,-1,-1
371,16,524.00,269.00,130.50,389.80,1.0000,-1,-1
371,29,1151.00,327.00,64.60,163.10,1.0000,-1,-1
371,62,311.00,287.00,159.60,308.10,1.0000,-1,-1
371,94,1268.00,331.00,33.40,124.90,0.9980,-1,-1
371,101,907.00,339.00,46.80,125.60,0.9990,-1,-1
371,106,1068.00,320.00,57.50,173.90,1.0000,-1,-1
371,108,998.00,347.00,27.70,59.10,0.9910,-1,-1
371,123,464.00,330.00,43.90,119.70,0.9590,-1,-1
371,124,834.00,326.00,53.00,140.00,0.9980,-1,-1
371,125,655.00,343.00,24.80,63.80,0.9890,-1,-1
371,130,717.00,337.00,24.40,67.50,0.9990,-1,-1
371,131,489.00,333.00,43.10,130.30,0.9930,-1,-1
371,132,669.00,332.00,27.00,78.50,0.9660,-1,-1
371,133,950.00,350.00,19.80,38.20,0.9100,-1,-1
372,16,512.00,258.00,134.70,395.60,1.0000,-1,-1
372,29,1161.00,332.00,62.50,154.40,1.0000,-1,-1
372,62,337.00,275.00,141.30,302.50,1.0000,-1,-1
372,101,912.00,322.00,53.60,141.10,0.9950,-1,-1
372,106,1086.00,312.00,52.10,175.50,1.0000,-1,-1
372,108,1009.00,339.00,24.40,62.50,0.9990,-1,-1
372,123,461.00,325.00,40.90,135.60,0.9240,-1,-1
372,124,836.00,323.00,52.20,140.50,0.9980,-1,-1
372,125,645.00,337.00,26.90,69.60,0.9930,-1,-1
372,130,724.00,335.00,23.50,61.80,1.0000,-1,-1
372,132,673.00,331.00,30.00,81.10,0.9960,-1,-1
372,134,1286.00,334.00,36.70,120.30,0.9960,-1,-1
373,16,516.00,280.00,138.10,382.50,1.0000,-1,-1
373,29,1163.00,324.00,62.30,161.40,1.0000,-1,-1
373,62,342.00,275.00,141.80,311.40,0.9990,-1,-1
373,101,917.00,327.00,56.00,139.90,0.9970,-1,-1
373,106,1088.00,306.00,54.10,179.90,1.0000,-1,-1
373,108,1008.00,333.00,30.00,65.80,0.9910,-1,-1
373,123,461.00,316.00,47.10,138.10,0.9850,-1,-1
373,124,834.00,311.00,56.50,156.60,0.9990,-1,-1
373,125,645.00,335.00,26.50,66.20,0.9780,-1,-1
373,130,722.00,333.00,29.60,65.90,0.9880,-1,-1
373,132,678.00,321.00,30.30,86.40,0.9830,-1,-1
373,134,1289.00,330.00,43.10,124.10,0.9960,-1,-1
373,135,665.00,334.00,25.10,69.40,0.9840,-1,-1
374,16,491.00,266.00,141.10,374.60,1.0000,-1,-1
374,29,1166.00,336.00,57.80,148.30,1.0000,-1,-1
374,62,355.00,265.00,143.80,309.80,1.0000,-1,-1
374,101,918.00,317.00,58.90,145.00,0.9990,-1,-1
374,106,1090.00,309.00,57.20,174.50,1.0000,-1,-1
374,108,1019.00,336.00,27.10,59.90,0.9960,-1,-1
374,124,845.00,319.00,54.30,144.20,0.9980,-1,-1
374,130,732.00,333.00,26.20,63.70,0.9980,-1,-1
374,132,686.00,321.00,29.10,79.60,0.9960,-1,-1
374,134,1294.00,326.00,40.60,125.80,0.9890,-1,-1
374,135,672.00,331.00,27.80,68.10,0.9990,-1,-1
374,136,658.00,331.00,23.00,61.30,0.9790,-1,-1
375,16,503.00,267.00,147.50,389.40,1.0000,-1,-1
375,29,1174.00,323.00,60.20,159.10,0.9990,-1,-1
375,62,340.00,261.00,149.90,320.30,1.0000,-1,-1
375,101,924.00,316.00,59.90,150.80,0.9980,-1,-1
375,106,1091.00,303.00,59.80,177.00,1.0000,-1,-1
375,108,1021.00,333.00,23.50,61.50,0.9970,-1,-1
375,124,840.00,308.00,58.70,151.60,0.9930,-1,-1
375,130,736.00,333.00,25.20,62.70,0.9990,-1,-1
375,132,683.00,318.00,28.60,78.70,0.9930,-1,-1
375,134,1305.00,318.00,36.70,126.20,0.9860,-1,-1
375,136,656.00,330.00,25.10,63.50,0.9750,-1,-1
375,137,976.00,335.00,18.80,43.10,0.9070,-1,-1
376,16,492.00,255.00,158.90,407.70,1.0000,-1,-1
376,29,1175.00,321.00,60.10,155.90,0.9990,-1,-1
376,62,347.00,261.00,157.30,322.30,1.0000,-1,-1
376,101,929.00,316.00,57.00,144.60,0.9990,-1,-1
376,106,1101.00,302.00,55.80,178.60,1.0000,-1,-1
376,108,1022.00,329.00,28.40,59.90,0.9950,-1,-1
376,124,845.00,307.00,54.60,158.20,0.9970,-1,-1
376,130,737.00,330.00,25.20,62.90,0.9990,-1,-1
376,132,684.00,318.00,32.50,81.80,0.9920,-1,-1
376,134,1305.00,322.00,40.10,122.00,0.9980,-1,-1
376,136,659.00,324.00,24.50,64.50,0.9660,-1,-1
377,16,477.00,264.00,144.30,387.20,1.0000,-1,-1
377,29,1183.00,316.00,59.20,149.50,1.0000,-1,-1
377,62,363.00,251.00,124.70,325.90,1.0000,-1,-1
377,101,928.00,312.00,56.00,138.40,0.9990,-1,-1
377,106,1100.00,304.00,61.30,173.90,1.0000,-1,-1
377,108,1032.00,320.00,27.30,60.70,0.9980,-1,-1
377,124,856.00,303.00,55.00,145.90,1.0000,-1,-1
377,130,744.00,323.00,24.60,61.50,0.9980,-1,-1
377,132,694.00,314.00,26.30,77.50,0.9980,-1,-1
377,134,1318.00,312.00,37.00,121.30,0.9950,-1,-1
377,135,681.00,325.00,25.00,62.70,0.9790,-1,-1
377,136,663.00,316.00,24.20,64.80,0.9940,-1,-1
378,16,465.00,241.00,163.70,405.90,1.0000,-1,-1
378,29,1179.00,312.00,59.70,152.00,1.0000,-1,-1
378,62,366.00,253.00,143.80,328.30,0.9990,-1,-1
378,101,928.00,308.00,60.20,139.80,0.9980,-1,-1
378,106,1113.00,297.00,52.10,174.10,1.0000,-1,-1
378,108,1035.00,319.00,27.00,62.40,0.9950,-1,-1
378,124,857.00,296.00,59.20,153.90,1.0000,-1,-1
378,130,741.00,319.00,28.00,66.70,0.9990,-1,-1
378,132,693.00,306.00,29.90,78.90,0.9960,-1,-1
378,134,1317.00,313.00,41.60,128.70,0.9940,-1,-1
378,136,665.00,318.00,25.70,63.90,0.9810,-1,-1
379,16,459.00,248.00,166.70,413.40,1.0000,-1,-1
379,29,1185.00,306.00,62.30,158.60,0.9980,-1,-1
379,62,358.00,263.00,142.30,316.10,0.9990,-1,-1
379,101,927.00,306.00,57.40,148.20,0.9970,-1,-1
379,106,1105.00,294.00,62.60,179.80,1.0000,-1,-1
379,108,1037.00,317.00,29.10,65.10,0.9980,-1,-1
379,124,855.00,291.00,55.70,157.20,0.9990,-1,-1
379,130,743.00,311.00,29.50,74.20,1.0000,-1,-1
379,132,695.00,312.00,28.00,77.70,0.9980,-1,-1
379,134,1321.00,317.00,41.10,117.80,0.9940,-1,-1
379,136,670.00,318.00,23.70,67.40,0.9680,-1,-1
379,138,989.00,325.00,19.50,39.40,0.9170,-1,-1
380,16,458.00,246.00,166.40,405.70,1.0000,-1,-1
380,29,1184.00,301.00,66.90,160.30,0.9990,-1,-1
380,62,367.00,255.00,135.10,332.60,0.9990,-1,-1
380,101,930.00,299.00,60.80,147.80,0.9990,-1,-1
380,106,1113.00,294.00,57.50,173.60,1.0000,-1,-1
380,108,1039.00,317.00,29.20,64.50,0.9990,-1,-1
380,124,853.00,290.00,62.40,159.00,0.9990,-1,-1
380,130,745.00,316.00,27.30,68.00,1.0000,-1,-1
380,132,695.00,312.00,26.60,72.70,0.9970,-1,-1
380,134,1329.00,309.00,43.70,121.40,0.9910,-1,-1
380,136,670.00,319.00,24.50,62.40,0.9750,-1,-1
381,16,450.00,252.00,163.20,418.20,1.0000,-1,-1
381,29,1196.00,315.00,52.20,134.40,0.9990,-1,-1
381,62,379.00,253.00,121.50,334.40,0.9990,-1,-1
381,101,932.00,308.00,57.50,148.30,1.0000,-1,-1
381,106,1123.00,303.00,53.10,159.80,1.0000,-1,-1
381,108,1041.00,316.00,28.10,63.30,0.9990,-1,-1
381,124,860.00,299.00,55.50,151.40,0.9980,-1,-1
381,130,745.00,318.00,27.70,64.30,0.9980,-1,-1
381,132,697.00,307.00,30.10,79.80,0.9990,-1,-1
381,134,1332.00,316.00,45.50,118.50,0.9970,-1,-1
381,136,672.00,319.00,26.60,63.50,0.9750,-1,-1
381,139,595.00,310.00,42.20,112.30,0.9990,-1,-1
382,16,436.00,233.00,164.00,441.80,1.0000,-1,-1
382,29,1190.00,305.00,64.10,157.00,1.0000,-1,-1
382,62,363.00,264.00,136.80,322.10,0.9980,-1,-1
382,101,944.00,306.00,55.20,143.10,1.0000,-1,-1
382,106,1123.00,292.00,52.40,178.20,1.0000,-1,-1
382,108,1045.00,319.00,28.10,61.40,0.9970,-1,-1
382,124,864.00,299.00,53.80,149.00,0.9990,-1,-1
382,130,744.00,316.00,29.40,67.10,0.9990,-1,-1
382,132,704.00,308.00,29.90,78.70,1.0000,-1,-1
382,134,1343.00,315.00,43.10,116.60,0.9960,-1,-1
382,136,676.00,325.00,24.00,61.10,0.9930,-1,-1
382,139,598.00,307.00,41.30,112.80,0.9970,-1,-1
383,16,413.00,241.00,191.10,450.50,1.0000,-1,-1
383,29,1190.00,312.00,63.90,153.50,1.0000,-1,-1
383,101,940.00,314.00,54.00,144.70,0.9990,-1,-1
383,106,1125.00,297.00,56.70,172.70,1.0000,-1,-1
383,108,1046.00,319.00,28.00,64.00,0.9940,-1,-1
383,124,860.00,298.00,57.30,153.10,0.9990,-1,-1
383,130,748.00,319.00,30.20,72.50,0.9920,-1,-1
383,132,701.00,313.00,29.30,80.00,0.9980,-1,-1
383,134,1346.00,315.00,36.00,110.90,0.9930,-1,-1
383,136,679.00,323.00,22.60,60.20,0.9820,-1,-1
383,139,598.00,305.00,40.90,115.90,0.9990,-1,-1
384,16,390.00,243.00,175.70,425.90,1.0000,-1,-1
384,29,1195.00,318.00,59.50,145.50,1.0000,-1,-1
384,101,933.00,302.00,57.10,162.10,0.9990,-1,-1
384,106,1125.00,296.00,62.00,183.60,1.0000,-1,-1
384,108,1046.00,325.00,27.70,58.60,0.9960,-1,-1
384,124,859.00,302.00,57.30,151.00,0.9990,-1,-1
384,130,747.00,321.00,25.80,67.20,0.9890,-1,-1
384,132,700.00,315.00,28.30,79.50,0.9950,-1,-1
384,134,1350.00,313.00,42.80,125.60,0.9740,-1,-1
384,136,683.00,327.00,22.00,59.40,0.9860,-1,-1
384,139,600.00,312.00,40.20,104.20,0.9950,-1,-1
384,140,571.00,316.00,40.20,132.00,0.9940,-1,-1
385,16,393.00,239.00,187.00,458.40,1.0000,-1,-1
385,29,1198.00,312.00,57.70,157.40,1.0000,-1,-1
385,101,936.00,305.00,54.70,152.00,1.0000,-1,-1
385,106,1137.00,306.00,50.80,170.50,1.0000,-1,-1
385,108,1051.00,325.00,28.10,60.70,0.9890,-1,-1
385,124,862.00,299.00,60.40,159.70,0.9990,-1,-1
385,130,748.00,322.00,31.60,70.80,0.9990,-1,-1
385,132,705.00,312.00,28.90,81.60,0.9990,-1,-1
385,134,1350.00,316.00,40.80,121.90,0.9810,-1,-1
385,136,681.00,324.00,22.00,60.90,0.9980,-1,-1
385,139,605.00,309.00,40.80,111.90,0.9990,-1,-1
385,140,577.00,309.00,43.70,150.70,0.9730,-1,-1
386,16,381.00,226.00,199.70,462.10,1.0000,-1,-1
386,29,1187.00,310.00,66.90,162.30,1.0000,-1,-1
386,101,945.00,306.00,55.30,149.90,0.9990,-1,-1
386,106,1137.00,304.00,51.30,172.90,1.0000,-1,-1
386,108,1051.00,325.00,27.90,63.90,0.9980,-1,-1
386,124,860.00,309.00,56.30,143.70,0.9990,-1,-1
386,130,748.00,318.00,29.90,74.80,0.9970,-1,-1
386,132,704.00,313.00,30.50,86.00,0.9990,-1,-1
386,134,1350.00,318.00,45.40,121.40,0.9910,-1,-1
386,136,677.00,321.00,22.30,66.00,0.9020,-1,-1
386,139,603.00,315.00,43.40,109.70,0.9970,-1,-1
386,140,566.00,316.00,51.10,137.90,0.9420,-1,-1
387,16,348.00,221.00,187.00,462.70,1.0000,-1,-1
387,29,1199.00,319.00,54.60,150.40,1.0000,-1,-1
387,101,935.00,310.00,55.70,145.40,0.9980,-1,-1
387,106,1138.00,304.00,51.80,177.80,1.0000,-1,-1
387,108,1054.00,328.00,29.00,62.70,0.9980,-1,-1
387,124,867.00,297.00,57.20,161.60,1.0000,-1,-1
387,130,748.00,321.00,30.50,74.60,0.9960,-1,-1
387,132,703.00,319.00,27.20,79.20,0.9970,-1,-1
387,134,1364.00,322.00,42.00,124.10,0.9570,-1,-1
387,136,681.00,325.00,24.80,70.00,0.9810,-1,-1
387,139,602.00,318.00,41.10,101.10,0.9970,-1,-1
387,140,568.00,317.00,43.90,144.30,0.9400,-1,-1
388,16,316.00,261.00,204.00,446.00,1.0000,-1,-1
388,29,1191.00,325.00,66.70,153.30,1.0000,-1,-1
388,101,941.00,312.00,54.60,149.10,0.9990,-1,-1
388,106,1131.00,301.00,54.70,180.50,1.0000,-1,-1
388,108,1053.00,322.00,30.40,68.60,0.9980,-1,-1
388,124,864.00,301.00,57.80,162.10,1.0000,-1,-1
388,130,744.00,324.00,29.20,70.80,0.9950,-1,-1
388,132,703.00,315.00,28.10,80.00,0.9990,-1,-1
388,134,1366.00,317.00,37.40,120.70,0.9680,-1,-1
388,136,679.00,323.00,24.10,68.10,0.9890,-1,-1
388,139,601.00,319.00,42.40,104.50,0.9970,-1,-1
388,140,570.00,316.00,45.90,146.50,0.9680,-1,-1
389,16,300.00,223.00,225.60,485.30,1.0000,-1,-1
389,29,1187.00,323.00,63.20,148.10,1.0000,-1,-1
389,101,933.00,311.00,54.20,148.60,0.9990,-1,-1
389,106,1132.00,301.00,60.30,175.40,1.0000,-1,-1
389,108,1051.00,328.00,28.70,65.60,0.9980,-1,-1
389,124,865.00,309.00,52.40,140.30,0.9990,-1,-1
389,130,743.00,321.00,31.40,74.00,0.9930,-1,-1
389,132,699.00,318.00,29.60,78.80,0.9990,-1,-1
389,134,1370.00,331.00,40.20,120.90,0.9640,-1,-1
389,136,675.00,324.00,24.10,62.70,0.9920,-1,-1
389,139,600.00,319.00,42.90,105.30,0.9950,-1,-1
389,140,571.00,305.00,44.70,154.80,0.9920,-1,-1
390,16,292.00,229.00,215.80,491.30,1.0000,-1,-1
390,29,1181.00,313.00,68.80,161.60,0.9990,-1,-1
390,101,937.00,312.00,51.80,146.10,0.9990,-1,-1
390,106,1132.00,305.00,52.20,171.80,1.0000,-1,-1
390,108,1052.00,322.00,28.90,64.10,0.9990,-1,-1
390,124,864.00,300.00,58.90,150.60,0.9990,-1,-1
390,130,738.00,318.00,31.40,72.90,0.9990,-1,-1
390,132,698.00,309.00,30.00,85.90,0.9980,-1,-1
390,134,1370.00,325.00,36.60,120.20,0.9930,-1,-1
390,136,676.00,319.00,25.60,67.50,0.9980,-1,-1
390,139,598.00,312.00,45.30,112.60,0.9960,-1,-1
390,140,565.00,308.00,42.50,163.40,0.9860,-1,-1
391,16,279.00,240.00,221.30,504.70,1.0000,-1,-1
391,29,1185.00,317.00,62.60,148.50,0.9980,-1,-1
391,101,937.00,302.00,55.30,149.20,0.9980,-1,-1
391,106,1133.00,304.00,57.30,183.70,1.0000,-1,-1
391,108,1049.00,323.00,29.30,65.20,0.9990,-1,-1
391,124,856.00,294.00,59.30,171.60,0.9990,-1,-1
391,130,741.00,316.00,30.60,73.10,0.9950,-1,-1
391,132,699.00,308.00,28.90,85.00,0.9990,-1,-1
391,134,1378.00,328.00,38.50,115.10,0.9410,-1,-1
391,136,674.00,318.00,25.30,68.60,0.9950,-1,-1
391,139,601.00,313.00,43.50,109.20,0.9970,-1,-1
391,140,565.00,306.00,42.90,168.60,0.9900,-1,-1
392,16,246.00,243.00,204.60,518.80,1.0000,-1,-1
392,29,1185.00,312.00,62.90,155.10,1.0000,-1,-1
392,101,938.00,310.00,53.00,146.20,0.9980,-1,-1
392,106,1129.00,300.00,59.50,184.40,1.0000,-1,-1
392,108,1048.00,324.00,29.90,64.80,0.9990,-1,-1
392,124,853.00,302.00,58.00,151.10,0.9980,-1,-1
392,130,737.00,320.00,31.30,69.80,0.9900,-1,-1
392,132,697.00,311.00,29.40,81.50,0.9960,-1,-1
392,136,674.00,317.00,22.60,68.00,0.9750,-1,-1
392,138,981.00,321.00,23.20,51.90,0.9180,-1,-1
392,139,602.00,311.00,43.80,113.60,0.9940,-1,-1
392,140,565.00,312.00,38.20,147.60,0.9960,-1,-1
393,16,215.00,225.00,238.70,548.10,1.0000,-1,-1
393,29,1185.00,314.00,62.80,150.10,0.9990,-1,-1
393,101,932.00,312.00,54.60,144.60,0.9980,-1,-1
393,106,1129.00,299.00,59.70,182.40,1.0000,-1,-1
393,108,1048.00,319.00,30.30,67.10,0.9990,-1,-1
393,124,852.00,297.00,59.60,160.60,0.9980,-1,-1
393,130,738.00,316.00,30.90,70.30,0.9900,-1,-1
393,132,697.00,308.00,29.60,84.50,0.9970,-1,-1
393,134,1379.00,323.00,38.50,121.00,0.9240,-1,-1
393,136,673.00,314.00,24.40,69.10,0.9930,-1,-1
393,138,980.00,319.00,23.70,51.70,0.9340,-1,-1
393,139,596.00,309.00,43.20,107.10,0.9950,-1,-1
393,140,564.00,303.00,44.60,148.20,0.9830,-1,-1
393,141,1000.00,328.00,19.30,41.00,0.9240,-1,-1
394,16,209.00,222.00,217.00,522.80,1.0000,-1,-1
394,29,1189.00,314.00,61.20,151.30,0.9970,-1,-1
394,62,376.00,264.00,117.00,311.80,0.9960,-1,-1
394,101,927.00,306.00,57.50,149.20,0.9990,-1,-1
394,106,1128.00,295.00,59.40,183.80,1.0000,-1,-1
394,108,1051.00,318.00,30.70,71.10,0.9990,-1,-1
394,124,855.00,307.00,57.60,143.70,0.9980,-1,-1
394,130,735.00,314.00,28.50,77.40,0.9720,-1,-1
394,132,698.00,309.00,28.30,81.70,0.9960,-1,-1
394,136,674.00,319.00,23.30,67.90,0.9810,-1,-1
394,138,981.00,321.00,22.20,48.60,0.9500,-1,-1
394,139,597.00,309.00,43.50,108.00,0.9960,-1,-1
394,140,567.00,316.00,38.50,134.50,0.9770,-1,-1
394,141,1001.00,328.00,19.00,40.20,0.9300,-1,-1
395,16,190.00,210.00,228.60,538.80,1.0000,-1,-1
395,29,1187.00,313.00,54.90,143.90,0.9970,-1,-1
395,62,367.00,257.00,133.90,326.80,0.9990,-1,-1
395,101,936.00,301.00,55.90,144.50,0.9980,-1,-1
395,106,1134.00,302.00,55.90,169.10,1.0000,-1,-1
395,108,1050.00,320.00,30.00,70.50,0.9980,-1,-1
395,124,854.00,298.00,61.40,159.30,0.9990,-1,-1
395,130,733.00,309.00,34.70,82.80,0.9820,-1,-1
395,132,698.00,307.00,30.80,84.50,0.9950,-1,-1
395,134,1383.00,328.00,39.00,113.20,0.9840,-1,-1
395,136,675.00,319.00,26.20,63.10,0.9910,-1,-1
395,138,981.00,321.00,22.70,51.50,0.9340,-1,-1
395,139,602.00,313.00,41.50,105.80,0.9960,-1,-1
395,140,564.00,310.00,40.00,143.70,0.9610,-1,-1
396,16,196.00,207.00,201.70,552.20,1.0000,-1,-1
396,29,1192.00,312.00,58.50,151.80,0.9980,-1,-1
396,62,345.00,242.00,152.60,344.90,1.0000,-1,-1
396,101,932.00,308.00,59.10,141.90,0.9980,-1,-1
396,106,1133.00,301.00,59.20,174.90,1.0000,-1,-1
396,108,1054.00,317.00,28.50,67.90,1.0000,-1,-1
396,124,855.00,302.00,54.50,145.00,0.9990,-1,-1
396,130,733.00,313.00,33.10,77.70,0.9880,-1,-1
396,132,696.00,314.00,29.50,78.50,0.9900,-1,-1
396,136,673.00,316.00,25.40,66.10,0.9850,-1,-1
396,139,597.00,310.00,47.10,107.50,0.9900,-1,-1
396,140,564.00,305.00,44.50,147.40,0.9800,-1,-1
397,16,181.00,204.00,212.30,585.30,1.0000,-1,-1
397,29,1189.00,310.00,57.20,151.80,0.9980,-1,-1
397,62,329.00,251.00,144.10,328.90,0.9990,-1,-1
397,101,936.00,301.00,59.00,150.90,0.9980,-1,-1
397,106,1140.00,295.00,61.70,184.40,1.0000,-1,-1
397,108,1056.00,318.00,31.40,66.60,0.9970,-1,-1
397,124,854.00,299.00,58.50,164.00,1.0000,-1,-1
397,130,737.00,312.00,31.20,73.50,0.9630,-1,-1
397,132,701.00,310.00,27.00,75.80,0.9940,-1,-1
397,136,682.00,315.00,24.40,69.30,0.9490,-1,-1
397,139,601.00,313.00,45.40,104.40,0.9940,-1,-1
397,140,558.00,304.00,48.70,155.60,0.9890,-1,-1
398,16,173.00,212.00,190.80,549.40,1.0000,-1,-1
398,29,1199.00,315.00,58.40,153.20,1.0000,-1,-1
398,62,354.00,249.00,136.80,341.20,1.0000,-1,-1
398,101,939.00,310.00,53.40,142.40,0.9990,-1,-1
398,106,1143.00,297.00,63.30,197.70,1.0000,-1,-1
398,108,1056.00,319.00,30.10,68.40,1.0000,-1,-1
398,124,859.00,298.00,55.60,161.10,0.9970,-1,-1
398,130,734.00,314.00,29.20,71.40,0.9910,-1,-1
398,132,703.00,310.00,28.50,82.90,0.9980,-1,-1
398,134,1396.00,326.00,38.50,110.20,0.9250,-1,-1
398,136,681.00,319.00,23.00,61.80,0.9810,-1,-1
398,139,608.00,311.00,42.80,113.40,0.9980,-1,-1
398,140,566.00,305.00,41.70,153.30,0.9930,-1,-1
398,141,1008.00,333.00,18.40,38.80,0.9370,-1,-1
399,16,148.00,205.00,210.30,589.30,1.0000,-1,-1
399,29,1196.00,301.00,59.90,170.00,0.9990,-1,-1
399,62,349.00,251.00,151.40,335.20,1.0000,-1,-1
399,101,943.00,309.00,55.50,143.50,0.9990,-1,-1
399,106,1141.00,295.00,63.50,189.70,0.9990,-1,-1
399,108,1063.00,316.00,28.20,71.10,0.9860,-1,-1
399,124,858.00,292.00,59.40,162.10,0.9990,-1,-1
399,130,737.00,316.00,31.20,67.60,0.9780,-1,-1
399,132,702.00,311.00,29.40,81.70,0.9780,-1,-1
399,139,613.00,308.00,41.40,104.30,0.9930,-1,-1
399,140,561.00,299.00,47.60,152.80,0.9950,-1,-1
400,16,125.00,192.00,201.40,582.00,1.0000,-1,-1
400,29,1199.00,317.00,56.60,147.20,0.9990,-1,-1
400,62,353.00,257.00,131.50,331.10,1.0000,-1,-1
400,101,941.00,306.00,56.60,143.50,0.9990,-1,-1
400,106,1149.00,300.00,55.30,173.20,1.0000,-1,-1
400,108,1065.00,320.00,30.20,67.00,0.9990,-1,-1
400,124,855.00,295.00,59.30,167.70,0.9990,-1,-1
400,130,739.00,311.00,29.00,70.00,0.9900,-1,-1
400,132,703.00,306.00,29.20,82.00,0.9980,-1,-1
400,136,687.00,308.00,28.50,74.90,0.9690,-1,-1
400,139,615.00,309.00,41.20,108.10,0.9950,-1,-1
400,140,562.00,307.00,47.30,146.90,0.9900,-1,-1
400,141,1012.00,325.00,20.70,43.60,0.9000,-1,-1
401,16,69.00,215.00,273.30,551.20,0.9990,-1,-1
401,29,1204.00,314.00,55.80,143.20,0.9990,-1,-1
401,62,333.00,255.00,151.60,337.90,0.9990,-1,-1
401,101,937.00,303.00,58.10,154.40,0.9980,-1,-1
401,106,1154.00,288.00,64.00,185.10,1.0000,-1,-1
401,108,1063.00,315.00,27.90,66.10,0.9900,-1,-1
401,124,859.00,304.00,56.60,144.50,0.9990,-1,-1
401,130,740.00,304.00,32.90,75.30,0.9690,-1,-1
401,132,704.00,307.00,30.20,77.70,0.9690,-1,-1
401,136,691.00,306.00,27.70,77.90,0.9850,-1,-1
401,138,982.00,314.00,30.90,67.40,0.9970,-1,-1
401,139,616.00,306.00,43.60,106.70,0.9990,-1,-1
401,140,560.00,298.00,49.60,154.30,0.9970,-1,-1
402,16,44.00,176.00,261.20,622.50,1.0000,-1,-1
402,29,1209.00,306.00,56.00,143.70,1.0000,-1,-1
402,62,335.00,235.00,136.50,364.40,1.0000,-1,-1
402,101,945.00,300.00,54.30,153.90,0.9990,-1,-1
402,106,1161.00,288.00,57.20,184.20,1.0000,-1,-1
402,108,1071.00,310.00,28.40,63.80,1.0000,-1,-1
402,124,866.00,287.00,57.10,159.20,0.9990,-1,-1
402,130,743.00,302.00,30.10,75.70,0.9870,-1,-1
402,132,709.00,306.00,30.40,78.70,0.9930,-1,-1
402,136,692.00,302.00,30.70,76.50,0.9700,-1,-1
402,138,988.00,308.00,27.20,70.40,0.9840,-1,-1
402,139,619.00,302.00,43.00,111.80,0.9980,-1,-1
402,140,563.00,294.00,43.20,146.30,0.9970,-1,-1
403,16,-6.00,185.00,313.90,613.10,1.0000,-1,-1
403,29,1207.00,301.00,56.80,147.90,1.0000,-1,-1
403,62,327.00,223.00,151.80,366.30,1.0000,-1,-1
403,101,947.00,296.00,54.30,148.90,0.9990,-1,-1
403,106,1155.00,287.00,60.70,180.70,0.9990,-1,-1
403,108,1072.00,306.00,28.20,65.80,0.9990,-1,-1
403,124,863.00,291.00,52.90,145.50,0.9980,-1,-1
403,130,739.00,302.00,30.30,70.40,0.9900,-1,-1
403,136,702.00,301.00,27.80,77.00,0.9940,-1,-1
403,138,988.00,307.00,27.10,63.40,0.9840,-1,-1
403,139,621.00,300.00,41.70,104.90,1.0000,-1,-1
403,140,566.00,293.00,43.60,158.10,0.9960,-1,-1
403,142,1021.00,314.00,20.00,44.20,0.9150,-1,-1
404,16,-14.00,176.00,298.80,622.30,1.0000,-1,-1
404,29,1206.00,293.00,65.70,156.40,1.0000,-1,-1
404,62,326.00,235.00,158.20,358.70,1.0000,-1,-1
404,101,947.00,294.00,52.90,147.70,0.9980,-1,-1
404,106,1165.00,287.00,53.00,177.80,1.0000,-1,-1
404,108,1075.00,304.00,28.90,65.80,0.9990,-1,-1
404,124,861.00,286.00,54.50,150.10,0.9970,-1,-1
404,130,739.00,297.00,30.60,72.50,0.9890,-1,-1
404,132,718.00,301.00,27.00,70.40,0.9830,-1,-1
404,136,699.00,303.00,28.60,68.00,0.9950,-1,-1
404,138,990.00,307.00,26.00,57.80,0.9900,-1,-1
404,139,623.00,293.00,39.30,106.00,0.9990,-1,-1
404,140,567.00,291.00,45.20,145.90,0.9940,-1,-1
405,16,-28.00,194.00,293.30,613.30,0.9990,-1,-1
405,29,1202.00,298.00,63.40,160.80,0.9990,-1,-1
405,62,316.00,235.00,167.60,365.30,1.0000,-1,-1
405,101,944.00,286.00,59.60,159.30,0.9990,-1,-1
405,106,1161.00,280.00,59.70,185.20,1.0000,-1,-1
405,108,1076.00,301.00,29.30,70.70,1.0000,-1,-1
405,124,867.00,274.00,56.00,161.50,0.9980,-1,-1
405,130,741.00,295.00,30.20,76.40,0.9940,-1,-1
405,132,718.00,306.00,27.60,69.80,0.9860,-1,-1
405,136,699.00,298.00,27.30,71.10,0.9960,-1,-1
405,139,624.00,295.00,37.20,104.80,0.9970,-1,-1
405,140,561.00,285.00,49.00,153.60,0.9960,-1,-1
405,142,1021.00,312.00,20.20,44.20,0.9510,-1,-1
406,16,-50.00,171.00,305.70,658.00,0.9960,-1,-1
406,29,1203.00,299.00,58.40,147.60,0.9990,-1,-1
406,62,320.00,244.00,150.70,348.20,1.0000,-1,-1
406,101,948.00,290.00,58.50,160.20,0.9980,-1,-1
406,106,1169.00,285.00,50.50,195.50,1.0000,-1,-1
406,108,1076.00,302.00,25.70,65.70,0.9990,-1,-1
406,124,858.00,283.00,58.20,152.30,0.9990,-1,-1
406,130,739.00,298.00,27.60,68.80,0.9980,-1,-1
406,132,715.00,303.00,27.00,68.80,0.9880,-1,-1
406,136,697.00,293.00,29.10,75.90,0.9920,-1,-1
406,139,623.00,288.00,39.40,109.20,0.9950,-1,-1
406,140,562.00,291.00,50.20,147.60,0.9960,-1,-1
406,142,1025.00,310.00,20.40,41.70,0.9310,-1,-1
407,16,-83.00,181.00,335.60,646.20,0.9700,-1,-1
407,29,1212.00,301.00,57.00,146.20,0.9980,-1,-1
407,62,304.00,218.00,172.50,377.90,1.0000,-1,-1
407,101,947.00,295.00,54.70,145.10,0.9990,-1,-1
407,106,1167.00,280.00,57.60,192.70,1.0000,-1,-1
407,108,1081.00,302.00,27.40,67.20,0.9990,-1,-1
407,124,861.00,276.00,60.10,164.90,1.0000,-1,-1
407,130,739.00,293.00,29.00,72.70,0.9980,-1,-1
407,132,719.00,301.00,25.80,69.90,0.9640,-1,-1
407,136,699.00,289.00,30.90,82.30,0.9990,-1,-1
407,138,992.00,302.00,23.90,57.90,0.9900,-1,-1
407,139,624.00,291.00,42.50,111.40,0.9980,-1,-1
407,140,565.00,287.00,45.70,149.60,0.9940,-1,-1
407,142,1023.00,310.00,18.70,39.50,0.9550,-1,-1
408,29,1204.00,299.00,59.00,146.00,0.9980,-1,-1
408,62,299.00,207.00,162.80,403.30,1.0000,-1,-1
408,101,943.00,289.00,55.10,146.80,0.9980,-1,-1
408,106,1172.00,284.00,55.00,185.50,1.0000,-1,-1
408,108,1077.00,298.00,30.40,74.90,1.0000,-1,-1
408,124,869.00,276.00,57.80,168.70,1.0000,-1,-1
408,130,739.00,300.00,28.70,73.30,0.9990,-1,-1
408,132,718.00,306.00,25.50,67.40,0.9860,-1,-1
408,136,701.00,296.00,25.00,68.50,0.9990,-1,-1
408,138,989.00,305.00,26.00,60.70,0.9910,-1,-1
408,139,626.00,292.00,43.50,114.10,0.9960,-1,-1
408,140,562.00,293.00,44.50,143.90,0.9970,-1,-1
408,142,1025.00,311.00,18.80,41.30,0.9440,-1,-1
409,29,1214.00,299.00,55.80,150.40,0.9960,-1,-1
409,62,319.00,233.00,151.10,371.80,1.0000,-1,-1
409,101,948.00,301.00,56.40,148.20,0.9910,-1,-1
409,106,1170.00,280.00,57.80,192.40,1.0000,-1,-1
409,108,1077.00,302.00,29.50,73.20,0.9990,-1,-1
409,124,868.00,278.00,57.80,169.60,1.0000,-1,-1
409,130,736.00,293.00,31.60,78.00,0.9990,-1,-1
409,132,719.00,306.00,25.20,62.30,0.9960,-1,-1
409,136,694.00,294.00,30.60,79.00,0.9990,-1,-1
409,138,991.00,306.00,27.40,64.20,0.9940,-1,-1
409,139,627.00,294.00,42.00,111.60,0.9970,-1,-1
409,140,559.00,286.00,46.20,147.40,0.9950,-1,-1
409,142,1027.00,312.00,19.20,39.40,0.9540,-1,-1
410,29,1213.00,293.00,56.30,154.10,0.9990,-1,-1
410,62,297.00,221.00,165.50,369.50,1.0000,-1,-1
410,101,940.00,296.00,61.60,147.30,0.9980,-1,-1
410,106,1171.00,270.00,59.20,212.60,1.0000,-1,-1
410,108,1079.00,304.00,27.10,64.90,0.9980,-1,-1
410,124,865.00,289.00,58.80,147.40,0.9990,-1,-1
410,130,738.00,298.00,32.50,77.80,0.9940,-1,-1
410,132,721.00,303.00,26.20,66.00,0.9920,-1,-1
410,136,699.00,289.00,32.20,84.90,0.9970,-1,-1
410,138,992.00,306.00,26.40,64.30,0.9660,-1,-1
410,139,629.00,295.00,40.30,106.70,0.9970,-1,-1
410,140,559.00,287.00,46.20,147.90,0.9950,-1,-1
410,142,1027.00,312.00,19.10,41.00,0.9540,-1,-1
411,29,1211.00,288.00,61.80,163.60,0.9970,-1,-1
411,62,302.00,216.00,178.30,392.80,1.0000,-1,-1
411,101,942.00,290.00,58.30,154.00,0.9990,-1,-1
411,106,1170.00,280.00,60.90,211.40,0.9980,-1,-1
411,108,1084.00,310.00,29.90,63.40,0.9990,-1,-1
411,124,868.00,279.00,55.60,160.00,0.9990,-1,-1
411,130,736.00,294.00,32.50,81.30,0.9900,-1,-1
411,132,723.00,311.00,23.40,60.10,0.9850,-1,-1
411,136,698.00,298.00,29.10,76.60,0.9990,-1,-1
411,138,990.00,304.00,28.10,67.80,0.9870,-1,-1
411,139,629.00,295.00,38.90,109.20,0.9960,-1,-1
411,140,559.00,294.00,44.40,140.70,0.9820,-1,-1
412,29,1205.00,300.00,63.10,166.90,0.9990,-1,-1
412,62,312.00,239.00,164.50,369.30,1.0000,-1,-1
412,101,941.00,294.00,58.80,156.70,0.9970,-1,-1
412,106,1177.00,282.00,53.90,207.20,0.9990,-1,-1
412,108,1085.00,313.00,26.80,71.60,0.9940,-1,-1
412,124,863.00,291.00,60.50,155.30,0.9990,-1,-1
412,130,737.00,303.00,32.80,80.20,0.9990,-1,-1
412,132,720.00,315.00,24.80,60.70,0.9800,-1,-1
412,136,697.00,303.00,28.60,74.00,0.9990,-1,-1
412,138,994.00,317.00,27.80,61.20,0.9910,-1,-1
412,139,632.00,309.00,37.70,104.00,0.9980,-1,-1
412,140,557.00,300.00,48.40,149.00,0.9780,-1,-1
412,142,1027.00,321.00,19.40,42.60,0.9630,-1,-1
413,29,1206.00,297.00,57.10,170.90,0.9980,-1,-1
413,62,312.00,226.00,149.10,388.60,1.0000,-1,-1
413,101,948.00,302.00,54.70,151.60,0.9990,-1,-1
413,106,1176.00,293.00,56.70,203.70,0.9990,-1,-1
413,108,1086.00,317.00,27.20,70.70,0.9990,-1,-1
413,124,869.00,290.00,57.20,158.00,0.9990,-1,-1
413,130,736.00,304.00,33.20,78.80,0.9990,-1,-1
413,132,721.00,317.00,25.80,61.90,0.9820,-1,-1
413,136,699.00,301.00,28.90,77.30,0.9990,-1,-1
413,138,996.00,313.00,26.50,63.30,0.9800,-1,-1
413,139,630.00,306.00,42.80,104.10,0.9980,-1,-1
413,140,556.00,304.00,46.30,145.60,0.9960,-1,-1
413,142,1033.00,324.00,17.00,35.30,0.9680,-1,-1
414,29,1213.00,310.00,59.30,155.70,0.9980,-1,-1
414,62,287.00,237.00,173.30,371.90,1.0000,-1,-1
414,101,950.00,300.00,56.80,152.30,0.9990,-1,-1
414,106,1189.00,293.00,52.10,207.50,1.0000,-1,-1
414,108,1087.00,319.00,27.50,68.00,0.9990,-1,-1
414,124,868.00,297.00,57.30,155.40,0.9980,-1,-1
414,130,738.00,307.00,31.30,73.20,0.9980,-1,-1
414,132,718.00,320.00,26.60,63.30,0.9340,-1,-1
414,136,694.00,301.00,31.70,79.20,0.9990,-1,-1
414,138,996.00,319.00,25.40,62.40,0.9890,-1,-1
414,139,631.00,311.00,39.90,106.00,0.9970,-1,-1
414,140,553.00,295.00,46.70,160.20,0.9980,-1,-1
414,142,1032.00,327.00,19.70,40.50,0.9660,-1,-1
415,29,1207.00,313.00,62.60,149.90,0.9990,-1,-1
415,62,285.00,243.00,176.00,377.20,1.0000,-1,-1
415,101,946.00,299.00,57.80,158.70,1.0000,-1,-1
415,106,1181.00,291.00,52.90,210.20,1.0000,-1,-1
415,108,1086.00,318.00,29.30,70.90,0.9980,-1,-1
415,124,866.00,294.00,61.80,168.10,0.9980,-1,-1
415,130,735.00,311.00,31.70,75.70,0.9940,-1,-1
415,132,720.00,314.00,28.00,68.40,0.9240,-1,-1
415,136,696.00,305.00,28.80,77.30,0.9990,-1,-1
415,138,994.00,320.00,28.60,58.70,0.9940,-1,-1
415,139,629.00,315.00,40.50,108.60,0.9980,-1,-1
415,140,558.00,307.00,44.30,159.20,0.9980,-1,-1
415,142,1030.00,330.00,19.00,41.50,0.9810,-1,-1
416,62,296.00,248.00,170.50,368.40,1.0000,-1,-1
416,101,957.00,308.00,54.60,146.70,0.9990,-1,-1
416,106,1189.00,295.00,57.70,195.60,1.0000,-1,-1
416,108,1087.00,321.00,27.00,69.20,1.0000,-1,-1
416,124,863.00,300.00,56.30,158.90,0.9990,-1,-1
416,130,738.00,316.00,27.90,71.50,0.9990,-1,-1
416,136,699.00,301.00,31.00,83.90,0.9990,-1,-1
416,139,634.00,311.00,41.70,109.40,0.9960,-1,-1
416,140,555.00,297.00,46.30,166.90,0.9940,-1,-1
416,142,1031.00,329.00,19.50,44.30,0.9580,-1,-1
416,143,261.00,294.00,60.20,158.10,0.9800,-1,-1
416,144,1011.00,321.00,21.60,46.80,0.9330,-1,-1
417,62,302.00,222.00,181.10,402.70,1.0000,-1,-1
417,101,947.00,313.00,56.80,150.60,0.9990,-1,-1
417,106,1199.00,301.00,48.00,188.40,1.0000,-1,-1
417,108,1089.00,320.00,29.60,73.20,0.9980,-1,-1
417,124,863.00,293.00,62.70,158.40,1.0000,-1,-1
417,130,732.00,315.00,30.60,72.40,0.9970,-1,-1
417,136,700.00,307.00,29.50,78.00,0.9950,-1,-1
417,138,996.00,322.00,28.30,62.30,0.9850,-1,-1
417,139,634.00,312.00,39.30,105.20,0.9960,-1,-1
417,140,554.00,303.00,47.00,156.40,0.9940,-1,-1
417,142,1032.00,327.00,18.80,41.70,0.9810,-1,-1
417,143,262.00,306.00,60.30,146.60,0.9950,-1,-1
418,62,297.00,239.00,177.80,373.80,1.0000,-1,-1
418,101,953.00,309.00,57.40,146.40,1.0000,-1,-1
418,106,1200.00,300.00,48.10,198.70,0.9990,-1,-1
418,108,1089.00,324.00,26.40,65.20,1.0000,-1,-1
418,124,871.00,292.00,56.60,169.60,0.9990,-1,-1
418,130,728.00,313.00,31.50,77.60,0.9960,-1,-1
418,136,694.00,308.00,30.90,80.30,1.0000,-1,-1
418,138,999.00,324.00,29.40,59.00,0.9700,-1,-1
418,139,635.00,312.00,41.20,104.20,0.9980,-1,-1
418,140,549.00,300.00,45.70,162.30,0.9900,-1,-1
418,142,1033.00,326.00,19.00,42.10,0.9830,-1,-1
418,143,250.00,311.00,68.60,158.10,0.9900,-1,-1
419,62,314.00,232.00,164.20,409.50,1.0000,-1,-1
419,101,949.00,308.00,57.10,147.30,1.0000,-1,-1
419,106,1196.00,297.00,55.70,198.20,1.0000,-1,-1
419,108,1089.00,323.00,27.60,66.40,0.9990,-1,-1
419,124,871.00,297.00,56.20,151.40,1.0000,-1,-1
419,130,731.00,321.00,28.40,67.60,0.9970,-1,-1
419,136,693.00,313.00,29.50,73.50,1.0000,-1,-1
419,138,997.00,320.00,29.60,66.30,0.9850,-1,-1
419,139,635.00,312.00,40.90,106.40,0.9980,-1,-1
419,140,551.00,313.00,43.50,158.20,0.9930,-1,-1
419,142,1033.00,327.00,18.20,41.00,0.9750,-1,-1
419,143,250.00,310.00,73.00,151.00,0.9960,-1,-1
420,62,309.00,246.00,167.90,399.90,1.0000,-1,-1
420,101,954.00,311.00,55.20,147.20,0.9990,-1,-1
420,106,1194.00,301.00,54.80,187.80,1.0000,-1,-1
420,108,1089.00,319.00,27.30,67.50,0.9990,-1,-1
420,124,859.00,299.00,62.70,163.10,1.0000,-1,-1
420,130,731.00,314.00,29.20,71.50,0.9960,-1,-1
420,136,694.00,316.00,28.60,70.30,1.0000,-1,-1
420,138,996.00,323.00,28.50,60.80,0.9870,-1,-1
420,139,630.00,313.00,44.10,105.50,0.9990,-1,-1
420,140,544.00,312.00,53.60,147.70,0.9970,-1,-1
420,142,1033.00,326.00,18.30,40.90,0.9720,-1,-1
420,143,243.00,316.00,60.20,152.80,0.9960,-1,-1
421,62,297.00,255.00,190.40,376.60,1.0000,-1,-1
421,101,950.00,312.00,56.50,147.60,0.9990,-1,-1
421,106,1201.00,294.00,50.90,212.70,1.0000,-1,-1
421,108,1083.00,320.00,31.80,75.30,0.9990,-1,-1
421,124,860.00,293.00,59.60,164.30,1.0000,-1,-1
421,130,730.00,318.00,30.30,76.00,0.9860,-1,-1
421,136,695.00,319.00,26.80,71.70,0.9980,-1,-1
421,138,997.00,325.00,27.80,59.10,0.9940,-1,-1
421,139,629.00,314.00,40.10,108.60,0.9990,-1,-1
421,140,544.00,315.00,43.90,159.40,0.9990,-1,-1
421,142,1031.00,330.00,18.00,39.40,0.9900,-1,-1
421,143,229.00,309.00,70.40,162.60,0.9970,-1,-1
422,62,287.00,271.00,193.90,370.80,1.0000,-1,-1
422,101,951.00,314.00,50.60,139.70,0.9990,-1,-1
422,106,1195.00,295.00,51.20,200.30,0.9990,-1,-1
422,108,1088.00,321.00,32.40,75.90,0.9990,-1,-1
422,124,855.00,309.00,60.80,148.80,1.0000,-1,-1
422,130,727.00,318.00,30.00,74.80,0.9990,-1,-1
422,136,692.00,316.00,31.10,77.90,0.9990,-1,-1
422,138,995.00,325.00,24.60,62.50,0.9830,-1,-1
422,139,635.00,321.00,38.40,102.20,0.9990,-1,-1
422,140,536.00,318.00,44.80,158.40,1.0000,-1,-1
422,142,1033.00,328.00,19.20,44.40,0.9750,-1,-1
422,143,221.00,314.00,65.40,158.70,0.9960,-1,-1
423,62,283.00,246.00,189.20,397.60,1.0000,-1,-1
423,101,949.00,318.00,55.50,153.30,0.9990,-1,-1
423,106,1195.00,294.00,52.10,208.60,1.0000,-1,-1
423,108,1086.00,324.00,30.00,76.20,0.9990,-1,-1
423,124,868.00,315.00,51.70,144.60,1.0000,-1,-1
423,130,725.00,325.00,30.50,68.90,0.9960,-1,-1
423,136,692.00,312.00,31.10,83.00,0.9990,-1,-1
423,138,998.00,327.00,25.10,64.10,0.9850,-1,-1
423,139,634.00,324.00,39.60,104.20,0.9970,-1,-1
423,140,533.00,311.00,48.70,181.50,0.9990,-1,-1
423,142,1034.00,335.00,17.10,37.30,0.9780,-1,-1
423,143,212.00,319.00,68.10,157.20,0.9970,-1,-1
424,62,299.00,245.00,170.40,410.20,1.0000,-1,-1
424,101,945.00,315.00,57.10,155.30,0.9990,-1,-1
424,106,1195.00,288.00,61.80,221.20,1.0000,-1,-1
424,108,1090.00,329.00,29.20,70.00,0.9970,-1,-1
424,124,865.00,302.00,55.50,168.40,1.0000,-1,-1
424,130,724.00,329.00,26.90,65.00,0.9980,-1,-1
424,136,693.00,318.00,29.00,73.90,0.9990,-1,-1
424,138,996.00,329.00,27.50,63.20,0.9980,-1,-1
424,139,631.00,322.00,42.00,101.50,0.9980,-1,-1
424,140,533.00,319.00,44.90,154.40,0.9990,-1,-1
424,142,1033.00,333.00,16.80,38.80,0.9390,-1,-1
424,143,201.00,311.00,74.90,163.10,0.9940,-1,-1
425,62,294.00,262.00,179.10,401.20,1.0000,-1,-1
425,101,950.00,314.00,51.30,167.20,0.9990,-1,-1
425,106,1193.00,295.00,52.80,214.20,1.0000,-1,-1
425,108,1090.00,326.00,31.20,72.80,0.9920,-1,-1
425,124,857.00,304.00,59.30,164.80,1.0000,-1,-1
425,130,724.00,328.00,28.40,72.90,0.9940,-1,-1
425,136,691.00,328.00,26.80,73.40,0.9960,-1,-1
425,138,997.00,335.00,23.80,55.70,0.9910,-1,-1
425,139,632.00,328.00,41.30,106.20,0.9990,-1,-1
425,140,528.00,326.00,53.60,154.50,0.9970,-1,-1
425,143,207.00,331.00,65.30,151.80,0.9960,-1,-1
426,62,322.00,236.00,174.60,419.50,1.0000,-1,-1
426,101,947.00,311.00,54.50,155.30,1.0000,-1,-1
426,106,1196.00,295.00,58.50,210.90,1.0000,-1,-1
426,108,1092.00,332.00,28.20,66.30,0.9990,-1,-1
426,124,862.00,312.00,52.30,152.20,0.9980,-1,-1
426,130,728.00,324.00,30.00,79.50,0.9850,-1,-1
426,136,693.00,321.00,27.10,79.20,0.9970,-1,-1
426,138,995.00,333.00,25.50,60.90,0.9970,-1,-1
426,139,634.00,327.00,40.20,105.20,0.9960,-1,-1
426,140,526.00,331.00,47.50,148.10,0.9970,-1,-1
426,143,191.00,322.00,71.90,159.00,0.9960,-1,-1
426,145,277.00,331.00,59.70,144.50,0.9940,-1,-1
427,29,1210.00,298.00,59.70,219.40,1.0000,-1,-1
427,62,320.00,266.00,174.70,396.20,1.0000,-1,-1
427,101,947.00,316.00,60.70,158.50,0.9990,-1,-1
427,108,1095.00,330.00,31.00,70.60,0.9900,-1,-1
427,124,864.00,317.00,52.70,154.30,1.0000,-1,-1
427,130,725.00,331.00,30.40,75.60,0.9940,-1,-1
427,136,692.00,322.00,26.80,78.90,0.9840,-1,-1
427,138,995.00,332.00,27.20,65.90,0.9570,-1,-1
427,139,638.00,327.00,39.90,106.00,0.9980,-1,-1
427,140,533.00,322.00,51.40,163.00,0.9990,-1,-1
427,142,1038.00,331.00,20.60,50.20,0.9400,-1,-1
427,143,187.00,330.00,74.70,153.10,0.9990,-1,-1
427,144,1013.00,333.00,21.00,50.10,0.9110,-1,-1
427,145,255.00,336.00,70.00,151.40,0.9840,-1,-1
428,62,317.00,257.00,177.40,388.70,1.0000,-1,-1
428,101,948.00,322.00,57.10,149.40,0.9990,-1,-1
428,106,1205.00,302.00,53.40,209.90,1.0000,-1,-1
428,108,1094.00,327.00,30.20,76.30,0.9870,-1,-1
428,124,855.00,314.00,58.60,159.80,0.9990,-1,-1
428,130,728.00,329.00,30.20,76.40,0.9910,-1,-1
428,136,704.00,336.00,25.30,65.70,0.9960,-1,-1
428,138,1002.00,329.00,28.90,69.10,0.9940,-1,-1
428,139,640.00,327.00,43.60,101.50,0.9990,-1,-1
428,140,534.00,328.00,42.80,152.80,0.9970,-1,-1
428,143,177.00,325.00,83.30,156.90,0.9980,-1,-1
428,145,263.00,329.00,52.60,149.50,1.0000,-1,-1
429,29,1213.00,295.00,52.80,217.90,1.0000,-1,-1
429,62,327.00,253.00,172.70,412.00,1.0000,-1,-1
429,101,954.00,313.00,53.80,155.10,0.9980,-1,-1
429,108,1101.00,331.00,30.30,66.20,0.9980,-1,-1
429,124,863.00,308.00,56.70,165.30,1.0000,-1,-1
429,130,731.00,333.00,31.20,71.50,0.9960,-1,-1
429,136,694.00,321.00,30.10,81.60,0.9680,-1,-1
429,139,643.00,331.00,40.20,99.50,0.9970,-1,-1
429,140,534.00,328.00,44.50,154.50,0.9960,-1,-1
429,143,165.00,317.00,105.10,168.10,0.9990,-1,-1
429,144,1007.00,331.00,27.30,60.30,0.9920,-1,-1
429,145,256.00,328.00,63.90,154.20,0.9980,-1,-1
429,146,707.00,333.00,25.40,65.70,0.9900,-1,-1
430,29,1211.00,295.00,54.40,212.80,1.0000,-1,-1
430,62,330.00,257.00,187.80,401.00,1.0000,-1,-1
430,101,960.00,320.00,52.90,141.40,0.9970,-1,-1
430,108,1102.00,328.00,28.80,71.10,0.9980,-1,-1
430,124,870.00,311.00,59.30,155.30,1.0000,-1,-1
430,130,728.00,329.00,30.20,73.60,0.9980,-1,-1
430,136,689.00,321.00,31.10,79.20,0.9910,-1,-1
430,139,645.00,326.00,42.10,105.40,0.9990,-1,-1
430,140,534.00,319.00,48.00,174.80,0.9940,-1,-1
430,142,1046.00,336.00,18.70,40.70,0.9680,-1,-1
430,143,156.00,326.00,104.00,159.90,0.9980,-1,-1
430,144,1010.00,334.00,25.00,57.50,0.9940,-1,-1
430,145,246.00,327.00,67.10,160.90,1.0000,-1,-1
430,146,710.00,331.00,24.60,66.00,0.9920,-1,-1
431,29,1216.00,285.00,57.40,231.90,1.0000,-1,-1
431,62,339.00,245.00,170.20,423.90,1.0000,-1,-1
431,101,965.00,315.00,50.80,150.20,0.9980,-1,-1
431,108,1099.00,320.00,29.70,75.00,0.9970,-1,-1
431,124,862.00,308.00,55.10,153.80,1.0000,-1,-1
431,130,731.00,328.00,28.10,67.90,0.9940,-1,-1
431,136,688.00,316.00,31.10,85.70,0.9770,-1,-1
431,139,646.00,328.00,40.40,101.10,0.9990,-1,-1
431,140,527.00,321.00,54.10,169.50,0.9980,-1,-1
431,142,1043.00,332.00,19.70,43.50,0.9640,-1,-1
431,143,149.00,332.00,118.30,160.00,0.9990,-1,-1
431,144,1005.00,324.00,27.80,62.20,0.9980,-1,-1
431,145,250.00,322.00,69.10,159.30,1.0000,-1,-1
431,146,711.00,329.00,27.00,70.90,0.9880,-1,-1
432,29,1219.00,293.00,53.00,217.70,1.0000,-1,-1
432,62,338.00,252.00,173.50,412.70,1.0000,-1,-1
432,101,961.00,312.00,55.90,154.90,0.9980,-1,-1
432,108,1103.00,317.00,32.20,75.00,1.0000,-1,-1
432,124,862.00,304.00,54.00,157.90,1.0000,-1,-1
432,130,729.00,327.00,28.70,70.70,0.9960,-1,-1
432,136,684.00,322.00,28.80,75.50,0.9840,-1,-1
432,139,646.00,319.00,43.30,105.50,0.9990,-1,-1
432,140,528.00,318.00,48.90,176.80,0.9990,-1,-1
432,142,1042.00,327.00,20.70,47.10,0.9660,-1,-1
432,143,142.00,328.00,99.90,161.90,0.9970,-1,-1
432,144,1004.00,323.00,30.40,67.10,0.9880,-1,-1
432,145,229.00,323.00,75.60,148.60,0.9980,-1,-1
432,146,711.00,323.00,27.90,74.50,0.9810,-1,-1
433,62,333.00,235.00,171.40,412.10,1.0000,-1,-1
433,101,953.00,305.00,55.10,151.90,0.9990,-1,-1
433,106,1209.00,287.00,53.60,221.70,1.0000,-1,-1
433,108,1101.00,317.00,29.90,74.40,1.0000,-1,-1
433,124,861.00,303.00,57.70,157.60,1.0000,-1,-1
433,130,733.00,326.00,28.20,70.10,0.9550,-1,-1
433,136,685.00,319.00,28.00,79.60,0.9940,-1,-1
433,139,645.00,321.00,42.40,104.00,1.0000,-1,-1
433,140,521.00,320.00,48.50,177.70,0.9980,-1,-1
433,141,1022.00,326.00,19.50,44.80,0.9640,-1,-1
433,142,1044.00,326.00,18.30,40.80,0.9800,-1,-1
433,143,127.00,324.00,106.30,163.50,0.9980,-1,-1
433,144,1005.00,323.00,25.30,63.00,0.9970,-1,-1
433,145,229.00,325.00,70.50,148.30,0.9990,-1,-1
433,146,717.00,321.00,28.40,73.30,0.9940,-1,-1
434,29,1219.00,290.00,52.50,211.30,1.0000,-1,-1
434,62,320.00,253.00,208.60,416.30,1.0000,-1,-1
434,101,958.00,315.00,53.90,152.30,1.0000,-1,-1
434,108,1097.00,319.00,31.40,74.60,1.0000,-1,-1
434,124,859.00,300.00,58.60,159.10,1.0000,-1,-1
434,130,731.00,328.00,22.80,61.30,0.9750,-1,-1
434,136,678.00,316.00,34.20,83.90,0.9940,-1,-1
434,139,639.00,322.00,43.60,107.10,0.9990,-1,-1
434,140,519.00,316.00,49.20,177.40,0.9980,-1,-1
434,142,1041.00,328.00,18.50,40.70,0.9900,-1,-1
434,143,122.00,328.00,92.20,154.60,0.9990,-1,-1
434,144,1003.00,324.00,25.80,62.00,0.9880,-1,-1
434,145,217.00,318.00,73.30,157.00,0.9980,-1,-1
434,146,714.00,326.00,27.50,70.20,0.9990,-1,-1
435,29,1219.00,293.00,47.20,216.80,1.0000,-1,-1
435,62,320.00,248.00,207.70,401.10,1.0000,-1,-1
435,101,954.00,311.00,55.70,151.60,1.0000,-1,-1
435,106,1192.00,315.00,50.60,151.10,0.9430,-1,-1
435,108,1100.00,315.00,28.80,76.40,0.9960,-1,-1
435,124,857.00,306.00,56.40,154.30,1.0000,-1,-1
435,132,726.00,324.00,24.10,71.30,0.9570,-1,-1
435,136,674.00,315.00,33.60,85.80,0.9950,-1,-1
435,139,640.00,323.00,42.40,107.40,0.9990,-1,-1
435,140,516.00,311.00,48.30,179.50,0.9930,-1,-1
435,142,1041.00,329.00,20.00,42.60,0.9910,-1,-1
435,143,112.00,315.00,96.70,165.40,0.9980,-1,-1
435,144,997.00,322.00,28.10,65.40,0.9940,-1,-1
435,145,215.00,319.00,72.30,151.60,1.0000,-1,-1
435,146,710.00,319.00,28.30,75.70,0.9980,-1,-1
436,29,1202.00,283.00,64.50,217.40,1.0000,-1,-1
436,62,329.00,253.00,207.80,407.10,1.0000,-1,-1
436,101,946.00,303.00,59.40,158.00,1.0000,-1,-1
436,108,1097.00,315.00,33.20,77.90,0.9970,-1,-1
436,124,854.00,304.00,56.80,152.50,0.9990,-1,-1
436,136,670.00,315.00,34.10,90.30,0.9910,-1,-1
436,139,638.00,320.00,44.10,108.90,0.9990,-1,-1
436,140,514.00,315.00,49.50,181.80,0.9450,-1,-1
436,142,1034.00,323.00,23.30,46.80,0.9750,-1,-1
436,143,101.00,324.00,85.80,169.10,0.9980,-1,-1
436,144,998.00,318.00,30.90,65.20,0.9930,-1,-1
436,145,214.00,319.00,58.80,138.90,1.0000,-1,-1
436,146,714.00,322.00,29.20,73.90,0.9960,-1,-1
437,29,1197.00,284.00,65.20,218.10,1.0000,-1,-1
437,62,317.00,233.00,208.50,438.40,1.0000,-1,-1
437,101,942.00,308.00,55.60,152.90,0.9960,-1,-1
437,108,1096.00,320.00,32.10,69.30,0.9990,-1,-1
437,124,849.00,308.00,54.50,152.60,1.0000,-1,-1
437,132,724.00,323.00,24.90,68.10,0.9820,-1,-1
437,136,663.00,312.00,35.00,92.50,0.9980,-1,-1
437,139,630.00,315.00,45.70,118.20,0.9970,-1,-1
437,140,500.00,312.00,53.10,178.70,0.9990,-1,-1
437,142,1033.00,328.00,18.80,41.90,0.9950,-1,-1
437,143,87.00,317.00,81.50,163.00,0.9960,-1,-1
437,144,995.00,320.00,29.50,68.40,0.9960,-1,-1
437,145,188.00,318.00,83.70,158.60,1.0000,-1,-1
437,146,701.00,321.00,31.80,77.20,0.9990,-1,-1
438,29,1209.00,288.00,65.30,223.30,1.0000,-1,-1
438,62,315.00,238.00,233.30,428.40,1.0000,-1,-1
438,101,945.00,311.00,56.60,148.30,0.9990,-1,-1
438,108,1089.00,324.00,33.20,69.50,0.9980,-1,-1
438,124,851.00,308.00,56.90,153.70,0.9990,-1,-1
438,132,717.00,323.00,27.10,70.90,0.9930,-1,-1
438,136,655.00,318.00,34.90,80.10,0.9980,-1,-1
438,139,629.00,325.00,41.80,101.00,0.9990,-1,-1
438,142,1029.00,326.00,19.50,46.40,0.9670,-1,-1
438,143,76.00,313.00,83.60,172.90,0.9980,-1,-1
438,144,996.00,325.00,26.60,62.70,0.9960,-1,-1
438,145,191.00,323.00,78.50,152.20,1.0000,-1,-1
438,146,701.00,325.00,29.40,69.60,0.9980,-1,-1
439,29,1194.00,291.00,62.40,214.80,0.9990,-1,-1
439,62,309.00,228.00,230.40,463.80,1.0000,-1,-1
439,101,943.00,319.00,51.50,147.90,1.0000,-1,-1
439,108,1090.00,320.00,31.00,73.90,0.9960,-1,-1
439,124,843.00,306.00,55.80,151.70,0.9990,-1,-1
439,132,719.00,329.00,23.70,64.20,0.9810,-1,-1
439,136,655.00,320.00,34.90,84.00,0.9980,-1,-1
439,139,628.00,325.00,40.20,100.50,0.9950,-1,-1
439,142,1030.00,333.00,19.10,40.70,0.9670,-1,-1
439,143,68.00,319.00,89.20,166.40,0.9970,-1,-1
439,144,995.00,328.00,24.70,60.90,0.9920,-1,-1
439,145,179.00,323.00,79.00,148.00,0.9990,-1,-1
439,146,696.00,328.00,29.30,70.90,0.9950,-1,-1
440,29,1208.00,287.00,56.40,237.00,0.9990,-1,-1
440,62,322.00,245.00,210.10,406.90,1.0000,-1,-1
440,101,933.00,312.00,56.80,156.20,1.0000,-1,-1
440,108,1088.00,325.00,29.50,69.60,0.9940,-1,-1
440,124,836.00,311.00,57.30,154.40,0.9990,-1,-1
440,132,715.00,329.00,25.50,65.60,0.9620,-1,-1
440,136,656.00,315.00,33.30,84.40,0.9960,-1,-1
440,139,623.00,328.00,42.70,102.90,0.9980,-1,-1
440,142,1027.00,331.00,19.20,47.30,0.9900,-1,-1
440,143,51.00,320.00,85.30,171.70,0.9980,-1,-1
440,144,987.00,329.00,29.80,67.50,0.9900,-1,-1
440,145,172.00,325.00,70.70,156.00,1.0000,-1,-1
440,146,697.00,329.00,29.10,70.50,0.9970,-1,-1
441,62,330.00,244.00,208.80,425.40,1.0000,-1,-1
441,101,932.00,313.00,57.20,153.20,1.0000,-1,-1
441,106,1192.00,295.00,58.60,215.20,1.0000,-1,-1
441,108,1087.00,326.00,33.70,76.00,0.9980,-1,-1
441,124,842.00,314.00,59.20,162.10,0.9990,-1,-1
441,132,716.00,337.00,23.20,55.80,0.9930,-1,-1
441,136,647.00,317.00,37.00,92.60,0.9960,-1,-1
441,139,624.00,332.00,41.60,97.90,0.9990,-1,-1
441,142,1026.00,336.00,21.10,46.40,0.9890,-1,-1
441,143,32.00,324.00,113.80,172.80,0.9990,-1,-1
441,144,988.00,331.00,26.40,63.70,0.9900,-1,-1
441,145,167.00,319.00,68.20,151.40,1.0000,-1,-1
441,146,693.00,329.00,27.90,72.50,1.0000,-1,-1
442,29,1198.00,295.00,62.10,233.50,1.0000,-1,-1
442,62,310.00,265.00,207.30,417.00,1.0000,-1,-1
442,101,930.00,319.00,56.00,159.90,0.9990,-1,-1
442,108,1086.00,331.00,29.10,73.60,0.9970,-1,-1
442,124,836.00,311.00,57.60,170.00,1.0000,-1,-1
442,132,707.00,334.00,24.80,66.80,0.9900,-1,-1
442,136,646.00,325.00,32.90,85.30,0.9630,-1,-1
442,139,621.00,333.00,38.70,101.90,0.9970,-1,-1
442,142,1020.00,335.00,22.00,49.00,0.9640,-1,-1
442,143,18.00,333.00,108.40,163.00,0.9930,-1,-1
442,144,984.00,341.00,24.70,58.30,0.9920,-1,-1
442,145,148.00,329.00,82.80,149.70,0.9970,-1,-1
442,146,687.00,332.00,28.90,73.50,0.9990,-1,-1
443,29,1208.00,297.00,48.00,224.90,0.9990,-1,-1
443,62,337.00,257.00,186.80,445.10,1.0000,-1,-1
443,101,931.00,315.00,57.00,157.20,0.9990,-1,-1
443,106,1176.00,310.00,58.50,199.80,0.9970,-1,-1
443,108,1083.00,337.00,32.60,65.70,0.9940,-1,-1
443,124,837.00,315.00,54.80,162.00,1.0000,-1,-1
443,132,708.00,341.00,23.00,58.70,0.9910,-1,-1
443,138,1001.00,343.00,17.40,40.70,0.9110,-1,-1
443,139,615.00,330.00,41.40,103.70,0.9990,-1,-1
443,142,1020.00,340.00,20.80,46.60,0.9960,-1,-1
443,143,11.00,324.00,109.40,177.90,0.9980,-1,-1
443,144,981.00,334.00,27.10,63.60,0.9840,-1,-1
443,145,144.00,329.00,69.20,159.90,1.0000,-1,-1
443,146,682.00,335.00,29.40,72.80,1.0000,-1,-1
444,29,1195.00,303.00,60.20,228.20,1.0000,-1,-1
444,62,323.00,233.00,184.50,469.50,1.0000,-1,-1
444,101,929.00,320.00,55.50,156.00,0.9990,-1,-1
444,106,1168.00,306.00,50.80,180.30,0.9160,-1,-1
444,108,1078.00,333.00,32.80,73.70,0.9990,-1,-1
444,124,830.00,316.00,54.60,167.00,1.0000,-1,-1
444,132,706.00,342.00,25.00,62.10,0.9950,-1,-1
444,139,612.00,337.00,41.60,101.80,1.0000,-1,-1
444,142,1019.00,343.00,21.40,45.10,0.9960,-1,-1
444,143,-1.00,319.00,102.40,180.60,0.9940,-1,-1
444,144,977.00,339.00,27.50,62.00,0.9690,-1,-1
444,145,134.00,328.00,75.00,165.20,0.9990,-1,-1
444,146,677.00,334.00,31.00,73.80,0.9990,-1,-1
445,29,1205.00,294.00,50.60,233.40,0.9960,-1,-1
445,62,314.00,234.00,223.90,429.20,1.0000,-1,-1
445,101,927.00,326.00,54.50,152.50,0.9990,-1,-1
445,106,1169.00,310.00,64.80,194.60,0.9990,-1,-1
445,108,1078.00,335.00,30.70,73.80,0.9980,-1,-1
445,124,826.00,317.00,61.10,165.10,1.0000,-1,-1
445,132,698.00,338.00,25.70,65.50,0.9930,-1,-1
445,139,609.00,330.00,40.00,107.30,0.9980,-1,-1
445,142,1016.00,338.00,22.00,48.10,0.9570,-1,-1
445,143,-6.00,330.00,93.60,169.20,0.9980,-1,-1
445,144,974.00,334.00,27.50,68.50,0.9950,-1,-1
445,145,127.00,330.00,76.80,155.10,0.9980,-1,-1
445,146,673.00,336.00,30.00,68.50,1.0000,-1,-1
446,29,1193.00,306.00,56.90,223.90,0.9990,-1,-1
446,62,319.00,250.00,205.90,443.50,1.0000,-1,-1
446,101,924.00,325.00,49.30,141.00,1.0000,-1,-1
446,106,1162.00,312.00,56.30,175.50,0.9960,-1,-1
446,108,1074.00,332.00,32.50,77.00,0.9950,-1,-1
446,124,819.00,320.00,57.60,163.40,1.0000,-1,-1
446,132,700.00,340.00,24.00,63.00,0.9910,-1,-1
446,139,609.00,330.00,41.60,109.50,0.9990,-1,-1
446,142,1012.00,344.00,18.30,41.30,0.9550,-1,-1
446,143,-8.00,329.00,70.10,173.70,0.9730,-1,-1
446,144,971.00,335.00,29.40,68.60,0.9920,-1,-1
446,145,123.00,337.00,73.00,154.40,0.9980,-1,-1
446,146,672.00,335.00,26.40,68.20,1.0000,-1,-1
447,29,1193.00,295.00,59.00,237.40,0.9990,-1,-1
447,62,321.00,236.00,208.80,463.20,1.0000,-1,-1
447,101,916.00,327.00,52.90,149.40,0.9990,-1,-1
447,106,1160.00,306.00,56.90,182.50,0.9950,-1,-1
447,108,1073.00,334.00,30.60,70.60,0.9970,-1,-1
447,124,814.00,319.00,55.30,163.30,1.0000,-1,-1
447,132,688.00,336.00,26.30,65.70,0.9920,-1,-1
447,139,601.00,327.00,41.70,103.20,1.0000,-1,-1
447,142,1005.00,344.00,19.10,42.40,0.9810,-1,-1
447,144,968.00,336.00,25.70,61.20,0.9950,-1,-1
447,145,107.00,329.00,65.50,154.40,0.9980,-1,-1
447,146,665.00,339.00,28.30,73.40,1.0000,-1,-1
448,29,1180.00,296.00,66.20,226.30,1.0000,-1,-1
448,62,322.00,250.00,215.70,450.20,1.0000,-1,-1
448,101,915.00,324.00,57.90,156.90,0.9990,-1,-1
448,108,1068.00,333.00,32.70,73.70,0.9980,-1,-1
448,124,811.00,313.00,61.80,172.20,1.0000,-1,-1
448,132,688.00,338.00,24.90,67.70,0.9970,-1,-1
448,139,597.00,330.00,41.50,104.60,1.0000,-1,-1
448,142,1003.00,338.00,21.20,48.10,0.9910,-1,-1
448,144,967.00,336.00,29.30,66.60,0.9880,-1,-1
448,145,104.00,343.00,65.60,141.40,0.9960,-1,-1
448,146,660.00,338.00,29.50,72.40,1.0000,-1,-1
449,29,1192.00,291.00,63.20,235.40,0.9990,-1,-1
449,62,317.00,246.00,193.60,446.20,1.0000,-1,-1
449,101,913.00,323.00,52.70,146.60,0.9990,-1,-1
449,106,1154.00,311.00,59.60,165.30,0.9950,-1,-1
449,108,1065.00,333.00,32.30,75.90,0.9980,-1,-1
449,124,808.00,316.00,59.20,164.50,1.0000,-1,-1
449,132,684.00,336.00,26.90,63.80,0.9930,-1,-1
449,139,600.00,336.00,39.30,99.30,0.9990,-1,-1
449,142,1000.00,338.00,22.20,50.10,0.9860,-1,-1
449,144,965.00,337.00,25.00,61.90,0.9980,-1,-1
449,145,95.00,328.00,75.20,166.70,0.9980,-1,-1
449,146,658.00,337.00,26.80,69.50,1.0000,-1,-1
450,29,1186.00,303.00,59.70,230.80,0.9990,-1,-1
450,62,339.00,251.00,192.40,447.10,1.0000,-1,-1
450,101,907.00,329.00,56.80,147.80,1.0000,-1,-1
450,106,1152.00,317.00,53.30,158.40,0.9930,-1,-1
450,108,1067.00,334.00,32.80,68.50,0.9980,-1,-1
450,124,806.00,317.00,60.00,166.00,1.0000,-1,-1
450,132,689.00,333.00,28.20,71.70,0.9680,-1,-1
450,138,1005.00,340.00,22.50,48.90,0.9580,-1,-1
450,139,597.00,326.00,43.50,104.90,0.9990,-1,-1
450,144,964.00,339.00,29.20,60.90,0.9960,-1,-1
450,145,93.00,347.00,70.70,146.50,0.9960,-1,-1
450,146,658.00,333.00,29.90,75.90,1.0000,-1,-1
451,29,1189.00,306.00,59.50,223.50,0.9990,-1,-1
451,62,328.00,237.00,202.60,446.50,1.0000,-1,-1
451,101,914.00,333.00,53.40,150.70,1.0000,-1,-1
451,106,1137.00,329.00,61.50,147.70,0.9940,-1,-1
451,108,1065.00,333.00,32.90,77.20,0.9980,-1,-1
451,124,804.00,319.00,58.40,159.80,0.9990,-1,-1
451,132,684.00,344.00,21.70,59.20,0.9860,-1,-1
451,138,999.00,343.00,21.10,46.80,0.9900,-1,-1
451,139,594.00,333.00,39.10,109.40,0.9990,-1,-1
451,144,962.00,340.00,25.40,62.90,0.9840,-1,-1
451,145,80.00,331.00,75.20,157.20,0.9960,-1,-1
451,146,654.00,340.00,28.70,69.00,1.0000,-1,-1
452,29,1187.00,301.00,67.90,229.90,1.0000,-1,-1
452,62,321.00,248.00,215.30,443.70,1.0000,-1,-1
452,101,912.00,328.00,53.60,150.70,0.9990,-1,-1
452,106,1135.00,315.00,65.00,159.40,0.9980,-1,-1
452,108,1070.00,333.00,30.30,74.20,0.9920,-1,-1
452,124,808.00,324.00,48.90,152.90,0.9990,-1,-1
452,132,683.00,346.00,23.60,60.60,0.9770,-1,-1
452,138,1005.00,344.00,20.30,43.80,0.9460,-1,-1
452,139,596.00,337.00,40.00,94.90,1.0000,-1,-1
452,144,961.00,335.00,27.70,67.50,0.9990,-1,-1
452,145,76.00,340.00,62.10,154.50,0.9940,-1,-1
452,146,654.00,340.00,29.00,68.40,0.9960,-1,-1
453,29,1189.00,307.00,66.80,227.70,0.9990,-1,-1
453,62,311.00,253.00,226.40,441.20,1.0000,-1,-1
453,101,913.00,336.00,51.20,147.40,1.0000,-1,-1
453,106,1131.00,327.00,67.00,157.60,0.9970,-1,-1
453,108,1067.00,336.00,33.10,76.30,0.9960,-1,-1
453,124,808.00,318.00,59.40,166.50,0.9990,-1,-1
453,132,687.00,345.00,25.30,70.80,0.9880,-1,-1
453,138,1002.00,349.00,19.60,44.20,0.9200,-1,-1
453,139,598.00,333.00,41.60,107.00,0.9990,-1,-1
453,144,960.00,343.00,25.70,64.50,0.9980,-1,-1
453,145,66.00,339.00,62.90,150.90,0.9890,-1,-1
453,146,655.00,344.00,28.30,72.90,0.9870,-1,-1
454,29,1190.00,297.00,70.00,245.70,0.9990,-1,-1
454,62,326.00,242.00,214.10,479.60,1.0000,-1,-1
454,101,913.00,335.00,56.10,152.20,0.9990,-1,-1
454,106,1139.00,339.00,59.80,135.00,0.9950,-1,-1
454,108,1074.00,338.00,33.10,75.10,0.9970,-1,-1
454,124,807.00,323.00,58.90,162.60,0.9990,-1,-1
454,132,694.00,348.00,23.60,65.00,0.9640,-1,-1
454,138,1007.00,349.00,21.70,46.60,0.9450,-1,-1
454,139,601.00,340.00,41.60,99.40,0.9980,-1,-1
454,144,966.00,343.00,27.20,61.50,0.9990,-1,-1
454,145,67.00,348.00,62.00,146.90,0.9980,-1,-1
454,146,654.00,344.00,30.40,73.60,0.9960,-1,-1
455,29,1201.00,294.00,76.60,257.00,0.9990,-1,-1
455,62,320.00,237.00,236.10,473.90,1.0000,-1,-1
455,101,912.00,326.00,60.60,161.90,0.9990,-1,-1
455,106,1137.00,327.00,65.10,158.60,0.9990,-1,-1
455,108,1072.00,341.00,32.40,70.00,0.9920,-1,-1
455,124,798.00,324.00,60.70,163.70,1.0000,-1,-1
455,132,689.00,349.00,26.70,63.10,0.9850,-1,-1
455,138,1010.00,347.00,20.60,48.70,0.9880,-1,-1
455,139,600.00,337.00,42.20,105.40,0.9990,-1,-1
455,144,965.00,345.00,28.40,63.70,0.9960,-1,-1
455,145,65.00,350.00,63.00,150.80,0.9980,-1,-1
455,146,653.00,343.00,29.40,75.70,0.9970,-1,-1
455,147,671.00,344.00,26.20,70.40,0.9440,-1,-1
456,29,1214.00,294.00,68.90,241.40,0.9760,-1,-1
456,62,324.00,259.00,209.70,469.00,1.0000,-1,-1
456,101,913.00,330.00,56.60,156.20,0.9980,-1,-1
456,106,1144.00,344.00,57.00,132.80,0.9990,-1,-1
456,108,1075.00,338.00,33.30,76.30,0.9990,-1,-1
456,124,807.00,325.00,52.20,159.10,1.0000,-1,-1
456,132,695.00,352.00,25.50,58.20,0.9750,-1,-1
456,138,1013.00,349.00,20.90,46.00,0.9710,-1,-1
456,139,606.00,339.00,39.10,100.20,0.9990,-1,-1
456,144,973.00,343.00,26.40,62.00,0.9990,-1,-1
456,145,58.00,346.00,71.40,153.60,0.9940,-1,-1
456,146,656.00,347.00,29.60,72.20,0.9950,-1,-1
456,147,674.00,349.00,25.80,63.20,0.9580,-1,-1
456,148,1187.00,309.00,62.30,233.00,0.9990,-1,-1
457,62,321.00,260.00,234.00,463.20,1.0000,-1,-1
457,101,925.00,331.00,57.80,155.70,1.0000,-1,-1
457,106,1145.00,338.00,62.10,145.20,0.9970,-1,-1
457,108,1079.00,337.00,33.90,78.60,0.9990,-1,-1
457,124,814.00,326.00,56.10,162.10,0.9990,-1,-1
457,132,697.00,349.00,26.70,62.30,0.9940,-1,-1
457,138,1016.00,351.00,20.30,45.90,0.9750,-1,-1
457,139,610.00,342.00,39.40,102.40,0.9990,-1,-1
457,144,973.00,345.00,28.60,62.50,0.9970,-1,-1
457,145,54.00,340.00,75.20,154.70,0.9980,-1,-1
457,147,663.00,346.00,29.20,68.40,0.9910,-1,-1
457,148,1193.00,304.00,73.00,239.80,1.0000,-1,-1
458,62,321.00,243.00,228.30,490.80,1.0000,-1,-1
458,101,919.00,330.00,56.20,150.50,1.0000,-1,-1
458,106,1145.00,336.00,59.10,133.90,0.9990,-1,-1
458,108,1082.00,337.00,34.60,79.40,0.9970,-1,-1
458,124,811.00,330.00,53.90,146.30,0.9990,-1,-1
458,132,698.00,349.00,25.00,65.60,0.9870,-1,-1
458,138,1019.00,351.00,19.40,45.20,0.9660,-1,-1
458,139,616.00,337.00,38.20,104.20,1.0000,-1,-1
458,144,974.00,342.00,29.50,67.30,0.9920,-1,-1
458,145,48.00,339.00,67.80,158.70,0.9980,-1,-1
458,146,655.00,349.00,28.30,71.20,0.9910,-1,-1
458,148,1200.00,298.00,69.60,249.00,1.0000,-1,-1
458,149,680.00,349.00,24.70,62.50,0.9940,-1,-1
459,62,323.00,249.00,237.50,471.70,1.0000,-1,-1
459,101,917.00,325.00,58.10,157.20,0.9990,-1,-1
459,106,1143.00,335.00,56.00,137.90,0.9990,-1,-1
459,108,1081.00,339.00,32.30,71.90,1.0000,-1,-1
459,124,814.00,318.00,54.90,159.10,0.9990,-1,-1
459,132,698.00,351.00,24.50,62.40,0.9960,-1,-1
459,138,1020.00,350.00,20.60,44.60,0.9720,-1,-1
459,139,613.00,338.00,38.60,100.10,1.0000,-1,-1
459,144,976.00,347.00,24.90,57.70,0.9890,-1,-1
459,145,38.00,341.00,78.40,157.70,0.9980,-1,-1
459,146,658.00,344.00,29.20,74.40,0.9880,-1,-1
459,148,1200.00,297.00,70.00,236.50,1.0000,-1,-1
459,149,675.00,345.00,27.20,68.10,0.9980,-1,-1
459,150,989.00,345.00,24.10,48.20,0.9600,-1,-1
460,62,331.00,255.00,210.80,481.30,1.0000,-1,-1
460,101,928.00,324.00,52.10,159.30,0.9990,-1,-1
460,106,1146.00,333.00,53.20,140.80,0.9990,-1,-1
460,108,1088.00,334.00,31.50,78.00,0.9990,-1,-1
460,124,808.00,312.00,62.80,169.80,1.0000,-1,-1
460,132,703.00,343.00,24.80,69.20,0.9930,-1,-1
460,138,1023.00,347.00,20.30,45.60,0.9410,-1,-1
460,139,613.00,334.00,40.10,108.40,1.0000,-1,-1
460,144,977.00,341.00,26.20,60.50,0.9890,-1,-1
460,145,37.00,341.00,74.20,147.80,0.9920,-1,-1
460,146,655.00,340.00,28.40,72.80,0.9950,-1,-1
460,148,1204.00,294.00,73.90,243.40,1.0000,-1,-1
460,149,679.00,344.00,25.70,68.40,0.9930,-1,-1
461,62,346.00,235.00,203.20,485.70,1.0000,-1,-1
461,101,923.00,329.00,55.40,142.50,1.0000,-1,-1
461,106,1144.00,320.00,66.00,152.40,0.9980,-1,-1
461,108,1086.00,335.00,34.60,75.60,1.0000,-1,-1
461,124,812.00,310.00,60.20,175.40,1.0000,-1,-1
461,132,702.00,343.00,24.50,66.10,0.9970,-1,-1
461,138,1019.00,343.00,20.50,47.10,0.9660,-1,-1
461,139,616.00,336.00,40.70,108.20,1.0000,-1,-1
461,144,978.00,340.00,27.70,62.60,0.9970,-1,-1
461,145,28.00,334.00,79.50,159.30,0.9950,-1,-1
461,146,656.00,342.00,29.50,71.40,0.9990,-1,-1
461,148,1201.00,301.00,75.70,235.90,1.0000,-1,-1
461,149,677.00,346.00,25.10,66.30,0.9920,-1,-1
461,150,997.00,338.00,19.40,48.20,0.9670,-1,-1
462,62,315.00,241.00,222.30,480.70,1.0000,-1,-1
462,101,917.00,317.00,58.30,157.10,1.0000,-1,-1
462,106,1144.00,329.00,60.80,139.80,0.9980,-1,-1
462,108,1087.00,335.00,33.50,75.90,1.0000,-1,-1
462,124,814.00,320.00,62.00,157.30,0.9990,-1,-1
462,132,702.00,348.00,23.90,62.20,0.9920,-1,-1
462,136,597.00,333.00,35.50,85.60,0.9900,-1,-1
462,138,1023.00,342.00,20.80,46.70,0.9760,-1,-1
462,139,616.00,337.00,40.40,108.20,1.0000,-1,-1
462,144,978.00,343.00,26.60,56.70,0.9970,-1,-1
462,145,18.00,336.00,80.50,149.60,0.9950,-1,-1
462,146,657.00,340.00,28.90,73.10,1.0000,-1,-1
462,148,1194.00,305.00,65.40,231.00,1.0000,-1,-1
462,149,681.00,341.00,23.60,62.30,0.9960,-1,-1
462,150,995.00,337.00,21.40,49.70,0.9740,-1,-1
463,29,1218.00,279.00,74.30,266.00,0.9990,-1,-1
463,62,341.00,244.00,203.80,456.80,1.0000,-1,-1
463,101,923.00,324.00,55.10,151.80,0.9990,-1,-1
463,106,1144.00,322.00,59.80,149.00,0.9970,-1,-1
463,108,1088.00,329.00,34.40,75.20,0.9980,-1,-1
463,124,817.00,318.00,53.30,155.00,0.9990,-1,-1
463,132,699.00,342.00,25.60,66.40,0.9970,-1,-1
463,138,1023.00,338.00,21.90,48.90,0.9860,-1,-1
463,139,613.00,332.00,40.90,111.00,0.9990,-1,-1
463,144,977.00,336.00,28.70,63.80,0.9960,-1,-1
463,145,15.00,333.00,74.80,166.00,1.0000,-1,-1
463,146,650.00,336.00,29.40,71.90,0.9980,-1,-1
463,148,1192.00,304.00,65.90,222.40,1.0000,-1,-1
463,149,680.00,341.00,24.40,64.30,0.9860,-1,-1
463,150,998.00,338.00,19.30,48.00,0.9960,-1,-1
464,29,1229.00,292.00,62.20,246.80,0.9760,-1,-1
464,62,316.00,255.00,213.50,443.50,1.0000,-1,-1
464,101,918.00,323.00,56.60,152.80,0.9990,-1,-1
464,106,1143.00,325.00,60.10,150.90,0.9980,-1,-1
464,108,1090.00,327.00,32.70,82.10,0.9990,-1,-1
464,124,817.00,312.00,55.00,162.70,0.9990,-1,-1
464,132,703.00,344.00,24.30,64.90,0.9990,-1,-1
464,136,592.00,331.00,39.30,95.20,0.9860,-1,-1
464,138,1022.00,342.00,19.80,48.00,0.9860,-1,-1
464,139,613.00,332.00,41.50,111.10,0.9990,-1,-1
464,144,978.00,337.00,28.60,67.10,0.9940,-1,-1
464,145,10.00,331.00,73.60,153.00,0.9980,-1,-1
464,146,652.00,338.00,31.90,72.80,0.9980,-1,-1
464,148,1193.00,292.00,65.20,241.10,1.0000,-1,-1
464,149,682.00,346.00,24.20,59.90,0.9870,-1,-1
464,150,997.00,334.00,21.30,51.40,0.9980,-1,-1
465,29,1228.00,295.00,65.00,231.40,0.9940,-1,-1
465,62,330.00,257.00,202.50,455.60,1.0000,-1,-1
465,101,924.00,336.00,52.00,146.90,1.0000,-1,-1
465,106,1147.00,320.00,61.40,154.10,0.9980,-1,-1
465,108,1088.00,334.00,34.20,77.40,0.9980,-1,-1
465,124,817.00,317.00,56.80,162.90,0.9990,-1,-1
465,132,702.00,343.00,23.70,62.70,0.9980,-1,-1
465,138,1025.00,341.00,20.20,45.90,0.9930,-1,-1
465,139,615.00,339.00,43.20,105.50,0.9990,-1,-1
465,144,978.00,339.00,28.60,60.20,0.9920,-1,-1
465,145,6.00,336.00,69.60,155.60,0.9980,-1,-1
465,146,653.00,336.00,28.20,76.30,0.9980,-1,-1
465,148,1191.00,294.00,65.00,244.90,1.0000,-1,-1
465,149,682.00,340.00,26.20,69.50,0.9890,-1,-1
465,150,996.00,333.00,22.40,52.50,0.9350,-1,-1
466,29,1220.00,287.00,68.30,259.00,0.9990,-1,-1
466,62,334.00,252.00,207.60,461.80,1.0000,-1,-1
466,101,923.00,328.00,49.60,145.00,1.0000,-1,-1
466,106,1142.00,327.00,56.70,144.50,0.9980,-1,-1
466,108,1088.00,333.00,34.80,74.90,0.9990,-1,-1
466,124,818.00,315.00,58.40,165.30,0.9990,-1,-1
466,132,704.00,341.00,24.00,64.20,0.9970,-1,-1
466,136,599.00,336.00,34.60,82.20,0.9800,-1,-1
466,138,1026.00,339.00,20.60,45.60,0.9830,-1,-1
466,139,618.00,337.00,42.60,103.70,0.9990,-1,-1
466,144,979.00,340.00,26.40,62.80,0.9950,-1,-1
466,145,5.00,344.00,75.00,157.00,0.9980,-1,-1
466,146,654.00,338.00,30.10,76.90,0.9970,-1,-1
466,149,685.00,346.00,24.10,64.00,0.9880,-1,-1
466,150,995.00,338.00,21.70,48.80,0.9970,-1,-1
467,62,306.00,236.00,223.30,483.20,1.0000,-1,-1
467,101,921.00,327.00,53.70,149.70,0.9990,-1,-1
467,106,1143.00,324.00,58.50,146.90,0.9990,-1,-1
467,108,1088.00,327.00,34.20,87.10,0.9960,-1,-1
467,124,811.00,321.00,53.80,158.10,0.9960,-1,-1
467,132,701.00,341.00,25.30,64.30,0.9890,-1,-1
467,136,595.00,332.00,37.10,87.00,0.9040,-1,-1
467,138,1025.00,341.00,19.70,43.30,0.9660,-1,-1
467,139,617.00,333.00,40.20,99.60,0.9980,-1,-1
467,144,978.00,337.00,27.50,65.40,0.9900,-1,-1
467,145,-1.00,330.00,62.40,165.40,0.9850,-1,-1
467,146,649.00,339.00,33.10,72.20,0.9830,-1,-1
467,148,1201.00,303.00,71.30,229.30,0.9990,-1,-1
467,149,682.00,340.00,27.10,62.70,0.9940,-1,-1
467,150,993.00,338.00,21.80,51.90,0.9940,-1,-1
468,29,1220.00,293.00,74.00,248.80,1.0000,-1,-1
468,62,312.00,240.00,180.50,490.70,1.0000,-1,-1
468,101,923.00,335.00,49.80,142.90,1.0000,-1,-1
468,106,1141.00,333.00,60.10,136.40,0.9980,-1,-1
468,108,1090.00,331.00,37.60,88.10,0.9970,-1,-1
468,124,815.00,319.00,60.20,167.10,0.9990,-1,-1
468,132,704.00,349.00,26.10,60.70,0.9970,-1,-1
468,136,595.00,337.00,34.30,86.30,0.9980,-1,-1
468,138,1025.00,347.00,19.00,41.40,0.9820,-1,-1
468,139,614.00,334.00,42.80,109.60,0.9990,-1,-1
468,144,982.00,335.00,29.90,69.80,0.9970,-1,-1
468,145,-7.00,332.00,72.10,157.60,0.9960,-1,-1
468,146,648.00,341.00,29.40,67.90,0.9990,-1,-1
468,149,684.00,342.00,25.00,68.60,0.9890,-1,-1
469,29,1214.00,284.00,85.40,266.20,0.9990,-1,-1
469,62,312.00,257.00,186.30,468.00,1.0000,-1,-1
469,101,918.00,326.00,53.70,153.80,0.9990,-1,-1
469,106,1145.00,334.00,54.20,134.20,0.9990,-1,-1
469,108,1090.00,336.00,37.00,84.90,1.0000,-1,-1
469,124,816.00,320.00,58.90,169.00,0.9990,-1,-1
469,132,704.00,350.00,24.60,62.10,0.9920,-1,-1
469,136,590.00,339.00,39.20,83.30,0.9990,-1,-1
469,138,1026.00,347.00,20.20,45.50,0.9660,-1,-1
469,139,614.00,341.00,39.80,109.00,0.9980,-1,-1
469,144,978.00,340.00,27.20,66.20,0.9890,-1,-1
469,145,-6.00,340.00,51.20,162.70,0.9190,-1,-1
469,146,644.00,341.00,33.80,77.50,0.9990,-1,-1
469,148,1195.00,317.00,68.50,219.70,1.0000,-1,-1
469,149,683.00,344.00,24.00,63.20,0.9880,-1,-1
469,150,996.00,344.00,20.40,50.20,0.9730,-1,-1
470,29,1228.00,286.00,77.00,270.50,0.9850,-1,-1
470,62,301.00,231.00,211.40,515.80,1.0000,-1,-1
470,101,922.00,328.00,54.90,155.90,0.9990,-1,-1
470,106,1142.00,329.00,63.60,149.70,0.9980,-1,-1
470,108,1092.00,336.00,34.30,79.90,0.9990,-1,-1
470,124,806.00,316.00,59.00,172.40,0.9980,-1,-1
470,132,701.00,344.00,26.80,66.90,0.9970,-1,-1
470,136,593.00,342.00,32.40,82.40,0.9860,-1,-1
470,138,1025.00,346.00,19.80,45.20,0.9630,-1,-1
470,139,616.00,339.00,41.50,109.30,0.9990,-1,-1
470,144,976.00,341.00,28.50,68.10,0.9990,-1,-1
470,146,642.00,341.00,32.70,77.80,0.9870,-1,-1
470,148,1204.00,309.00,65.40,231.30,0.9990,-1,-1
470,149,683.00,344.00,24.90,65.50,0.9880,-1,-1
470,150,996.00,341.00,21.10,52.50,0.9830,-1,-1
471,29,1226.00,280.00,83.60,289.00,0.9010,-1,-1
471,62,303.00,248.00,203.80,491.10,1.0000,-1,-1
471,101,921.00,328.00,54.90,160.10,0.9990,-1,-1
471,106,1140.00,330.00,64.80,150.40,0.9990,-1,-1
471,108,1093.00,333.00,33.70,90.40,0.9970,-1,-1
471,124,811.00,318.00,57.50,167.20,0.9990,-1,-1
471,132,702.00,342.00,28.20,65.50,0.9950,-1,-1
471,136,593.00,342.00,32.70,78.90,0.9980,-1,-1
471,138,1025.00,352.00,19.50,42.30,0.9890,-1,-1
471,139,615.00,342.00,41.50,110.40,1.0000,-1,-1
471,144,977.00,341.00,28.10,65.40,0.9980,-1,-1
471,146,643.00,344.00,28.90,69.30,0.9560,-1,-1
471,148,1199.00,309.00,73.70,226.50,1.0000,-1,-1
471,149,677.00,347.00,27.30,65.60,0.9900,-1,-1
471,150,996.00,343.00,18.70,48.90,0.9910,-1,-1
472,29,1217.00,299.00,75.30,256.90,0.9990,-1,-1
472,62,295.00,263.00,197.70,471.10,1.0000,-1,-1
472,101,918.00,336.00,52.30,140.90,1.0000,-1,-1
472,106,1136.00,333.00,62.60,144.70,1.0000,-1,-1
472,108,1092.00,339.00,33.80,80.30,1.0000,-1,-1
472,124,808.00,319.00,61.60,167.00,1.0000,-1,-1
472,132,702.00,352.00,22.40,57.00,0.9990,-1,-1
472,136,591.00,339.00,31.90,82.40,0.9990,-1,-1
472,138,1026.00,352.00,21.40,41.90,0.9900,-1,-1
472,139,615.00,339.00,39.60,106.50,0.9990,-1,-1
472,144,977.00,347.00,27.60,62.20,0.9950,-1,-1
472,146,640.00,338.00,30.80,81.50,0.9780,-1,-1
472,148,1190.00,312.00,69.40,224.90,1.0000,-1,-1
472,149,678.00,344.00,26.20,68.80,0.9960,-1,-1
472,150,999.00,342.00,19.30,48.50,0.9920,-1,-1
473,29,1213.00,296.00,88.80,268.30,0.9990,-1,-1
473,62,276.00,265.00,198.70,463.80,1.0000,-1,-1
473,101,910.00,327.00,55.50,161.40,0.9990,-1,-1
473,106,1129.00,337.00,60.50,146.20,0.9990,-1,-1
473,108,1086.00,340.00,33.30,79.60,0.9990,-1,-1
473,124,805.00,321.00,60.90,162.10,0.9990,-1,-1
473,132,698.00,347.00,24.90,60.80,0.9970,-1,-1
473,136,584.00,333.00,35.40,88.60,0.9960,-1,-1
473,138,1020.00,345.00,20.90,48.10,0.9910,-1,-1
473,139,611.00,343.00,40.50,108.30,0.9990,-1,-1
473,144,970.00,343.00,29.40,65.40,1.0000,-1,-1
473,148,1190.00,309.00,71.40,237.00,1.0000,-1,-1
473,149,677.00,344.00,24.10,65.20,0.9890,-1,-1
473,150,992.00,345.00,19.70,49.80,0.9920,-1,-1
474,29,1228.00,285.00,66.60,274.80,0.9960,-1,-1
474,62,277.00,255.00,213.50,490.60,1.0000,-1,-1
474,101,912.00,328.00,57.00,154.40,1.0000,-1,-1
474,106,1131.00,326.00,62.00,158.50,0.9990,-1,-1
474,108,1084.00,336.00,34.90,87.20,0.9990,-1,-1
474,124,802.00,323.00,61.50,169.80,0.9990,-1,-1
474,132,693.00,348.00,24.80,64.40,0.9960,-1,-1
474,136,580.00,335.00,34.40,81.80,0.9960,-1,-1
474,138,1021.00,350.00,20.50,42.30,0.9790,-1,-1
474,139,607.00,338.00,39.90,112.90,0.9980,-1,-1
474,144,971.00,345.00,28.40,62.20,0.9990,-1,-1
474,148,1190.00,314.00,70.90,236.00,1.0000,-1,-1
474,149,672.00,344.00,24.30,66.40,0.9900,-1,-1
474,150,989.00,340.00,20.40,54.50,0.9270,-1,-1
475,29,1231.00,303.00,66.20,256.30,0.9990,-1,-1
475,62,258.00,248.00,248.20,494.80,1.0000,-1,-1
475,101,913.00,335.00,52.80,148.70,1.0000,-1,-1
475,106,1130.00,338.00,60.90,142.40,0.9990,-1,-1
475,108,1085.00,334.00,35.90,85.90,0.9990,-1,-1
475,124,797.00,318.00,60.50,172.90,1.0000,-1,-1
475,132,692.00,346.00,27.40,67.10,0.9960,-1,-1
475,136,578.00,332.00,34.60,88.30,0.9970,-1,-1
475,138,1018.00,346.00,20.80,46.90,0.9780,-1,-1
475,139,609.00,343.00,39.00,110.50,1.0000,-1,-1
475,144,968.00,346.00,30.50,65.90,0.9910,-1,-1
475,148,1196.00,310.00,71.10,234.60,1.0000,-1,-1
475,149,673.00,347.00,23.20,69.20,0.9940,-1,-1
475,150,991.00,344.00,21.10,51.20,0.9970,-1,-1
476,29,1213.00,302.00,70.80,250.70,1.0000,-1,-1
476,62,257.00,242.00,236.10,494.40,1.0000,-1,-1
476,101,915.00,327.00,56.00,158.80,1.0000,-1,-1
476,106,1128.00,328.00,60.60,155.80,0.9990,-1,-1
476,108,1088.00,334.00,34.50,90.40,1.0000,-1,-1
476,124,800.00,316.00,54.90,171.40,1.0000,-1,-1
476,132,696.00,350.00,22.00,60.20,0.9990,-1,-1
476,136,581.00,333.00,35.60,88.60,0.9940,-1,-1
476,138,1015.00,349.00,20.80,45.10,0.9870,-1,-1
476,139,611.00,338.00,40.10,113.10,1.0000,-1,-1
476,144,969.00,343.00,28.70,68.10,0.9990,-1,-1
476,149,673.00,343.00,23.10,67.70,0.9940,-1,-1
476,150,989.00,341.00,20.70,50.00,0.9940,-1,-1
477,29,1213.00,294.00,64.90,266.80,0.9990,-1,-1
477,62,252.00,240.00,240.30,512.10,1.0000,-1,-1
477,101,913.00,337.00,49.70,143.60,1.0000,-1,-1
477,106,1127.00,332.00,58.80,146.10,0.9990,-1,-1
477,108,1088.00,339.00,33.80,83.80,0.9990,-1,-1
477,124,794.00,318.00,54.60,169.60,1.0000,-1,-1
477,132,694.00,346.00,25.00,67.20,0.9980,-1,-1
477,136,580.00,340.00,31.40,78.80,0.9880,-1,-1
477,138,1016.00,349.00,22.00,48.90,0.9880,-1,-1
477,139,603.00,347.00,48.80,104.90,1.0000,-1,-1
477,144,968.00,347.00,30.90,65.50,0.9990,-1,-1
477,149,669.00,342.00,26.80,69.70,0.9920,-1,-1
477,150,990.00,340.00,21.60,55.00,0.9990,-1,-1
478,29,1216.00,296.00,78.80,278.00,0.9990,-1,-1
478,62,242.00,231.00,246.30,527.80,1.0000,-1,-1
478,101,910.00,342.00,54.60,146.60,0.9990,-1,-1
478,106,1123.00,336.00,64.90,147.20,0.9990,-1,-1
478,108,1084.00,336.00,38.50,87.80,0.9980,-1,-1
478,124,792.00,321.00,61.50,166.10,1.0000,-1,-1
478,132,693.00,350.00,25.70,67.10,0.9990,-1,-1
478,136,571.00,341.00,39.50,87.50,0.9060,-1,-1
478,138,1017.00,356.00,19.20,44.50,0.9530,-1,-1
478,139,609.00,344.00,40.00,107.80,0.9990,-1,-1
478,144,967.00,349.00,26.10,63.20,0.9970,-1,-1
478,149,669.00,350.00,26.70,68.30,0.9820,-1,-1
478,150,987.00,348.00,22.70,53.90,0.9820,-1,-1
479,29,1214.00,299.00,88.10,273.10,0.9990,-1,-1
479,62,248.00,246.00,246.40,520.10,1.0000,-1,-1
479,101,913.00,345.00,47.00,136.90,0.9980,-1,-1
479,106,1124.00,337.00,56.80,148.50,0.9950,-1,-1
479,108,1086.00,342.00,33.90,85.60,0.9970,-1,-1
479,124,788.00,335.00,59.40,160.70,0.9980,-1,-1
479,132,697.00,349.00,25.80,67.00,0.9580,-1,-1
479,136,575.00,351.00,28.90,72.40,0.9860,-1,-1
479,139,604.00,344.00,43.30,105.90,0.9810,-1,-1
479,144,970.00,343.00,25.80,66.10,0.9630,-1,-1
479,150,984.00,347.00,23.30,55.20,0.9750,-1,-1
480,29,1225.00,299.00,72.10,269.10,0.9990,-1,-1
480,62,252.00,265.00,231.80,476.80,1.0000,-1,-1
480,101,914.00,335.00,53.90,154.40,1.0000,-1,-1
480,106,1121.00,332.00,62.40,162.70,0.9980,-1,-1
480,108,1089.00,348.00,33.20,78.00,0.9790,-1,-1
480,124,792.00,318.00,61.70,177.80,0.9990,-1,-1
480,132,689.00,354.00,25.10,62.70,0.9880,-1,-1
480,138,1016.00,355.00,21.30,48.20,0.9720,-1,-1
480,139,610.00,350.00,37.60,107.20,1.0000,-1,-1
480,144,968.00,354.00,26.80,63.30,0.9930,-1,-1
480,149,672.00,352.00,24.20,65.90,0.9370,-1,-1
480,150,990.00,350.00,23.70,52.10,0.9410,-1,-1
481,29,1226.00,308.00,67.80,258.40,0.9990,-1,-1
481,62,239.00,263.00,247.60,494.80,1.0000,-1,-1
481,101,910.00,330.00,60.80,155.90,0.9990,-1,-1
481,106,1121.00,341.00,58.20,141.10,0.9990,-1,-1
481,108,1089.00,350.00,35.20,71.40,0.9980,-1,-1
481,124,793.00,330.00,61.50,169.40,0.9990,-1,-1
481,132,695.00,355.00,23.80,57.60,0.9660,-1,-1
481,138,1023.00,355.00,20.80,46.20,0.9620,-1,-1
481,139,615.00,346.00,37.50,108.50,0.9990,-1,-1
481,144,970.00,351.00,28.30,62.70,0.9960,-1,-1
481,149,676.00,350.00,26.50,72.40,0.9600,-1,-1
481,150,991.00,347.00,21.80,55.00,0.9990,-1,-1
482,29,1213.00,311.00,70.80,254.90,0.9990,-1,-1
482,62,243.00,242.00,242.60,520.50,1.0000,-1,-1
482,101,916.00,343.00,54.10,143.50,0.9990,-1,-1
482,106,1127.00,342.00,54.60,142.20,1.0000,-1,-1
482,108,1093.00,344.00,38.60,85.10,0.9990,-1,-1
482,124,798.00,323.00,60.00,165.30,0.9990,-1,-1
482,132,699.00,355.00,23.90,67.60,0.9480,-1,-1
482,138,1026.00,355.00,21.70,45.60,0.9650,-1,-1
482,139,622.00,348.00,40.90,108.90,0.9980,-1,-1
482,144,979.00,353.00,27.00,62.80,0.9980,-1,-1
482,149,683.00,353.00,22.50,58.50,0.9380,-1,-1
483,29,1231.00,317.00,63.30,247.80,0.9990,-1,-1
483,62,228.00,257.00,258.30,516.60,1.0000,-1,-1
483,101,913.00,338.00,54.90,153.10,0.9980,-1,-1
483,106,1127.00,341.00,54.90,151.30,0.9990,-1,-1
483,108,1095.00,344.00,36.50,84.30,0.9960,-1,-1
483,124,798.00,329.00,59.60,162.20,0.9990,-1,-1
483,132,700.00,353.00,26.30,64.70,0.9910,-1,-1
483,138,1030.00,356.00,21.00,47.90,0.9220,-1,-1
483,139,626.00,352.00,38.40,103.80,1.0000,-1,-1
483,144,977.00,351.00,29.60,66.00,1.0000,-1,-1
483,149,681.00,355.00,23.20,64.00,0.9920,-1,-1
483,150,998.00,349.00,21.90,53.20,0.9770,-1,-1
484,29,1219.00,312.00,82.00,245.80,1.0000,-1,-1
484,62,242.00,252.00,242.30,538.10,1.0000,-1,-1
484,101,916.00,336.00,53.10,150.30,0.9990,-1,-1
484,106,1126.00,341.00,64.00,144.30,0.9980,-1,-1
484,108,1104.00,341.00,35.30,86.50,0.9980,-1,-1
484,124,800.00,329.00,60.60,165.60,1.0000,-1,-1
484,132,705.00,353.00,27.70,64.60,0.9880,-1,-1
484,138,1031.00,353.00,20.40,45.20,0.9430,-1,-1
484,139,630.00,349.00,41.50,107.60,1.0000,-1,-1
484,144,986.00,351.00,27.30,65.10,0.9990,-1,-1
484,149,687.00,355.00,23.00,62.60,0.9900,-1,-1
484,150,1006.00,351.00,17.80,47.40,0.9800,-1,-1
485,29,1258.00,302.00,76.60,272.10,0.9640,-1,-1
485,62,242.00,258.00,221.70,510.10,1.0000,-1,-1
485,101,920.00,337.00,58.80,150.40,0.9990,-1,-1
485,106,1130.00,334.00,66.70,153.60,1.0000,-1,-1
485,108,1105.00,340.00,37.60,83.90,0.9990,-1,-1
485,124,808.00,315.00,64.50,183.30,1.0000,-1,-1
485,132,708.00,352.00,27.10,67.00,0.9990,-1,-1
485,138,1037.00,347.00,23.40,51.50,0.9320,-1,-1
485,139,633.00,345.00,37.80,108.40,0.9990,-1,-1
485,144,984.00,352.00,28.30,60.40,0.9980,-1,-1
485,148,1220.00,299.00,75.70,253.20,0.9990,-1,-1
485,149,687.00,351.00,24.10,68.20,0.9900,-1,-1
485,150,1005.00,345.00,20.40,55.90,0.9690,-1,-1
486,29,1245.00,285.00,80.60,283.30,0.9990,-1,-1
486,62,219.00,267.00,255.80,520.10,1.0000,-1,-1
486,101,919.00,334.00,54.90,151.00,0.9990,-1,-1
486,106,1123.00,333.00,67.20,151.00,0.9990,-1,-1
486,108,1103.00,333.00,36.80,93.90,0.9950,-1,-1
486,124,802.00,329.00,61.20,166.60,1.0000,-1,-1
486,132,707.00,353.00,25.20,61.50,0.9970,-1,-1
486,138,1037.00,350.00,20.90,50.60,0.9240,-1,-1
486,139,632.00,343.00,38.80,111.10,1.0000,-1,-1
486,144,985.00,348.00,29.10,62.80,0.9990,-1,-1
486,149,686.00,342.00,26.30,72.20,0.9820,-1,-1
486,150,1004.00,343.00,22.90,57.10,0.9570,-1,-1
487,29,1241.00,296.00,75.00,259.90,0.9990,-1,-1
487,62,225.00,267.00,238.10,512.70,1.0000,-1,-1
487,101,919.00,322.00,55.70,159.60,0.9990,-1,-1
487,106,1136.00,337.00,61.30,146.10,0.9990,-1,-1
487,108,1105.00,332.00,35.00,89.40,0.9950,-1,-1
487,124,803.00,322.00,59.40,164.50,1.0000,-1,-1
487,132,712.00,349.00,25.10,67.00,0.9900,-1,-1
487,138,1041.00,349.00,21.10,45.50,0.9670,-1,-1
487,139,635.00,341.00,37.80,110.60,1.0000,-1,-1
487,144,987.00,344.00,25.80,64.10,0.9960,-1,-1
487,149,690.00,347.00,26.10,67.50,0.9780,-1,-1
487,150,1006.00,345.00,22.20,51.00,0.9980,-1,-1
488,29,1247.00,286.00,68.30,281.30,0.9990,-1,-1
488,62,207.00,264.00,262.00,530.10,1.0000,-1,-1
488,101,919.00,324.00,56.60,158.60,0.9980,-1,-1
488,106,1130.00,335.00,58.30,142.50,1.0000,-1,-1
488,108,1113.00,329.00,32.70,91.00,0.9920,-1,-1
488,124,811.00,313.00,56.70,179.40,1.0000,-1,-1
488,132,713.00,348.00,24.80,63.00,1.0000,-1,-1
488,138,1040.00,347.00,22.20,44.90,0.9470,-1,-1
488,139,634.00,336.00,41.40,115.20,1.0000,-1,-1
488,144,991.00,343.00,26.50,62.30,0.9980,-1,-1
488,149,694.00,344.00,24.30,64.70,0.9780,-1,-1
488,150,1011.00,342.00,22.80,48.40,0.9980,-1,-1
489,29,1241.00,288.00,76.40,271.60,0.9990,-1,-1
489,62,213.00,259.00,259.40,519.20,1.0000,-1,-1
489,101,917.00,337.00,55.30,147.00,0.9990,-1,-1
489,106,1138.00,326.00,55.10,150.30,1.0000,-1,-1
489,108,1116.00,336.00,32.40,79.70,0.9990,-1,-1
489,124,813.00,321.00,59.60,165.60,0.9990,-1,-1
489,132,715.00,349.00,24.30,63.50,0.9990,-1,-1
489,138,1043.00,347.00,18.90,42.40,0.9220,-1,-1
489,139,636.00,338.00,40.60,109.70,1.0000,-1,-1
489,144,990.00,343.00,27.00,61.80,0.9990,-1,-1
489,149,696.00,344.00,26.60,68.50,0.9870,-1,-1
489,150,1012.00,339.00,17.70,51.20,0.9930,-1,-1
490,29,1252.00,297.00,92.40,260.70,1.0000,-1,-1
490,62,198.00,255.00,247.20,549.30,1.0000,-1,-1
490,101,916.00,333.00,58.60,149.60,0.9980,-1,-1
490,106,1139.00,328.00,58.70,146.30,1.0000,-1,-1
490,108,1119.00,331.00,33.50,85.20,0.9970,-1,-1
490,124,812.00,316.00,57.90,174.30,0.9990,-1,-1
490,132,720.00,347.00,25.10,65.00,0.9980,-1,-1
490,138,1043.00,345.00,20.90,45.80,0.9720,-1,-1
490,139,641.00,342.00,39.70,110.00,1.0000,-1,-1
490,144,998.00,344.00,27.20,59.80,0.9920,-1,-1
490,146,621.00,336.00,31.50,78.00,0.9650,-1,-1
490,149,696.00,341.00,26.70,66.90,0.9940,-1,-1
490,150,1019.00,343.00,19.50,49.80,0.9760,-1,-1
491,29,1257.00,298.00,93.40,277.20,1.0000,-1,-1
491,62,187.00,268.00,282.70,532.10,1.0000,-1,-1
491,101,919.00,330.00,61.50,156.00,0.9990,-1,-1
491,106,1144.00,327.00,58.70,141.90,0.9990,-1,-1
491,108,1118.00,332.00,39.00,90.80,0.9990,-1,-1
491,124,817.00,324.00,56.40,169.60,0.9990,-1,-1
491,132,718.00,345.00,25.80,64.70,0.9950,-1,-1
491,138,1047.00,348.00,21.60,44.90,0.9820,-1,-1
491,139,645.00,344.00,37.60,104.70,1.0000,-1,-1
491,144,996.00,341.00,26.10,67.10,0.9930,-1,-1
491,146,626.00,338.00,28.90,76.40,0.9960,-1,-1
491,149,697.00,339.00,26.80,71.50,0.9860,-1,-1
491,150,1017.00,342.00,20.80,48.30,1.0000,-1,-1
492,29,1260.00,272.00,88.90,296.00,1.0000,-1,-1
492,62,213.00,275.00,256.40,531.00,1.0000,-1,-1
492,101,915.00,336.00,48.90,147.00,0.9990,-1,-1
492,106,1143.00,328.00,61.30,145.10,1.0000,-1,-1
492,108,1124.00,333.00,33.00,92.80,0.9950,-1,-1
492,124,813.00,313.00,62.00,173.40,0.9990,-1,-1
492,132,718.00,352.00,26.40,61.20,0.9990,-1,-1
492,138,1044.00,346.00,21.50,48.80,0.9720,-1,-1
492,139,646.00,340.00,43.80,111.30,0.9990,-1,-1
492,144,998.00,344.00,27.00,64.50,0.9960,-1,-1
492,146,628.00,348.00,31.60,71.60,0.9980,-1,-1
492,149,703.00,343.00,23.60,69.40,0.9940,-1,-1
492,150,1019.00,343.00,21.30,47.40,0.9970,-1,-1
493,29,1274.00,289.00,84.30,282.80,1.0000,-1,-1
493,62,194.00,277.00,255.60,531.20,1.0000,-1,-1
493,101,918.00,324.00,54.80,150.60,0.9980,-1,-1
493,106,1142.00,329.00,60.00,147.90,0.9980,-1,-1
493,124,816.00,327.00,61.20,167.70,1.0000,-1,-1
493,132,724.00,351.00,22.90,60.60,0.9970,-1,-1
493,138,1050.00,351.00,21.60,46.90,0.9800,-1,-1
493,139,652.00,342.00,41.30,110.20,0.9990,-1,-1
493,144,1001.00,344.00,28.40,68.00,0.9970,-1,-1
493,146,623.00,348.00,32.00,75.70,0.9990,-1,-1
493,149,705.00,350.00,24.30,63.60,0.9930,-1,-1
493,150,1021.00,345.00,23.50,49.70,0.9970,-1,-1
494,29,1288.00,295.00,84.30,291.80,0.9970,-1,-1
494,62,194.00,267.00,257.70,550.00,1.0000,-1,-1
494,101,918.00,325.00,56.70,151.00,0.9950,-1,-1
494,106,1151.00,339.00,57.40,140.20,0.9990,-1,-1
494,108,1127.00,335.00,39.70,97.20,0.9610,-1,-1
494,124,822.00,320.00,60.50,171.00,0.9990,-1,-1
494,132,725.00,349.00,28.60,72.30,0.9960,-1,-1
494,138,1056.00,352.00,21.50,45.50,0.9650,-1,-1
494,139,652.00,345.00,42.00,109.60,0.9990,-1,-1
494,144,999.00,347.00,30.00,65.10,0.9990,-1,-1
494,146,625.00,346.00,32.00,74.20,0.9950,-1,-1
494,148,1254.00,304.00,75.30,270.00,0.9990,-1,-1
494,149,706.00,350.00,24.90,66.30,0.9940,-1,-1
494,150,1023.00,344.00,22.40,57.80,0.9720,-1,-1
495,29,1277.00,292.00,83.40,279.70,0.9990,-1,-1
495,62,172.00,269.00,299.00,552.10,1.0000,-1,-1
495,101,919.00,330.00,58.90,156.10,0.9980,-1,-1
495,106,1143.00,338.00,64.10,150.60,1.0000,-1,-1
495,124,820.00,319.00,63.30,181.00,1.0000,-1,-1
495,132,726.00,353.00,24.50,60.30,0.9960,-1,-1
495,138,1054.00,352.00,22.10,47.90,0.9650,-1,-1
495,139,655.00,346.00,39.40,110.80,0.9990,-1,-1
495,144,1005.00,347.00,31.30,69.70,0.9970,-1,-1
495,146,628.00,350.00,33.70,75.90,0.9930,-1,-1
495,149,711.00,349.00,22.80,66.00,0.9890,-1,-1
495,150,1029.00,349.00,20.30,51.10,0.9980,-1,-1
496,62,174.00,265.00,268.90,562.30,1.0000,-1,-1
496,101,923.00,336.00,52.50,146.50,0.9990,-1,-1
496,106,1152.00,336.00,53.50,149.20,1.0000,-1,-1
496,108,1132.00,341.00,37.30,85.90,0.9830,-1,-1
496,124,821.00,324.00,60.50,175.50,0.9990,-1,-1
496,132,729.00,352.00,26.50,65.70,0.9900,-1,-1
496,138,1055.00,350.00,22.70,50.40,0.9220,-1,-1
496,139,657.00,342.00,42.10,113.00,0.9980,-1,-1
496,144,1004.00,346.00,28.80,65.30,1.0000,-1,-1
496,146,627.00,345.00,32.10,80.90,0.9940,-1,-1
496,148,1270.00,287.00,80.70,294.60,1.0000,-1,-1
496,149,710.00,347.00,25.50,66.60,0.9820,-1,-1
496,150,1025.00,347.00,22.10,53.00,0.9490,-1,-1
497,62,161.00,274.00,269.30,569.10,1.0000,-1,-1
497,101,921.00,330.00,51.50,154.90,0.9990,-1,-1
497,106,1151.00,331.00,57.40,159.00,1.0000,-1,-1
497,108,1128.00,337.00,41.40,96.50,0.9930,-1,-1
497,124,820.00,325.00,61.60,165.70,0.9990,-1,-1
497,132,727.00,354.00,26.10,67.30,0.9980,-1,-1
497,138,1059.00,355.00,21.00,45.80,0.9270,-1,-1
497,139,656.00,345.00,42.10,110.10,0.9990,-1,-1
497,144,1004.00,353.00,30.00,65.80,1.0000,-1,-1
497,146,624.00,354.00,32.60,69.60,0.9930,-1,-1
497,148,1267.00,304.00,79.70,288.70,0.9990,-1,-1
497,149,710.00,354.00,24.90,66.10,0.9970,-1,-1
497,150,1030.00,349.00,23.20,55.00,0.9970,-1,-1
498,62,167.00,262.00,262.20,562.30,1.0000,-1,-1
498,101,924.00,330.00,47.60,151.80,0.9990,-1,-1
498,106,1149.00,335.00,62.10,150.40,1.0000,-1,-1
498,124,824.00,319.00,60.10,171.00,1.0000,-1,-1
498,132,732.00,350.00,26.30,67.60,0.9930,-1,-1
498,138,1062.00,351.00,18.70,46.50,0.9250,-1,-1
498,139,663.00,344.00,41.70,103.30,1.0000,-1,-1
498,144,1008.00,347.00,30.00,65.70,0.9990,-1,-1
498,146,625.00,347.00,30.30,70.80,0.9730,-1,-1
498,148,1272.00,302.00,78.50,285.40,1.0000,-1,-1
498,149,714.00,349.00,24.10,64.80,0.9880,-1,-1
498,150,1033.00,344.00,22.80,54.80,0.9870,-1,-1
499,29,1288.00,281.00,85.70,306.10,1.0000,-1,-1
499,62,163.00,262.00,262.90,561.00,1.0000,-1,-1
499,101,922.00,330.00,50.90,159.20,0.9980,-1,-1
499,106,1151.00,339.00,58.90,142.40,1.0000,-1,-1
499,124,824.00,325.00,62.60,167.80,0.9990,-1,-1
499,132,732.00,353.00,23.40,61.00,0.9890,-1,-1
499,138,1061.00,353.00,21.10,47.00,0.9830,-1,-1
499,139,664.00,342.00,40.90,112.10,1.0000,-1,-1
499,144,1009.00,346.00,28.20,65.50,1.0000,-1,-1
499,146,627.00,353.00,32.10,69.90,0.9970,-1,-1
499,149,715.00,346.00,23.50,65.50,0.9980,-1,-1
499,150,1033.00,345.00,22.80,55.70,0.9890,-1,-1
500,29,1286.00,277.00,94.10,308.60,1.0000,-1,-1
500,62,137.00,258.00,283.00,607.50,1.0000,-1,-1
500,101,918.00,333.00,48.00,146.60,0.9990,-1,-1
500,106,1154.00,340.00,57.70,139.40,1.0000,-1,-1
500,124,827.00,325.00,58.40,169.10,1.0000,-1,-1
500,132,736.00,349.00,23.60,64.80,0.9900,-1,-1
500,138,1060.00,350.00,22.20,50.20,0.9830,-1,-1
500,139,661.00,335.00,41.90,110.00,1.0000,-1,-1
500,144,1008.00,344.00,30.30,67.20,1.0000,-1,-1
500,146,622.00,351.00,31.00,63.70,0.9920,-1,-1
500,149,715.00,343.00,23.50,68.10,0.9950,-1,-1
500,150,1035.00,342.00,21.70,54.30,0.9990,-1,-1
501,29,1308.00,289.00,85.70,300.80,0.9980,-1,-1
501,62,144.00,280.00,281.00,550.80,1.0000,-1,-1
501,101,921.00,327.00,52.60,158.30,0.9990,-1,-1
501,106,1150.00,334.00,60.40,150.70,1.0000,-1,-1
501,124,823.00,317.00,63.30,172.20,0.9990,-1,-1
501,132,734.00,344.00,23.90,59.40,0.9930,-1,-1
501,138,1062.00,345.00,23.20,50.20,0.9610,-1,-1
501,139,671.00,334.00,37.70,117.30,1.0000,-1,-1
501,144,1010.00,342.00,27.90,66.70,0.9990,-1,-1
501,146,623.00,339.00,33.00,76.90,0.9880,-1,-1
501,148,1270.00,296.00,84.60,264.90,1.0000,-1,-1
501,149,714.00,345.00,26.30,67.60,0.9930,-1,-1
501,150,1039.00,340.00,23.80,56.50,0.9970,-1,-1
502,29,1311.00,271.00,89.40,308.60,0.9880,-1,-1
502,62,126.00,269.00,280.90,582.40,1.0000,-1,-1
502,101,920.00,324.00,52.00,152.80,0.9990,-1,-1
502,106,1145.00,332.00,67.00,147.90,1.0000,-1,-1
502,124,818.00,319.00,63.10,168.50,0.9990,-1,-1
502,132,732.00,343.00,27.40,66.70,0.9960,-1,-1
502,138,1064.00,345.00,21.30,46.40,0.9840,-1,-1
502,139,668.00,339.00,35.20,103.90,0.9990,-1,-1
502,144,1009.00,338.00,30.40,73.00,0.9990,-1,-1
502,146,622.00,345.00,33.70,68.60,0.9960,-1,-1
502,148,1273.00,295.00,85.70,267.00,1.0000,-1,-1
502,149,717.00,342.00,26.30,67.90,0.9920,-1,-1
502,150,1040.00,340.00,20.00,54.80,0.9970,-1,-1
503,62,134.00,270.00,269.10,590.50,1.0000,-1,-1
503,101,915.00,319.00,53.80,162.30,0.9950,-1,-1
503,106,1148.00,324.00,59.50,151.60,0.9990,-1,-1
503,124,820.00,307.00,68.50,174.90,1.0000,-1,-1
503,132,737.00,343.00,24.30,62.60,0.9930,-1,-1
503,138,1063.00,344.00,21.60,50.20,0.9830,-1,-1
503,139,668.00,336.00,42.40,114.80,0.9950,-1,-1
503,144,1011.00,338.00,30.00,68.40,0.9950,-1,-1
503,146,623.00,343.00,31.40,68.70,0.9930,-1,-1
503,148,1267.00,277.00,97.10,287.40,1.0000,-1,-1
503,149,716.00,341.00,25.10,64.60,0.9920,-1,-1
503,150,1036.00,340.00,22.90,55.30,0.9980,-1,-1
504,29,1308.00,279.00,79.80,311.00,0.9990,-1,-1
504,62,108.00,249.00,304.20,612.90,1.0000,-1,-1
504,101,915.00,312.00,55.00,164.80,0.9940,-1,-1
504,106,1146.00,324.00,61.20,153.10,1.0000,-1,-1
504,124,826.00,305.00,60.40,177.40,1.0000,-1,-1
504,132,735.00,341.00,27.90,62.70,0.9980,-1,-1
504,138,1068.00,342.00,22.10,49.20,0.9870,-1,-1
504,139,669.00,333.00,42.70,112.00,1.0000,-1,-1
504,144,1016.00,337.00,26.30,67.50,1.0000,-1,-1
504,146,622.00,340.00,33.20,71.40,0.9990,-1,-1
504,149,719.00,338.00,24.80,59.30,0.9650,-1,-1
504,150,1038.00,335.00,24.00,57.30,0.9990,-1,-1
505,29,1307.00,282.00,78.80,287.80,0.9990,-1,-1
505,62,93.00,244.00,320.60,617.90,1.0000,-1,-1
505,101,915.00,325.00,54.00,153.30,0.9990,-1,-1
505,106,1147.00,324.00,58.70,149.60,1.0000,-1,-1
505,124,822.00,319.00,63.90,161.20,0.9990,-1,-1
505,132,737.00,344.00,24.90,62.00,0.9950,-1,-1
505,138,1064.00,342.00,22.10,51.60,0.9750,-1,-1
505,139,674.00,334.00,40.80,108.60,1.0000,-1,-1
505,144,1012.00,340.00,28.60,63.90,1.0000,-1,-1
505,146,619.00,341.00,35.40,72.10,0.9980,-1,-1
505,149,719.00,343.00,22.30,63.40,0.9520,-1,-1
505,150,1040.00,340.00,21.30,55.40,0.9990,-1,-1
506,29,1300.00,270.00,93.20,323.40,0.9990,-1,-1
506,62,72.00,257.00,301.80,586.70,1.0000,-1,-1
506,101,913.00,319.00,54.40,156.20,0.9980,-1,-1
506,106,1146.00,329.00,63.70,143.10,1.0000,-1,-1
506,124,816.00,307.00,61.10,171.50,1.0000,-1,-1
506,132,738.00,343.00,25.40,62.10,0.9980,-1,-1
506,138,1068.00,343.00,22.70,47.10,0.9830,-1,-1
506,139,672.00,332.00,39.20,111.50,1.0000,-1,-1
506,144,1014.00,340.00,27.00,61.20,1.0000,-1,-1
506,146,621.00,338.00,35.00,74.80,0.9960,-1,-1
506,149,717.00,340.00,27.70,64.90,0.9270,-1,-1
506,150,1041.00,335.00,21.70,56.80,0.9940,-1,-1
506,151,343.00,322.00,72.20,252.10,0.9920,-1,-1
507,29,1309.00,258.00,83.80,325.10,0.9980,-1,-1
507,62,77.00,239.00,320.30,633.90,1.0000,-1,-1
507,101,914.00,326.00,55.00,137.20,0.9540,-1,-1
507,106,1145.00,312.00,61.70,160.10,0.9980,-1,-1
507,124,823.00,313.00,62.20,173.90,0.9980,-1,-1
507,132,743.00,337.00,25.30,67.60,0.9790,-1,-1
507,139,674.00,330.00,40.30,113.90,0.9720,-1,-1
507,144,1013.00,334.00,31.40,68.10,0.9990,-1,-1
507,146,621.00,337.00,29.10,66.80,0.9850,-1,-1
507,150,1038.00,334.00,22.60,55.10,0.9180,-1,-1
508,29,1325.00,257.00,95.90,347.40,0.9970,-1,-1
508,62,72.00,254.00,312.00,621.50,1.0000,-1,-1
508,101,915.00,321.00,57.10,160.50,0.9960,-1,-1
508,106,1148.00,322.00,59.90,150.70,1.0000,-1,-1
508,124,824.00,318.00,62.90,171.70,0.9990,-1,-1
508,132,741.00,344.00,27.30,65.60,0.9250,-1,-1
508,138,1073.00,339.00,23.50,52.80,0.9590,-1,-1
508,139,680.00,334.00,40.00,106.50,1.0000,-1,-1
508,144,1021.00,340.00,26.90,67.00,1.0000,-1,-1
508,146,621.00,340.00,33.60,67.50,0.9940,-1,-1
508,148,1284.00,298.00,90.50,275.30,0.9990,-1,-1
508,149,722.00,339.00,25.50,68.10,0.9950,-1,-1
508,150,1043.00,337.00,21.40,52.70,0.9980,-1,-1
509,29,1315.00,269.00,90.90,314.70,0.9990,-1,-1
509,62,61.00,227.00,309.20,667.60,1.0000,-1,-1
509,101,918.00,310.00,54.70,161.80,0.9960,-1,-1
509,106,1153.00,325.00,63.50,138.30,0.9990,-1,-1
509,124,827.00,313.00,61.80,164.90,0.9990,-1,-1
509,132,753.00,337.00,26.70,69.10,0.9690,-1,-1
509,138,1073.00,339.00,23.00,51.10,0.9470,-1,-1
509,139,683.00,333.00,38.20,106.50,0.9990,-1,-1
509,144,1024.00,334.00,28.10,69.70,1.0000,-1,-1
509,146,625.00,338.00,32.20,66.50,0.9960,-1,-1
509,149,729.00,339.00,25.90,66.20,0.9800,-1,-1
509,150,1046.00,332.00,25.50,62.40,0.9930,-1,-1
509,151,333.00,312.00,79.60,265.80,0.9920,-1,-1
510,29,1307.00,281.00,89.40,288.30,0.9990,-1,-1
510,62,40.00,230.00,333.10,674.10,1.0000,-1,-1
510,101,916.00,324.00,54.50,147.00,0.9960,-1,-1
510,106,1159.00,322.00,56.30,149.00,1.0000,-1,-1
510,124,833.00,307.00,59.90,164.20,0.9990,-1,-1
510,132,752.00,337.00,26.70,68.90,0.9960,-1,-1
510,138,1080.00,338.00,23.00,49.10,0.9730,-1,-1
510,139,685.00,329.00,41.20,111.20,0.9990,-1,-1
510,144,1025.00,333.00,30.50,67.10,1.0000,-1,-1
510,146,628.00,332.00,31.40,74.20,0.9980,-1,-1
510,149,729.00,335.00,25.50,69.50,0.9800,-1,-1
510,150,1049.00,334.00,22.60,51.50,0.9990,-1,-1
510,151,341.00,318.00,69.60,248.20,0.9850,-1,-1
511,29,1323.00,270.00,108.20,325.60,0.9990,-1,-1
511,62,34.00,244.00,335.90,669.60,1.0000,-1,-1
511,101,926.00,321.00,50.20,147.90,0.9970,-1,-1
511,106,1159.00,316.00,62.00,154.40,1.0000,-1,-1
511,124,828.00,300.00,59.50,175.60,1.0000,-1,-1
511,132,753.00,337.00,26.80,68.10,0.9860,-1,-1
511,138,1083.00,340.00,19.80,45.30,0.9780,-1,-1
511,139,695.00,331.00,40.90,110.10,1.0000,-1,-1
511,144,1027.00,331.00,28.90,69.90,0.9990,-1,-1
511,146,627.00,335.00,31.10,74.10,1.0000,-1,-1
511,149,732.00,341.00,25.10,63.70,0.9870,-1,-1
511,150,1053.00,329.00,25.40,60.20,0.9970,-1,-1
511,151,338.00,306.00,75.30,263.10,0.9920,-1,-1
512,29,1353.00,261.00,94.60,324.20,0.9990,-1,-1
512,62,41.00,256.00,341.40,650.90,1.0000,-1,-1
512,101,922.00,321.00,55.60,155.10,0.9990,-1,-1
512,106,1167.00,326.00,58.70,132.10,1.0000,-1,-1
512,124,836.00,312.00,59.00,159.10,1.0000,-1,-1
512,132,757.00,333.00,26.10,66.40,0.9900,-1,-1
512,138,1090.00,331.00,21.40,52.30,0.9610,-1,-1
512,139,698.00,328.00,38.50,108.50,0.9990,-1,-1
512,144,1033.00,329.00,26.90,65.40,0.9990,-1,-1
512,146,628.00,326.00,38.00,80.50,0.9970,-1,-1
512,148,1304.00,282.00,88.30,287.50,0.9990,-1,-1
512,149,736.00,334.00,25.00,65.40,0.9700,-1,-1
512,150,1060.00,327.00,22.70,53.50,0.9950,-1,-1
512,151,343.00,310.00,83.00,243.50,0.9710,-1,-1
513,29,1343.00,258.00,98.20,344.30,0.9990,-1,-1
513,62,15.00,245.00,347.90,667.60,1.0000,-1,-1
513,101,923.00,314.00,55.40,156.90,0.9980,-1,-1
513,106,1170.00,314.00,60.10,142.00,1.0000,-1,-1
513,124,838.00,300.00,56.40,169.20,1.0000,-1,-1
513,132,760.00,330.00,24.50,63.60,0.9940,-1,-1
513,138,1088.00,330.00,21.40,50.90,0.9610,-1,-1
513,139,702.00,325.00,39.30,103.10,1.0000,-1,-1
513,144,1035.00,327.00,28.90,66.10,0.9990,-1,-1
513,146,632.00,330.00,30.00,69.80,0.9990,-1,-1
513,148,1310.00,278.00,86.90,289.80,0.9990,-1,-1
513,149,739.00,326.00,26.50,68.80,0.9920,-1,-1
513,150,1058.00,325.00,24.50,60.30,0.9900,-1,-1
513,151,335.00,317.00,80.20,265.60,0.9950,-1,-1
514,29,1348.00,251.00,94.60,343.60,1.0000,-1,-1
514,62,13.00,234.00,337.70,679.40,1.0000,-1,-1
514,101,924.00,307.00,60.90,161.50,0.9990,-1,-1
514,106,1172.00,315.00,56.00,138.30,1.0000,-1,-1
514,124,842.00,290.00,58.70,180.40,1.0000,-1,-1
514,132,763.00,326.00,24.40,66.90,0.9940,-1,-1
514,138,1095.00,324.00,21.80,48.70,0.9770,-1,-1
514,139,700.00,316.00,40.70,107.80,0.9990,-1,-1
514,144,1041.00,321.00,26.70,64.20,0.9990,-1,-1
514,146,631.00,319.00,33.10,75.50,1.0000,-1,-1
514,149,743.00,326.00,24.00,66.60,0.9960,-1,-1
514,150,1067.00,321.00,23.80,52.10,0.9940,-1,-1
514,151,344.00,297.00,62.00,300.80,0.9850,-1,-1
515,29,1350.00,248.00,97.30,333.80,0.9990,-1,-1
515,62,14.00,237.00,341.90,661.50,1.0000,-1,-1
515,101,919.00,307.00,60.50,155.60,0.9980,-1,-1
515,106,1175.00,315.00,54.00,139.20,0.9990,-1,-1
515,124,839.00,291.00,60.90,179.80,0.9980,-1,-1
515,132,767.00,321.00,24.70,64.50,0.9960,-1,-1
515,138,1096.00,320.00,21.00,54.50,0.9670,-1,-1
515,139,707.00,317.00,34.80,102.80,1.0000,-1,-1
515,144,1040.00,319.00,27.80,63.90,1.0000,-1,-1
515,146,635.00,321.00,32.90,70.70,0.9990,-1,-1
515,149,740.00,320.00,27.10,68.00,0.9970,-1,-1
515,150,1067.00,319.00,20.10,54.30,0.9930,-1,-1
515,151,346.00,301.00,72.90,270.00,0.9930,-1,-1
516,29,1365.00,237.00,75.10,349.40,0.9990,-1,-1
516,62,12.00,230.00,333.10,689.70,1.0000,-1,-1
516,101,920.00,306.00,59.10,150.90,0.9990,-1,-1
516,106,1170.00,302.00,57.10,141.90,1.0000,-1,-1
516,124,839.00,289.00,61.40,179.90,0.9990,-1,-1
516,132,768.00,324.00,27.10,64.20,0.9930,-1,-1
516,138,1095.00,321.00,20.30,49.60,0.9620,-1,-1
516,139,707.00,312.00,36.50,106.40,1.0000,-1,-1
516,144,1040.00,320.00,26.30,61.70,0.9990,-1,-1
516,146,635.00,322.00,28.90,62.80,0.9990,-1,-1
516,148,1324.00,257.00,81.00,298.40,0.9970,-1,-1
516,149,743.00,320.00,24.10,63.10,0.9960,-1,-1
516,150,1067.00,312.00,22.80,58.50,0.9990,-1,-1
516,151,340.00,288.00,71.00,265.20,0.9820,-1,-1
517,29,1368.00,250.00,99.90,359.10,0.9940,-1,-1
517,62,8.00,230.00,345.50,697.30,1.0000,-1,-1
517,101,919.00,305.00,52.70,146.30,0.9990,-1,-1
517,106,1181.00,306.00,57.20,135.30,1.0000,-1,-1
517,124,836.00,289.00,62.80,176.10,0.9990,-1,-1
517,132,769.00,315.00,26.10,67.80,0.9980,-1,-1
517,138,1096.00,318.00,19.90,47.70,0.9750,-1,-1
517,139,710.00,311.00,36.80,110.10,0.9980,-1,-1
517,144,1042.00,316.00,28.20,62.70,1.0000,-1,-1
517,146,632.00,318.00,30.20,71.40,1.0000,-1,-1
517,148,1345.00,257.00,76.70,319.00,0.9990,-1,-1
517,149,748.00,315.00,26.20,66.00,0.9970,-1,-1
517,150,1064.00,313.00,24.20,60.00,0.9980,-1,-1
517,151,335.00,297.00,84.00,281.80,0.9940,-1,-1
518,29,1355.00,246.00,96.60,333.60,0.9990,-1,-1
518,62,-8.00,223.00,338.20,689.90,0.9990,-1,-1
518,101,916.00,303.00,57.80,155.50,0.9970,-1,-1
518,106,1172.00,299.00,64.50,150.20,0.9990,-1,-1
518,124,838.00,292.00,61.20,172.00,0.9990,-1,-1
518,132,772.00,322.00,24.10,63.10,0.9850,-1,-1
518,138,1099.00,314.00,23.00,53.70,0.9690,-1,-1
518,139,715.00,312.00,37.30,105.10,0.9980,-1,-1
518,144,1041.00,312.00,28.60,70.00,0.9990,-1,-1
518,146,628.00,315.00,34.10,75.50,0.9990,-1,-1
518,149,747.00,318.00,23.30,63.70,0.9940,-1,-1
518,150,1069.00,313.00,23.50,57.80,0.9950,-1,-1
518,151,334.00,290.00,74.20,279.40,0.9960,-1,-1
519,29,1361.00,237.00,101.40,368.10,0.9990,-1,-1
519,62,-19.00,212.00,349.40,707.40,0.9990,-1,-1
519,101,915.00,296.00,62.10,164.10,0.9990,-1,-1
519,106,1173.00,301.00,59.90,140.90,1.0000,-1,-1
519,124,845.00,285.00,58.00,176.70,0.9990,-1,-1
519,132,770.00,315.00,26.20,70.90,0.9960,-1,-1
519,138,1101.00,319.00,20.80,49.40,0.9360,-1,-1
519,139,713.00,313.00,35.80,103.80,0.9990,-1,-1
519,144,1046.00,311.00,28.20,69.00,1.0000,-1,-1
519,146,631.00,314.00,33.30,70.90,0.9990,-1,-1
519,149,749.00,316.00,25.70,66.50,0.9860,-1,-1
519,150,1069.00,311.00,23.60,58.20,0.9980,-1,-1
519,151,322.00,282.00,84.30,269.50,0.9970,-1,-1
520,29,1377.00,240.00,96.20,361.80,0.9990,-1,-1
520,62,-29.00,237.00,338.50,688.00,0.9970,-1,-1
520,101,913.00,299.00,59.40,161.10,0.9980,-1,-1
520,106,1182.00,300.00,61.50,151.30,1.0000,-1,-1
520,124,844.00,291.00,57.50,169.50,0.9990,-1,-1
520,132,766.00,318.00,27.30,68.10,0.9960,-1,-1
520,138,1100.00,317.00,20.80,52.20,0.9530,-1,-1
520,139,714.00,314.00,38.60,102.80,0.9990,-1,-1
520,144,1040.00,319.00,30.50,66.40,0.9970,-1,-1
520,146,629.00,314.00,34.70,79.40,0.9940,-1,-1
520,148,1336.00,261.00,91.30,319.50,0.9990,-1,-1
520,149,751.00,314.00,25.60,69.20,0.9950,-1,-1
520,150,1071.00,316.00,21.40,52.50,0.9990,-1,-1
520,151,315.00,285.00,99.30,272.60,0.9980,-1,-1
521,29,1369.00,246.00,86.50,362.90,1.0000,-1,-1
521,62,-34.00,235.00,355.80,715.90,0.9970,-1,-1
521,101,914.00,305.00,53.10,149.20,0.9960,-1,-1
521,106,1178.00,304.00,56.90,149.60,0.9990,-1,-1
521,124,842.00,284.00,55.60,185.60,0.9990,-1,-1
521,132,768.00,320.00,26.30,64.70,0.9980,-1,-1
521,138,1096.00,322.00,20.00,47.50,0.9470,-1,-1
521,139,713.00,313.00,40.70,110.10,0.9990,-1,-1
521,144,1045.00,316.00,26.90,69.60,0.9970,-1,-1
521,146,629.00,315.00,31.60,70.60,0.9920,-1,-1
521,149,750.00,318.00,25.30,65.90,0.9970,-1,-1
521,150,1070.00,310.00,25.30,62.70,0.9990,-1,-1
521,151,302.00,283.00,107.60,302.80,0.9520,-1,-1
521,152,331.00,306.00,60.60,257.10,0.9990,-1,-1
522,29,1377.00,254.00,89.50,334.10,0.9990,-1,-1
522,62,-50.00,221.00,349.80,747.90,0.9920,-1,-1
522,101,915.00,302.00,53.50,156.90,0.9970,-1,-1
522,106,1169.00,308.00,58.00,146.70,0.9950,-1,-1
522,124,842.00,286.00,58.00,176.70,0.9990,-1,-1
522,132,766.00,321.00,24.10,68.00,0.9820,-1,-1
522,138,1097.00,321.00,20.30,48.40,0.9120,-1,-1
522,139,708.00,309.00,40.20,107.40,0.9950,-1,-1
522,144,1045.00,315.00,27.20,66.30,0.9990,-1,-1
522,146,622.00,321.00,32.90,73.80,0.9940,-1,-1
522,148,1327.00,262.00,94.50,316.70,0.9950,-1,-1
522,149,748.00,327.00,24.70,58.70,0.9890,-1,-1
522,150,1066.00,314.00,21.90,53.50,0.9880,-1,-1
522,151,310.00,277.00,92.30,287.10,0.9970,-1,-1
523,29,1367.00,230.00,100.60,372.30,0.9990,-1,-1
523,62,-53.00,241.00,329.10,706.50,0.9870,-1,-1
523,101,910.00,301.00,53.90,157.70,1.0000,-1,-1
523,106,1169.00,308.00,52.80,147.00,1.0000,-1,-1
523,124,830.00,286.00,67.10,184.00,1.0000,-1,-1
523,132,768.00,323.00,23.40,63.70,0.9880,-1,-1
523,138,1096.00,328.00,19.30,45.80,0.9670,-1,-1
523,139,713.00,312.00,35.60,106.40,0.9970,-1,-1
523,144,1041.00,320.00,29.40,68.20,0.9990,-1,-1
523,146,618.00,319.00,32.70,74.50,0.9970,-1,-1
523,149,747.00,318.00,27.30,71.50,0.9960,-1,-1
523,150,1066.00,315.00,24.20,64.30,0.9960,-1,-1
523,151,302.00,312.00,90.10,257.50,0.9990,-1,-1
523,153,271.00,308.00,30.40,81.70,0.9790,-1,-1
524,29,1379.00,236.00,92.50,379.10,0.9980,-1,-1
524,62,-57.00,228.00,321.60,784.80,0.9600,-1,-1
524,101,899.00,300.00,59.30,159.70,0.9990,-1,-1
524,106,1163.00,299.00,63.50,159.00,1.0000,-1,-1
524,124,830.00,288.00,61.80,176.10,0.9990,-1,-1
524,132,761.00,323.00,26.60,65.90,0.9980,-1,-1
524,138,1091.00,325.00,21.90,53.50,0.9700,-1,-1
524,139,710.00,313.00,38.10,107.50,0.9970,-1,-1
524,144,1036.00,321.00,27.30,70.40,0.9980,-1,-1
524,146,612.00,327.00,30.80,62.90,0.9920,-1,-1
524,148,1335.00,273.00,92.80,310.30,0.9990,-1,-1
524,150,1067.00,323.00,22.40,49.40,0.9630,-1,-1
524,151,298.00,301.00,103.50,293.30,0.9990,-1,-1
524,153,262.00,313.00,29.30,82.00,0.9570,-1,-1
525,29,1372.00,251.00,97.20,353.00,0.9990,-1,-1
525,62,-48.00,211.00,313.20,823.20,0.9360,-1,-1
525,101,902.00,299.00,55.10,168.50,0.9990,-1,-1
525,106,1159.00,306.00,64.20,144.50,0.9990,-1,-1
525,124,827.00,291.00,70.20,180.60,0.9980,-1,-1
525,132,760.00,322.00,27.80,67.50,0.9840,-1,-1
525,138,1091.00,326.00,22.50,51.70,0.9440,-1,-1
525,139,710.00,314.00,39.90,105.70,0.9980,-1,-1
525,144,1037.00,320.00,27.50,66.30,0.9980,-1,-1
525,146,608.00,313.00,38.70,81.60,0.9930,-1,-1
525,149,741.00,323.00,27.10,68.40,0.9580,-1,-1
525,150,1064.00,320.00,20.80,52.40,0.9740,-1,-1
525,151,291.00,291.00,103.50,298.30,0.9970,-1,-1
526,29,1365.00,237.00,103.60,371.90,1.0000,-1,-1
526,101,896.00,306.00,57.30,165.30,0.9980,-1,-1
526,106,1160.00,311.00,63.80,145.80,1.0000,-1,-1
526,124,827.00,290.00,57.30,173.10,1.0000,-1,-1
526,132,758.00,322.00,24.70,69.90,0.9960,-1,-1
526,138,1091.00,323.00,21.80,52.10,0.9610,-1,-1
526,139,703.00,316.00,42.00,109.40,0.9990,-1,-1
526,144,1036.00,322.00,29.10,67.90,0.9970,-1,-1
526,146,609.00,325.00,31.00,64.90,0.9940,-1,-1
526,149,740.00,324.00,23.40,70.60,0.9890,-1,-1
526,150,1058.00,318.00,22.90,59.50,0.9920,-1,-1
526,151,275.00,292.00,112.00,286.60,0.9990,-1,-1
526,153,253.00,307.00,29.80,86.00,0.9890,-1,-1
527,29,1361.00,244.00,96.20,352.20,1.0000,-1,-1
527,101,899.00,307.00,55.80,158.00,1.0000,-1,-1
527,106,1157.00,311.00,62.10,144.10,1.0000,-1,-1
527,124,829.00,284.00,55.50,180.80,1.0000,-1,-1
527,132,755.00,326.00,26.90,66.50,0.9980,-1,-1
527,138,1085.00,320.00,22.70,51.30,0.9660,-1,-1
527,139,703.00,312.00,40.50,110.20,0.9990,-1,-1
527,144,1032.00,318.00,28.10,69.20,0.9990,-1,-1
527,146,600.00,316.00,34.00,79.40,0.9970,-1,-1
527,149,735.00,323.00,26.10,66.10,0.9970,-1,-1
527,150,1062.00,322.00,20.20,54.10,0.9950,-1,-1
527,151,281.00,294.00,101.30,287.10,1.0000,-1,-1
528,29,1363.00,233.00,111.30,384.40,0.9990,-1,-1
528,101,888.00,305.00,58.10,157.70,0.9990,-1,-1
528,106,1149.00,306.00,56.50,141.00,1.0000,-1,-1
528,124,812.00,291.00,60.90,174.60,1.0000,-1,-1
528,132,749.00,319.00,26.80,65.80,0.9960,-1,-1
528,138,1079.00,318.00,20.40,48.00,0.9630,-1,-1
528,139,697.00,308.00,38.40,111.80,0.9980,-1,-1
528,144,1022.00,318.00,28.10,65.00,1.0000,-1,-1
528,146,594.00,314.00,35.50,77.00,0.9630,-1,-1
528,148,1323.00,239.00,102.30,335.50,0.9990,-1,-1
528,149,729.00,318.00,24.70,67.60,0.9630,-1,-1
528,150,1053.00,311.00,22.40,61.50,0.9890,-1,-1
528,151,263.00,289.00,106.60,290.10,0.9990,-1,-1
529,29,1375.00,229.00,97.10,374.80,0.9990,-1,-1
529,101,883.00,307.00,55.70,161.50,1.0000,-1,-1
529,106,1145.00,300.00,59.50,147.70,0.9990,-1,-1
529,124,803.00,290.00,63.80,168.60,1.0000,-1,-1
529,132,746.00,319.00,23.90,64.70,0.9960,-1,-1
529,138,1073.00,314.00,21.80,51.70,0.9790,-1,-1
529,139,696.00,310.00,39.00,108.70,1.0000,-1,-1
529,144,1019.00,315.00,27.90,64.30,0.9990,-1,-1
529,146,583.00,299.00,36.90,82.30,0.9340,-1,-1
529,148,1329.00,258.00,97.10,315.50,0.9990,-1,-1
529,149,723.00,314.00,27.50,71.20,0.9780,-1,-1
529,150,1047.00,309.00,25.40,64.10,0.9650,-1,-1
529,151,242.00,277.00,128.10,300.80,0.9990,-1,-1
530,29,1355.00,229.00,107.00,390.30,0.9990,-1,-1
530,101,878.00,299.00,57.50,161.70,1.0000,-1,-1
530,106,1141.00,296.00,54.70,141.80,1.0000,-1,-1
530,124,802.00,292.00,61.40,170.90,1.0000,-1,-1
530,132,742.00,323.00,23.90,56.30,0.9890,-1,-1
530,138,1069.00,314.00,23.20,53.70,0.9740,-1,-1
530,139,692.00,307.00,40.50,109.50,0.9970,-1,-1
530,144,1012.00,308.00,32.60,73.00,1.0000,-1,-1
530,146,585.00,305.00,33.30,76.80,0.9210,-1,-1
530,148,1317.00,267.00,94.40,329.40,0.9990,-1,-1
530,150,1045.00,306.00,25.30,65.00,0.9960,-1,-1
530,151,234.00,304.00,113.10,281.00,1.0000,-1,-1
531,29,1356.00,217.00,117.60,406.30,1.0000,-1,-1
531,101,878.00,307.00,52.60,147.70,1.0000,-1,-1
531,106,1134.00,299.00,58.00,140.20,1.0000,-1,-1
531,124,792.00,291.00,61.40,163.20,1.0000,-1,-1
531,132,737.00,319.00,22.90,63.60,0.9890,-1,-1
531,138,1067.00,314.00,24.00,53.20,0.9680,-1,-1
531,139,689.00,308.00,42.40,109.30,1.0000,-1,-1
531,144,1011.00,308.00,28.20,68.70,0.9980,-1,-1
531,146,583.00,305.00,33.50,80.90,0.9030,-1,-1
531,150,1041.00,306.00,22.20,60.10,0.9960,-1,-1
531,151,235.00,288.00,117.80,281.60,0.9990,-1,-1
531,154,657.00,307.00,21.30,42.60,0.9450,-1,-1
532,29,1368.00,223.00,107.80,403.20,1.0000,-1,-1
532,101,874.00,299.00,50.40,154.50,0.9990,-1,-1
532,106,1134.00,293.00,60.30,151.80,0.9990,-1,-1
532,124,788.00,290.00,61.30,173.60,1.0000,-1,-1
532,132,734.00,318.00,25.70,62.50,0.9950,-1,-1
532,138,1063.00,318.00,21.10,50.00,0.9690,-1,-1
532,139,688.00,310.00,36.50,106.50,0.9980,-1,-1
532,144,1006.00,313.00,30.40,71.20,1.0000,-1,-1
532,148,1319.00,245.00,96.70,326.10,0.9990,-1,-1
532,150,1039.00,308.00,23.10,61.10,0.9820,-1,-1
532,151,226.00,292.00,109.00,292.10,0.9980,-1,-1
533,29,1346.00,221.00,104.70,389.30,1.0000,-1,-1
533,101,865.00,306.00,58.80,154.20,1.0000,-1,-1
533,106,1131.00,296.00,61.20,151.20,0.9990,-1,-1
533,124,785.00,285.00,62.30,173.20,0.9990,-1,-1
533,132,728.00,318.00,26.80,65.70,0.9980,-1,-1
533,138,1057.00,316.00,24.00,55.50,0.9920,-1,-1
533,139,685.00,314.00,40.40,106.90,1.0000,-1,-1
533,144,1006.00,313.00,29.20,66.40,0.9990,-1,-1
533,150,1033.00,308.00,23.30,61.90,0.9960,-1,-1
533,151,210.00,294.00,98.60,295.90,0.9990,-1,-1
534,29,1349.00,230.00,113.70,379.10,1.0000,-1,-1
534,101,869.00,305.00,47.20,141.40,0.9990,-1,-1
534,106,1126.00,301.00,59.40,144.90,0.9980,-1,-1
534,108,1155.00,295.00,47.20,104.80,0.9980,-1,-1
534,124,781.00,292.00,59.80,171.40,0.9990,-1,-1
534,138,1057.00,314.00,21.90,50.70,0.9510,-1,-1
534,139,681.00,307.00,40.60,109.60,0.9970,-1,-1
534,144,1003.00,309.00,30.50,70.30,1.0000,-1,-1
534,150,1033.00,313.00,20.40,56.80,0.9670,-1,-1
534,151,208.00,302.00,109.00,279.00,0.9990,-1,-1
535,29,1365.00,223.00,100.10,394.90,0.9990,-1,-1
535,101,862.00,303.00,57.50,146.60,0.9980,-1,-1
535,106,1123.00,301.00,56.60,143.10,0.9980,-1,-1
535,124,773.00,289.00,58.90,170.90,0.9990,-1,-1
535,132,725.00,323.00,22.10,62.90,0.9970,-1,-1
535,138,1053.00,319.00,21.10,51.10,0.9920,-1,-1
535,139,677.00,311.00,38.90,107.10,1.0000,-1,-1
535,144,1000.00,309.00,31.80,69.70,0.9930,-1,-1
535,148,1305.00,236.00,109.40,344.70,0.9980,-1,-1
535,150,1034.00,313.00,20.90,49.60,0.9430,-1,-1
535,151,190.00,282.00,99.00,277.00,0.9990,-1,-1
536,29,1366.00,220.00,104.00,400.90,1.0000,-1,-1
536,101,860.00,289.00,58.40,171.10,0.9990,-1,-1
536,106,1127.00,299.00,56.70,141.00,0.9980,-1,-1
536,124,776.00,287.00,59.70,167.30,0.9990,-1,-1
536,132,726.00,314.00,27.30,70.20,0.9560,-1,-1
536,138,1053.00,313.00,24.10,52.20,0.9610,-1,-1
536,139,682.00,309.00,40.90,108.30,0.9990,-1,-1
536,144,1002.00,308.00,31.60,65.90,0.9980,-1,-1
536,148,1314.00,247.00,89.40,336.80,0.9900,-1,-1
536,150,1029.00,313.00,22.10,52.50,0.9890,-1,-1
536,151,177.00,273.00,110.10,305.80,0.9980,-1,-1
537,29,1369.00,233.00,100.40,387.70,0.9990,-1,-1
537,101,860.00,296.00,58.00,160.50,0.9990,-1,-1
537,106,1124.00,298.00,58.70,144.30,0.9970,-1,-1
537,124,779.00,285.00,63.30,175.20,1.0000,-1,-1
537,132,725.00,315.00,27.50,71.90,0.9930,-1,-1
537,138,1056.00,314.00,21.90,52.50,0.9910,-1,-1
537,139,684.00,310.00,39.50,106.00,1.0000,-1,-1
537,144,1003.00,309.00,30.20,68.50,1.0000,-1,-1
537,148,1328.00,253.00,94.80,320.40,0.9990,-1,-1
537,150,1029.00,308.00,23.40,63.80,0.9890,-1,-1
537,151,170.00,300.00,104.00,289.50,0.9990,-1,-1
538,29,1372.00,215.00,101.60,420.30,0.9930,-1,-1
538,101,860.00,299.00,49.80,151.30,1.0000,-1,-1
538,106,1125.00,289.00,56.10,144.00,0.9980,-1,-1
538,108,1157.00,301.00,46.00,105.40,0.9990,-1,-1
538,124,768.00,270.00,64.30,186.60,0.9980,-1,-1
538,132,725.00,308.00,26.20,70.40,0.9760,-1,-1
538,138,1054.00,310.00,23.50,52.50,0.9720,-1,-1
538,139,684.00,300.00,36.00,112.50,0.9980,-1,-1
538,144,994.00,305.00,29.70,67.20,0.9980,-1,-1
538,148,1322.00,236.00,108.80,351.40,0.9990,-1,-1
538,150,1033.00,305.00,21.30,58.30,0.9910,-1,-1
538,151,171.00,275.00,105.20,326.10,0.9980,-1,-1
539,29,1377.00,206.00,89.50,415.20,0.9990,-1,-1
539,101,855.00,292.00,58.00,157.10,1.0000,-1,-1
539,106,1125.00,303.00,51.30,134.00,0.9990,-1,-1
539,108,1159.00,296.00,44.60,110.90,0.9980,-1,-1
539,124,771.00,277.00,59.20,177.30,0.9990,-1,-1
539,132,726.00,310.00,26.00,67.50,0.9790,-1,-1
539,138,1055.00,307.00,22.90,53.00,0.9690,-1,-1
539,139,683.00,301.00,42.40,107.50,1.0000,-1,-1
539,144,1000.00,302.00,30.30,71.50,0.9980,-1,-1
539,148,1326.00,234.00,91.20,356.80,0.9990,-1,-1
539,150,1033.00,305.00,19.70,56.10,0.9970,-1,-1
539,151,167.00,290.00,107.80,295.40,0.9970,-1,-1
539,155,641.00,302.00,19.90,42.40,0.9710,-1,-1
540,29,1386.00,205.00,110.20,425.90,0.9990,-1,-1
540,101,854.00,288.00,56.30,162.50,1.0000,-1,-1
540,106,1114.00,286.00,62.90,154.10,0.9990,-1,-1
540,108,1156.00,295.00,45.50,102.50,0.9870,-1,-1
540,124,770.00,275.00,64.20,180.90,0.9990,-1,-1
540,132,729.00,310.00,24.70,65.00,0.9900,-1,-1
540,138,1054.00,306.00,23.20,54.10,0.9760,-1,-1
540,139,684.00,296.00,42.10,113.40,1.0000,-1,-1
540,144,1002.00,300.00,30.80,71.50,0.9990,-1,-1
540,148,1339.00,226.00,95.90,352.40,0.9990,-1,-1
540,150,1031.00,301.00,20.90,56.90,0.9980,-1,-1
540,151,162.00,293.00,94.90,303.60,0.9990,-1,-1
540,155,641.00,302.00,21.70,46.70,0.9620,-1,-1
541,29,1375.00,208.00,97.80,400.70,0.9990,-1,-1
541,101,851.00,289.00,58.40,155.10,1.0000,-1,-1
541,106,1120.00,280.00,62.40,148.60,0.9990,-1,-1
541,108,1161.00,294.00,45.10,110.30,0.9970,-1,-1
541,124,772.00,275.00,57.30,167.80,1.0000,-1,-1
541,132,726.00,308.00,24.60,66.70,0.9880,-1,-1
541,138,1053.00,301.00,24.00,55.30,0.9840,-1,-1
541,139,682.00,294.00,40.20,111.90,0.9980,-1,-1
541,144,1001.00,298.00,28.40,71.10,0.9980,-1,-1
541,148,1323.00,236.00,87.50,344.50,0.9870,-1,-1
541,150,1033.00,298.00,21.20,60.80,0.9960,-1,-1
541,151,156.00,285.00,98.20,306.80,0.9990,-1,-1
541,155,643.00,299.00,23.40,47.90,0.9500,-1,-1
542,29,1368.00,205.00,110.60,422.40,0.9990,-1,-1
542,101,855.00,286.00,56.40,156.00,1.0000,-1,-1
542,106,1128.00,276.00,58.60,152.50,0.9990,-1,-1
542,108,1164.00,281.00,47.70,115.20,0.9780,-1,-1
542,124,773.00,274.00,61.00,165.70,1.0000,-1,-1
542,132,729.00,303.00,26.30,67.80,0.9790,-1,-1
542,138,1054.00,301.00,23.50,53.30,0.9850,-1,-1
542,139,685.00,295.00,40.70,109.00,1.0000,-1,-1
542,144,1001.00,299.00,27.70,68.80,0.9990,-1,-1
542,150,1034.00,291.00,20.30,63.80,0.9990,-1,-1
542,151,163.00,282.00,102.00,302.30,0.9990,-1,-1
542,155,640.00,294.00,23.20,48.50,0.9550,-1,-1
542,156,900.00,313.00,43.90,102.40,0.9860,-1,-1
543,29,1371.00,206.00,113.30,416.20,1.0000,-1,-1
543,101,851.00,278.00,57.80,155.10,1.0000,-1,-1
543,106,1119.00,284.00,55.70,133.40,0.9990,-1,-1
543,108,1161.00,283.00,46.70,106.10,0.9970,-1,-1
543,124,760.00,268.00,63.20,168.50,1.0000,-1,-1
543,132,727.00,297.00,27.60,68.80,0.9370,-1,-1
543,138,1054.00,293.00,23.80,54.20,0.9850,-1,-1
543,139,685.00,287.00,41.30,113.90,0.9980,-1,-1
543,144,1001.00,295.00,28.30,68.20,0.9990,-1,-1
543,150,1031.00,289.00,25.50,62.10,0.9980,-1,-1
543,151,139.00,259.00,108.40,336.40,0.9990,-1,-1
543,155,640.00,289.00,22.10,48.60,0.9490,-1,-1
543,157,612.00,296.00,20.80,49.50,0.9580,-1,-1
543,158,593.00,292.00,25.20,54.20,0.9450,-1,-1
544,29,1389.00,192.00,109.20,425.10,1.0000,-1,-1
544,101,846.00,277.00,58.00,162.00,0.9990,-1,-1
544,106,1124.00,287.00,56.70,140.80,0.9990,-1,-1
544,108,1160.00,277.00,47.90,113.80,0.9960,-1,-1
544,124,766.00,266.00,61.30,171.60,1.0000,-1,-1
544,132,726.00,298.00,25.80,67.60,0.9830,-1,-1
544,138,1051.00,286.00,26.10,65.10,0.9770,-1,-1
544,139,681.00,284.00,42.10,110.70,0.9980,-1,-1
544,144,999.00,290.00,29.20,70.60,0.9990,-1,-1
544,148,1338.00,214.00,95.60,354.10,0.9990,-1,-1
544,150,1030.00,290.00,20.80,58.60,0.9960,-1,-1
544,151,133.00,256.00,104.40,332.20,0.9990,-1,-1
544,155,640.00,288.00,20.90,45.90,0.9780,-1,-1
544,157,611.00,293.00,22.20,48.40,0.9590,-1,-1
544,158,594.00,292.00,25.10,57.10,0.9630,-1,-1
545,29,1374.00,203.00,110.80,414.10,1.0000,-1,-1
545,101,842.00,282.00,59.00,154.60,1.0000,-1,-1
545,106,1115.00,279.00,58.60,137.30,1.0000,-1,-1
545,108,1156.00,271.00,56.10,116.40,0.9970,-1,-1
545,124,767.00,270.00,64.40,168.50,1.0000,-1,-1
545,132,729.00,294.00,26.70,69.30,0.9860,-1,-1
545,138,1052.00,285.00,27.00,64.50,0.9560,-1,-1
545,139,687.00,284.00,41.50,118.60,0.9970,-1,-1
545,144,1000.00,286.00,32.10,69.90,0.9980,-1,-1
545,150,1029.00,286.00,21.40,62.10,0.9920,-1,-1
545,151,126.00,261.00,98.40,336.40,1.0000,-1,-1
545,155,639.00,287.00,22.00,48.00,0.9830,-1,-1
545,157,612.00,291.00,21.60,53.70,0.9750,-1,-1
545,158,593.00,286.00,26.70,58.10,0.9600,-1,-1
545,159,210.00,287.00,36.00,88.70,0.9990,-1,-1
546,29,1381.00,215.00,102.60,397.10,0.9990,-1,-1
546,101,841.00,278.00,59.70,162.80,1.0000,-1,-1
546,106,1116.00,278.00,58.70,147.10,1.0000,-1,-1
546,108,1165.00,275.00,46.50,117.50,1.0000,-1,-1
546,124,766.00,268.00,64.20,171.30,1.0000,-1,-1
546,132,726.00,295.00,28.00,68.20,0.9880,-1,-1
546,138,1054.00,286.00,24.50,60.90,0.9340,-1,-1
546,139,683.00,285.00,44.90,117.00,0.9990,-1,-1
546,144,997.00,285.00,30.30,71.30,0.9990,-1,-1
546,150,1033.00,287.00,20.10,60.10,0.9990,-1,-1
546,151,120.00,257.00,100.50,325.10,1.0000,-1,-1
546,155,639.00,287.00,21.50,46.90,0.9810,-1,-1
546,157,612.00,290.00,21.90,55.30,0.9820,-1,-1
546,158,596.00,288.00,24.40,53.80,0.9780,-1,-1
546,159,212.00,292.00,32.00,89.00,0.9510,-1,-1
547,29,1396.00,193.00,117.20,413.00,0.9990,-1,-1
547,101,841.00,279.00,56.50,158.50,1.0000,-1,-1
547,106,1113.00,281.00,61.80,146.30,1.0000,-1,-1
547,108,1157.00,277.00,53.00,112.50,0.9990,-1,-1
547,124,763.00,261.00,65.60,180.50,1.0000,-1,-1
547,132,727.00,298.00,26.50,63.70,0.9950,-1,-1
547,138,1056.00,291.00,24.10,60.20,0.9740,-1,-1
547,139,687.00,291.00,40.70,111.60,0.9990,-1,-1
547,144,1000.00,289.00,31.00,66.50,0.9980,-1,-1
547,148,1340.00,230.00,105.00,354.10,0.9980,-1,-1
547,150,1033.00,286.00,20.90,59.90,0.9940,-1,-1
547,151,111.00,262.00,104.10,349.70,0.9990,-1,-1
547,155,638.00,290.00,21.60,47.80,0.9760,-1,-1
547,157,613.00,295.00,23.20,51.20,0.9660,-1,-1
547,158,594.00,290.00,24.30,53.70,0.9880,-1,-1
547,159,211.00,286.00,35.20,92.80,0.9740,-1,-1
548,29,1400.00,201.00,114.30,420.10,0.9990,-1,-1
548,101,839.00,275.00,58.70,166.50,1.0000,-1,-1
548,106,1122.00,288.00,51.90,136.20,0.9990,-1,-1
548,108,1159.00,281.00,53.30,111.50,0.9990,-1,-1
548,124,760.00,268.00,69.20,181.00,1.0000,-1,-1
548,132,725.00,296.00,26.60,71.20,0.9950,-1,-1
548,138,1056.00,293.00,24.90,55.50,0.9910,-1,-1
548,139,685.00,291.00,42.80,114.70,0.9980,-1,-1
548,144,1000.00,294.00,29.80,67.50,0.9980,-1,-1
548,148,1340.00,222.00,104.80,365.80,0.9980,-1,-1
548,150,1031.00,290.00,22.30,60.30,0.9960,-1,-1
548,151,113.00,272.00,98.10,325.80,0.9990,-1,-1
548,155,638.00,295.00,21.60,47.00,0.9470,-1,-1
548,157,610.00,299.00,21.50,45.50,0.9800,-1,-1
548,158,594.00,294.00,25.10,54.20,0.9840,-1,-1
548,159,204.00,295.00,31.00,78.40,0.9940,-1,-1
549,29,1403.00,204.00,113.80,426.10,0.9990,-1,-1
549,101,836.00,285.00,59.40,155.80,1.0000,-1,-1
549,106,1112.00,288.00,54.00,141.50,0.9960,-1,-1
549,108,1165.00,278.00,46.70,111.00,0.9990,-1,-1
549,124,762.00,259.00,63.80,187.20,1.0000,-1,-1
549,138,1055.00,297.00,23.80,56.20,0.9440,-1,-1
549,139,686.00,290.00,41.50,108.70,0.9960,-1,-1
549,144,996.00,291.00,31.10,69.90,0.9940,-1,-1
549,148,1351.00,199.00,106.30,389.30,0.9990,-1,-1
549,150,1030.00,288.00,23.40,63.60,0.9930,-1,-1
549,151,108.00,259.00,113.00,360.00,0.9990,-1,-1
549,155,637.00,298.00,22.00,43.80,0.9560,-1,-1
549,157,609.00,294.00,24.10,54.90,0.9780,-1,-1
549,158,589.00,297.00,26.30,55.00,0.9820,-1,-1
550,29,1399.00,217.00,114.80,430.20,0.9990,-1,-1
550,101,834.00,275.00,59.90,164.80,1.0000,-1,-1
550,106,1115.00,273.00,54.70,148.70,0.9990,-1,-1
550,108,1169.00,282.00,48.80,113.10,0.9990,-1,-1
550,124,767.00,268.00,57.10,172.70,1.0000,-1,-1
550,138,1060.00,295.00,24.70,56.80,0.9710,-1,-1
550,139,686.00,291.00,43.10,115.90,0.9980,-1,-1
550,144,1002.00,295.00,28.40,71.80,0.9990,-1,-1
550,148,1356.00,225.00,98.70,350.60,0.9990,-1,-1
550,150,1034.00,295.00,21.90,61.20,0.9930,-1,-1
550,151,100.00,285.00,102.90,325.70,0.9990,-1,-1
550,155,638.00,294.00,24.20,52.10,0.9910,-1,-1
550,157,613.00,296.00,22.70,53.70,0.9870,-1,-1
550,158,596.00,295.00,24.50,54.60,0.9850,-1,-1
550,159,204.00,289.00,32.10,84.80,0.9960,-1,-1
551,29,1412.00,190.00,108.20,447.60,1.0000,-1,-1
551,101,837.00,280.00,60.40,147.70,1.0000,-1,-1
551,106,1123.00,283.00,51.80,143.90,1.0000,-1,-1
551,108,1166.00,278.00,54.10,117.00,0.9980,-1,-1
551,124,767.00,268.00,58.10,179.20,0.9990,-1,-1
551,132,731.00,301.00,24.90,66.60,0.9130,-1,-1
551,138,1059.00,294.00,24.10,55.90,0.9530,-1,-1
551,139,687.00,286.00,43.60,119.90,0.9990,-1,-1
551,144,1000.00,291.00,32.80,73.10,0.9980,-1,-1
551,148,1350.00,224.00,111.50,366.70,0.9990,-1,-1
551,150,1034.00,293.00,21.00,61.80,0.9850,-1,-1
551,151,93.00,274.00,105.60,338.80,1.0000,-1,-1
551,155,634.00,297.00,20.10,43.60,0.9470,-1,-1
551,157,610.00,298.00,21.10,47.00,0.9820,-1,-1
551,158,596.00,294.00,27.10,54.50,0.9750,-1,-1
551,159,201.00,293.00,33.20,89.90,0.9770,-1,-1
552,29,1418.00,199.00,123.40,426.60,0.9990,-1,-1
552,101,840.00,286.00,56.20,157.70,1.0000,-1,-1
552,106,1123.00,286.00,52.20,136.00,0.9990,-1,-1
552,108,1171.00,275.00,52.70,127.90,0.9980,-1,-1
552,124,767.00,268.00,62.40,174.20,1.0000,-1,-1
552,138,1057.00,299.00,23.00,54.30,0.9330,-1,-1
552,139,689.00,294.00,43.70,112.40,1.0000,-1,-1
552,144,998.00,295.00,28.70,67.30,0.9990,-1,-1
552,148,1368.00,216.00,95.20,379.40,0.9990,-1,-1
552,150,1030.00,296.00,22.50,56.20,0.9760,-1,-1
552,151,81.00,256.00,124.60,390.40,0.9990,-1,-1
552,155,640.00,296.00,22.30,49.90,0.9800,-1,-1
552,157,612.00,302.00,20.60,48.50,0.9830,-1,-1
552,158,591.00,299.00,24.90,51.10,0.9610,-1,-1
552,159,196.00,297.00,32.70,83.60,0.9970,-1,-1
553,29,1412.00,199.00,125.20,435.60,0.9990,-1,-1
553,101,834.00,286.00,54.30,153.90,1.0000,-1,-1
553,106,1118.00,284.00,56.50,140.00,1.0000,-1,-1
553,108,1163.00,275.00,56.10,122.10,1.0000,-1,-1
553,124,764.00,273.00,56.60,165.00,0.9990,-1,-1
553,132,724.00,301.00,26.10,62.90,0.9820,-1,-1
553,138,1057.00,293.00,25.40,58.00,0.9670,-1,-1
553,139,686.00,289.00,41.80,117.40,1.0000,-1,-1
553,144,994.00,296.00,30.50,67.60,0.9990,-1,-1
553,148,1355.00,231.00,112.70,376.80,0.9940,-1,-1
553,150,1030.00,292.00,22.80,56.10,0.9880,-1,-1
553,151,73.00,264.00,93.80,356.80,0.9990,-1,-1
553,155,632.00,297.00,21.60,45.20,0.9780,-1,-1
553,157,608.00,295.00,24.70,56.60,0.9920,-1,-1
553,158,587.00,295.00,26.80,54.60,0.9960,-1,-1
553,159,189.00,292.00,33.30,91.80,0.9960,-1,-1
554,29,1414.00,190.00,121.70,448.20,0.9990,-1,-1
554,101,837.00,286.00,51.30,151.70,1.0000,-1,-1
554,106,1116.00,279.00,59.00,144.70,1.0000,-1,-1
554,108,1171.00,276.00,51.90,126.90,0.9960,-1,-1
554,124,758.00,264.00,62.00,173.70,1.0000,-1,-1
554,132,725.00,302.00,26.40,60.70,0.9470,-1,-1
554,138,1054.00,292.00,24.00,56.20,0.9650,-1,-1
554,139,685.00,287.00,40.90,116.50,1.0000,-1,-1
554,144,995.00,292.00,28.60,67.20,0.9990,-1,-1
554,148,1362.00,233.00,110.20,360.90,0.9990,-1,-1
554,150,1032.00,287.00,21.70,61.20,0.9760,-1,-1
554,151,66.00,260.00,107.80,379.20,0.9990,-1,-1
554,155,635.00,289.00,21.40,46.80,0.9830,-1,-1
554,157,606.00,297.00,24.50,53.80,0.9860,-1,-1
554,158,591.00,293.00,26.50,57.00,0.9970,-1,-1
554,159,185.00,296.00,36.50,83.70,0.9970,-1,-1
555,29,1430.00,202.00,121.30,440.40,0.9990,-1,-1
555,101,831.00,270.00,56.30,174.40,1.0000,-1,-1
555,106,1116.00,281.00,59.90,146.90,1.0000,-1,-1
555,108,1168.00,272.00,52.70,119.90,0.9980,-1,-1
555,124,756.00,270.00,62.10,168.10,1.0000,-1,-1
555,132,727.00,297.00,28.40,62.90,0.9350,-1,-1
555,138,1057.00,294.00,24.40,55.40,0.9650,-1,-1
555,139,689.00,289.00,41.70,114.10,1.0000,-1,-1
555,144,995.00,291.00,29.70,70.10,0.9990,-1,-1
555,148,1367.00,208.00,107.40,402.30,0.9980,-1,-1
555,150,1033.00,285.00,22.40,63.10,0.9880,-1,-1
555,151,52.00,283.00,115.80,361.70,0.9990,-1,-1
555,155,636.00,287.00,23.60,53.00,0.9920,-1,-1
555,157,606.00,297.00,23.80,52.40,0.9730,-1,-1
555,158,590.00,292.00,25.80,54.30,0.9940,-1,-1
555,159,183.00,285.00,36.40,103.00,0.9980,-1,-1
556,29,1434.00,203.00,113.40,448.80,0.9990,-1,-1
556,101,834.00,270.00,52.60,162.70,0.9990,-1,-1
556,106,1113.00,269.00,58.50,156.80,0.9990,-1,-1
556,108,1166.00,274.00,52.60,113.10,0.9970,-1,-1
556,124,756.00,267.00,61.90,170.70,1.0000,-1,-1
556,132,726.00,298.00,25.60,59.80,0.9170,-1,-1
556,138,1054.00,292.00,23.70,58.90,0.9560,-1,-1
556,139,684.00,284.00,43.70,114.70,1.0000,-1,-1
556,144,999.00,282.00,28.90,71.70,0.9990,-1,-1
556,148,1369.00,209.00,117.50,398.80,0.9980,-1,-1
556,150,1030.00,283.00,22.40,62.10,0.9870,-1,-1
556,151,50.00,268.00,115.80,374.70,0.9990,-1,-1
556,155,637.00,291.00,19.40,40.20,0.9480,-1,-1
556,157,603.00,294.00,21.10,51.80,0.9880,-1,-1
556,158,588.00,293.00,25.60,55.50,0.9760,-1,-1
556,159,179.00,290.00,37.20,100.20,1.0000,-1,-1
557,29,1424.00,204.00,122.90,436.80,0.9990,-1,-1
557,101,834.00,278.00,53.40,150.80,0.9990,-1,-1
557,106,1104.00,282.00,57.80,141.40,1.0000,-1,-1
557,108,1168.00,268.00,55.60,115.00,0.9960,-1,-1
557,124,750.00,265.00,61.00,175.80,1.0000,-1,-1
557,132,723.00,295.00,27.50,64.10,0.9070,-1,-1
557,138,1055.00,293.00,22.00,51.00,0.9790,-1,-1
557,139,685.00,286.00,41.30,114.60,1.0000,-1,-1
557,144,992.00,290.00,28.70,64.90,1.0000,-1,-1
557,148,1363.00,194.00,112.90,403.60,0.9980,-1,-1
557,150,1028.00,288.00,22.50,56.30,0.9590,-1,-1
557,151,32.00,255.00,110.50,369.80,0.9970,-1,-1
557,155,627.00,291.00,22.00,48.10,0.9720,-1,-1
557,157,603.00,295.00,20.60,47.70,0.9710,-1,-1
557,158,585.00,293.00,23.70,50.20,0.9900,-1,-1
557,159,173.00,286.00,39.00,103.10,1.0000,-1,-1
558,29,1437.00,174.00,127.50,487.10,0.9990,-1,-1
558,101,831.00,278.00,53.60,153.80,1.0000,-1,-1
558,106,1111.00,278.00,57.30,137.70,1.0000,-1,-1
558,108,1167.00,262.00,54.00,125.80,0.9980,-1,-1
558,124,752.00,262.00,62.40,177.00,1.0000,-1,-1
558,132,720.00,293.00,27.50,68.80,0.9350,-1,-1
558,138,1053.00,286.00,24.40,60.60,0.9640,-1,-1
558,139,683.00,286.00,44.00,109.70,1.0000,-1,-1
558,144,990.00,283.00,31.20,68.90,1.0000,-1,-1
558,148,1381.00,182.00,107.90,424.50,0.9980,-1,-1
558,150,1029.00,285.00,21.10,59.20,0.9790,-1,-1
558,151,31.00,265.00,113.60,378.90,0.9990,-1,-1
558,155,626.00,287.00,21.50,47.50,0.9740,-1,-1
558,157,602.00,294.00,23.20,49.70,0.9840,-1,-1
558,158,580.00,292.00,24.20,48.80,0.9880,-1,-1
558,159,169.00,290.00,35.50,91.40,0.9990,-1,-1
559,29,1435.00,196.00,125.70,455.70,0.9990,-1,-1
559,101,828.00,277.00,56.90,164.20,0.9990,-1,-1
559,106,1111.00,281.00,54.60,136.00,1.0000,-1,-1
559,108,1165.00,273.00,62.80,119.30,0.9990,-1,-1
559,124,747.00,267.00,61.90,174.70,0.9990,-1,-1
559,132,721.00,301.00,29.30,65.80,0.9300,-1,-1
559,138,1050.00,289.00,25.40,56.70,0.9840,-1,-1
559,139,683.00,284.00,45.70,115.90,1.0000,-1,-1
559,144,993.00,286.00,29.60,71.30,1.0000,-1,-1
559,148,1376.00,200.00,116.00,402.60,0.9990,-1,-1
559,150,1026.00,290.00,22.50,57.50,0.9840,-1,-1
559,151,38.00,263.00,103.30,364.50,0.9980,-1,-1
559,155,629.00,289.00,22.20,49.40,0.9870,-1,-1
559,156,887.00,304.00,49.40,106.00,0.9980,-1,-1
559,157,598.00,295.00,24.00,52.10,0.9950,-1,-1
559,158,578.00,291.00,28.40,57.50,0.9950,-1,-1
559,159,164.00,292.00,39.20,96.30,0.9990,-1,-1
560,29,1429.00,180.00,131.50,477.90,1.0000,-1,-1
560,101,823.00,287.00,51.80,156.00,1.0000,-1,-1
560,106,1112.00,274.00,56.80,145.30,0.9990,-1,-1
560,108,1172.00,281.00,50.10,113.90,0.9980,-1,-1
560,124,743.00,267.00,61.80,173.70,1.0000,-1,-1
560,138,1050.00,292.00,25.20,57.40,0.9680,-1,-1
560,139,685.00,289.00,41.60,116.40,1.0000,-1,-1
560,144,993.00,291.00,29.70,69.10,0.9990,-1,-1
560,148,1372.00,199.00,112.20,439.40,0.9980,-1,-1
560,150,1029.00,294.00,20.40,57.40,0.9720,-1,-1
560,151,13.00,262.00,110.60,386.00,0.9950,-1,-1
560,155,624.00,293.00,23.70,48.20,0.9850,-1,-1
560,156,888.00,302.00,48.20,107.70,0.9980,-1,-1
560,157,601.00,299.00,21.40,49.70,0.9810,-1,-1
560,158,579.00,299.00,25.30,47.90,0.9920,-1,-1
560,159,163.00,292.00,40.40,99.30,0.9980,-1,-1
561,29,1450.00,175.00,126.80,475.30,0.9990,-1,-1
561,101,823.00,279.00,54.60,159.70,1.0000,-1,-1
561,106,1111.00,280.00,54.50,139.10,0.9990,-1,-1
561,108,1175.00,274.00,45.40,124.80,0.9980,-1,-1
561,124,742.00,266.00,64.10,181.70,1.0000,-1,-1
561,138,1047.00,294.00,24.30,54.80,0.9420,-1,-1
561,139,684.00,291.00,42.30,112.20,1.0000,-1,-1
561,144,992.00,290.00,30.00,70.00,1.0000,-1,-1
561,148,1385.00,201.00,115.10,406.80,0.9990,-1,-1
561,150,1028.00,292.00,22.00,57.70,0.9580,-1,-1
561,151,7.00,270.00,98.80,370.20,0.9980,-1,-1
561,155,627.00,293.00,24.80,49.00,0.9550,-1,-1
561,157,597.00,301.00,23.00,51.10,0.9960,-1,-1
561,158,579.00,296.00,26.10,54.40,0.9660,-1,-1
561,159,160.00,295.00,36.70,98.50,0.9980,-1,-1
561,160,88.00,272.00,56.70,135.60,0.9950,-1,-1
562,29,1439.00,169.00,131.10,497.30,0.9980,-1,-1
562,101,824.00,282.00,53.50,165.80,1.0000,-1,-1
562,106,1105.00,280.00,56.40,146.90,0.9990,-1,-1
562,108,1171.00,283.00,49.40,123.40,0.9990,-1,-1
562,124,735.00,273.00,58.10,175.10,0.9990,-1,-1
562,139,688.00,296.00,38.60,107.20,0.9990,-1,-1
562,144,996.00,296.00,28.90,65.20,1.0000,-1,-1
562,148,1392.00,203.00,106.40,402.00,0.9980,-1,-1
562,150,1028.00,295.00,20.70,55.40,0.9810,-1,-1
562,151,-0.00,274.00,111.40,384.40,0.9980,-1,-1
562,155,622.00,295.00,27.50,51.50,0.9340,-1,-1
562,157,596.00,301.00,23.00,51.90,0.9800,-1,-1
562,158,578.00,298.00,24.90,53.60,0.9220,-1,-1
562,159,152.00,292.00,40.70,104.80,0.9890,-1,-1
563,29,1444.00,173.00,141.50,515.90,0.9990,-1,-1
563,101,832.00,293.00,51.60,152.70,0.9990,-1,-1
563,106,1111.00,289.00,53.00,141.10,1.0000,-1,-1
563,108,1181.00,289.00,57.00,115.00,0.9990,-1,-1
563,124,735.00,269.00,67.20,188.00,0.9940,-1,-1
563,139,692.00,298.00,44.60,110.30,1.0000,-1,-1
563,144,999.00,298.00,33.20,75.10,1.0000,-1,-1
563,148,1386.00,215.00,113.90,423.70,0.9970,-1,-1
563,150,1032.00,299.00,23.00,60.70,0.9800,-1,-1
563,151,0.00,276.00,103.00,397.20,0.9970,-1,-1
563,155,628.00,303.00,26.40,53.00,0.9700,-1,-1
563,157,603.00,308.00,22.70,51.00,0.9760,-1,-1
563,158,585.00,307.00,27.20,54.10,0.9930,-1,-1
563,159,157.00,296.00,44.80,102.20,0.9920,-1,-1
563,160,75.00,283.00,71.20,136.50,0.9920,-1,-1
564,29,1472.00,170.00,136.50,512.90,0.9990,-1,-1
564,101,831.00,286.00,59.30,159.80,1.0000,-1,-1
564,106,1117.00,292.00,57.00,148.70,0.9990,-1,-1
564,108,1182.00,281.00,61.00,127.90,0.9990,-1,-1
564,124,746.00,284.00,56.40,167.50,0.9990,-1,-1
564,139,694.00,299.00,45.30,114.50,1.0000,-1,-1
564,144,1002.00,299.00,31.50,74.70,0.9960,-1,-1
564,148,1398.00,202.00,131.40,436.00,0.9970,-1,-1
564,150,1037.00,297.00,22.90,62.90,0.9690,-1,-1
564,151,-4.00,281.00,109.00,383.40,0.9990,-1,-1
564,155,635.00,306.00,22.70,46.10,0.9740,-1,-1
564,157,608.00,310.00,24.50,55.00,0.9750,-1,-1
564,158,590.00,310.00,26.80,53.90,0.9970,-1,-1
564,159,163.00,308.00,39.10,101.30,0.9990,-1,-1
564,160,76.00,292.00,70.10,134.10,0.9770,-1,-1
564,161,1066.00,300.00,25.10,57.20,0.9300,-1,-1
565,29,1480.00,171.00,120.40,502.20,0.9990,-1,-1
565,101,841.00,291.00,50.00,156.50,1.0000,-1,-1
565,106,1116.00,291.00,64.50,143.40,0.9990,-1,-1
565,108,1183.00,288.00,68.10,125.80,0.9970,-1,-1
565,124,746.00,279.00,65.80,175.80,0.9990,-1,-1
565,138,1042.00,300.00,21.80,56.40,0.9420,-1,-1
565,139,700.00,299.00,46.10,115.50,0.9980,-1,-1
565,144,1009.00,302.00,31.30,70.80,0.9850,-1,-1
565,148,1401.00,187.00,121.00,460.60,0.9980,-1,-1
565,151,-5.00,282.00,101.50,399.70,0.9980,-1,-1
565,155,638.00,305.00,21.80,45.70,0.9550,-1,-1
565,157,616.00,308.00,21.10,51.10,0.9760,-1,-1
565,158,596.00,313.00,23.70,48.50,0.9860,-1,-1
565,159,166.00,300.00,44.50,101.70,0.9990,-1,-1
565,160,75.00,291.00,72.60,132.50,0.9520,-1,-1
565,161,1068.00,306.00,23.10,55.20,0.9030,-1,-1
566,29,1474.00,177.00,127.00,525.00,0.9990,-1,-1
566,101,834.00,290.00,68.30,155.80,1.0000,-1,-1
566,106,1123.00,290.00,54.00,139.80,1.0000,-1,-1
566,108,1191.00,289.00,60.90,127.90,0.9990,-1,-1
566,124,746.00,281.00,63.50,167.40,0.9990,-1,-1
566,138,1047.00,304.00,22.70,63.40,0.9640,-1,-1
566,139,704.00,298.00,45.20,115.90,0.9970,-1,-1
566,144,1013.00,304.00,31.30,70.30,1.0000,-1,-1
566,148,1407.00,204.00,123.40,438.20,0.9990,-1,-1
566,151,-1.00,284.00,102.90,398.20,0.9970,-1,-1
566,155,645.00,311.00,23.30,48.60,0.9630,-1,-1
566,157,618.00,314.00,23.10,50.60,0.9760,-1,-1
566,158,595.00,310.00,27.70,52.20,0.9950,-1,-1
566,159,170.00,308.00,40.50,92.80,0.9970,-1,-1
566,160,74.00,287.00,80.30,140.50,0.9960,-1,-1
567,29,1497.00,194.00,131.20,509.50,0.9990,-1,-1
567,101,843.00,294.00,52.10,150.20,0.9990,-1,-1
567,106,1130.00,291.00,56.90,150.70,1.0000,-1,-1
567,108,1198.00,285.00,61.80,136.60,0.9990,-1,-1
567,124,754.00,285.00,61.00,167.20,0.9980,-1,-1
567,138,1052.00,300.00,22.00,59.80,0.9660,-1,-1
567,139,707.00,301.00,48.10,117.90,0.9980,-1,-1
567,144,1018.00,301.00,30.80,73.20,1.0000,-1,-1
567,148,1424.00,205.00,113.50,441.30,0.9990,-1,-1
567,151,-2.00,272.00,98.10,400.00,0.9970,-1,-1
567,155,646.00,306.00,23.70,47.80,0.9490,-1,-1
567,157,623.00,312.00,22.80,52.60,0.9600,-1,-1
567,158,601.00,312.00,25.80,50.50,0.9930,-1,-1
567,159,174.00,307.00,42.10,97.50,0.9880,-1,-1
567,160,76.00,286.00,77.10,135.20,0.9850,-1,-1
568,29,1504.00,196.00,125.80,511.50,1.0000,-1,-1
568,101,852.00,292.00,55.80,154.70,1.0000,-1,-1
568,106,1120.00,280.00,65.00,158.20,1.0000,-1,-1
568,108,1204.00,287.00,68.40,129.30,1.0000,-1,-1
568,124,759.00,278.00,57.40,171.10,0.9990,-1,-1
568,139,716.00,297.00,46.50,118.90,0.9900,-1,-1
568,144,1020.00,296.00,34.10,74.50,1.0000,-1,-1
568,148,1431.00,201.00,136.30,441.90,0.9990,-1,-1
568,151,-5.00,280.00,97.90,397.90,0.9960,-1,-1
568,155,652.00,307.00,21.30,43.00,0.9690,-1,-1
568,157,629.00,312.00,24.00,53.00,0.9760,-1,-1
568,158,606.00,307.00,22.80,53.80,0.9880,-1,-1
568,159,171.00,295.00,38.80,115.10,0.9950,-1,-1
568,160,75.00,290.00,65.60,132.70,0.9840,-1,-1
568,161,1060.00,303.00,21.40,56.30,0.9520,-1,-1
568,162,125.00,302.00,35.00,104.20,0.9980,-1,-1
568,163,1082.00,309.00,22.70,49.70,0.9620,-1,-1
569,29,1514.00,204.00,128.50,494.40,1.0000,-1,-1
569,101,850.00,290.00,54.90,165.40,1.0000,-1,-1
569,106,1128.00,285.00,64.70,145.70,1.0000,-1,-1
569,108,1207.00,280.00,63.80,138.10,1.0000,-1,-1
569,124,754.00,277.00,66.70,176.10,0.9990,-1,-1
569,139,720.00,300.00,40.70,115.00,0.9980,-1,-1
569,144,1026.00,298.00,30.20,72.70,0.9990,-1,-1
569,148,1436.00,196.00,137.50,459.30,0.9990,-1,-1
569,151,-4.00,276.00,97.50,382.50,0.9970,-1,-1
569,155,647.00,304.00,24.10,50.00,0.9660,-1,-1
569,157,629.00,311.00,22.50,48.90,0.9080,-1,-1
569,158,609.00,307.00,26.20,55.80,0.9710,-1,-1
569,159,172.00,307.00,36.80,95.00,0.9970,-1,-1
569,160,85.00,293.00,55.60,135.10,0.9960,-1,-1
569,161,1064.00,300.00,20.80,57.10,0.9840,-1,-1
569,163,1085.00,306.00,21.90,54.80,0.9760,-1,-1
570,29,1508.00,173.00,138.50,529.60,1.0000,-1,-1
570,101,853.00,282.00,53.20,167.20,1.0000,-1,-1
570,106,1141.00,293.00,55.50,134.40,1.0000,-1,-1
570,108,1215.00,277.00,58.90,133.70,0.9990,-1,-1
570,124,759.00,282.00,60.10,160.50,0.9990,-1,-1
570,139,724.00,297.00,44.60,117.50,0.9970,-1,-1
570,144,1028.00,294.00,33.70,71.20,1.0000,-1,-1
570,148,1449.00,193.00,115.10,457.00,0.9980,-1,-1
570,151,-3.00,280.00,104.30,389.00,0.9960,-1,-1
570,154,660.00,299.00,25.40,49.80,0.9530,-1,-1
570,155,650.00,303.00,19.90,44.70,0.9670,-1,-1
570,157,630.00,311.00,23.70,45.70,0.9770,-1,-1
570,158,613.00,307.00,24.50,51.20,0.9780,-1,-1
570,159,175.00,302.00,34.00,95.80,0.9960,-1,-1
570,160,70.00,284.00,76.10,137.30,0.9870,-1,-1
570,161,1062.00,296.00,25.30,61.00,0.9660,-1,-1
570,163,1088.00,299.00,23.50,55.60,0.9020,-1,-1
571,29,1513.00,176.00,157.80,548.80,1.0000,-1,-1
571,101,855.00,286.00,55.30,173.60,1.0000,-1,-1
571,106,1136.00,288.00,57.10,138.30,1.0000,-1,-1
571,108,1216.00,281.00,57.80,123.60,0.9990,-1,-1
571,124,758.00,274.00,62.90,171.30,0.9990,-1,-1
571,139,725.00,294.00,44.40,121.80,0.9920,-1,-1
571,144,1030.00,301.00,29.40,68.30,0.9990,-1,-1
571,148,1445.00,191.00,126.00,458.60,0.9990,-1,-1
571,151,-6.00,270.00,103.10,402.10,0.9950,-1,-1
571,154,661.00,299.00,26.00,55.00,0.9520,-1,-1
571,155,657.00,306.00,18.60,41.00,0.9770,-1,-1
571,157,632.00,309.00,23.80,45.50,0.9740,-1,-1
571,158,613.00,303.00,26.80,52.90,0.9910,-1,-1
571,159,171.00,302.00,40.10,98.50,0.9980,-1,-1
571,160,65.00,289.00,80.20,139.10,0.9950,-1,-1
571,161,1064.00,297.00,24.80,58.00,0.9790,-1,-1
571,163,1091.00,297.00,21.90,58.50,0.9290,-1,-1
572,29,1534.00,186.00,145.50,533.80,1.0000,-1,-1
572,101,847.00,286.00,58.80,169.90,1.0000,-1,-1
572,106,1138.00,287.00,56.70,138.00,1.0000,-1,-1
572,108,1225.00,276.00,58.00,128.80,1.0000,-1,-1
572,124,762.00,273.00,61.30,179.80,0.9990,-1,-1
572,139,725.00,294.00,42.70,115.70,0.9940,-1,-1
572,144,1033.00,295.00,29.70,69.90,1.0000,-1,-1
572,148,1464.00,197.00,116.20,444.90,0.9990,-1,-1
572,151,-10.00,281.00,106.80,404.10,0.9900,-1,-1
572,155,657.00,302.00,23.20,45.80,0.9680,-1,-1
572,157,634.00,307.00,23.20,52.60,0.9790,-1,-1
572,158,610.00,302.00,24.80,55.10,0.9860,-1,-1
572,159,171.00,300.00,36.80,93.40,0.9980,-1,-1
572,160,68.00,287.00,72.00,134.10,0.9980,-1,-1
572,161,1067.00,299.00,23.60,57.30,0.9660,-1,-1
572,162,123.00,299.00,40.40,105.50,0.9940,-1,-1
572,163,1093.00,303.00,21.70,51.10,0.9350,-1,-1
573,29,1534.00,170.00,159.60,560.70,1.0000,-1,-1
573,101,854.00,287.00,55.30,158.00,1.0000,-1,-1
573,106,1133.00,277.00,58.20,149.10,1.0000,-1,-1
573,108,1229.00,275.00,68.40,141.80,0.9990,-1,-1
573,124,769.00,268.00,61.30,176.20,0.9980,-1,-1
573,139,726.00,295.00,44.50,113.40,0.9960,-1,-1
573,144,1033.00,299.00,29.90,68.90,0.9990,-1,-1
573,148,1474.00,215.00,131.30,461.40,1.0000,-1,-1
573,151,-11.00,272.00,96.60,383.20,0.9470,-1,-1
573,155,659.00,300.00,21.10,46.70,0.9800,-1,-1
573,157,635.00,309.00,20.80,48.20,0.9820,-1,-1
573,158,615.00,301.00,25.30,55.80,0.9940,-1,-1
573,159,168.00,304.00,39.30,92.30,0.9970,-1,-1
573,160,61.00,289.00,73.40,128.20,0.9990,-1,-1
573,161,1069.00,297.00,26.40,66.60,0.9630,-1,-1
573,162,121.00,303.00,38.30,103.80,0.9950,-1,-1
573,163,1096.00,302.00,23.20,52.50,0.9660,-1,-1
573,164,924.00,312.00,50.90,112.20,0.9140,-1,-1
574,29,1548.00,173.00,145.60,554.40,1.0000,-1,-1
574,101,849.00,291.00,60.40,160.50,1.0000,-1,-1
574,106,1137.00,285.00,63.40,150.10,1.0000,-1,-1
574,108,1231.00,283.00,63.60,134.90,0.9990,-1,-1
574,124,771.00,274.00,56.40,179.00,0.9970,-1,-1
574,139,730.00,298.00,42.10,109.00,0.9890,-1,-1
574,144,1036.00,297.00,28.80,68.50,1.0000,-1,-1
574,148,1476.00,202.00,120.40,453.10,0.9990,-1,-1
574,155,658.00,300.00,23.00,49.30,0.9820,-1,-1
574,157,636.00,305.00,22.60,53.90,0.9370,-1,-1
574,158,617.00,305.00,24.70,53.40,0.9830,-1,-1
574,159,163.00,296.00,41.50,104.60,0.9980,-1,-1
574,160,67.00,291.00,48.40,123.70,0.9990,-1,-1
574,161,1070.00,297.00,23.70,61.70,0.9550,-1,-1
574,162,117.00,308.00,37.40,98.50,0.9900,-1,-1
574,163,1098.00,302.00,25.90,59.80,0.9720,-1,-1
574,164,925.00,307.00,51.20,119.70,0.9240,-1,-1
575,29,1560.00,177.00,158.70,572.20,1.0000,-1,-1
575,101,853.00,285.00,58.90,162.80,1.0000,-1,-1
575,106,1139.00,284.00,60.20,148.70,1.0000,-1,-1
575,108,1236.00,285.00,60.10,127.90,0.9990,-1,-1
575,124,770.00,281.00,59.50,172.90,0.9960,-1,-1
575,139,731.00,299.00,46.20,107.70,0.9760,-1,-1
575,144,1038.00,302.00,29.20,68.40,1.0000,-1,-1
575,148,1481.00,188.00,122.20,490.80,0.9990,-1,-1
575,155,660.00,307.00,23.10,45.70,0.9810,-1,-1
575,157,637.00,309.00,22.70,48.60,0.9440,-1,-1
575,158,618.00,306.00,26.30,56.10,0.9960,-1,-1
575,159,165.00,299.00,42.10,103.10,0.9990,-1,-1
575,160,71.00,291.00,49.20,131.60,1.0000,-1,-1
575,161,1071.00,295.00,23.60,65.60,0.9520,-1,-1
575,162,126.00,311.00,35.60,93.30,0.9920,-1,-1
575,163,1096.00,302.00,25.70,62.00,0.9750,-1,-1
576,29,1567.00,195.00,146.90,546.40,1.0000,-1,-1
576,101,851.00,287.00,57.40,165.00,1.0000,-1,-1
576,106,1144.00,295.00,53.40,137.40,1.0000,-1,-1
576,108,1240.00,287.00,56.60,125.90,0.9990,-1,-1
576,124,768.00,281.00,63.50,175.40,0.9950,-1,-1
576,139,736.00,293.00,42.60,116.80,0.9730,-1,-1
576,144,1036.00,303.00,29.60,67.90,1.0000,-1,-1
576,148,1491.00,202.00,122.60,457.10,0.9990,-1,-1
576,154,670.00,303.00,23.70,49.70,0.9260,-1,-1
576,155,656.00,301.00,24.50,50.20,0.9830,-1,-1
576,157,638.00,312.00,21.40,49.90,0.9490,-1,-1
576,158,619.00,309.00,24.20,51.50,0.9970,-1,-1
576,159,166.00,306.00,39.50,103.00,0.9930,-1,-1
576,160,55.00,288.00,61.00,131.70,1.0000,-1,-1
576,161,1072.00,303.00,21.40,61.50,0.9870,-1,-1
576,162,119.00,310.00,34.00,91.10,0.9990,-1,-1
576,163,1098.00,301.00,28.50,65.90,0.9620,-1,-1
577,29,1564.00,187.00,143.80,556.30,1.0000,-1,-1
577,101,852.00,292.00,55.20,159.40,0.9990,-1,-1
577,106,1139.00,291.00,56.20,138.20,0.9990,-1,-1
577,108,1235.00,292.00,63.90,135.40,0.9980,-1,-1
577,124,762.00,288.00,69.60,175.10,0.9940,-1,-1
577,139,735.00,302.00,34.40,110.40,0.9800,-1,-1
577,144,1036.00,305.00,32.30,72.30,1.0000,-1,-1
577,148,1492.00,206.00,129.30,468.10,0.9990,-1,-1
577,157,633.00,317.00,21.60,46.70,0.9420,-1,-1
577,158,615.00,312.00,27.40,52.00,0.9330,-1,-1
577,159,152.00,300.00,42.20,103.60,0.9440,-1,-1
577,160,52.00,297.00,49.50,124.10,0.9710,-1,-1
577,161,1071.00,307.00,22.10,58.80,0.9540,-1,-1
577,162,111.00,300.00,38.40,109.80,0.9070,-1,-1
577,163,1098.00,311.00,24.80,56.90,0.9280,-1,-1
578,29,1570.00,171.00,164.80,587.60,1.0000,-1,-1
578,101,849.00,295.00,55.40,169.10,1.0000,-1,-1
578,106,1143.00,308.00,56.10,141.80,1.0000,-1,-1
578,108,1243.00,299.00,51.40,130.00,0.9990,-1,-1
578,124,769.00,283.00,57.60,179.70,0.9970,-1,-1
578,139,733.00,302.00,41.50,118.40,0.9930,-1,-1
578,144,1040.00,309.00,29.10,74.50,0.9980,-1,-1
578,148,1496.00,213.00,125.70,473.80,0.9980,-1,-1
578,154,667.00,311.00,24.00,46.30,0.9340,-1,-1
578,157,637.00,313.00,25.20,54.90,0.9770,-1,-1
578,158,616.00,318.00,23.60,48.00,0.9910,-1,-1
578,159,156.00,305.00,39.60,101.80,0.9950,-1,-1
578,160,39.00,290.00,72.30,139.00,0.9980,-1,-1
578,161,1076.00,309.00,25.10,69.10,0.9470,-1,-1
578,162,111.00,307.00,35.70,103.60,0.9840,-1,-1
578,163,1103.00,316.00,24.90,58.00,0.9680,-1,-1
579,29,1568.00,180.00,173.80,603.10,1.0000,-1,-1
579,101,844.00,305.00,57.20,156.30,0.9990,-1,-1
579,106,1143.00,308.00,51.50,135.90,0.9990,-1,-1
579,108,1235.00,296.00,63.30,134.40,1.0000,-1,-1
579,124,758.00,281.00,66.40,190.30,0.9980,-1,-1
579,139,734.00,308.00,42.70,106.00,0.9630,-1,-1
579,144,1034.00,313.00,32.10,71.30,1.0000,-1,-1
579,148,1508.00,231.00,133.80,455.70,1.0000,-1,-1
579,158,613.00,316.00,28.50,55.10,0.9720,-1,-1
579,159,142.00,302.00,46.30,99.30,0.9800,-1,-1
579,160,40.00,281.00,68.00,140.20,0.9890,-1,-1
579,161,1076.00,319.00,23.00,60.70,0.9540,-1,-1
579,162,108.00,300.00,38.50,112.50,0.9830,-1,-1
579,163,1099.00,320.00,22.90,52.10,0.9070,-1,-1
580,29,1586.00,207.00,160.90,572.50,1.0000,-1,-1
580,101,846.00,304.00,54.60,158.50,0.9990,-1,-1
580,106,1143.00,306.00,50.60,135.30,1.0000,-1,-1
580,108,1242.00,294.00,62.00,137.90,1.0000,-1,-1
580,124,755.00,291.00,62.40,172.00,0.9990,-1,-1
580,139,732.00,309.00,42.50,110.10,0.9820,-1,-1
580,144,1037.00,318.00,28.30,64.60,0.9990,-1,-1
580,148,1510.00,228.00,125.50,464.40,1.0000,-1,-1
580,155,656.00,314.00,20.50,42.80,0.9440,-1,-1
580,157,635.00,317.00,24.90,50.90,0.9660,-1,-1
580,158,612.00,317.00,26.80,48.10,0.9900,-1,-1
580,159,143.00,301.00,42.40,105.10,1.0000,-1,-1
580,160,33.00,294.00,62.20,132.30,0.9960,-1,-1
580,161,1075.00,314.00,23.90,61.10,0.9020,-1,-1
580,162,100.00,310.00,36.70,91.60,1.0000,-1,-1
580,163,1098.00,314.00,24.70,61.80,0.9540,-1,-1
581,29,1572.00,192.00,186.30,594.90,1.0000,-1,-1
581,101,842.00,308.00,53.70,150.80,0.9990,-1,-1
581,106,1136.00,303.00,57.80,151.50,1.0000,-1,-1
581,108,1237.00,296.00,60.50,142.80,1.0000,-1,-1
581,124,758.00,293.00,62.50,167.00,0.9990,-1,-1
581,139,729.00,299.00,43.20,119.20,0.9940,-1,-1
581,144,1034.00,317.00,31.70,68.80,0.9990,-1,-1
581,148,1495.00,215.00,149.20,489.60,1.0000,-1,-1
581,155,655.00,312.00,24.40,49.70,0.9390,-1,-1
581,157,632.00,318.00,23.90,51.80,0.9940,-1,-1
581,158,612.00,317.00,24.70,50.90,0.9960,-1,-1
581,159,138.00,297.00,46.80,110.10,1.0000,-1,-1
581,160,25.00,296.00,66.00,130.00,0.9980,-1,-1
581,161,1071.00,315.00,22.60,61.90,0.9230,-1,-1
581,162,96.00,304.00,42.10,104.10,0.9990,-1,-1
581,163,1100.00,316.00,23.50,57.20,0.9670,-1,-1
582,29,1585.00,192.00,160.40,606.10,1.0000,-1,-1
582,101,840.00,310.00,50.10,149.80,1.0000,-1,-1
582,106,1136.00,300.00,58.10,144.90,0.9990,-1,-1
582,108,1243.00,300.00,58.70,140.40,1.0000,-1,-1
582,124,755.00,298.00,60.70,161.90,0.9980,-1,-1
582,139,730.00,311.00,41.60,108.60,0.9780,-1,-1
582,144,1029.00,316.00,29.90,70.80,1.0000,-1,-1
582,148,1507.00,204.00,135.80,506.90,1.0000,-1,-1
582,154,662.00,312.00,24.10,48.50,0.9750,-1,-1
582,155,651.00,312.00,21.40,48.10,0.9940,-1,-1
582,157,627.00,316.00,22.70,53.10,0.9980,-1,-1
582,158,608.00,315.00,24.40,52.50,0.9960,-1,-1
582,159,133.00,295.00,42.60,109.00,1.0000,-1,-1
582,160,16.00,289.00,62.50,136.80,0.9950,-1,-1
582,161,1066.00,315.00,25.70,63.20,0.9730,-1,-1
582,162,78.00,299.00,53.30,105.20,1.0000,-1,-1
582,163,1095.00,318.00,22.40,56.50,0.9710,-1,-1
583,29,1597.00,174.00,159.50,638.30,1.0000,-1,-1
583,101,838.00,294.00,54.20,165.70,1.0000,-1,-1
583,106,1134.00,304.00,59.80,140.80,1.0000,-1,-1
583,108,1238.00,299.00,61.60,147.30,1.0000,-1,-1
583,124,755.00,277.00,59.60,184.90,0.9990,-1,-1
583,139,728.00,301.00,45.70,119.70,0.9910,-1,-1
583,144,1029.00,310.00,30.70,70.30,0.9990,-1,-1
583,148,1513.00,218.00,136.70,492.80,1.0000,-1,-1
583,154,656.00,311.00,20.50,46.50,0.9640,-1,-1
583,155,642.00,308.00,24.00,47.50,0.9870,-1,-1
583,157,624.00,317.00,21.40,45.60,0.9970,-1,-1
583,158,602.00,309.00,25.60,55.60,0.9970,-1,-1
583,159,121.00,293.00,43.00,109.80,1.0000,-1,-1
583,160,-1.00,273.00,73.30,147.60,0.9970,-1,-1
583,161,1064.00,307.00,24.40,67.30,0.9460,-1,-1
583,162,75.00,298.00,42.90,105.70,0.9960,-1,-1
583,163,1091.00,312.00,25.10,58.60,0.9680,-1,-1
583,164,927.00,321.00,47.10,119.90,0.9770,-1,-1
584,29,1600.00,168.00,155.60,641.40,1.0000,-1,-1
584,101,836.00,302.00,61.90,160.00,1.0000,-1,-1
584,106,1131.00,298.00,63.50,144.50,1.0000,-1,-1
584,108,1234.00,295.00,57.90,145.60,1.0000,-1,-1
584,124,744.00,290.00,61.00,174.30,0.9970,-1,-1
584,144,1022.00,310.00,32.00,67.40,1.0000,-1,-1
584,148,1495.00,210.00,155.30,522.90,1.0000,-1,-1
584,154,652.00,309.00,24.20,45.30,0.9460,-1,-1
584,155,639.00,308.00,24.70,49.00,0.9890,-1,-1
584,157,623.00,312.00,25.20,54.30,0.9950,-1,-1
584,158,601.00,314.00,24.60,50.60,0.9970,-1,-1
584,159,115.00,291.00,44.90,109.60,1.0000,-1,-1
584,160,-7.00,281.00,66.40,139.30,0.9910,-1,-1
584,161,1060.00,316.00,25.50,61.20,0.9470,-1,-1
584,162,68.00,300.00,42.40,101.10,0.9960,-1,-1
584,163,1090.00,314.00,25.50,59.10,0.9670,-1,-1
585,29,1594.00,168.00,194.20,630.50,1.0000,-1,-1
585,101,831.00,294.00,57.30,165.50,0.9990,-1,-1
585,106,1134.00,298.00,62.20,139.90,1.0000,-1,-1
585,108,1243.00,294.00,50.20,142.10,0.9990,-1,-1
585,124,743.00,289.00,60.80,166.60,0.9980,-1,-1
585,139,720.00,310.00,39.20,95.70,0.9630,-1,-1
585,144,1023.00,311.00,31.40,70.80,0.9990,-1,-1
585,148,1516.00,207.00,144.00,528.70,1.0000,-1,-1
585,154,645.00,307.00,25.00,50.50,0.9740,-1,-1
585,157,620.00,313.00,21.50,49.50,0.9930,-1,-1
585,158,600.00,310.00,25.80,55.10,0.9970,-1,-1
585,159,111.00,291.00,44.90,108.70,1.0000,-1,-1
585,160,-8.00,284.00,60.70,132.50,0.9960,-1,-1
585,161,1062.00,314.00,23.30,65.10,0.9690,-1,-1
585,162,68.00,302.00,36.10,97.40,0.9770,-1,-1
585,163,1090.00,317.00,24.90,59.00,0.9630,-1,-1
586,29,1607.00,185.00,183.10,611.30,1.0000,-1,-1
586,101,826.00,295.00,56.00,169.10,0.9990,-1,-1
586,106,1131.00,302.00,59.30,144.30,1.0000,-1,-1
586,108,1242.00,297.00,56.10,145.80,0.9990,-1,-1
586,124,741.00,283.00,66.20,173.20,0.9980,-1,-1
586,132,705.00,310.00,29.70,63.00,0.9090,-1,-1
586,139,720.00,308.00,40.60,98.80,0.9040,-1,-1
586,144,1021.00,314.00,30.40,66.20,1.0000,-1,-1
586,148,1524.00,212.00,133.90,529.20,1.0000,-1,-1
586,154,645.00,302.00,24.90,49.90,0.9760,-1,-1
586,157,618.00,309.00,24.00,55.60,0.9980,-1,-1
586,158,598.00,312.00,22.60,48.70,0.9990,-1,-1
586,159,110.00,299.00,41.70,98.50,1.0000,-1,-1
586,161,1063.00,313.00,24.00,64.80,0.9300,-1,-1
586,162,61.00,294.00,40.50,110.00,0.9990,-1,-1
586,163,1088.00,313.00,26.50,60.00,0.9630,-1,-1
587,29,1616.00,185.00,163.00,644.20,1.0000,-1,-1
587,101,831.00,297.00,57.60,162.00,0.9990,-1,-1
587,106,1133.00,303.00,54.10,143.40,1.0000,-1,-1
587,108,1244.00,293.00,63.40,150.80,0.9990,-1,-1
587,124,738.00,290.00,64.60,172.90,0.9980,-1,-1
587,132,705.00,309.00,30.60,67.50,0.9330,-1,-1
587,144,1022.00,313.00,32.20,67.10,1.0000,-1,-1
587,148,1519.00,211.00,138.50,514.90,0.9990,-1,-1
587,154,648.00,306.00,24.30,48.80,0.9530,-1,-1
587,157,616.00,314.00,22.90,51.00,0.9880,-1,-1
587,158,595.00,314.00,28.20,53.70,0.9980,-1,-1
587,159,103.00,300.00,44.10,101.60,0.9990,-1,-1
587,161,1061.00,316.00,24.00,62.70,0.9450,-1,-1
587,162,57.00,298.00,38.80,106.50,0.9640,-1,-1
587,163,1089.00,320.00,25.20,59.10,0.9270,-1,-1
588,29,1623.00,181.00,161.80,649.80,1.0000,-1,-1
588,101,825.00,299.00,59.80,167.50,0.9990,-1,-1
588,106,1124.00,305.00,60.40,147.60,1.0000,-1,-1
588,108,1246.00,305.00,58.30,139.20,0.9980,-1,-1
588,124,733.00,287.00,65.10,181.70,0.9990,-1,-1
588,144,1018.00,313.00,31.80,68.10,1.0000,-1,-1
588,148,1540.00,191.00,150.70,554.00,1.0000,-1,-1
588,155,632.00,312.00,25.30,48.10,0.9940,-1,-1
588,157,615.00,321.00,22.30,46.70,0.9760,-1,-1
588,158,598.00,315.00,24.20,52.20,0.9960,-1,-1
588,159,96.00,301.00,44.40,107.00,1.0000,-1,-1
588,161,1060.00,318.00,26.10,64.90,0.9630,-1,-1
588,162,52.00,297.00,38.50,114.00,0.9950,-1,-1
588,163,1088.00,324.00,24.90,58.80,0.9190,-1,-1
589,29,1640.00,191.00,162.60,650.40,1.0000,-1,-1
589,101,828.00,299.00,58.30,164.00,0.9980,-1,-1
589,106,1130.00,312.00,55.80,139.80,1.0000,-1,-1
589,108,1242.00,305.00,64.30,147.60,0.9970,-1,-1
589,124,734.00,290.00,65.00,176.10,0.9980,-1,-1
589,132,706.00,321.00,32.20,65.70,0.9480,-1,-1
589,144,1022.00,318.00,32.10,74.40,1.0000,-1,-1
589,148,1534.00,208.00,161.20,547.40,1.0000,-1,-1
589,154,646.00,315.00,23.90,44.80,0.9590,-1,-1
589,157,620.00,325.00,22.40,49.90,0.9840,-1,-1
589,158,598.00,319.00,24.20,51.00,0.9990,-1,-1
589,159,95.00,293.00,48.10,118.90,1.0000,-1,-1
589,161,1062.00,324.00,23.40,63.10,0.9520,-1,-1
589,162,50.00,302.00,38.30,108.70,1.0000,-1,-1
589,163,1089.00,329.00,23.60,53.80,0.9590,-1,-1
590,29,1643.00,176.00,173.40,683.50,1.0000,-1,-1
590,101,833.00,300.00,54.80,163.70,0.9990,-1,-1
590,106,1122.00,313.00,63.20,140.10,0.9990,-1,-1
590,108,1253.00,302.00,63.10,151.00,0.9980,-1,-1
590,124,740.00,292.00,60.50,168.90,0.9970,-1,-1
590,144,1023.00,316.00,30.70,73.00,1.0000,-1,-1
590,148,1539.00,226.00,172.50,541.40,1.0000,-1,-1
590,157,617.00,320.00,25.10,56.70,0.9820,-1,-1
590,158,600.00,317.00,25.50,57.20,0.9870,-1,-1
590,159,97.00,297.00,43.50,111.90,0.9960,-1,-1
590,162,48.00,307.00,38.20,98.70,0.9920,-1,-1
590,163,1093.00,328.00,21.80,53.90,0.9190,-1,-1
591,29,1643.00,165.00,195.50,672.40,0.9990,-1,-1
591,101,834.00,306.00,52.60,163.30,0.9990,-1,-1
591,106,1124.00,311.00,56.90,143.80,1.0000,-1,-1
591,108,1249.00,308.00,59.20,146.40,0.9990,-1,-1
591,124,737.00,289.00,67.80,186.80,0.9990,-1,-1
591,132,714.00,327.00,28.10,59.60,0.9860,-1,-1
591,144,1030.00,320.00,32.00,71.10,1.0000,-1,-1
591,148,1552.00,210.00,171.00,543.70,1.0000,-1,-1
591,154,643.00,318.00,21.30,47.60,0.9800,-1,-1
591,157,621.00,321.00,23.50,56.80,0.9810,-1,-1
591,158,602.00,320.00,27.00,57.10,0.9980,-1,-1
591,159,100.00,305.00,40.80,109.70,1.0000,-1,-1
591,161,1065.00,320.00,26.50,68.60,0.9630,-1,-1
591,162,48.00,301.00,44.40,121.10,0.9960,-1,-1
591,163,1097.00,331.00,26.10,57.70,0.9110,-1,-1
592,29,1652.00,184.00,182.80,673.40,1.0000,-1,-1
592,101,839.00,302.00,58.90,177.70,0.9990,-1,-1
592,106,1125.00,312.00,67.30,146.20,1.0000,-1,-1
592,108,1243.00,300.00,78.30,162.90,0.9980,-1,-1
592,124,739.00,292.00,65.10,174.70,0.9990,-1,-1
592,132,710.00,326.00,27.40,57.70,0.9870,-1,-1
592,144,1030.00,323.00,29.70,69.90,1.0000,-1,-1
592,148,1551.00,210.00,160.30,555.80,1.0000,-1,-1
592,154,642.00,323.00,20.10,43.50,0.9800,-1,-1
592,157,621.00,320.00,24.90,58.60,0.9910,-1,-1
592,158,601.00,321.00,25.80,53.50,0.9960,-1,-1
592,159,91.00,311.00,41.30,107.10,1.0000,-1,-1
592,161,1065.00,328.00,24.40,61.70,0.9720,-1,-1
592,162,41.00,304.00,41.50,107.10,1.0000,-1,-1
592,163,1095.00,327.00,27.20,59.40,0.9350,-1,-1
592,165,656.00,321.00,20.60,45.60,0.9720,-1,-1
593,29,1667.00,187.00,182.70,686.50,1.0000,-1,-1
593,101,829.00,311.00,57.40,161.30,0.9990,-1,-1
593,106,1126.00,315.00,59.20,142.60,1.0000,-1,-1
593,108,1257.00,300.00,65.60,157.20,0.9980,-1,-1
593,124,737.00,295.00,68.10,176.90,1.0000,-1,-1
593,132,710.00,330.00,29.80,60.20,0.9810,-1,-1
593,144,1028.00,321.00,35.20,72.10,1.0000,-1,-1
593,148,1553.00,225.00,177.50,552.00,1.0000,-1,-1
593,154,639.00,324.00,23.40,44.70,0.9410,-1,-1
593,157,624.00,330.00,22.90,51.10,0.9880,-1,-1
593,158,602.00,327.00,23.30,54.30,0.9990,-1,-1
593,159,88.00,309.00,41.90,103.50,1.0000,-1,-1
593,161,1068.00,327.00,25.40,64.00,0.9450,-1,-1
593,162,41.00,307.00,40.10,114.00,0.9970,-1,-1
593,163,1101.00,334.00,26.00,55.20,0.9440,-1,-1
593,164,922.00,345.00,44.60,101.60,0.9860,-1,-1
593,165,655.00,321.00,21.50,47.10,0.9880,-1,-1
594,29,1690.00,156.00,183.10,719.60,1.0000,-1,-1
594,101,830.00,307.00,56.60,166.30,1.0000,-1,-1
594,106,1129.00,315.00,63.00,148.70,0.9990,-1,-1
594,108,1254.00,309.00,67.70,153.80,0.9990,-1,-1
594,124,742.00,298.00,60.00,174.30,1.0000,-1,-1
594,132,713.00,330.00,27.50,58.10,0.9910,-1,-1
594,144,1032.00,325.00,31.80,69.30,1.0000,-1,-1
594,148,1573.00,197.00,182.00,598.40,1.0000,-1,-1
594,154,642.00,322.00,24.10,51.30,0.9640,-1,-1
594,157,623.00,330.00,22.10,50.80,0.9910,-1,-1
594,158,604.00,324.00,23.40,52.80,0.9980,-1,-1
594,159,86.00,308.00,43.20,111.20,1.0000,-1,-1
594,161,1066.00,324.00,25.30,69.40,0.9470,-1,-1
594,162,35.00,311.00,44.70,106.60,1.0000,-1,-1
594,163,1099.00,333.00,27.10,59.70,0.9250,-1,-1
594,164,920.00,343.00,48.50,112.30,0.9850,-1,-1
594,165,657.00,321.00,24.10,53.40,0.9860,-1,-1
595,29,1697.00,166.00,183.00,735.70,1.0000,-1,-1
595,101,832.00,312.00,51.80,163.90,0.9980,-1,-1
595,106,1129.00,315.00,63.40,143.10,1.0000,-1,-1
595,108,1262.00,313.00,61.80,151.70,1.0000,-1,-1
595,124,742.00,300.00,59.80,177.10,1.0000,-1,-1
595,132,711.00,331.00,28.70,59.00,0.9890,-1,-1
595,144,1028.00,324.00,30.00,75.50,1.0000,-1,-1
595,148,1588.00,205.00,161.10,571.70,1.0000,-1,-1
595,154,637.00,324.00,25.40,46.90,0.9490,-1,-1
595,157,624.00,330.00,21.80,53.00,0.9960,-1,-1
595,158,600.00,324.00,25.90,60.00,0.9990,-1,-1
595,159,80.00,305.00,50.40,113.70,1.0000,-1,-1
595,161,1067.00,328.00,23.10,64.50,0.9340,-1,-1
595,162,31.00,311.00,47.10,111.20,1.0000,-1,-1
595,163,1098.00,336.00,24.70,60.30,0.9360,-1,-1
595,165,654.00,324.00,22.10,47.60,0.9790,-1,-1
596,29,1700.00,182.00,195.60,699.10,1.0000,-1,-1
596,101,826.00,312.00,57.90,166.90,0.9990,-1,-1
596,106,1129.00,311.00,63.70,143.90,1.0000,-1,-1
596,108,1257.00,308.00,66.00,154.60,0.9990,-1,-1
596,124,739.00,299.00,65.40,180.50,1.0000,-1,-1
596,132,716.00,330.00,28.10,60.60,0.9650,-1,-1
596,144,1027.00,329.00,29.50,70.10,1.0000,-1,-1
596,148,1603.00,207.00,166.20,590.90,1.0000,-1,-1
596,154,637.00,325.00,23.90,51.10,0.9490,-1,-1
596,157,625.00,330.00,22.90,49.80,0.9950,-1,-1
596,158,603.00,327.00,24.20,55.50,0.9980,-1,-1
596,159,77.00,314.00,44.60,111.10,1.0000,-1,-1
596,161,1069.00,333.00,24.60,64.30,0.9360,-1,-1
596,162,32.00,318.00,39.60,109.90,0.9980,-1,-1
596,163,1099.00,336.00,25.90,54.90,0.9600,-1,-1
596,164,921.00,340.00,46.40,113.90,0.9720,-1,-1
596,165,654.00,322.00,25.10,56.60,0.9810,-1,-1
597,29,1707.00,146.00,191.50,776.10,1.0000,-1,-1
597,101,820.00,311.00,64.00,164.10,0.9990,-1,-1
597,106,1135.00,307.00,69.00,154.90,0.9990,-1,-1
597,108,1264.00,312.00,64.30,148.20,1.0000,-1,-1
597,124,736.00,292.00,67.30,194.90,1.0000,-1,-1
597,132,713.00,332.00,32.20,62.40,0.9830,-1,-1
597,144,1031.00,330.00,27.30,64.20,1.0000,-1,-1
597,148,1600.00,207.00,183.70,602.80,1.0000,-1,-1
597,157,625.00,329.00,26.30,54.30,0.9960,-1,-1
597,158,603.00,324.00,27.50,56.00,0.9970,-1,-1
597,159,77.00,311.00,47.00,114.50,1.0000,-1,-1
597,161,1070.00,330.00,23.30,60.60,0.9620,-1,-1
597,162,26.00,319.00,43.00,109.30,1.0000,-1,-1
597,163,1099.00,330.00,26.50,63.20,0.9230,-1,-1
597,165,655.00,321.00,25.00,55.70,0.9830,-1,-1
598,29,1704.00,167.00,217.90,762.70,1.0000,-1,-1
598,101,821.00,320.00,60.00,165.60,1.0000,-1,-1
598,106,1137.00,322.00,60.10,144.90,1.0000,-1,-1
598,108,1262.00,313.00,76.10,151.50,1.0000,-1,-1
598,124,739.00,302.00,61.90,182.80,1.0000,-1,-1
598,132,715.00,338.00,30.70,62.00,0.9760,-1,-1
598,144,1034.00,333.00,30.00,67.30,1.0000,-1,-1
598,148,1597.00,219.00,190.90,607.90,1.0000,-1,-1
598,154,639.00,330.00,23.90,49.20,0.9660,-1,-1
598,157,625.00,337.00,23.90,45.60,0.9990,-1,-1
598,158,603.00,331.00,26.10,56.90,0.9960,-1,-1
598,159,76.00,314.00,47.50,116.20,0.9990,-1,-1
598,161,1071.00,336.00,23.90,62.20,0.9540,-1,-1
598,162,23.00,319.00,40.70,111.70,0.9910,-1,-1
598,163,1101.00,345.00,25.70,53.80,0.9330,-1,-1
598,164,923.00,346.00,47.10,113.80,0.9470,-1,-1
598,165,651.00,327.00,25.30,48.00,0.9870,-1,-1
599,29,1745.00,172.00,193.40,784.60,0.9990,-1,-1
599,101,819.00,325.00,57.70,155.50,1.0000,-1,-1
599,106,1143.00,316.00,58.40,144.80,1.0000,-1,-1
599,108,1267.00,314.00,72.80,153.30,1.0000,-1,-1
599,124,745.00,303.00,59.10,178.60,1.0000,-1,-1
599,132,718.00,338.00,32.30,62.10,0.9610,-1,-1
599,144,1032.00,332.00,31.20,71.00,0.9990,-1,-1
599,148,1606.00,196.00,205.90,658.70,1.0000,-1,-1
599,154,641.00,330.00,24.80,48.70,0.9920,-1,-1
599,157,626.00,338.00,22.50,51.40,0.9930,-1,-1
599,158,607.00,330.00,24.60,53.40,0.9960,-1,-1
599,159,75.00,318.00,48.60,116.40,0.9990,-1,-1
599,161,1072.00,334.00,24.90,62.50,0.9640,-1,-1
599,162,20.00,320.00,46.40,110.80,0.9990,-1,-1
599,163,1104.00,343.00,25.20,57.90,0.9340,-1,-1
599,164,926.00,345.00,46.90,115.70,0.9910,-1,-1
599,165,656.00,329.00,23.10,54.10,0.9650,-1,-1
600,29,1747.00,152.00,218.50,794.70,0.9980,-1,-1
600,101,829.00,322.00,60.40,174.90,0.9990,-1,-1
600,106,1141.00,325.00,53.70,143.80,0.9990,-1,-1
600,108,1269.00,319.00,69.00,147.20,0.9990,-1,-1
600,124,743.00,311.00,69.50,172.20,1.0000,-1,-1
600,132,718.00,344.00,32.20,56.30,0.9830,-1,-1
600,144,1038.00,335.00,31.70,72.50,0.9990,-1,-1
600,148,1627.00,214.00,193.90,616.00,1.0000,-1,-1
600,154,644.00,336.00,23.80,48.10,0.9630,-1,-1
600,157,632.00,346.00,21.40,45.80,0.9960,-1,-1
600,158,606.00,337.00,25.00,56.90,0.9980,-1,-1
600,159,72.00,323.00,49.40,114.00,0.9990,-1,-1
600,161,1075.00,340.00,25.50,65.40,0.9740,-1,-1
600,162,23.00,327.00,39.70,110.20,1.0000,-1,-1
600,164,923.00,348.00,53.80,121.50,0.9060,-1,-1
600,165,657.00,335.00,23.50,47.80,0.9910,-1,-1
601,29,1776.00,172.00,203.80,787.10,0.9840,-1,-1
601,101,834.00,325.00,59.80,168.20,0.9980,-1,-1
601,106,1134.00,319.00,61.80,155.80,1.0000,-1,-1
601,108,1269.00,325.00,78.90,157.50,1.0000,-1,-1
601,124,752.00,312.00,61.60,178.20,1.0000,-1,-1
601,132,723.00,347.00,30.10,55.80,0.9820,-1,-1
601,144,1042.00,339.00,28.90,69.40,0.9990,-1,-1
601,148,1632.00,195.00,221.00,647.30,1.0000,-1,-1
601,154,644.00,343.00,22.10,50.50,0.9930,-1,-1
601,157,632.00,346.00,22.40,47.30,0.9920,-1,-1
601,158,609.00,343.00,21.00,53.20,0.9910,-1,-1
601,159,71.00,328.00,46.70,112.60,1.0000,-1,-1
601,161,1076.00,344.00,27.20,58.80,0.9630,-1,-1
601,162,22.00,329.00,40.90,110.40,1.0000,-1,-1
601,163,1107.00,350.00,24.60,57.30,0.9180,-1,-1
601,165,659.00,338.00,24.00,44.40,0.9800,-1,-1
602,101,835.00,330.00,56.50,161.00,0.9990,-1,-1
602,106,1139.00,330.00,60.20,147.50,1.0000,-1,-1
602,108,1284.00,317.00,67.90,169.00,1.0000,-1,-1
602,124,746.00,312.00,65.40,178.60,1.0000,-1,-1
602,132,726.00,347.00,29.10,54.00,0.9550,-1,-1
602,144,1040.00,341.00,30.70,72.60,0.9990,-1,-1
602,148,1661.00,202.00,200.80,668.30,1.0000,-1,-1
602,154,650.00,340.00,23.80,48.50,0.9750,-1,-1
602,157,635.00,347.00,24.70,47.60,0.9920,-1,-1
602,158,609.00,340.00,25.60,59.90,0.9930,-1,-1
602,159,71.00,333.00,46.70,117.20,0.9980,-1,-1
602,161,1080.00,347.00,24.30,59.00,0.9140,-1,-1
602,162,14.00,339.00,52.70,101.90,1.0000,-1,-1
602,163,1113.00,348.00,24.00,56.40,0.9640,-1,-1
602,165,664.00,337.00,23.30,50.20,0.9660,-1,-1
603,101,834.00,335.00,58.50,169.20,1.0000,-1,-1
603,106,1148.00,340.00,53.50,139.50,0.9990,-1,-1
603,108,1287.00,330.00,74.60,165.50,1.0000,-1,-1
603,124,750.00,327.00,70.90,176.50,1.0000,-1,-1
603,132,728.00,354.00,27.50,55.60,0.9740,-1,-1
603,144,1044.00,345.00,31.20,73.90,0.9990,-1,-1
603,148,1680.00,211.00,209.20,655.40,1.0000,-1,-1
603,154,646.00,347.00,24.70,48.40,0.9280,-1,-1
603,157,638.00,359.00,22.60,51.80,0.9740,-1,-1
603,158,613.00,348.00,29.50,59.70,0.9850,-1,-1
603,159,68.00,327.00,50.90,125.40,0.9690,-1,-1
603,161,1084.00,350.00,23.00,62.80,0.9670,-1,-1
603,162,20.00,341.00,35.30,108.50,0.9980,-1,-1
603,163,1117.00,357.00,24.60,58.90,0.9680,-1,-1
604,101,834.00,335.00,60.30,172.20,1.0000,-1,-1
604,106,1156.00,337.00,58.90,147.40,1.0000,-1,-1
604,108,1290.00,334.00,80.10,156.40,1.0000,-1,-1
604,124,756.00,326.00,65.90,179.00,1.0000,-1,-1
604,132,731.00,361.00,31.30,54.70,0.9810,-1,-1
604,144,1044.00,351.00,31.50,69.10,1.0000,-1,-1
604,148,1689.00,225.00,214.50,658.10,1.0000,-1,-1
604,154,655.00,349.00,25.70,49.70,0.9620,-1,-1
604,157,642.00,358.00,23.60,49.60,0.9970,-1,-1
604,158,619.00,351.00,23.00,56.80,0.9930,-1,-1
604,159,68.00,340.00,43.50,114.00,1.0000,-1,-1
604,161,1088.00,355.00,24.70,58.20,0.9720,-1,-1
604,162,18.00,343.00,39.40,111.80,0.9960,-1,-1
604,163,1121.00,362.00,25.40,54.50,0.9810,-1,-1
605,101,836.00,333.00,56.10,170.40,1.0000,-1,-1
605,106,1155.00,344.00,53.40,133.70,0.9990,-1,-1
605,108,1298.00,325.00,68.70,169.90,1.0000,-1,-1
605,124,759.00,331.00,64.20,174.70,1.0000,-1,-1
605,132,731.00,362.00,32.60,61.50,0.9780,-1,-1
605,144,1049.00,355.00,30.80,71.30,0.9940,-1,-1
605,148,1682.00,222.00,216.90,652.70,1.0000,-1,-1
605,154,657.00,353.00,25.50,49.00,0.9640,-1,-1
605,157,644.00,359.00,21.80,50.80,0.9940,-1,-1
605,158,621.00,362.00,22.80,48.60,0.9930,-1,-1
605,159,66.00,336.00,45.00,118.40,0.9990,-1,-1
605,161,1090.00,358.00,22.70,58.90,0.9650,-1,-1
605,162,19.00,347.00,40.20,107.30,0.9970,-1,-1
605,163,1121.00,361.00,25.50,57.80,0.9480,-1,-1
605,165,672.00,351.00,23.40,48.30,0.9160,-1,-1
606,101,838.00,344.00,60.30,160.40,1.0000,-1,-1
606,106,1150.00,342.00,59.80,142.20,1.0000,-1,-1
606,108,1299.00,341.00,76.90,167.90,1.0000,-1,-1
606,124,761.00,317.00,66.40,194.30,1.0000,-1,-1
606,132,731.00,366.00,33.10,56.80,0.9540,-1,-1
606,144,1049.00,358.00,30.50,72.40,1.0000,-1,-1
606,148,1693.00,207.00,225.60,683.40,1.0000,-1,-1
606,157,642.00,360.00,24.50,50.60,0.9960,-1,-1
606,158,616.00,358.00,26.70,57.80,0.9910,-1,-1
606,159,65.00,347.00,46.40,113.60,0.9970,-1,-1
606,161,1090.00,360.00,22.90,59.90,0.9730,-1,-1
606,162,16.00,356.00,42.70,105.70,0.9940,-1,-1
606,163,1120.00,364.00,27.60,62.30,0.9700,-1,-1
606,165,667.00,354.00,22.20,48.20,0.9460,-1,-1
607,101,839.00,348.00,55.70,152.50,1.0000,-1,-1
607,106,1153.00,339.00,55.30,143.90,1.0000,-1,-1
607,108,1313.00,333.00,63.10,163.40,1.0000,-1,-1
607,124,759.00,326.00,62.40,185.30,1.0000,-1,-1
607,132,735.00,364.00,30.40,57.20,0.9810,-1,-1
607,144,1051.00,354.00,29.50,71.70,0.9980,-1,-1
607,148,1699.00,211.00,247.60,694.30,1.0000,-1,-1
607,154,655.00,357.00,25.20,49.00,0.9460,-1,-1
607,157,641.00,363.00,25.00,53.70,0.9950,-1,-1
607,158,618.00,359.00,27.40,52.60,0.9970,-1,-1
607,159,63.00,349.00,44.20,111.10,0.9980,-1,-1
607,161,1087.00,364.00,25.70,56.70,0.9260,-1,-1
607,162,18.00,353.00,43.10,109.50,0.9980,-1,-1
607,163,1125.00,365.00,24.90,54.70,0.9860,-1,-1
607,164,937.00,373.00,52.10,120.90,0.9630,-1,-1
608,101,839.00,350.00,59.50,158.10,1.0000,-1,-1
608,106,1148.00,348.00,60.10,137.80,1.0000,-1,-1
608,108,1313.00,337.00,65.40,165.00,1.0000,-1,-1
608,124,764.00,328.00,63.10,183.40,1.0000,-1,-1
608,132,734.00,365.00,32.10,62.30,0.9870,-1,-1
608,144,1052.00,354.00,33.20,75.90,1.0000,-1,-1
608,148,1735.00,244.00,222.10,637.20,0.9990,-1,-1
608,157,642.00,364.00,23.30,50.00,0.9960,-1,-1
608,158,622.00,358.00,25.20,57.90,0.9980,-1,-1
608,159,55.00,343.00,50.30,119.30,1.0000,-1,-1
608,161,1094.00,361.00,25.00,60.90,0.9390,-1,-1
608,162,3.00,354.00,51.40,107.20,0.9910,-1,-1
608,163,1125.00,365.00,25.70,60.00,0.9850,-1,-1
608,164,938.00,372.00,49.10,123.40,0.9160,-1,-1
608,165,668.00,361.00,22.90,46.60,0.9770,-1,-1
609,101,841.00,345.00,58.30,157.20,1.0000,-1,-1
609,106,1150.00,342.00,69.00,145.40,1.0000,-1,-1
609,108,1319.00,333.00,68.90,173.20,1.0000,-1,-1
609,124,759.00,325.00,67.80,183.10,1.0000,-1,-1
609,132,732.00,364.00,31.30,59.20,0.9930,-1,-1
609,144,1055.00,353.00,29.70,69.80,0.9990,-1,-1
609,148,1742.00,201.00,225.50,702.50,0.9990,-1,-1
609,157,646.00,361.00,24.60,51.80,0.9960,-1,-1
609,158,621.00,358.00,24.60,58.80,0.9980,-1,-1
609,159,53.00,344.00,46.70,123.10,0.9990,-1,-1
609,161,1090.00,359.00,28.90,62.00,0.9550,-1,-1
609,162,5.00,351.00,44.00,118.00,0.9840,-1,-1
609,163,1127.00,362.00,26.50,62.10,0.9920,-1,-1
609,165,672.00,350.00,24.00,54.20,0.9950,-1,-1
610,101,843.00,345.00,60.00,168.00,0.9990,-1,-1
610,106,1153.00,340.00,56.00,151.00,1.0000,-1,-1
610,108,1317.00,335.00,75.40,166.70,1.0000,-1,-1
610,124,759.00,335.00,64.70,169.90,1.0000,-1,-1
610,132,737.00,363.00,31.20,61.30,0.9900,-1,-1
610,144,1055.00,357.00,29.20,65.10,1.0000,-1,-1
610,148,1756.00,193.00,219.60,726.20,0.9930,-1,-1
610,157,650.00,362.00,22.50,49.40,0.9960,-1,-1
610,158,620.00,359.00,26.00,52.80,0.9980,-1,-1
610,159,50.00,345.00,46.70,117.00,1.0000,-1,-1
610,161,1094.00,355.00,24.10,62.20,0.9590,-1,-1
610,162,7.00,351.00,44.30,113.40,0.9970,-1,-1
610,163,1127.00,360.00,26.60,59.00,0.9880,-1,-1
610,164,940.00,373.00,50.70,117.00,0.9370,-1,-1
610,165,673.00,352.00,22.10,51.30,0.9870,-1,-1
611,101,844.00,338.00,62.90,176.00,0.9980,-1,-1
611,106,1149.00,351.00,60.00,135.90,1.0000,-1,-1
611,108,1319.00,330.00,77.80,169.80,0.9990,-1,-1
611,124,760.00,329.00,66.90,173.90,1.0000,-1,-1
611,132,735.00,361.00,30.30,57.90,0.9850,-1,-1
611,144,1054.00,354.00,27.70,66.40,1.0000,-1,-1
611,148,1778.00,203.00,186.30,708.20,0.9700,-1,-1
611,157,649.00,363.00,21.20,47.20,0.9910,-1,-1
611,158,621.00,354.00,25.40,54.10,0.9990,-1,-1
611,159,47.00,341.00,48.80,122.80,1.0000,-1,-1
611,161,1097.00,360.00,22.60,54.10,0.9750,-1,-1
611,162,0.00,356.00,49.50,106.70,0.9860,-1,-1
611,163,1127.00,359.00,25.40,61.80,0.9690,-1,-1
611,165,670.00,350.00,26.20,54.60,0.9860,-1,-1
612,101,845.00,340.00,53.20,169.60,0.9990,-1,-1
612,106,1157.00,347.00,59.90,141.30,1.0000,-1,-1
612,108,1316.00,330.00,80.90,172.10,1.0000,-1,-1
612,124,758.00,329.00,71.10,173.40,1.0000,-1,-1
612,132,739.00,361.00,31.90,61.80,0.9470,-1,-1
612,144,1054.00,355.00,33.90,63.30,0.9990,-1,-1
612,148,1762.00,174.00,235.30,736.60,0.9470,-1,-1
612,157,646.00,359.00,24.90,54.20,0.9970,-1,-1
612,158,623.00,353.00,24.50,56.40,0.9990,-1,-1
612,159,48.00,347.00,44.20,115.30,0.9990,-1,-1
612,161,1094.00,357.00,26.60,58.30,0.9690,-1,-1
612,162,1.00,349.00,50.90,117.40,0.9980,-1,-1
612,163,1132.00,360.00,28.90,64.40,0.9800,-1,-1
612,165,667.00,346.00,24.70,55.60,0.9910,-1,-1
613,101,845.00,333.00,63.90,171.10,1.0000,-1,-1
613,106,1169.00,337.00,47.20,153.70,1.0000,-1,-1
613,108,1327.00,320.00,76.50,178.60,1.0000,-1,-1
613,124,770.00,333.00,61.30,172.80,1.0000,-1,-1
613,132,740.00,359.00,33.20,62.70,0.9890,-1,-1
613,144,1063.00,351.00,29.90,71.90,1.0000,-1,-1
613,157,653.00,365.00,22.50,49.10,0.9940,-1,-1
613,158,628.00,354.00,26.60,59.30,0.9990,-1,-1
613,159,49.00,351.00,42.30,109.70,0.9980,-1,-1
613,161,1099.00,350.00,25.90,64.90,0.9550,-1,-1
613,162,-0.00,356.00,47.50,114.70,1.0000,-1,-1
613,163,1136.00,353.00,27.30,65.10,0.9700,-1,-1
613,165,675.00,352.00,21.80,47.40,0.9800,-1,-1
614,101,854.00,342.00,61.20,161.60,1.0000,-1,-1
614,106,1169.00,337.00,58.30,152.10,1.0000,-1,-1
614,108,1337.00,321.00,77.00,171.10,1.0000,-1,-1
614,124,767.00,322.00,66.90,190.40,0.9980,-1,-1
614,132,745.00,362.00,33.80,64.10,0.9890,-1,-1
614,144,1062.00,346.00,30.00,72.30,1.0000,-1,-1
614,157,657.00,361.00,20.30,44.40,0.9910,-1,-1
614,158,629.00,358.00,25.40,51.70,0.9980,-1,-1
614,159,47.00,348.00,45.30,120.20,1.0000,-1,-1
614,161,1104.00,354.00,23.20,59.60,0.9750,-1,-1
614,162,-1.00,354.00,52.80,119.00,0.9960,-1,-1
614,163,1138.00,354.00,28.50,69.80,0.9780,-1,-1
614,165,680.00,347.00,23.60,52.70,0.9890,-1,-1
615,101,855.00,342.00,60.10,164.20,1.0000,-1,-1
615,106,1159.00,337.00,63.90,148.40,1.0000,-1,-1
615,108,1329.00,316.00,97.30,178.00,1.0000,-1,-1
615,124,768.00,329.00,64.00,176.40,0.9990,-1,-1
615,132,747.00,360.00,32.20,58.00,0.9910,-1,-1
615,144,1067.00,350.00,29.70,70.00,1.0000,-1,-1
615,157,656.00,359.00,21.50,48.60,0.9920,-1,-1
615,158,631.00,356.00,24.10,54.60,0.9990,-1,-1
615,159,47.00,353.00,45.30,111.60,0.9990,-1,-1
615,161,1106.00,354.00,26.30,64.10,0.9260,-1,-1
615,162,-2.00,348.00,54.60,126.80,0.9970,-1,-1
615,163,1140.00,357.00,26.90,64.30,0.9930,-1,-1
615,165,679.00,354.00,21.30,48.70,0.9880,-1,-1
616,101,854.00,341.00,56.80,159.30,0.9980,-1,-1
616,106,1172.00,334.00,58.00,142.70,0.9980,-1,-1
616,108,1348.00,321.00,74.90,176.80,0.9970,-1,-1
616,124,770.00,328.00,64.60,173.80,0.9990,-1,-1
616,132,751.00,360.00,33.60,60.10,0.9820,-1,-1
616,144,1072.00,350.00,29.00,71.20,0.9990,-1,-1
616,157,655.00,360.00,23.60,53.40,0.9810,-1,-1
616,158,638.00,354.00,25.00,59.90,0.9860,-1,-1
616,159,47.00,349.00,44.80,112.40,1.0000,-1,-1
616,162,-1.00,351.00,42.20,112.90,0.9950,-1,-1
616,163,1148.00,357.00,27.40,62.40,0.9380,-1,-1
616,165,674.00,355.00,23.30,51.00,0.9310,-1,-1
617,101,859.00,330.00,56.50,177.80,0.9990,-1,-1
617,106,1167.00,341.00,60.50,143.10,1.0000,-1,-1
617,108,1345.00,323.00,81.90,179.30,1.0000,-1,-1
617,124,774.00,319.00,59.50,186.90,1.0000,-1,-1
617,132,752.00,364.00,34.30,60.80,0.9960,-1,-1
617,144,1070.00,350.00,31.20,70.90,1.0000,-1,-1
617,157,659.00,357.00,25.00,58.40,0.9940,-1,-1
617,158,635.00,357.00,26.30,54.60,0.9960,-1,-1
617,159,46.00,353.00,48.10,111.20,1.0000,-1,-1
617,161,1111.00,351.00,26.90,65.80,0.9410,-1,-1
617,162,-1.00,353.00,43.00,110.00,1.0000,-1,-1
617,163,1148.00,360.00,27.70,61.10,0.9810,-1,-1
617,165,682.00,348.00,24.40,51.80,0.9540,-1,-1
618,101,866.00,339.00,63.40,166.60,1.0000,-1,-1
618,106,1178.00,331.00,61.60,149.50,0.9990,-1,-1
618,108,1357.00,318.00,82.90,186.70,1.0000,-1,-1
618,124,783.00,331.00,62.60,174.30,1.0000,-1,-1
618,132,757.00,354.00,36.80,71.00,0.9890,-1,-1
618,144,1083.00,348.00,32.60,72.70,1.0000,-1,-1
618,154,671.00,360.00,23.90,56.20,0.9940,-1,-1
618,158,646.00,360.00,25.40,56.40,0.9960,-1,-1
618,159,52.00,345.00,47.20,125.30,0.9990,-1,-1
618,161,1125.00,348.00,24.80,65.50,0.9780,-1,-1
618,162,1.00,349.00,49.10,121.60,0.9970,-1,-1
618,163,1158.00,356.00,28.20,61.50,0.9670,-1,-1
618,166,694.00,352.00,22.40,47.80,0.9490,-1,-1
619,101,862.00,330.00,66.60,172.00,1.0000,-1,-1
619,106,1182.00,339.00,51.40,137.90,1.0000,-1,-1
619,108,1367.00,328.00,77.40,182.50,1.0000,-1,-1
619,124,785.00,327.00,60.60,175.20,1.0000,-1,-1
619,132,759.00,361.00,35.60,60.20,0.9970,-1,-1
619,144,1082.00,345.00,34.40,69.30,0.9990,-1,-1
619,154,674.00,359.00,25.10,54.60,0.9800,-1,-1
619,158,646.00,357.00,26.20,56.70,0.9900,-1,-1
619,159,51.00,354.00,47.20,122.20,0.9990,-1,-1
619,161,1126.00,347.00,27.10,69.80,0.9460,-1,-1
619,162,3.00,348.00,49.20,118.10,0.9980,-1,-1
619,163,1157.00,354.00,29.60,66.00,0.9950,-1,-1
619,166,697.00,357.00,24.00,45.70,0.9370,-1,-1
620,101,872.00,343.00,61.50,167.00,0.9990,-1,-1
620,106,1181.00,343.00,61.90,137.10,1.0000,-1,-1
620,108,1365.00,316.00,95.30,192.90,0.9990,-1,-1
620,124,788.00,326.00,67.90,181.80,1.0000,-1,-1
620,132,762.00,363.00,32.40,58.20,0.9990,-1,-1
620,144,1086.00,349.00,30.60,69.50,1.0000,-1,-1
620,154,675.00,361.00,24.00,54.90,0.9910,-1,-1
620,158,655.00,360.00,25.50,55.40,0.9970,-1,-1
620,159,50.00,350.00,55.50,121.10,0.9990,-1,-1
620,161,1126.00,347.00,27.60,70.30,0.9420,-1,-1
620,162,-1.00,348.00,47.00,122.60,0.9980,-1,-1
620,163,1166.00,360.00,27.80,61.00,0.9790,-1,-1
620,166,699.00,351.00,26.10,55.30,0.9920,-1,-1
621,101,870.00,336.00,65.40,174.40,1.0000,-1,-1
621,106,1177.00,336.00,62.50,149.60,1.0000,-1,-1
621,108,1365.00,319.00,85.70,186.30,0.9990,-1,-1
621,124,795.00,325.00,63.50,182.40,1.0000,-1,-1
621,132,769.00,363.00,29.50,53.00,0.9910,-1,-1
621,144,1091.00,347.00,33.20,76.00,0.9990,-1,-1
621,154,679.00,357.00,24.50,53.70,0.9920,-1,-1
621,158,651.00,360.00,26.90,54.60,0.9910,-1,-1
621,159,49.00,353.00,55.70,117.20,0.9990,-1,-1
621,161,1132.00,347.00,28.80,68.30,0.9760,-1,-1
621,162,-2.00,352.00,50.40,116.80,1.0000,-1,-1
621,166,696.00,361.00,23.40,46.30,0.9690,-1,-1
622,101,874.00,343.00,63.30,162.60,1.0000,-1,-1
622,106,1194.00,336.00,49.80,141.30,1.0000,-1,-1
622,108,1365.00,319.00,90.20,185.10,1.0000,-1,-1
622,124,798.00,332.00,64.00,177.80,1.0000,-1,-1
622,132,768.00,362.00,31.00,57.60,0.9970,-1,-1
622,144,1093.00,349.00,30.20,68.50,0.9990,-1,-1
622,154,682.00,364.00,25.90,50.00,0.9850,-1,-1
622,158,658.00,357.00,25.30,59.10,0.9990,-1,-1
622,159,54.00,353.00,41.60,118.20,1.0000,-1,-1
622,161,1132.00,350.00,26.00,69.10,0.9240,-1,-1
622,162,-3.00,354.00,52.80,124.50,0.9980,-1,-1
622,163,1163.00,356.00,29.70,65.60,0.9970,-1,-1
622,166,702.00,356.00,22.80,52.00,0.9320,-1,-1
622,167,978.00,364.00,58.10,129.40,0.9280,-1,-1
623,101,871.00,339.00,64.60,167.10,1.0000,-1,-1
623,106,1193.00,336.00,58.20,148.20,0.9990,-1,-1
623,108,1387.00,319.00,77.60,182.60,0.9990,-1,-1
623,124,795.00,329.00,62.20,178.40,1.0000,-1,-1
623,132,770.00,361.00,29.80,57.50,0.9840,-1,-1
623,144,1096.00,353.00,31.80,66.80,0.9990,-1,-1
623,154,685.00,361.00,22.60,47.60,0.9970,-1,-1
623,158,658.00,359.00,25.20,56.40,0.9990,-1,-1
623,159,51.00,345.00,51.90,125.80,0.9990,-1,-1
623,161,1134.00,347.00,26.60,69.20,0.9790,-1,-1
623,162,-1.00,363.00,41.70,114.60,1.0000,-1,-1
623,163,1170.00,352.00,29.00,71.60,0.9930,-1,-1
623,166,706.00,352.00,24.90,55.70,0.9680,-1,-1
624,101,881.00,344.00,59.70,162.70,1.0000,-1,-1
624,106,1194.00,336.00,54.30,145.30,0.9990,-1,-1
624,108,1402.00,311.00,77.00,199.00,1.0000,-1,-1
624,124,801.00,332.00,62.90,177.60,1.0000,-1,-1
624,132,776.00,362.00,32.90,56.00,0.9910,-1,-1
624,144,1103.00,345.00,31.50,73.20,1.0000,-1,-1
624,154,687.00,360.00,23.70,53.30,0.9920,-1,-1
624,158,663.00,356.00,24.60,57.90,0.9990,-1,-1
624,159,52.00,354.00,47.70,125.70,0.9990,-1,-1
624,161,1137.00,348.00,27.40,71.80,0.9910,-1,-1
624,162,-2.00,355.00,52.40,123.50,0.9910,-1,-1
624,163,1176.00,351.00,29.20,70.40,0.9980,-1,-1
624,166,710.00,354.00,24.70,53.00,0.9600,-1,-1
624,167,990.00,364.00,49.10,122.40,0.9660,-1,-1
625,101,886.00,338.00,54.30,165.10,1.0000,-1,-1
625,106,1199.00,341.00,54.80,138.30,1.0000,-1,-1
625,108,1394.00,319.00,87.80,186.70,0.9990,-1,-1
625,124,801.00,332.00,66.20,173.20,1.0000,-1,-1
625,132,776.00,361.00,32.60,58.20,0.9840,-1,-1
625,144,1102.00,349.00,31.30,70.30,0.9990,-1,-1
625,154,688.00,362.00,23.50,54.30,0.9980,-1,-1
625,158,666.00,361.00,24.60,55.90,0.9990,-1,-1
625,159,49.00,357.00,48.30,123.00,0.9990,-1,-1
625,161,1142.00,350.00,27.80,74.20,0.9920,-1,-1
625,162,-4.00,369.00,56.10,111.80,0.9920,-1,-1
625,163,1178.00,356.00,27.30,66.20,0.9980,-1,-1
625,166,709.00,358.00,23.70,50.50,0.9760,-1,-1
626,101,882.00,339.00,60.70,169.50,1.0000,-1,-1
626,106,1201.00,339.00,55.90,141.40,1.0000,-1,-1
626,108,1402.00,305.00,82.40,202.70,1.0000,-1,-1
626,124,806.00,338.00,63.20,172.80,1.0000,-1,-1
626,132,779.00,364.00,32.10,57.30,0.9950,-1,-1
626,144,1106.00,347.00,30.10,69.00,0.9990,-1,-1
626,154,691.00,364.00,23.00,52.10,0.9990,-1,-1
626,158,669.00,358.00,26.10,56.20,0.9980,-1,-1
626,159,50.00,359.00,44.60,116.80,1.0000,-1,-1
626,161,1146.00,346.00,28.10,70.40,0.9870,-1,-1
626,162,-1.00,360.00,43.10,114.00,0.9960,-1,-1
626,163,1181.00,351.00,27.60,70.70,0.9930,-1,-1
626,166,712.00,350.00,25.20,56.50,0.9960,-1,-1
626,167,998.00,365.00,47.80,125.00,0.9000,-1,-1
627,101,886.00,347.00,57.40,162.50,1.0000,-1,-1
627,106,1201.00,337.00,53.10,137.30,0.9990,-1,-1
627,108,1417.00,311.00,80.30,205.90,0.9990,-1,-1
627,124,812.00,329.00,61.10,188.30,1.0000,-1,-1
627,132,783.00,362.00,32.20,62.80,0.9920,-1,-1
627,144,1109.00,350.00,30.90,71.70,0.9970,-1,-1
627,154,693.00,366.00,20.90,49.20,0.9950,-1,-1
627,158,670.00,358.00,25.20,56.10,0.9990,-1,-1
627,159,48.00,358.00,53.70,115.20,1.0000,-1,-1
627,161,1145.00,351.00,28.10,69.80,0.9840,-1,-1
627,162,-3.00,370.00,42.10,110.50,0.9990,-1,-1
627,163,1184.00,354.00,27.90,71.10,0.9960,-1,-1
627,166,715.00,355.00,20.80,47.20,0.9870,-1,-1
627,167,995.00,371.00,47.40,121.20,0.9830,-1,-1
628,101,884.00,338.00,60.20,173.60,1.0000,-1,-1
628,106,1197.00,340.00,55.50,137.00,0.9980,-1,-1
628,108,1419.00,309.00,83.30,202.50,1.0000,-1,-1
628,124,808.00,334.00,64.70,183.30,1.0000,-1,-1
628,132,784.00,361.00,33.60,60.60,0.9980,-1,-1
628,144,1110.00,348.00,30.00,72.30,1.0000,-1,-1
628,154,697.00,367.00,20.90,49.60,0.9930,-1,-1
628,158,668.00,356.00,27.90,62.40,0.9980,-1,-1
628,159,48.00,360.00,48.30,117.20,1.0000,-1,-1
628,161,1148.00,348.00,27.10,69.40,0.9870,-1,-1
628,162,-3.00,368.00,45.90,112.10,0.9910,-1,-1
628,163,1180.00,353.00,30.80,69.60,0.9900,-1,-1
628,166,717.00,355.00,24.20,54.60,0.9780,-1,-1
628,167,997.00,371.00,53.90,122.00,0.9550,-1,-1
629,101,886.00,340.00,62.50,171.70,1.0000,-1,-1
629,106,1209.00,342.00,52.40,147.40,0.9990,-1,-1
629,108,1434.00,326.00,76.00,194.90,1.0000,-1,-1
629,124,812.00,336.00,62.40,175.10,1.0000,-1,-1
629,132,786.00,365.00,32.60,65.60,0.9880,-1,-1
629,144,1114.00,352.00,31.70,71.60,1.0000,-1,-1
629,154,697.00,367.00,22.20,50.00,0.9940,-1,-1
629,158,673.00,359.00,28.10,63.70,0.9970,-1,-1
629,159,42.00,365.00,53.80,115.70,1.0000,-1,-1
629,161,1154.00,348.00,30.40,79.60,0.9900,-1,-1
629,162,-3.00,370.00,30.00,112.60,0.9750,-1,-1
629,163,1189.00,350.00,29.90,72.70,0.9370,-1,-1
629,166,722.00,358.00,23.60,54.10,0.9720,-1,-1
629,167,1002.00,374.00,47.80,124.50,0.9860,-1,-1
630,101,888.00,348.00,59.30,163.10,0.9990,-1,-1
630,106,1207.00,343.00,58.60,142.60,0.9980,-1,-1
630,108,1433.00,322.00,82.30,196.60,1.0000,-1,-1
630,124,813.00,335.00,66.90,184.80,0.9990,-1,-1
630,132,787.00,368.00,34.00,57.70,0.9770,-1,-1
630,144,1113.00,358.00,29.00,65.80,1.0000,-1,-1
630,154,697.00,365.00,23.80,52.20,0.9890,-1,-1
630,158,672.00,361.00,25.90,59.00,0.9960,-1,-1
630,159,41.00,364.00,52.90,117.50,0.9990,-1,-1
630,161,1153.00,354.00,25.60,75.30,0.9080,-1,-1
630,163,1192.00,350.00,25.30,78.30,0.9400,-1,-1
630,166,719.00,360.00,23.60,52.30,0.9490,-1,-1
631,101,887.00,351.00,59.30,162.50,1.0000,-1,-1
631,106,1209.00,352.00,56.30,130.50,0.9990,-1,-1
631,108,1438.00,321.00,73.90,205.40,1.0000,-1,-1
631,124,818.00,339.00,58.00,180.30,1.0000,-1,-1
631,132,785.00,372.00,34.00,57.80,0.9910,-1,-1
631,144,1117.00,360.00,29.30,71.20,1.0000,-1,-1
631,154,701.00,369.00,22.90,55.20,0.9980,-1,-1
631,158,673.00,365.00,25.30,55.50,0.9990,-1,-1
631,159,41.00,365.00,46.30,121.10,0.9990,-1,-1
631,161,1159.00,356.00,28.30,75.30,0.9740,-1,-1
631,163,1191.00,364.00,27.70,63.90,0.9940,-1,-1
631,166,719.00,367.00,21.50,45.50,0.9900,-1,-1
632,101,893.00,344.00,57.80,172.00,1.0000,-1,-1
632,106,1204.00,342.00,57.70,140.70,0.9990,-1,-1
632,108,1455.00,321.00,69.10,213.00,1.0000,-1,-1
632,124,815.00,331.00,60.50,187.10,0.9990,-1,-1
632,132,788.00,367.00,32.30,60.80,0.9770,-1,-1
632,144,1115.00,360.00,32.70,71.30,0.9990,-1,-1
632,154,699.00,370.00,21.90,52.70,0.9910,-1,-1
632,158,679.00,368.00,24.40,56.50,0.9970,-1,-1
632,159,38.00,365.00,46.00,120.20,0.9990,-1,-1
632,161,1158.00,354.00,28.40,76.30,0.9740,-1,-1
632,162,-3.00,369.00,35.50,124.80,0.9880,-1,-1
632,166,719.00,359.00,25.70,59.10,0.9790,-1,-1
632,167,1003.00,375.00,54.40,118.30,0.9780,-1,-1
633,101,896.00,352.00,58.90,155.80,1.0000,-1,-1
633,106,1204.00,341.00,62.70,149.20,0.9990,-1,-1
633,108,1446.00,321.00,84.10,211.50,1.0000,-1,-1
633,124,812.00,339.00,68.70,181.50,1.0000,-1,-1
633,132,792.00,369.00,33.20,60.90,0.9890,-1,-1
633,144,1121.00,356.00,29.90,69.00,0.9990,-1,-1
633,154,699.00,367.00,24.10,54.40,0.9900,-1,-1
633,158,675.00,366.00,25.00,58.40,0.9980,-1,-1
633,159,34.00,365.00,51.40,119.60,0.9990,-1,-1
633,161,1158.00,355.00,27.40,71.90,0.9590,-1,-1
633,166,723.00,365.00,23.00,51.50,0.9710,-1,-1
634,101,892.00,348.00,55.50,154.90,1.0000,-1,-1
634,106,1205.00,346.00,57.20,139.00,0.9990,-1,-1
634,108,1451.00,311.00,87.70,221.30,1.0000,-1,-1
634,124,819.00,325.00,57.40,181.50,1.0000,-1,-1
634,132,789.00,365.00,33.60,62.30,0.9880,-1,-1
634,144,1121.00,354.00,30.30,68.20,0.9990,-1,-1
634,154,699.00,365.00,22.40,50.60,0.9970,-1,-1
634,158,680.00,360.00,25.30,58.50,0.9990,-1,-1
634,159,25.00,362.00,49.00,127.30,0.9980,-1,-1
634,161,1159.00,355.00,28.20,74.90,0.9950,-1,-1
634,166,719.00,363.00,23.70,49.10,0.9810,-1,-1
635,101,895.00,354.00,56.60,150.90,1.0000,-1,-1
635,106,1206.00,341.00,59.00,148.30,0.9990,-1,-1
635,108,1455.00,314.00,85.60,209.30,0.9980,-1,-1
635,124,822.00,334.00,63.90,179.90,1.0000,-1,-1
635,132,791.00,362.00,37.20,62.80,0.9850,-1,-1
635,144,1120.00,352.00,33.40,71.60,1.0000,-1,-1
635,154,696.00,362.00,26.60,57.00,0.9950,-1,-1
635,158,678.00,362.00,23.30,54.30,0.9930,-1,-1
635,159,12.00,349.00,52.00,130.60,0.9990,-1,-1
635,161,1159.00,352.00,26.90,74.90,0.9660,-1,-1
635,166,721.00,357.00,24.10,51.60,0.9500,-1,-1
636,101,885.00,346.00,60.90,156.10,1.0000,-1,-1
636,106,1210.00,346.00,49.20,131.40,1.0000,-1,-1
636,108,1453.00,317.00,86.10,207.50,1.0000,-1,-1
636,124,817.00,329.00,63.50,180.80,1.0000,-1,-1
636,132,787.00,356.00,34.30,65.60,0.9860,-1,-1
636,144,1121.00,349.00,28.80,69.30,1.0000,-1,-1
636,157,669.00,357.00,26.40,58.00,0.9970,-1,-1
636,159,18.00,352.00,47.50,118.60,0.9970,-1,-1
636,161,1157.00,353.00,28.60,69.80,0.9850,-1,-1
636,165,695.00,363.00,21.20,49.30,0.9950,-1,-1
636,166,716.00,350.00,25.20,58.80,0.9930,-1,-1
636,167,997.00,367.00,51.40,121.80,0.9000,-1,-1
637,101,887.00,338.00,61.50,167.10,0.9990,-1,-1
637,106,1202.00,340.00,57.00,138.30,0.9990,-1,-1
637,108,1454.00,311.00,91.00,208.60,0.9990,-1,-1
637,124,818.00,326.00,65.60,176.90,1.0000,-1,-1
637,132,784.00,360.00,36.10,63.30,0.9930,-1,-1
637,144,1116.00,344.00,34.40,77.70,1.0000,-1,-1
637,157,670.00,353.00,26.30,57.80,0.9910,-1,-1
637,159,8.00,346.00,47.40,120.50,0.9950,-1,-1
637,161,1156.00,346.00,28.20,72.60,0.9770,-1,-1
637,165,692.00,353.00,26.60,58.40,0.9930,-1,-1
637,166,712.00,351.00,26.80,53.00,0.9920,-1,-1
638,101,893.00,337.00,52.50,158.40,1.0000,-1,-1
638,106,1199.00,331.00,57.50,147.90,1.0000,-1,-1
638,108,1451.00,303.00,99.20,215.70,1.0000,-1,-1
638,124,816.00,321.00,63.20,177.80,1.0000,-1,-1
638,132,787.00,352.00,34.30,61.80,0.9940,-1,-1
638,144,1120.00,347.00,29.20,65.10,1.0000,-1,-1
638,157,670.00,350.00,27.40,59.30,0.9990,-1,-1
638,159,2.00,353.00,52.70,114.40,0.9990,-1,-1
638,161,1156.00,342.00,30.20,75.20,0.9730,-1,-1
638,165,695.00,357.00,22.50,52.50,0.9940,-1,-1
638,166,715.00,350.00,22.70,52.00,0.9930,-1,-1
639,101,889.00,337.00,55.30,161.20,1.0000,-1,-1
639,106,1192.00,331.00,54.70,147.50,1.0000,-1,-1
639,108,1446.00,301.00,97.50,210.50,1.0000,-1,-1
639,124,808.00,321.00,62.70,178.20,1.0000,-1,-1
639,132,783.00,352.00,32.70,61.50,0.9890,-1,-1
639,144,1113.00,338.00,31.20,74.80,0.9990,-1,-1
639,157,668.00,347.00,25.00,58.60,0.9970,-1,-1
639,159,-7.00,339.00,49.60,130.50,0.9540,-1,-1
639,161,1152.00,340.00,27.90,72.90,0.9830,-1,-1
639,165,690.00,350.00,21.80,50.50,0.9940,-1,-1
639,166,711.00,343.00,24.50,51.30,0.9620,-1,-1
640,101,886.00,330.00,62.80,169.20,0.9990,-1,-1
640,106,1193.00,330.00,58.00,138.80,1.0000,-1,-1
640,108,1453.00,303.00,115.20,223.00,1.0000,-1,-1
640,124,808.00,325.00,61.80,172.80,1.0000,-1,-1
640,132,785.00,351.00,32.80,66.60,0.9960,-1,-1
640,144,1116.00,340.00,32.90,76.90,0.9990,-1,-1
640,157,669.00,347.00,24.60,58.10,0.9970,-1,-1
640,159,-8.00,345.00,46.60,126.20,0.9190,-1,-1
640,161,1153.00,342.00,27.20,72.80,0.9790,-1,-1
640,165,690.00,351.00,22.50,49.40,0.9970,-1,-1
640,166,715.00,345.00,22.10,45.70,0.9890,-1,-1
641,101,889.00,326.00,58.10,171.60,1.0000,-1,-1
641,106,1191.00,325.00,61.10,144.50,1.0000,-1,-1
641,108,1464.00,301.00,111.50,222.50,1.0000,-1,-1
641,124,808.00,323.00,62.80,175.20,1.0000,-1,-1
641,132,786.00,352.00,32.80,63.70,0.9970,-1,-1
641,144,1114.00,340.00,31.60,72.00,1.0000,-1,-1
641,157,665.00,344.00,27.10,56.40,0.9960,-1,-1
641,161,1158.00,337.00,25.90,70.90,0.9750,-1,-1
641,165,688.00,350.00,24.40,53.60,0.9940,-1,-1
641,166,710.00,342.00,24.50,53.90,0.9930,-1,-1
642,101,888.00,329.00,62.40,171.10,0.9990,-1,-1
642,106,1200.00,330.00,58.60,134.80,0.9990,-1,-1
642,108,1477.00,313.00,99.10,215.60,1.0000,-1,-1
642,124,803.00,315.00,59.60,179.70,0.9990,-1,-1
642,132,784.00,349.00,33.90,66.40,0.9980,-1,-1
642,144,1117.00,342.00,31.80,70.90,0.9990,-1,-1
642,157,666.00,348.00,26.20,57.80,0.9990,-1,-1
642,161,1160.00,339.00,29.20,76.20,0.9850,-1,-1
642,165,687.00,352.00,23.20,51.00,0.9970,-1,-1
642,166,711.00,343.00,23.80,52.90,0.9920,-1,-1
643,101,891.00,342.00,54.60,146.00,0.9990,-1,-1
643,106,1194.00,330.00,56.10,138.50,0.9980,-1,-1
643,108,1463.00,293.00,118.80,231.60,1.0000,-1,-1
643,124,804.00,320.00,67.00,182.40,0.9990,-1,-1
643,132,782.00,352.00,39.20,65.80,0.9820,-1,-1
643,144,1120.00,344.00,29.50,64.60,0.9990,-1,-1
643,157,667.00,349.00,27.20,57.80,0.9980,-1,-1
643,161,1158.00,342.00,27.00,67.30,0.9580,-1,-1
643,165,685.00,347.00,27.00,52.90,0.9850,-1,-1
643,166,712.00,347.00,27.00,51.50,0.9500,-1,-1
644,101,892.00,334.00,55.10,161.20,1.0000,-1,-1
644,106,1196.00,333.00,55.80,145.20,0.9990,-1,-1
644,108,1483.00,303.00,107.90,241.40,1.0000,-1,-1
644,124,808.00,318.00,65.10,177.30,1.0000,-1,-1
644,132,783.00,352.00,34.60,62.20,0.9930,-1,-1
644,144,1120.00,341.00,31.30,74.10,1.0000,-1,-1
644,157,671.00,348.00,26.00,59.70,0.9980,-1,-1
644,161,1162.00,342.00,26.40,68.90,0.9420,-1,-1
644,165,689.00,355.00,22.30,47.50,0.9860,-1,-1
644,166,715.00,345.00,24.80,52.50,0.9780,-1,-1
645,101,894.00,338.00,61.90,163.80,1.0000,-1,-1
645,106,1200.00,330.00,64.40,153.10,0.9990,-1,-1
645,108,1485.00,310.00,107.10,222.00,1.0000,-1,-1
645,124,819.00,317.00,65.50,180.10,0.9990,-1,-1
645,132,790.00,352.00,36.30,64.60,0.9950,-1,-1
645,144,1127.00,349.00,28.00,66.90,1.0000,-1,-1
645,157,678.00,350.00,24.90,57.50,0.9990,-1,-1
645,161,1164.00,347.00,27.50,73.30,0.9850,-1,-1
645,165,695.00,356.00,23.30,50.70,0.9980,-1,-1
645,166,713.00,346.00,25.70,56.00,0.9940,-1,-1
646,101,895.00,334.00,63.10,164.70,0.9980,-1,-1
646,106,1208.00,329.00,57.60,151.20,0.9940,-1,-1
646,108,1505.00,293.00,102.40,246.50,1.0000,-1,-1
646,124,813.00,324.00,71.40,172.80,1.0000,-1,-1
646,132,790.00,354.00,32.70,63.90,0.9960,-1,-1
646,144,1129.00,345.00,29.10,69.10,0.9990,-1,-1
646,157,673.00,348.00,27.30,57.30,0.9980,-1,-1
646,161,1167.00,341.00,26.40,75.20,0.9700,-1,-1
646,165,699.00,347.00,25.50,54.90,0.9900,-1,-1
646,168,1042.00,376.00,43.10,117.00,0.9290,-1,-1
647,101,902.00,334.00,59.10,165.80,1.0000,-1,-1
647,106,1204.00,339.00,61.40,136.10,0.9990,-1,-1
647,108,1516.00,297.00,101.80,241.40,1.0000,-1,-1
647,124,815.00,317.00,73.70,185.50,1.0000,-1,-1
647,132,794.00,355.00,32.90,61.20,0.9970,-1,-1
647,144,1131.00,343.00,31.20,74.50,1.0000,-1,-1
647,154,702.00,351.00,25.00,58.90,0.9910,-1,-1
647,157,678.00,351.00,25.80,56.40,0.9990,-1,-1
647,161,1171.00,341.00,29.80,78.30,0.9820,-1,-1
647,166,718.00,347.00,24.10,52.80,0.9950,-1,-1
648,101,908.00,336.00,62.50,163.70,1.0000,-1,-1
648,106,1216.00,332.00,56.30,145.20,1.0000,-1,-1
648,108,1532.00,292.00,99.40,245.70,1.0000,-1,-1
648,124,829.00,324.00,62.60,182.40,1.0000,-1,-1
648,132,797.00,356.00,37.60,60.00,0.9960,-1,-1
648,144,1136.00,344.00,33.10,70.80,0.9990,-1,-1
648,154,704.00,356.00,22.70,51.30,0.9970,-1,-1
648,157,681.00,346.00,27.40,58.30,0.9990,-1,-1
648,161,1178.00,342.00,27.50,75.10,0.9620,-1,-1
648,166,722.00,350.00,24.30,49.50,0.9930,-1,-1
649,101,913.00,336.00,59.30,157.90,1.0000,-1,-1
649,106,1221.00,335.00,58.50,130.00,0.9990,-1,-1
649,108,1532.00,300.00,124.40,236.00,0.9990,-1,-1
649,124,831.00,320.00,70.00,178.40,1.0000,-1,-1
649,132,801.00,347.00,34.60,65.60,0.9960,-1,-1
649,144,1141.00,346.00,29.80,68.90,0.9990,-1,-1
649,154,706.00,348.00,30.20,60.10,0.9750,-1,-1
649,157,688.00,349.00,24.30,57.20,0.9980,-1,-1
649,161,1182.00,337.00,30.70,83.10,0.9590,-1,-1
649,166,727.00,341.00,27.90,59.20,0.9790,-1,-1
650,101,917.00,338.00,58.00,156.20,1.0000,-1,-1
650,106,1218.00,334.00,60.00,134.20,0.9990,-1,-1
650,108,1565.00,308.00,92.70,238.80,1.0000,-1,-1
650,124,838.00,321.00,60.20,179.50,1.0000,-1,-1
650,132,801.00,351.00,34.60,61.00,0.9900,-1,-1
650,144,1147.00,342.00,30.00,72.20,1.0000,-1,-1
650,154,713.00,347.00,26.40,55.50,0.9990,-1,-1
650,157,688.00,346.00,27.30,61.80,0.9990,-1,-1
650,161,1189.00,339.00,28.20,70.90,0.9640,-1,-1
650,166,730.00,342.00,23.50,50.90,0.9850,-1,-1
651,101,911.00,334.00,63.00,166.60,1.0000,-1,-1
651,106,1230.00,335.00,52.00,131.00,0.9980,-1,-1
651,108,1578.00,296.00,89.30,257.90,0.9990,-1,-1
651,124,840.00,323.00,65.30,170.40,1.0000,-1,-1
651,132,810.00,349.00,32.10,59.70,0.9870,-1,-1
651,144,1148.00,341.00,31.30,71.90,0.9990,-1,-1
651,154,718.00,345.00,25.60,56.40,0.9940,-1,-1
651,161,1186.00,337.00,29.40,80.30,0.9820,-1,-1
651,165,695.00,346.00,25.80,58.00,1.0000,-1,-1
651,166,733.00,344.00,23.40,52.20,0.9970,-1,-1
652,101,917.00,331.00,63.70,164.40,1.0000,-1,-1
652,106,1228.00,331.00,59.80,138.90,0.9990,-1,-1
652,108,1593.00,288.00,94.60,259.10,0.9990,-1,-1
652,124,842.00,312.00,64.20,188.40,1.0000,-1,-1
652,132,814.00,350.00,35.50,60.70,0.9930,-1,-1
652,144,1151.00,342.00,31.30,69.20,1.0000,-1,-1
652,154,719.00,346.00,25.40,51.90,0.9940,-1,-1
652,161,1193.00,333.00,28.10,77.50,0.9270,-1,-1
652,165,699.00,342.00,25.70,62.40,1.0000,-1,-1
652,166,735.00,337.00,25.70,55.80,0.9810,-1,-1
653,101,927.00,334.00,59.60,160.20,1.0000,-1,-1
653,106,1230.00,332.00,55.90,132.70,1.0000,-1,-1
653,108,1589.00,295.00,116.60,273.90,1.0000,-1,-1
653,124,847.00,315.00,68.30,191.40,0.9990,-1,-1
653,132,815.00,344.00,36.00,65.90,0.9940,-1,-1
653,144,1158.00,339.00,31.90,74.90,0.9990,-1,-1
653,154,722.00,343.00,24.50,53.10,0.9950,-1,-1
653,161,1199.00,334.00,29.00,80.30,0.9850,-1,-1
653,165,698.00,340.00,26.80,60.40,0.9990,-1,-1
653,166,742.00,339.00,23.80,47.70,0.9780,-1,-1
654,101,931.00,329.00,58.30,158.90,0.9990,-1,-1
654,106,1238.00,327.00,55.50,151.40,0.9980,-1,-1
654,108,1616.00,309.00,96.00,240.50,0.9990,-1,-1
654,124,852.00,314.00,66.90,185.60,1.0000,-1,-1
654,132,822.00,344.00,29.70,64.50,0.9830,-1,-1
654,144,1167.00,337.00,31.80,77.70,1.0000,-1,-1
654,154,729.00,347.00,21.20,47.10,0.9850,-1,-1
654,161,1206.00,343.00,30.90,73.40,0.9850,-1,-1
654,165,708.00,341.00,27.90,61.50,0.9950,-1,-1
654,166,743.00,336.00,28.70,56.10,0.9890,-1,-1
