1,1,1697.00,367.00,160.20,385.10,1.0000,-1,-1
1,2,1291.00,449.00,73.20,215.00,1.0000,-1,-1
1,3,1255.00,538.00,62.70,115.70,1.0000,-1,-1
1,4,248.00,435.00,129.40,272.90,0.9990,-1,-1
2,1,1695.00,386.00,150.80,353.30,1.0000,-1,-1
2,2,1295.00,461.00,72.60,204.50,1.0000,-1,-1
2,3,1251.00,529.00,64.70,130.50,1.0000,-1,-1
2,4,265.00,442.00,108.60,272.00,1.0000,-1,-1
3,1,1683.00,387.00,164.30,338.50,1.0000,-1,-1
3,2,1285.00,461.00,82.90,208.50,1.0000,-1,-1
3,4,262.00,456.00,106.40,253.20,1.0000,-1,-1
3,5,855.00,518.00,41.80,115.10,0.9280,-1,-1
4,1,1693.00,388.00,166.60,345.00,1.0000,-1,-1
4,2,1288.00,459.00,85.80,201.90,1.0000,-1,-1
4,3,1267.00,536.00,58.00,129.80,1.0000,-1,-1
4,4,266.00,453.00,104.60,257.30,1.0000,-1,-1
5,1,1703.00,396.00,138.00,331.80,1.0000,-1,-1
5,2,1298.00,456.00,74.50,210.90,1.0000,-1,-1
5,3,1268.00,527.00,58.30,139.00,1.0000,-1,-1
5,4,268.00,452.00,100.00,256.40,1.0000,-1,-1
6,1,1689.00,371.00,162.50,364.70,1.0000,-1,-1
6,2,1296.00,457.00,84.70,209.20,1.0000,-1,-1
6,3,1263.00,538.00,62.00,119.50,1.0000,-1,-1
6,4,273.00,454.00,100.50,253.10,1.0000,-1,-1
7,1,1676.00,373.00,163.20,357.10,1.0000,-1,-1
7,2,1303.00,464.00,78.70,196.20,1.0000,-1,-1
7,3,1274.00,531.00,51.00,134.20,1.0000,-1,-1
7,4,263.00,437.00,105.00,292.60,1.0000,-1,-1
8,1,1670.00,378.00,165.70,383.80,1.0000,-1,-1
8,2,1304.00,454.00,72.70,204.20,1.0000,-1,-1
8,3,1273.00,534.00,62.00,126.90,1.0000,-1,-1
8,4,280.00,446.00,108.70,260.50,1.0000,-1,-1
9,1,1682.00,374.00,163.00,383.80,1.0000,-1,-1
9,2,1300.00,444.00,81.10,213.70,1.0000,-1,-1
9,3,1275.00,532.00,53.30,127.20,1.0000,-1,-1
9,4,286.00,455.00,93.10,246.80,0.9990,-1,-1
10,1,1687.00,404.00,137.10,349.70,1.0000,-1,-1
10,2,1309.00,454.00,84.30,210.90,1.0000,-1,-1
10,3,1271.00,532.00,67.30,137.40,1.0000,-1,-1
10,4,270.00,445.00,117.30,272.10,0.9990,-1,-1
11,1,1666.00,382.00,172.20,365.30,1.0000,-1,-1
11,2,1305.00,451.00,85.20,213.00,1.0000,-1,-1
11,3,1277.00,535.00,64.40,134.60,1.0000,-1,-1
11,4,271.00,444.00,116.10,264.80,0.9990,-1,-1
12,1,1683.00,376.00,151.50,389.80,1.0000,-1,-1
12,2,1313.00,452.00,75.60,212.50,1.0000,-1,-1
12,3,1277.00,541.00,56.00,129.00,1.0000,-1,-1
12,4,283.00,437.00,109.40,269.30,0.9990,-1,-1
13,1,1678.00,388.00,147.40,371.20,1.0000,-1,-1
13,2,1307.00,454.00,76.80,208.50,1.0000,-1,-1
13,3,1287.00,534.00,51.10,130.50,1.0000,-1,-1
13,4,285.00,438.00,106.50,265.90,1.0000,-1,-1
13,6,1798.00,442.00,68.80,189.80,0.9240,-1,-1
14,1,1662.00,376.00,186.10,392.00,1.0000,-1,-1
14,2,1318.00,461.00,82.20,204.00,1.0000,-1,-1
14,3,1283.00,541.00,53.00,123.90,1.0000,-1,-1
14,4,292.00,447.00,105.60,265.50,0.9990,-1,-1
15,1,1654.00,378.00,173.80,375.40,1.0000,-1,-1
15,2,1314.00,457.00,76.60,210.20,1.0000,-1,-1
15,3,1285.00,531.00,48.30,128.40,0.9990,-1,-1
15,4,296.00,444.00,94.70,262.70,0.9990,-1,-1
15,6,1796.00,441.00,68.70,173.90,0.9720,-1,-1
16,1,1666.00,367.00,188.40,377.60,1.0000,-1,-1
16,2,1322.00,455.00,81.90,206.90,1.0000,-1,-1
16,3,1291.00,530.00,53.70,132.70,1.0000,-1,-1
16,4,286.00,442.00,111.20,258.70,0.9990,-1,-1
17,1,1664.00,376.00,187.10,376.60,1.0000,-1,-1
17,2,1309.00,461.00,87.60,206.30,1.0000,-1,-1
17,4,282.00,442.00,122.90,277.30,1.0000,-1,-1
18,1,1642.00,371.00,184.30,395.40,1.0000,-1,-1
18,2,1311.00,448.00,83.70,213.20,1.0000,-1,-1
18,3,1295.00,538.00,51.00,121.00,1.0000,-1,-1
18,4,293.00,442.00,105.50,255.50,0.9990,-1,-1
18,6,1796.00,443.00,74.40,176.40,0.9980,-1,-1
18,7,-71.00,222.00,331.80,721.60,0.9600,-1,-1
19,1,1649.00,366.00,184.60,402.50,1.0000,-1,-1
19,2,1321.00,451.00,81.90,212.00,1.0000,-1,-1
19,3,1289.00,542.00,58.10,130.80,0.9990,-1,-1
19,4,307.00,445.00,97.30,264.00,0.9990,-1,-1
19,6,1807.00,443.00,69.20,184.50,0.9970,-1,-1
19,7,-69.00,236.00,326.20,701.10,0.9770,-1,-1
20,1,1644.00,376.00,178.70,398.10,1.0000,-1,-1
20,2,1328.00,465.00,71.90,199.00,1.0000,-1,-1
20,3,1292.00,533.00,52.40,137.40,1.0000,-1,-1
20,4,299.00,441.00,98.10,250.00,0.9990,-1,-1
20,6,1801.00,440.00,72.80,180.00,0.9990,-1,-1
20,7,-74.00,226.00,357.50,729.80,0.9810,-1,-1
21,1,1645.00,363.00,173.10,391.20,1.0000,-1,-1
21,2,1328.00,466.00,69.50,196.90,1.0000,-1,-1
21,3,1295.00,536.00,53.70,130.30,1.0000,-1,-1
21,4,317.00,443.00,86.60,268.50,0.9990,-1,-1
21,6,1803.00,440.00,70.40,176.80,1.0000,-1,-1
21,7,-77.00,237.00,366.60,728.50,0.9780,-1,-1
22,1,1635.00,385.00,192.40,389.00,1.0000,-1,-1
22,2,1327.00,456.00,67.20,205.90,1.0000,-1,-1
22,3,1294.00,536.00,61.10,131.20,1.0000,-1,-1
22,4,306.00,445.00,96.90,256.60,0.9990,-1,-1
22,6,1799.00,437.00,71.30,188.50,1.0000,-1,-1
22,7,-63.00,241.00,361.10,698.00,0.9870,-1,-1
23,1,1640.00,382.00,179.10,375.40,1.0000,-1,-1
23,2,1331.00,456.00,74.50,206.40,1.0000,-1,-1
23,3,1305.00,528.00,49.90,140.80,1.0000,-1,-1
23,4,307.00,441.00,108.80,269.10,1.0000,-1,-1
23,6,1813.00,439.00,67.80,201.60,1.0000,-1,-1
23,7,-89.00,250.00,403.80,668.80,0.9850,-1,-1
24,1,1627.00,373.00,178.50,409.80,1.0000,-1,-1
24,2,1319.00,459.00,80.60,209.00,1.0000,-1,-1
24,4,307.00,440.00,112.10,274.40,1.0000,-1,-1
24,6,1811.00,432.00,69.80,205.30,0.9970,-1,-1
24,7,-78.00,215.00,397.40,707.10,0.9830,-1,-1
25,1,1648.00,379.00,167.30,383.00,1.0000,-1,-1
25,2,1326.00,449.00,80.70,219.50,1.0000,-1,-1
25,4,313.00,452.00,100.70,252.50,1.0000,-1,-1
25,7,-73.00,209.00,400.80,719.90,0.9940,-1,-1
26,1,1624.00,379.00,193.50,367.40,1.0000,-1,-1
26,2,1333.00,452.00,70.70,214.90,1.0000,-1,-1
26,3,1297.00,541.00,57.80,121.80,1.0000,-1,-1
26,4,317.00,445.00,105.50,270.50,0.9990,-1,-1
26,7,-104.00,239.00,476.50,676.90,0.9910,-1,-1
27,1,1622.00,371.00,196.40,386.80,1.0000,-1,-1
27,2,1326.00,453.00,83.70,219.50,1.0000,-1,-1
27,3,1307.00,533.00,52.60,128.90,1.0000,-1,-1
27,4,321.00,455.00,104.50,261.40,0.9990,-1,-1
27,7,-76.00,233.00,410.20,673.00,0.9940,-1,-1
28,1,1632.00,362.00,178.80,424.40,1.0000,-1,-1
28,2,1337.00,456.00,71.90,203.20,1.0000,-1,-1
28,3,1304.00,541.00,48.60,129.80,1.0000,-1,-1
28,4,308.00,444.00,107.60,266.60,0.9990,-1,-1
28,7,-60.00,226.00,425.00,683.00,0.9940,-1,-1
29,1,1634.00,362.00,167.70,417.50,1.0000,-1,-1
29,2,1330.00,459.00,71.90,206.20,1.0000,-1,-1
29,3,1301.00,532.00,55.70,133.20,0.9970,-1,-1
29,4,315.00,458.00,104.90,247.30,0.9990,-1,-1
29,7,-73.00,211.00,464.90,717.30,0.9950,-1,-1
30,1,1643.00,364.00,169.40,430.20,1.0000,-1,-1
30,2,1339.00,460.00,63.60,202.90,1.0000,-1,-1
30,3,1303.00,537.00,61.80,128.20,1.0000,-1,-1
30,7,-78.00,207.00,506.70,710.90,0.9960,-1,-1
30,8,1809.00,308.00,179.60,473.20,0.9500,-1,-1
31,1,1628.00,361.00,167.20,418.10,1.0000,-1,-1
31,2,1330.00,460.00,73.20,196.20,1.0000,-1,-1
31,3,1304.00,537.00,51.60,129.00,1.0000,-1,-1
31,7,-69.00,240.00,495.30,676.50,0.9990,-1,-1
31,8,1805.00,300.00,181.90,498.00,0.9510,-1,-1
32,1,1636.00,359.00,164.20,407.10,1.0000,-1,-1
32,2,1334.00,461.00,72.90,204.70,1.0000,-1,-1
32,3,1303.00,535.00,59.60,130.70,1.0000,-1,-1
32,7,-64.00,242.00,506.50,675.70,0.9960,-1,-1
32,8,1823.00,296.00,146.30,489.90,0.9760,-1,-1
33,1,1617.00,356.00,176.10,430.70,1.0000,-1,-1
33,2,1329.00,464.00,81.60,214.50,1.0000,-1,-1
33,7,-50.00,230.00,497.60,684.70,0.9960,-1,-1
33,8,1805.00,308.00,174.90,494.10,0.9530,-1,-1
34,1,1633.00,360.00,153.20,417.50,1.0000,-1,-1
34,2,1338.00,462.00,70.40,204.10,1.0000,-1,-1
34,3,1314.00,533.00,53.70,135.50,1.0000,-1,-1
34,7,-38.00,219.00,503.10,688.50,0.9970,-1,-1
34,8,1807.00,306.00,171.10,478.30,0.9820,-1,-1
35,1,1621.00,351.00,169.80,415.70,1.0000,-1,-1
35,2,1337.00,464.00,70.50,211.60,1.0000,-1,-1
35,3,1316.00,534.00,53.40,135.20,1.0000,-1,-1
35,7,-13.00,240.00,476.90,677.10,0.9990,-1,-1
35,8,1806.00,294.00,171.30,480.10,0.9880,-1,-1
36,1,1605.00,369.00,198.90,413.40,1.0000,-1,-1
36,2,1340.00,458.00,72.70,207.20,1.0000,-1,-1
36,3,1310.00,538.00,56.40,132.50,1.0000,-1,-1
36,7,-24.00,237.00,497.70,665.70,0.9990,-1,-1
36,8,1795.00,294.00,183.50,497.10,0.9930,-1,-1
37,1,1626.00,372.00,166.30,416.00,1.0000,-1,-1
37,2,1339.00,463.00,75.00,209.90,1.0000,-1,-1
37,3,1312.00,538.00,53.50,123.60,1.0000,-1,-1
37,7,13.00,248.00,458.40,673.20,1.0000,-1,-1
37,8,1791.00,293.00,181.60,503.90,0.9970,-1,-1
38,1,1613.00,369.00,184.50,425.00,1.0000,-1,-1
38,2,1341.00,451.00,77.20,223.90,1.0000,-1,-1
38,3,1312.00,528.00,47.90,131.50,1.0000,-1,-1
38,7,39.00,248.00,443.80,648.60,1.0000,-1,-1
38,8,1785.00,312.00,186.40,463.50,0.9950,-1,-1
39,1,1605.00,355.00,169.60,444.60,1.0000,-1,-1
39,2,1342.00,451.00,80.20,225.00,1.0000,-1,-1
39,3,1314.00,538.00,50.50,127.80,1.0000,-1,-1
39,7,82.00,229.00,403.90,675.30,1.0000,-1,-1
39,8,1789.00,307.00,181.30,484.70,0.9980,-1,-1
40,1,1624.00,361.00,177.90,414.30,1.0000,-1,-1
40,2,1338.00,453.00,78.00,215.70,1.0000,-1,-1
40,3,1304.00,529.00,54.30,130.20,1.0000,-1,-1
40,7,97.00,254.00,393.50,660.50,1.0000,-1,-1
40,8,1776.00,296.00,196.80,492.00,0.9940,-1,-1
41,1,1628.00,359.00,162.80,429.70,1.0000,-1,-1
41,2,1338.00,465.00,76.20,202.50,1.0000,-1,-1
41,3,1306.00,527.00,53.20,133.50,1.0000,-1,-1
41,7,125.00,234.00,363.30,683.80,1.0000,-1,-1
41,8,1801.00,309.00,159.90,461.70,0.9980,-1,-1
42,1,1608.00,356.00,168.00,447.00,1.0000,-1,-1
42,2,1334.00,464.00,90.50,204.60,1.0000,-1,-1
42,3,1316.00,533.00,48.20,132.40,1.0000,-1,-1
42,7,130.00,226.00,380.20,683.40,1.0000,-1,-1
42,8,1788.00,310.00,172.90,470.30,0.9980,-1,-1
43,1,1591.00,355.00,183.70,427.00,1.0000,-1,-1
43,2,1343.00,463.00,76.10,205.40,1.0000,-1,-1
43,3,1316.00,532.00,48.00,131.30,1.0000,-1,-1
43,7,213.00,260.00,324.00,608.90,1.0000,-1,-1
43,8,1780.00,299.00,184.60,484.20,0.9970,-1,-1
44,1,1612.00,350.00,162.10,451.40,1.0000,-1,-1
44,2,1343.00,462.00,74.50,197.80,1.0000,-1,-1
44,3,1316.00,534.00,47.60,128.90,1.0000,-1,-1
44,7,223.00,243.00,307.80,639.70,1.0000,-1,-1
44,8,1779.00,295.00,184.00,485.60,0.9980,-1,-1
45,1,1594.00,366.00,204.90,422.30,1.0000,-1,-1
45,2,1340.00,458.00,81.40,212.80,1.0000,-1,-1
45,3,1317.00,534.00,48.30,132.80,1.0000,-1,-1
45,7,262.00,239.00,291.70,640.50,1.0000,-1,-1
45,8,1794.00,292.00,166.40,497.70,0.9980,-1,-1
46,1,1605.00,357.00,181.40,419.00,1.0000,-1,-1
46,2,1343.00,455.00,73.90,208.80,1.0000,-1,-1
46,3,1318.00,526.00,50.40,141.80,1.0000,-1,-1
46,7,311.00,245.00,237.90,626.70,1.0000,-1,-1
46,8,1787.00,306.00,177.60,492.90,0.9980,-1,-1
47,1,1582.00,345.00,206.00,445.70,1.0000,-1,-1
47,2,1340.00,455.00,84.10,214.70,1.0000,-1,-1
47,3,1317.00,525.00,51.00,144.20,1.0000,-1,-1
47,7,310.00,250.00,277.90,630.20,1.0000,-1,-1
47,8,1784.00,300.00,179.70,494.40,0.9980,-1,-1
48,1,1576.00,340.00,204.90,469.50,1.0000,-1,-1
48,2,1340.00,462.00,82.90,211.40,1.0000,-1,-1
48,3,1319.00,532.00,47.90,137.70,1.0000,-1,-1
48,7,311.00,252.00,289.70,634.50,1.0000,-1,-1
48,8,1771.00,304.00,197.30,490.70,0.9980,-1,-1
49,1,1572.00,353.00,215.10,444.60,1.0000,-1,-1
49,2,1345.00,460.00,80.90,212.20,1.0000,-1,-1
49,3,1321.00,529.00,43.40,132.20,1.0000,-1,-1
49,7,342.00,266.00,298.60,604.40,1.0000,-1,-1
49,8,1773.00,280.00,194.50,507.20,0.9970,-1,-1
50,1,1566.00,343.00,220.30,458.00,1.0000,-1,-1
50,2,1344.00,462.00,83.70,214.10,1.0000,-1,-1
50,3,1321.00,530.00,43.70,132.70,1.0000,-1,-1
50,7,356.00,249.00,312.80,614.60,1.0000,-1,-1
50,8,1771.00,294.00,191.80,510.10,0.9990,-1,-1
51,1,1565.00,345.00,199.90,442.20,1.0000,-1,-1
51,2,1340.00,451.00,80.20,222.30,1.0000,-1,-1
51,3,1309.00,534.00,54.70,132.30,1.0000,-1,-1
51,7,350.00,247.00,329.00,613.60,1.0000,-1,-1
51,8,1770.00,297.00,190.70,508.40,0.9990,-1,-1
52,1,1568.00,357.00,194.30,435.40,1.0000,-1,-1
52,2,1340.00,447.00,82.60,229.10,1.0000,-1,-1
52,3,1311.00,536.00,54.20,131.30,1.0000,-1,-1
52,7,374.00,271.00,326.10,603.70,1.0000,-1,-1
52,8,1771.00,296.00,185.70,510.70,0.9990,-1,-1
53,1,1570.00,336.00,193.10,470.50,1.0000,-1,-1
53,2,1342.00,464.00,80.50,210.40,1.0000,-1,-1
53,3,1319.00,526.00,47.60,138.00,1.0000,-1,-1
53,7,389.00,242.00,307.00,620.20,1.0000,-1,-1
53,8,1777.00,286.00,183.10,495.50,0.9990,-1,-1
54,1,1562.00,341.00,210.40,457.80,1.0000,-1,-1
54,2,1336.00,455.00,86.40,210.50,1.0000,-1,-1
54,7,398.00,280.00,322.30,595.80,1.0000,-1,-1
54,8,1772.00,281.00,184.60,519.00,0.9990,-1,-1
55,1,1570.00,365.00,198.30,429.20,1.0000,-1,-1
55,2,1337.00,459.00,86.50,210.10,1.0000,-1,-1
55,3,1311.00,532.00,52.10,133.10,1.0000,-1,-1
55,7,377.00,269.00,374.70,607.70,1.0000,-1,-1
55,8,1753.00,304.00,208.50,492.20,1.0000,-1,-1
56,1,1563.00,349.00,187.30,453.80,1.0000,-1,-1
56,2,1338.00,453.00,86.70,209.70,1.0000,-1,-1
56,3,1316.00,532.00,47.50,132.70,1.0000,-1,-1
56,7,419.00,289.00,328.60,580.40,1.0000,-1,-1
56,8,1765.00,287.00,187.50,526.80,1.0000,-1,-1
56,9,365.00,444.00,107.10,257.70,0.9990,-1,-1
57,1,1548.00,346.00,185.90,473.10,1.0000,-1,-1
57,2,1343.00,457.00,74.00,214.30,1.0000,-1,-1
57,3,1316.00,534.00,47.10,131.10,1.0000,-1,-1
57,7,450.00,276.00,277.20,593.70,1.0000,-1,-1
57,8,1759.00,283.00,197.30,532.80,1.0000,-1,-1
57,9,371.00,440.00,109.40,268.80,1.0000,-1,-1
58,1,1533.00,346.00,219.00,440.70,1.0000,-1,-1
58,2,1331.00,455.00,86.80,213.70,1.0000,-1,-1
58,7,494.00,268.00,248.80,573.60,1.0000,-1,-1
58,8,1770.00,291.00,182.50,514.10,1.0000,-1,-1
58,9,377.00,448.00,103.80,255.60,1.0000,-1,-1
59,1,1552.00,354.00,195.50,457.90,1.0000,-1,-1
59,2,1341.00,448.00,82.10,227.00,1.0000,-1,-1
59,3,1310.00,534.00,54.10,132.40,1.0000,-1,-1
59,7,506.00,260.00,250.60,590.90,1.0000,-1,-1
59,8,1759.00,301.00,190.60,505.60,1.0000,-1,-1
59,9,361.00,443.00,118.60,275.20,1.0000,-1,-1
60,1,1528.00,350.00,215.10,455.70,1.0000,-1,-1
60,2,1330.00,456.00,86.70,211.20,1.0000,-1,-1
60,7,532.00,273.00,249.40,573.10,1.0000,-1,-1
60,8,1743.00,281.00,212.50,538.30,1.0000,-1,-1
60,9,360.00,439.00,122.30,280.70,1.0000,-1,-1
61,1,1520.00,331.00,214.20,462.10,1.0000,-1,-1
61,2,1342.00,453.00,79.30,219.50,1.0000,-1,-1
61,3,1318.00,537.00,44.30,126.00,1.0000,-1,-1
61,7,558.00,271.00,235.00,546.10,1.0000,-1,-1
61,8,1744.00,304.00,208.20,508.20,1.0000,-1,-1
61,9,365.00,441.00,118.80,282.20,1.0000,-1,-1
62,1,1520.00,335.00,192.90,488.80,1.0000,-1,-1
62,2,1331.00,458.00,87.50,212.30,1.0000,-1,-1
62,7,578.00,248.00,253.30,604.60,1.0000,-1,-1
62,8,1761.00,288.00,183.70,537.90,1.0000,-1,-1
62,9,387.00,423.00,113.70,274.90,1.0000,-1,-1
62,10,232.00,453.00,94.10,261.30,0.9910,-1,-1
63,1,1506.00,341.00,214.90,466.40,1.0000,-1,-1
63,2,1337.00,460.00,86.50,208.70,1.0000,-1,-1
63,3,1309.00,527.00,54.90,142.10,1.0000,-1,-1
63,7,574.00,247.00,275.60,581.40,1.0000,-1,-1
63,8,1750.00,292.00,196.10,537.80,1.0000,-1,-1
63,9,383.00,439.00,102.10,289.10,1.0000,-1,-1
64,1,1528.00,343.00,191.70,475.70,1.0000,-1,-1
64,2,1348.00,465.00,68.90,210.60,1.0000,-1,-1
64,3,1316.00,535.00,47.80,128.70,1.0000,-1,-1
64,7,574.00,269.00,281.50,588.50,1.0000,-1,-1
64,8,1746.00,284.00,192.50,557.20,1.0000,-1,-1
64,9,392.00,437.00,101.40,265.90,1.0000,-1,-1
64,10,214.00,471.00,86.30,233.40,0.9850,-1,-1
65,1,1518.00,341.00,193.50,474.30,1.0000,-1,-1
65,2,1342.00,450.00,80.20,225.00,1.0000,-1,-1
65,3,1315.00,534.00,48.60,127.50,1.0000,-1,-1
65,7,614.00,281.00,294.40,584.40,1.0000,-1,-1
65,8,1747.00,288.00,176.50,547.70,1.0000,-1,-1
65,9,401.00,442.00,113.10,270.80,1.0000,-1,-1
65,10,218.00,481.00,89.80,238.60,0.9980,-1,-1
66,1,1514.00,334.00,203.60,486.20,1.0000,-1,-1
66,2,1335.00,455.00,84.60,219.90,1.0000,-1,-1
66,3,1311.00,537.00,46.80,128.40,0.9960,-1,-1
66,7,623.00,282.00,263.50,561.70,1.0000,-1,-1
66,8,1717.00,275.00,215.00,553.80,1.0000,-1,-1
66,9,405.00,438.00,112.70,253.80,1.0000,-1,-1
66,10,235.00,471.00,75.90,237.90,0.9990,-1,-1
67,1,1504.00,335.00,205.90,495.20,1.0000,-1,-1
67,2,1339.00,465.00,90.30,199.80,1.0000,-1,-1
67,3,1312.00,539.00,53.60,126.50,1.0000,-1,-1
67,7,631.00,277.00,284.80,557.00,1.0000,-1,-1
67,8,1720.00,266.00,204.70,562.20,1.0000,-1,-1
67,9,404.00,440.00,123.30,267.70,1.0000,-1,-1
67,10,236.00,481.00,82.10,237.60,1.0000,-1,-1
68,1,1519.00,334.00,191.40,501.80,1.0000,-1,-1
68,2,1339.00,457.00,81.00,212.70,1.0000,-1,-1
68,3,1311.00,531.00,48.00,133.60,1.0000,-1,-1
68,7,628.00,274.00,292.20,565.90,1.0000,-1,-1
68,8,1735.00,289.00,185.80,548.30,1.0000,-1,-1
68,9,409.00,432.00,114.50,275.60,1.0000,-1,-1
68,10,228.00,478.00,92.40,229.80,1.0000,-1,-1
69,1,1513.00,354.00,195.30,483.80,1.0000,-1,-1
69,2,1346.00,465.00,69.50,211.10,1.0000,-1,-1
69,3,1308.00,540.00,54.30,127.40,1.0000,-1,-1
69,7,665.00,287.00,260.50,545.00,1.0000,-1,-1
69,8,1718.00,284.00,207.90,535.80,1.0000,-1,-1
69,9,404.00,427.00,121.70,282.90,1.0000,-1,-1
69,10,231.00,484.00,89.00,226.90,1.0000,-1,-1
70,1,1508.00,355.00,181.30,482.20,1.0000,-1,-1
70,2,1335.00,453.00,84.40,222.50,1.0000,-1,-1
70,7,693.00,286.00,256.40,537.60,1.0000,-1,-1
70,8,1706.00,270.00,204.70,568.80,1.0000,-1,-1
70,9,410.00,420.00,121.20,298.10,1.0000,-1,-1
70,10,236.00,474.00,98.50,242.70,1.0000,-1,-1
71,1,1510.00,345.00,188.90,482.10,1.0000,-1,-1
71,2,1340.00,455.00,78.70,208.80,1.0000,-1,-1
71,3,1311.00,538.00,53.80,126.30,1.0000,-1,-1
71,7,704.00,277.00,244.80,546.20,1.0000,-1,-1
71,8,1702.00,252.00,216.80,602.90,1.0000,-1,-1
71,9,409.00,432.00,107.40,287.00,1.0000,-1,-1
71,10,237.00,480.00,95.00,232.00,1.0000,-1,-1
72,1,1513.00,353.00,176.30,457.50,1.0000,-1,-1
72,2,1336.00,461.00,86.60,207.40,1.0000,-1,-1
72,3,1310.00,534.00,50.20,127.40,0.9940,-1,-1
72,7,708.00,274.00,231.10,540.70,1.0000,-1,-1
72,8,1722.00,288.00,188.90,551.30,1.0000,-1,-1
72,9,419.00,430.00,115.80,276.60,1.0000,-1,-1
72,10,239.00,471.00,93.10,241.70,1.0000,-1,-1
73,1,1491.00,352.00,203.10,479.30,1.0000,-1,-1
73,2,1346.00,465.00,71.10,212.10,1.0000,-1,-1
73,3,1310.00,538.00,54.20,128.10,1.0000,-1,-1
73,7,737.00,289.00,226.10,511.40,1.0000,-1,-1
73,8,1715.00,256.00,196.80,594.50,1.0000,-1,-1
73,9,414.00,426.00,107.10,295.20,1.0000,-1,-1
73,10,256.00,478.00,91.30,236.50,1.0000,-1,-1
74,1,1497.00,335.00,202.80,504.40,1.0000,-1,-1
74,2,1336.00,462.00,86.60,206.30,1.0000,-1,-1
74,3,1311.00,541.00,47.00,119.60,0.9950,-1,-1
74,7,759.00,267.00,209.90,561.80,1.0000,-1,-1
74,8,1701.00,265.00,193.60,567.40,1.0000,-1,-1
74,9,424.00,441.00,103.90,257.70,1.0000,-1,-1
74,10,252.00,473.00,91.10,235.30,1.0000,-1,-1
75,1,1497.00,328.00,196.60,492.80,1.0000,-1,-1
75,2,1334.00,460.00,83.40,211.90,1.0000,-1,-1
75,3,1308.00,532.00,50.40,139.70,0.9870,-1,-1
75,7,759.00,280.00,206.70,528.20,1.0000,-1,-1
75,8,1699.00,264.00,214.60,564.40,1.0000,-1,-1
75,9,412.00,427.00,119.20,292.50,1.0000,-1,-1
75,10,247.00,474.00,105.60,253.50,1.0000,-1,-1
76,1,1480.00,327.00,227.50,517.90,1.0000,-1,-1
76,2,1345.00,466.00,70.30,208.70,1.0000,-1,-1
76,3,1317.00,531.00,50.70,141.50,1.0000,-1,-1
76,7,766.00,277.00,227.00,538.60,1.0000,-1,-1
76,8,1706.00,262.00,215.40,565.50,1.0000,-1,-1
76,9,415.00,445.00,125.40,267.10,1.0000,-1,-1
76,10,261.00,479.00,92.60,228.80,1.0000,-1,-1
77,1,1488.00,335.00,216.50,490.70,1.0000,-1,-1
77,2,1338.00,464.00,77.80,200.10,1.0000,-1,-1
77,3,1309.00,533.00,55.40,125.80,0.9940,-1,-1
77,7,795.00,302.00,205.60,508.20,1.0000,-1,-1
77,8,1706.00,266.00,210.50,568.90,1.0000,-1,-1
77,9,419.00,435.00,115.40,275.80,1.0000,-1,-1
77,10,250.00,470.00,102.20,251.90,1.0000,-1,-1
78,1,1466.00,323.00,220.40,512.80,1.0000,-1,-1
78,2,1338.00,464.00,76.60,199.50,1.0000,-1,-1
78,3,1309.00,527.00,49.20,135.60,0.9990,-1,-1
78,7,795.00,299.00,234.20,531.50,1.0000,-1,-1
78,8,1708.00,258.00,181.40,579.50,1.0000,-1,-1
78,9,414.00,423.00,121.80,289.50,1.0000,-1,-1
78,10,261.00,468.00,92.70,227.00,1.0000,-1,-1
79,1,1490.00,341.00,185.50,499.70,1.0000,-1,-1
79,2,1337.00,465.00,76.90,199.60,1.0000,-1,-1
79,3,1310.00,541.00,48.30,122.50,0.9960,-1,-1
79,7,819.00,284.00,228.60,529.10,1.0000,-1,-1
79,8,1702.00,271.00,205.70,587.20,1.0000,-1,-1
79,9,416.00,423.00,121.80,301.10,1.0000,-1,-1
79,10,268.00,461.00,99.40,261.10,1.0000,-1,-1
80,1,1462.00,342.00,231.60,506.60,1.0000,-1,-1
80,2,1340.00,456.00,83.70,218.00,1.0000,-1,-1
80,3,1313.00,538.00,53.20,127.10,1.0000,-1,-1
80,7,818.00,292.00,256.90,537.90,1.0000,-1,-1
80,8,1690.00,254.00,200.90,589.30,1.0000,-1,-1
80,9,432.00,446.00,100.20,267.00,1.0000,-1,-1
80,10,274.00,466.00,112.90,263.40,0.9990,-1,-1
81,1,1454.00,341.00,234.50,514.60,1.0000,-1,-1
81,2,1343.00,454.00,87.40,211.30,1.0000,-1,-1
81,3,1314.00,540.00,53.00,128.20,1.0000,-1,-1
81,7,823.00,293.00,242.00,520.50,1.0000,-1,-1
81,8,1687.00,267.00,190.10,595.50,1.0000,-1,-1
81,9,444.00,441.00,101.70,253.50,1.0000,-1,-1
81,10,262.00,465.00,116.10,248.30,0.9990,-1,-1
82,1,1453.00,330.00,236.80,506.70,1.0000,-1,-1
82,2,1344.00,456.00,85.30,209.00,1.0000,-1,-1
82,3,1315.00,542.00,51.20,124.80,1.0000,-1,-1
82,7,828.00,289.00,256.50,504.70,1.0000,-1,-1
82,8,1679.00,271.00,209.40,570.90,1.0000,-1,-1
82,9,434.00,435.00,106.90,272.00,1.0000,-1,-1
82,10,270.00,463.00,105.60,253.80,1.0000,-1,-1
83,1,1434.00,328.00,235.30,506.70,1.0000,-1,-1
83,2,1340.00,462.00,76.10,210.80,1.0000,-1,-1
83,3,1311.00,536.00,54.50,128.20,1.0000,-1,-1
83,7,866.00,293.00,230.60,493.80,1.0000,-1,-1
83,8,1674.00,251.00,211.30,622.10,1.0000,-1,-1
83,9,434.00,434.00,100.50,265.30,1.0000,-1,-1
83,10,277.00,475.00,100.90,236.90,1.0000,-1,-1
84,1,1432.00,323.00,238.30,506.10,1.0000,-1,-1
84,2,1343.00,458.00,70.70,220.80,1.0000,-1,-1
84,3,1314.00,542.00,52.10,126.50,1.0000,-1,-1
84,7,866.00,279.00,218.60,532.70,1.0000,-1,-1
84,8,1680.00,257.00,216.80,596.90,1.0000,-1,-1
84,9,439.00,442.00,97.10,273.50,1.0000,-1,-1
84,10,279.00,471.00,103.50,236.60,1.0000,-1,-1
85,1,1428.00,322.00,242.90,510.00,1.0000,-1,-1
85,2,1335.00,458.00,90.40,212.10,1.0000,-1,-1
85,7,904.00,291.00,196.50,497.90,1.0000,-1,-1
85,8,1664.00,243.00,221.40,611.80,1.0000,-1,-1
85,9,445.00,424.00,111.20,279.70,1.0000,-1,-1
85,10,281.00,458.00,108.80,259.20,1.0000,-1,-1
86,1,1397.00,335.00,280.40,513.70,1.0000,-1,-1
86,2,1335.00,458.00,91.50,205.60,1.0000,-1,-1
86,7,916.00,290.00,204.00,477.70,1.0000,-1,-1
86,8,1666.00,233.00,237.40,628.80,1.0000,-1,-1
86,9,454.00,424.00,109.30,288.00,1.0000,-1,-1
86,10,285.00,470.00,115.30,245.90,1.0000,-1,-1
87,1,1411.00,324.00,250.40,530.30,1.0000,-1,-1
87,2,1333.00,457.00,92.40,208.80,1.0000,-1,-1
87,7,914.00,282.00,209.30,496.80,1.0000,-1,-1
87,8,1665.00,248.00,237.60,620.40,1.0000,-1,-1
87,9,456.00,424.00,108.70,289.50,1.0000,-1,-1
87,10,304.00,455.00,91.90,253.70,1.0000,-1,-1
88,1,1400.00,321.00,277.10,553.30,1.0000,-1,-1
88,2,1340.00,464.00,83.60,212.70,1.0000,-1,-1
88,3,1314.00,536.00,50.30,132.00,0.9990,-1,-1
88,7,937.00,294.00,200.90,480.20,1.0000,-1,-1
88,8,1665.00,233.00,222.00,625.20,1.0000,-1,-1
88,9,453.00,419.00,112.90,304.30,1.0000,-1,-1
88,10,297.00,465.00,104.40,251.30,1.0000,-1,-1
89,1,1408.00,327.00,248.30,525.10,1.0000,-1,-1
89,2,1341.00,453.00,87.00,212.00,1.0000,-1,-1
89,3,1313.00,535.00,55.10,129.60,1.0000,-1,-1
89,7,943.00,296.00,211.50,482.90,1.0000,-1,-1
89,8,1661.00,256.00,242.70,612.00,1.0000,-1,-1
89,9,442.00,423.00,130.50,289.20,1.0000,-1,-1
89,10,301.00,465.00,106.30,246.40,0.9990,-1,-1
90,1,1406.00,334.00,232.90,521.50,1.0000,-1,-1
90,2,1333.00,463.00,85.20,207.10,1.0000,-1,-1
90,7,932.00,292.00,250.80,477.30,1.0000,-1,-1
90,8,1667.00,229.00,236.40,650.20,1.0000,-1,-1
90,9,460.00,420.00,120.90,280.80,0.9990,-1,-1
90,10,303.00,453.00,101.30,263.10,0.9990,-1,-1
91,1,1384.00,316.00,271.90,533.40,1.0000,-1,-1
91,2,1336.00,459.00,89.30,209.10,1.0000,-1,-1
91,3,1309.00,540.00,50.90,123.90,0.9990,-1,-1
91,7,969.00,303.00,213.90,484.20,1.0000,-1,-1
91,8,1662.00,246.00,220.30,630.50,1.0000,-1,-1
91,9,447.00,417.00,124.40,303.50,1.0000,-1,-1
91,10,312.00,463.00,103.80,246.90,0.9990,-1,-1
92,1,1394.00,340.00,237.20,524.30,1.0000,-1,-1
92,2,1338.00,454.00,89.20,220.70,1.0000,-1,-1
92,3,1311.00,538.00,50.80,130.90,0.9840,-1,-1
92,7,956.00,311.00,256.70,461.10,1.0000,-1,-1
92,8,1648.00,222.00,227.80,681.40,1.0000,-1,-1
92,9,452.00,429.00,122.20,288.90,1.0000,-1,-1
92,10,321.00,460.00,87.40,256.90,1.0000,-1,-1
93,1,1384.00,321.00,244.20,550.80,1.0000,-1,-1
93,2,1339.00,460.00,85.30,216.80,1.0000,-1,-1
93,3,1311.00,535.00,54.90,130.20,1.0000,-1,-1
93,7,960.00,321.00,250.40,458.50,1.0000,-1,-1
93,8,1638.00,256.00,236.50,614.30,1.0000,-1,-1
93,9,455.00,412.00,121.70,310.70,1.0000,-1,-1
93,10,323.00,450.00,88.10,262.40,1.0000,-1,-1
94,1,1375.00,330.00,248.30,556.70,1.0000,-1,-1
94,2,1332.00,463.00,85.30,212.10,1.0000,-1,-1
94,3,1317.00,545.00,48.20,119.20,1.0000,-1,-1
94,7,994.00,331.00,234.40,428.80,1.0000,-1,-1
94,8,1638.00,233.00,251.50,666.80,1.0000,-1,-1
94,9,449.00,410.00,120.10,298.30,1.0000,-1,-1
94,10,310.00,453.00,102.50,263.30,1.0000,-1,-1
95,1,1376.00,321.00,244.50,554.40,1.0000,-1,-1
95,2,1336.00,460.00,77.70,212.90,1.0000,-1,-1
95,3,1308.00,542.00,51.80,124.00,0.9990,-1,-1
95,7,994.00,308.00,228.10,466.40,1.0000,-1,-1
95,8,1637.00,260.00,217.80,609.30,1.0000,-1,-1
95,9,464.00,429.00,105.70,282.20,1.0000,-1,-1
95,10,317.00,459.00,103.00,255.10,1.0000,-1,-1
96,1,1375.00,325.00,218.70,554.50,1.0000,-1,-1
96,2,1334.00,448.00,79.30,216.40,0.9800,-1,-1
96,3,1312.00,536.00,54.20,126.70,1.0000,-1,-1
96,7,1001.00,313.00,241.70,439.10,1.0000,-1,-1
96,8,1633.00,247.00,226.70,646.70,1.0000,-1,-1
96,9,464.00,423.00,126.10,303.40,1.0000,-1,-1
96,10,321.00,452.00,100.80,266.40,1.0000,-1,-1
97,1,1372.00,322.00,236.60,556.80,1.0000,-1,-1
97,2,1324.00,440.00,83.20,230.40,0.9440,-1,-1
97,3,1314.00,533.00,56.40,129.50,0.9990,-1,-1
97,7,1007.00,315.00,235.30,456.40,1.0000,-1,-1
97,8,1640.00,244.00,229.20,660.40,1.0000,-1,-1
97,9,454.00,416.00,136.00,301.00,1.0000,-1,-1
97,10,325.00,458.00,93.70,260.00,1.0000,-1,-1
98,1,1371.00,311.00,225.20,563.10,1.0000,-1,-1
98,3,1315.00,533.00,52.40,126.50,1.0000,-1,-1
98,7,1044.00,308.00,200.70,460.20,1.0000,-1,-1
98,8,1605.00,233.00,253.00,666.80,1.0000,-1,-1
98,9,460.00,417.00,114.10,310.60,1.0000,-1,-1
98,10,331.00,450.00,90.60,259.00,1.0000,-1,-1
99,1,1368.00,312.00,224.50,570.40,1.0000,-1,-1
99,3,1313.00,532.00,54.30,138.30,1.0000,-1,-1
99,7,1050.00,323.00,190.60,432.00,1.0000,-1,-1
99,8,1603.00,240.00,235.50,647.90,1.0000,-1,-1
99,9,447.00,406.00,140.10,323.40,1.0000,-1,-1
99,10,324.00,451.00,104.60,257.10,0.9990,-1,-1
100,1,1358.00,327.00,227.70,550.00,1.0000,-1,-1
100,3,1315.00,531.00,52.30,127.50,1.0000,-1,-1
100,7,1051.00,299.00,191.00,451.20,1.0000,-1,-1
100,8,1607.00,218.00,247.50,695.50,1.0000,-1,-1
100,9,448.00,403.00,144.80,325.70,1.0000,-1,-1
100,10,328.00,447.00,99.80,278.10,1.0000,-1,-1
101,1,1352.00,307.00,221.60,584.40,1.0000,-1,-1
101,3,1317.00,541.00,48.60,119.80,1.0000,-1,-1
101,7,1078.00,313.00,175.10,454.10,1.0000,-1,-1
101,8,1608.00,230.00,240.40,690.30,1.0000,-1,-1
101,9,458.00,418.00,138.70,314.80,1.0000,-1,-1
101,10,333.00,454.00,93.70,259.80,1.0000,-1,-1
102,1,1348.00,315.00,221.70,569.60,1.0000,-1,-1
102,3,1316.00,535.00,53.00,131.40,1.0000,-1,-1
102,7,1073.00,320.00,184.90,423.90,1.0000,-1,-1
102,8,1601.00,227.00,224.80,689.80,1.0000,-1,-1
102,9,460.00,422.00,123.00,293.90,1.0000,-1,-1
102,10,332.00,446.00,99.50,272.60,1.0000,-1,-1
103,1,1336.00,307.00,236.80,581.50,1.0000,-1,-1
103,7,1086.00,322.00,202.40,429.90,1.0000,-1,-1
103,8,1573.00,211.00,244.70,705.10,1.0000,-1,-1
103,9,454.00,430.00,125.30,284.50,1.0000,-1,-1
103,10,323.00,458.00,108.90,255.40,1.0000,-1,-1
104,1,1344.00,307.00,205.50,587.40,1.0000,-1,-1
104,3,1313.00,528.00,55.90,136.20,0.9980,-1,-1
104,7,1101.00,314.00,178.60,432.40,1.0000,-1,-1
104,8,1581.00,209.00,235.20,691.60,1.0000,-1,-1
104,9,463.00,402.00,135.70,326.80,1.0000,-1,-1
104,10,329.00,450.00,95.70,265.80,1.0000,-1,-1
105,1,1329.00,299.00,212.20,585.10,1.0000,-1,-1
105,7,1112.00,337.00,179.30,414.30,1.0000,-1,-1
105,8,1580.00,229.00,236.50,683.90,1.0000,-1,-1
105,9,473.00,426.00,104.10,286.40,1.0000,-1,-1
105,10,325.00,451.00,99.20,264.90,1.0000,-1,-1
106,1,1336.00,305.00,227.60,595.40,1.0000,-1,-1
106,7,1124.00,347.00,171.70,397.10,1.0000,-1,-1
106,8,1579.00,210.00,232.30,713.10,1.0000,-1,-1
106,9,461.00,420.00,115.60,304.80,1.0000,-1,-1
106,10,339.00,452.00,85.90,259.30,1.0000,-1,-1
107,1,1310.00,302.00,251.90,596.30,1.0000,-1,-1
107,7,1107.00,318.00,202.40,427.30,1.0000,-1,-1
107,8,1558.00,222.00,260.90,693.30,1.0000,-1,-1
107,9,470.00,417.00,116.80,304.90,1.0000,-1,-1
107,10,331.00,449.00,110.70,271.00,0.9990,-1,-1
108,1,1318.00,304.00,236.40,595.40,1.0000,-1,-1
108,7,1137.00,320.00,162.70,421.20,1.0000,-1,-1
108,8,1575.00,225.00,216.10,694.50,1.0000,-1,-1
108,9,449.00,419.00,128.90,315.20,1.0000,-1,-1
108,10,332.00,464.00,92.60,246.00,0.9990,-1,-1
109,1,1308.00,291.00,242.90,620.10,1.0000,-1,-1
109,7,1148.00,338.00,169.60,412.10,1.0000,-1,-1
109,8,1556.00,221.00,250.60,693.80,1.0000,-1,-1
109,9,466.00,413.00,126.30,304.90,1.0000,-1,-1
109,10,337.00,452.00,93.70,280.10,1.0000,-1,-1
110,1,1307.00,296.00,223.30,616.50,1.0000,-1,-1
110,7,1155.00,328.00,175.00,418.30,1.0000,-1,-1
110,8,1561.00,203.00,216.30,710.50,1.0000,-1,-1
110,9,469.00,422.00,110.90,301.20,1.0000,-1,-1
110,10,336.00,451.00,95.70,281.20,1.0000,-1,-1
111,1,1305.00,280.00,221.10,631.60,1.0000,-1,-1
111,7,1167.00,326.00,160.80,411.40,1.0000,-1,-1
111,8,1535.00,203.00,236.00,732.40,1.0000,-1,-1
111,9,471.00,402.00,119.10,335.30,1.0000,-1,-1
111,10,339.00,442.00,103.40,281.20,1.0000,-1,-1
112,1,1297.00,296.00,237.80,611.40,1.0000,-1,-1
112,7,1166.00,316.00,168.60,411.30,1.0000,-1,-1
112,8,1554.00,227.00,239.50,714.10,1.0000,-1,-1
112,9,451.00,399.00,131.40,337.30,1.0000,-1,-1
112,10,341.00,446.00,90.40,282.20,1.0000,-1,-1
113,1,1270.00,300.00,246.80,605.50,1.0000,-1,-1
113,7,1182.00,310.00,161.50,411.40,1.0000,-1,-1
113,8,1530.00,225.00,235.00,691.20,1.0000,-1,-1
113,9,462.00,410.00,125.40,325.50,1.0000,-1,-1
113,10,341.00,436.00,104.00,293.80,0.9990,-1,-1
114,1,1264.00,299.00,265.80,613.10,1.0000,-1,-1
114,7,1171.00,315.00,193.00,396.20,1.0000,-1,-1
114,8,1534.00,220.00,221.10,738.00,1.0000,-1,-1
114,9,443.00,419.00,131.30,321.70,1.0000,-1,-1
114,10,345.00,444.00,86.80,277.10,0.9990,-1,-1
115,1,1238.00,297.00,284.10,611.20,1.0000,-1,-1
115,7,1175.00,356.00,155.20,359.70,1.0000,-1,-1
115,8,1529.00,215.00,235.30,720.90,1.0000,-1,-1
115,9,466.00,426.00,123.20,284.20,1.0000,-1,-1
115,10,347.00,445.00,88.60,277.40,0.9990,-1,-1
116,1,1239.00,282.00,266.50,651.30,1.0000,-1,-1
116,8,1521.00,200.00,245.40,731.50,1.0000,-1,-1
116,9,445.00,404.00,124.50,330.30,1.0000,-1,-1
116,10,348.00,454.00,99.60,263.60,0.9990,-1,-1
117,1,1232.00,287.00,263.90,636.40,1.0000,-1,-1
117,8,1512.00,187.00,236.00,741.40,1.0000,-1,-1
117,9,461.00,414.00,112.30,308.70,1.0000,-1,-1
117,10,343.00,437.00,94.80,300.30,0.9990,-1,-1
118,1,1224.00,287.00,262.90,635.30,1.0000,-1,-1
118,8,1502.00,189.00,238.30,740.50,1.0000,-1,-1
118,9,457.00,393.00,113.20,335.10,1.0000,-1,-1
118,10,340.00,433.00,97.10,290.40,0.9990,-1,-1
119,1,1215.00,289.00,271.30,658.20,1.0000,-1,-1
119,8,1489.00,196.00,271.80,759.80,1.0000,-1,-1
119,9,446.00,400.00,115.50,306.60,1.0000,-1,-1
119,10,344.00,437.00,96.50,281.60,1.0000,-1,-1
120,1,1211.00,287.00,246.70,648.60,1.0000,-1,-1
120,8,1488.00,185.00,269.00,777.10,1.0000,-1,-1
120,9,449.00,405.00,121.90,321.20,1.0000,-1,-1
120,10,341.00,441.00,96.50,285.80,0.9990,-1,-1
121,1,1186.00,292.00,290.40,647.40,1.0000,-1,-1
121,8,1492.00,169.00,254.50,784.50,1.0000,-1,-1
121,9,446.00,410.00,119.50,310.50,1.0000,-1,-1
121,10,342.00,448.00,105.10,289.50,1.0000,-1,-1
122,1,1162.00,274.00,306.90,692.30,1.0000,-1,-1
122,8,1470.00,183.00,252.90,781.90,1.0000,-1,-1
122,9,451.00,392.00,114.00,328.30,1.0000,-1,-1
122,10,338.00,444.00,100.90,284.40,1.0000,-1,-1
123,1,1160.00,277.00,302.90,678.30,1.0000,-1,-1
123,8,1459.00,189.00,273.70,769.90,1.0000,-1,-1
123,9,445.00,390.00,118.40,325.60,0.9990,-1,-1
123,10,335.00,431.00,104.70,294.80,1.0000,-1,-1
124,1,1145.00,271.00,302.50,690.60,1.0000,-1,-1
124,8,1465.00,168.00,268.40,778.10,1.0000,-1,-1
124,9,441.00,408.00,118.00,312.90,0.9990,-1,-1
124,10,336.00,443.00,101.00,283.70,1.0000,-1,-1
125,1,1152.00,285.00,300.40,670.40,1.0000,-1,-1
125,8,1464.00,173.00,269.00,769.60,1.0000,-1,-1
125,9,439.00,415.00,123.20,309.40,0.9990,-1,-1
125,10,331.00,445.00,103.80,283.40,1.0000,-1,-1
126,1,1132.00,275.00,289.60,682.40,1.0000,-1,-1
126,8,1432.00,161.00,284.70,817.50,1.0000,-1,-1
126,9,440.00,401.00,130.70,335.00,0.9990,-1,-1
126,10,326.00,437.00,114.80,301.00,1.0000,-1,-1
127,1,1124.00,284.00,291.80,675.50,1.0000,-1,-1
127,8,1455.00,161.00,248.80,830.60,1.0000,-1,-1
127,9,433.00,385.00,125.50,346.90,0.9990,-1,-1
127,10,334.00,441.00,113.20,293.30,0.9990,-1,-1
128,1,1126.00,264.00,271.60,715.50,1.0000,-1,-1
128,8,1434.00,161.00,269.70,824.30,1.0000,-1,-1
128,9,458.00,392.00,99.90,325.30,0.9990,-1,-1
128,10,326.00,432.00,107.50,310.90,0.9990,-1,-1
129,1,1120.00,263.00,282.50,721.00,1.0000,-1,-1
129,8,1406.00,174.00,290.00,792.70,1.0000,-1,-1
129,9,449.00,398.00,123.80,325.00,0.9990,-1,-1
129,10,336.00,425.00,106.90,327.00,1.0000,-1,-1
130,1,1121.00,253.00,283.60,711.40,1.0000,-1,-1
130,8,1406.00,176.00,313.60,793.90,1.0000,-1,-1
130,9,456.00,386.00,112.40,343.50,1.0000,-1,-1
130,10,319.00,438.00,126.60,286.80,1.0000,-1,-1
131,1,1123.00,272.00,265.80,718.80,1.0000,-1,-1
131,8,1407.00,144.00,292.10,856.50,1.0000,-1,-1
131,9,434.00,398.00,149.00,326.80,1.0000,-1,-1
131,10,330.00,418.00,116.90,330.30,1.0000,-1,-1
132,1,1114.00,284.00,270.30,714.80,1.0000,-1,-1
132,8,1406.00,162.00,279.80,838.20,1.0000,-1,-1
132,9,431.00,387.00,129.80,336.90,1.0000,-1,-1
132,10,327.00,419.00,117.90,331.10,1.0000,-1,-1
133,1,1110.00,249.00,254.90,744.10,1.0000,-1,-1
133,8,1364.00,193.00,319.50,807.00,1.0000,-1,-1
133,9,452.00,397.00,116.10,330.10,1.0000,-1,-1
133,10,316.00,432.00,119.40,326.20,1.0000,-1,-1
134,1,1103.00,261.00,275.10,755.10,1.0000,-1,-1
134,8,1365.00,169.00,299.70,817.00,1.0000,-1,-1
134,9,435.00,381.00,127.20,346.70,0.9990,-1,-1
134,10,326.00,444.00,121.20,296.90,1.0000,-1,-1
135,1,1089.00,266.00,264.20,729.70,1.0000,-1,-1
135,8,1350.00,174.00,282.40,811.80,1.0000,-1,-1
135,9,456.00,399.00,129.80,330.60,1.0000,-1,-1
135,10,319.00,433.00,127.70,305.40,1.0000,-1,-1
136,1,1070.00,251.00,283.00,743.10,1.0000,-1,-1
136,8,1340.00,161.00,295.40,830.80,1.0000,-1,-1
136,9,446.00,387.00,124.90,358.70,1.0000,-1,-1
136,10,313.00,432.00,113.60,319.60,1.0000,-1,-1
137,1,1078.00,260.00,279.80,749.90,1.0000,-1,-1
137,8,1328.00,156.00,313.90,848.40,1.0000,-1,-1
137,9,452.00,394.00,117.20,336.50,1.0000,-1,-1
137,10,316.00,422.00,135.80,314.10,1.0000,-1,-1
138,1,1042.00,247.00,310.90,773.40,1.0000,-1,-1
138,8,1324.00,121.00,313.20,870.50,1.0000,-1,-1
138,9,451.00,376.00,131.70,347.80,1.0000,-1,-1
138,10,327.00,410.00,124.80,344.00,1.0000,-1,-1
139,1,1018.00,266.00,314.20,753.30,1.0000,-1,-1
139,8,1324.00,122.00,291.40,874.10,1.0000,-1,-1
139,9,445.00,393.00,126.60,351.50,1.0000,-1,-1
139,10,325.00,408.00,125.80,345.30,1.0000,-1,-1
140,1,1014.00,241.00,327.10,804.20,1.0000,-1,-1
140,8,1298.00,138.00,333.40,900.50,1.0000,-1,-1
140,9,429.00,376.00,146.10,376.00,1.0000,-1,-1
140,10,306.00,428.00,127.70,323.20,1.0000,-1,-1
141,1,1017.00,242.00,296.30,765.10,1.0000,-1,-1
141,8,1293.00,150.00,321.70,847.00,1.0000,-1,-1
141,9,450.00,404.00,120.90,336.90,1.0000,-1,-1
141,10,316.00,437.00,119.70,299.00,1.0000,-1,-1
141,11,-53.00,295.00,260.60,670.90,0.9740,-1,-1
142,1,991.00,224.00,311.50,823.00,1.0000,-1,-1
142,8,1285.00,141.00,313.30,881.80,1.0000,-1,-1
142,9,442.00,408.00,127.90,331.20,1.0000,-1,-1
142,10,311.00,422.00,125.40,320.70,1.0000,-1,-1
142,11,-45.00,288.00,283.90,687.00,0.9880,-1,-1
143,1,975.00,215.00,309.10,815.30,1.0000,-1,-1
143,8,1282.00,113.00,298.30,900.00,1.0000,-1,-1
143,9,437.00,388.00,140.20,365.60,1.0000,-1,-1
143,10,312.00,428.00,125.30,328.20,1.0000,-1,-1
143,11,-25.00,251.00,242.90,722.10,0.9880,-1,-1
144,1,971.00,245.00,319.50,776.90,1.0000,-1,-1
144,8,1257.00,132.00,331.00,884.10,1.0000,-1,-1
144,9,444.00,387.00,128.50,348.90,1.0000,-1,-1
144,10,310.00,428.00,133.00,328.60,1.0000,-1,-1
144,11,-16.00,279.00,238.70,699.60,0.9980,-1,-1
145,1,953.00,239.00,321.40,810.60,1.0000,-1,-1
145,8,1277.00,144.00,300.10,871.50,1.0000,-1,-1
145,9,438.00,409.00,138.20,344.60,1.0000,-1,-1
145,10,317.00,428.00,124.40,328.30,1.0000,-1,-1
145,11,-5.00,284.00,239.90,676.40,0.9970,-1,-1
146,1,922.00,225.00,332.90,821.80,1.0000,-1,-1
146,8,1260.00,139.00,296.60,887.10,1.0000,-1,-1
146,9,445.00,401.00,141.30,340.30,1.0000,-1,-1
146,10,311.00,428.00,125.80,321.30,1.0000,-1,-1
146,11,20.00,291.00,243.20,645.60,0.9990,-1,-1
147,1,943.00,231.00,300.10,822.50,1.0000,-1,-1
147,8,1244.00,115.00,320.00,936.20,1.0000,-1,-1
147,9,443.00,395.00,143.60,350.70,1.0000,-1,-1
147,10,307.00,422.00,125.80,330.10,1.0000,-1,-1
147,11,50.00,286.00,230.70,651.00,1.0000,-1,-1
148,1,924.00,245.00,348.60,827.80,1.0000,-1,-1
148,8,1241.00,135.00,331.50,907.30,1.0000,-1,-1
148,9,441.00,377.00,150.50,372.70,1.0000,-1,-1
148,10,296.00,431.00,145.50,322.00,1.0000,-1,-1
148,11,43.00,276.00,267.50,629.60,0.9990,-1,-1
149,1,921.00,235.00,317.30,830.40,1.0000,-1,-1
149,8,1229.00,118.00,319.50,926.40,1.0000,-1,-1
149,9,445.00,387.00,148.90,363.80,1.0000,-1,-1
149,10,296.00,423.00,143.30,335.00,1.0000,-1,-1
149,11,47.00,274.00,323.90,647.00,0.9980,-1,-1
150,1,922.00,209.00,305.50,895.70,1.0000,-1,-1
150,8,1236.00,125.00,325.00,932.60,1.0000,-1,-1
150,9,448.00,388.00,136.60,372.20,1.0000,-1,-1
150,10,306.00,422.00,122.80,336.40,1.0000,-1,-1
150,11,54.00,296.00,358.00,618.80,0.9990,-1,-1
151,1,896.00,225.00,329.70,857.80,1.0000,-1,-1
151,8,1195.00,103.00,356.10,955.00,1.0000,-1,-1
151,9,448.00,388.00,145.00,360.70,1.0000,-1,-1
151,11,88.00,300.00,359.60,624.10,0.9990,-1,-1
152,1,886.00,225.00,319.10,851.50,1.0000,-1,-1
152,8,1194.00,107.00,343.90,957.10,1.0000,-1,-1
152,9,440.00,379.00,144.00,378.00,1.0000,-1,-1
152,11,51.00,306.00,410.00,609.80,0.9980,-1,-1
153,1,866.00,231.00,339.00,875.80,1.0000,-1,-1
153,8,1211.00,111.00,311.70,981.30,1.0000,-1,-1
153,9,455.00,374.00,139.30,390.30,1.0000,-1,-1
153,11,66.00,292.00,408.50,611.70,0.9990,-1,-1
154,1,864.00,213.00,341.30,895.80,1.0000,-1,-1
154,8,1196.00,96.00,344.20,995.30,1.0000,-1,-1
154,9,453.00,389.00,143.10,377.00,1.0000,-1,-1
154,11,123.00,292.00,333.10,609.20,1.0000,-1,-1
155,1,805.00,212.00,393.20,888.10,1.0000,-1,-1
155,8,1178.00,83.00,359.80,1012.30,1.0000,-1,-1
155,9,440.00,386.00,149.70,365.00,1.0000,-1,-1
155,11,155.00,296.00,323.60,613.60,0.9990,-1,-1
155,12,1444.00,361.00,137.70,314.00,1.0000,-1,-1
155,13,93.00,380.00,197.60,512.50,0.9990,-1,-1
156,1,795.00,216.00,381.70,908.50,1.0000,-1,-1
156,8,1160.00,85.00,356.10,998.30,1.0000,-1,-1
156,9,449.00,379.00,151.50,377.30,1.0000,-1,-1
156,11,197.00,281.00,278.40,636.30,1.0000,-1,-1
156,12,1460.00,369.00,137.80,299.00,0.9990,-1,-1
156,13,110.00,404.00,231.40,488.40,1.0000,-1,-1
157,1,795.00,196.00,360.70,940.00,1.0000,-1,-1
157,8,1141.00,63.00,359.00,1030.90,1.0000,-1,-1
157,9,440.00,378.00,155.50,383.30,1.0000,-1,-1
157,11,206.00,293.00,250.20,626.80,0.9990,-1,-1
157,12,1470.00,382.00,123.50,302.70,0.9990,-1,-1
157,13,121.00,379.00,236.30,505.20,0.9990,-1,-1
158,1,788.00,195.00,366.30,943.70,1.0000,-1,-1
158,8,1161.00,90.00,363.00,959.40,1.0000,-1,-1
158,9,443.00,377.00,160.50,385.70,1.0000,-1,-1
158,11,234.00,282.00,243.60,626.60,1.0000,-1,-1
158,12,1464.00,380.00,133.80,301.30,1.0000,-1,-1
159,1,765.00,205.00,383.10,921.20,1.0000,-1,-1
159,8,1129.00,79.00,378.00,1032.00,1.0000,-1,-1
159,9,459.00,391.00,148.50,360.40,1.0000,-1,-1
159,11,273.00,282.00,216.10,620.80,1.0000,-1,-1
159,12,1471.00,362.00,136.50,319.20,1.0000,-1,-1
159,13,130.00,370.00,272.50,501.70,0.9990,-1,-1
160,1,764.00,189.00,354.40,944.60,1.0000,-1,-1
160,8,1133.00,56.00,366.30,1065.40,1.0000,-1,-1
160,9,450.00,379.00,142.80,378.40,1.0000,-1,-1
160,12,1478.00,364.00,136.50,306.40,1.0000,-1,-1
160,13,129.00,387.00,307.50,479.60,1.0000,-1,-1
161,1,751.00,183.00,346.70,958.10,1.0000,-1,-1
161,8,1114.00,56.00,372.90,1057.70,1.0000,-1,-1
161,9,464.00,371.00,156.90,396.80,1.0000,-1,-1
161,11,317.00,282.00,220.10,625.30,1.0000,-1,-1
161,12,1471.00,365.00,140.20,311.10,1.0000,-1,-1
161,13,160.00,407.00,256.20,477.20,1.0000,-1,-1
162,1,760.00,190.00,336.20,964.70,1.0000,-1,-1
162,8,1107.00,61.00,377.00,1048.70,1.0000,-1,-1
162,9,483.00,394.00,130.50,370.20,0.9930,-1,-1
162,11,336.00,292.00,211.40,606.70,1.0000,-1,-1
162,12,1495.00,363.00,141.70,303.00,1.0000,-1,-1
162,13,208.00,383.00,228.00,484.00,0.9990,-1,-1
163,1,717.00,192.00,370.20,962.40,1.0000,-1,-1
163,8,1090.00,51.00,392.10,1106.50,1.0000,-1,-1
163,11,342.00,321.00,235.60,583.10,1.0000,-1,-1
163,12,1488.00,362.00,151.90,307.10,1.0000,-1,-1
163,13,218.00,390.00,228.00,471.80,1.0000,-1,-1
164,1,725.00,211.00,350.00,938.00,1.0000,-1,-1
164,8,1091.00,32.00,378.90,1108.60,1.0000,-1,-1
164,11,385.00,317.00,215.10,565.40,1.0000,-1,-1
164,12,1494.00,389.00,133.50,288.20,1.0000,-1,-1
164,13,266.00,407.00,171.50,457.10,1.0000,-1,-1
165,1,718.00,207.00,366.70,978.80,1.0000,-1,-1
165,8,1061.00,47.00,394.70,1102.20,1.0000,-1,-1
165,11,372.00,349.00,261.30,515.80,1.0000,-1,-1
165,12,1489.00,369.00,145.40,309.90,1.0000,-1,-1
165,13,267.00,394.00,201.00,476.90,1.0000,-1,-1
166,1,680.00,173.00,366.20,977.30,1.0000,-1,-1
166,8,1057.00,53.00,407.70,1093.90,1.0000,-1,-1
166,11,402.00,308.00,257.40,594.70,1.0000,-1,-1
166,12,1497.00,378.00,149.40,299.30,1.0000,-1,-1
166,13,318.00,389.00,166.00,474.90,1.0000,-1,-1
167,1,659.00,184.00,400.30,997.40,0.9990,-1,-1
167,8,1024.00,42.00,416.30,1121.40,1.0000,-1,-1
167,11,382.00,314.00,280.60,567.40,1.0000,-1,-1
167,12,1501.00,382.00,152.00,301.70,1.0000,-1,-1
168,1,621.00,163.00,425.30,1016.50,1.0000,-1,-1
168,8,1014.00,61.00,423.20,1086.20,1.0000,-1,-1
168,11,439.00,312.00,237.80,566.00,1.0000,-1,-1
168,12,1505.00,396.00,145.50,269.90,1.0000,-1,-1
168,13,336.00,401.00,185.30,465.60,1.0000,-1,-1
169,1,607.00,166.00,400.20,1012.30,1.0000,-1,-1
169,8,1002.00,39.00,417.30,1117.40,1.0000,-1,-1
169,11,435.00,300.00,251.70,588.40,1.0000,-1,-1
169,12,1510.00,386.00,150.30,281.50,1.0000,-1,-1
169,13,333.00,400.00,196.20,453.30,0.9990,-1,-1
169,14,1373.00,452.00,89.10,227.40,1.0000,-1,-1
170,1,590.00,129.00,409.60,1061.40,0.9990,-1,-1
170,8,992.00,27.00,415.50,1124.10,1.0000,-1,-1
170,11,470.00,317.00,200.90,559.60,1.0000,-1,-1
170,12,1498.00,382.00,154.40,300.80,1.0000,-1,-1
170,13,342.00,378.00,220.80,483.00,1.0000,-1,-1
170,14,1392.00,443.00,84.70,236.60,1.0000,-1,-1
171,1,568.00,152.00,423.90,1059.80,1.0000,-1,-1
171,8,1006.00,23.00,383.90,1155.80,1.0000,-1,-1
171,12,1520.00,389.00,125.80,286.80,1.0000,-1,-1
171,13,358.00,397.00,240.20,461.90,1.0000,-1,-1
171,14,1389.00,446.00,87.70,237.50,1.0000,-1,-1
172,1,567.00,157.00,423.50,1057.00,1.0000,-1,-1
172,8,955.00,28.00,428.50,1125.60,1.0000,-1,-1
172,12,1521.00,389.00,140.00,290.10,1.0000,-1,-1
172,13,385.00,388.00,215.90,472.20,0.9990,-1,-1
172,14,1384.00,440.00,85.30,242.00,1.0000,-1,-1
173,1,551.00,137.00,412.50,1081.30,0.9990,-1,-1
173,8,945.00,15.00,415.90,1154.90,1.0000,-1,-1
173,12,1527.00,369.00,138.60,301.10,1.0000,-1,-1
173,13,377.00,404.00,253.70,456.10,1.0000,-1,-1
173,14,1382.00,448.00,97.20,231.50,1.0000,-1,-1
173,15,1327.00,540.00,69.80,143.10,1.0000,-1,-1
174,1,511.00,154.00,426.90,1087.70,1.0000,-1,-1
174,8,925.00,-4.00,421.20,1180.00,1.0000,-1,-1
174,11,393.00,376.00,232.40,478.00,0.9970,-1,-1
174,12,1515.00,368.00,141.40,307.20,0.9990,-1,-1
174,13,344.00,418.00,143.00,366.90,0.9990,-1,-1
174,14,1394.00,451.00,81.40,234.20,1.0000,-1,-1
174,15,1333.00,538.00,62.40,144.00,1.0000,-1,-1
175,1,496.00,142.00,457.60,1111.00,0.9990,-1,-1
175,8,937.00,-8.00,428.30,1199.80,1.0000,-1,-1
175,12,1529.00,377.00,131.60,291.90,1.0000,-1,-1
175,13,358.00,411.00,141.20,395.70,1.0000,-1,-1
175,14,1374.00,450.00,88.10,235.70,1.0000,-1,-1
175,15,1334.00,535.00,71.70,147.50,0.9960,-1,-1
176,1,485.00,134.00,435.80,1140.40,1.0000,-1,-1
176,8,913.00,-3.00,425.40,1151.30,1.0000,-1,-1
176,12,1541.00,384.00,116.40,278.90,1.0000,-1,-1
176,13,355.00,397.00,145.00,411.30,1.0000,-1,-1
176,14,1392.00,440.00,101.10,237.20,1.0000,-1,-1
176,15,1341.00,538.00,60.10,148.50,1.0000,-1,-1
177,1,478.00,124.00,424.20,1149.40,0.9990,-1,-1
177,8,889.00,-25.00,420.40,1202.40,1.0000,-1,-1
177,12,1548.00,389.00,117.10,265.80,1.0000,-1,-1
177,13,379.00,415.00,136.30,385.10,1.0000,-1,-1
177,14,1387.00,440.00,86.90,240.00,1.0000,-1,-1
177,15,1337.00,545.00,67.40,137.80,1.0000,-1,-1
178,1,444.00,143.00,442.90,1119.90,0.9990,-1,-1
178,8,892.00,-30.00,423.70,1205.50,1.0000,-1,-1
178,12,1546.00,374.00,137.50,276.50,1.0000,-1,-1
178,13,360.00,409.00,173.60,386.50,1.0000,-1,-1
178,14,1396.00,427.00,85.10,269.70,1.0000,-1,-1
178,15,1335.00,538.00,74.90,144.50,0.9980,-1,-1
179,1,440.00,148.00,459.10,1114.90,0.9990,-1,-1
179,8,867.00,-12.00,434.80,1145.10,1.0000,-1,-1
179,12,1558.00,397.00,129.90,284.70,1.0000,-1,-1
179,13,382.00,408.00,128.30,385.20,1.0000,-1,-1
179,14,1396.00,437.00,95.60,249.20,1.0000,-1,-1
179,15,1335.00,537.00,72.80,152.70,1.0000,-1,-1
180,1,378.00,144.00,506.90,1112.10,0.9990,-1,-1
180,8,891.00,-24.00,377.00,1165.80,1.0000,-1,-1
180,12,1544.00,373.00,138.00,302.30,1.0000,-1,-1
180,13,376.00,418.00,151.70,385.70,0.9990,-1,-1
180,14,1397.00,434.00,94.30,259.70,1.0000,-1,-1
180,15,1340.00,532.00,70.50,161.90,0.9990,-1,-1
181,1,330.00,140.00,534.80,1123.10,0.9990,-1,-1
181,8,869.00,-46.00,389.90,1211.50,1.0000,-1,-1
181,12,1566.00,394.00,115.70,274.60,1.0000,-1,-1
181,14,1400.00,430.00,87.00,243.50,1.0000,-1,-1
181,15,1343.00,539.00,71.70,141.30,1.0000,-1,-1
182,1,317.00,126.00,530.50,1120.70,0.9990,-1,-1
182,8,839.00,-17.00,408.50,1189.90,1.0000,-1,-1
182,12,1571.00,364.00,111.60,288.30,1.0000,-1,-1
182,14,1397.00,439.00,89.20,236.80,1.0000,-1,-1
182,15,1347.00,541.00,73.50,148.30,1.0000,-1,-1
183,1,288.00,92.00,560.20,1218.70,0.9990,-1,-1
183,8,820.00,-27.00,440.20,1189.90,1.0000,-1,-1
183,12,1564.00,396.00,130.00,268.90,1.0000,-1,-1
183,14,1393.00,444.00,92.50,239.10,1.0000,-1,-1
183,15,1347.00,534.00,75.20,151.70,0.9990,-1,-1
183,16,690.00,298.00,175.20,534.70,1.0000,-1,-1
184,1,243.00,98.00,552.40,1161.70,0.9990,-1,-1
184,8,817.00,-32.00,421.70,1197.70,1.0000,-1,-1
184,12,1558.00,380.00,143.20,283.10,1.0000,-1,-1
184,14,1398.00,431.00,101.30,253.40,1.0000,-1,-1
184,15,1344.00,544.00,70.70,147.50,0.9990,-1,-1
184,16,701.00,307.00,182.10,535.00,1.0000,-1,-1
184,17,-67.00,196.00,341.50,828.10,0.9900,-1,-1
185,1,242.00,84.00,568.60,1220.10,0.9980,-1,-1
185,8,788.00,-48.00,458.70,1272.50,1.0000,-1,-1
185,12,1585.00,403.00,121.40,262.70,1.0000,-1,-1
185,14,1399.00,430.00,100.50,247.50,1.0000,-1,-1
185,15,1341.00,535.00,74.80,155.80,0.9990,-1,-1
185,16,708.00,317.00,177.20,511.10,1.0000,-1,-1
185,17,-48.00,212.00,351.50,809.80,0.9980,-1,-1
186,1,218.00,80.00,506.10,1204.40,0.9990,-1,-1
186,8,791.00,-57.00,430.40,1254.30,1.0000,-1,-1
186,12,1580.00,370.00,135.40,302.20,1.0000,-1,-1
186,14,1401.00,430.00,99.30,249.50,1.0000,-1,-1
186,15,1353.00,534.00,67.80,155.10,1.0000,-1,-1
186,17,-34.00,198.00,384.00,838.70,0.9980,-1,-1
187,1,211.00,92.00,501.50,1217.10,0.9980,-1,-1
187,8,766.00,-50.00,460.30,1292.50,1.0000,-1,-1
187,12,1573.00,377.00,145.40,285.90,1.0000,-1,-1
187,14,1404.00,422.00,96.20,263.30,1.0000,-1,-1
187,15,1351.00,531.00,72.20,166.10,1.0000,-1,-1
187,17,-9.00,185.00,351.80,826.70,0.9990,-1,-1
187,18,597.00,411.00,202.20,422.50,1.0000,-1,-1
188,1,174.00,65.00,517.20,1265.60,0.9980,-1,-1
188,8,759.00,-65.00,425.50,1294.50,1.0000,-1,-1
188,12,1585.00,402.00,124.00,258.40,1.0000,-1,-1
188,14,1395.00,426.00,92.70,248.00,0.9970,-1,-1
188,15,1352.00,528.00,70.00,168.80,1.0000,-1,-1
188,16,652.00,400.00,149.60,411.40,1.0000,-1,-1
188,17,-4.00,214.00,293.60,778.10,0.9990,-1,-1
188,18,545.00,384.00,149.80,412.00,0.9990,-1,-1
188,19,1442.00,429.00,94.10,228.50,1.0000,-1,-1
189,1,129.00,89.00,460.70,1235.20,0.9970,-1,-1
189,8,721.00,-75.00,448.70,1313.00,1.0000,-1,-1
189,12,1589.00,397.00,124.70,273.10,1.0000,-1,-1
189,14,1398.00,442.00,97.60,241.70,1.0000,-1,-1
189,15,1364.00,535.00,64.90,153.90,1.0000,-1,-1
189,17,-22.00,217.00,169.50,742.90,0.9880,-1,-1
189,18,548.00,372.00,144.80,416.70,1.0000,-1,-1
189,19,1435.00,411.00,108.60,241.70,0.9980,-1,-1
190,1,18.00,92.00,571.20,1202.60,0.9960,-1,-1
190,8,730.00,-78.00,457.60,1289.40,1.0000,-1,-1
190,12,1590.00,382.00,124.70,275.80,1.0000,-1,-1
190,14,1395.00,422.00,101.20,260.90,1.0000,-1,-1
190,15,1359.00,538.00,72.20,154.40,0.9920,-1,-1
190,18,535.00,373.00,166.50,413.60,0.9990,-1,-1
190,19,1444.00,423.00,108.40,248.00,0.9970,-1,-1
191,1,2.00,67.00,529.60,1251.20,0.9970,-1,-1
191,8,703.00,-90.00,465.10,1312.50,1.0000,-1,-1
191,11,449.00,391.00,145.50,425.90,0.9990,-1,-1
191,12,1598.00,401.00,127.30,264.90,1.0000,-1,-1
191,14,1404.00,443.00,107.60,248.40,1.0000,-1,-1
191,15,1365.00,540.00,72.90,151.20,1.0000,-1,-1
191,18,558.00,370.00,160.50,415.80,1.0000,-1,-1
191,19,1450.00,416.00,112.20,258.10,0.9980,-1,-1
192,1,-31.00,99.00,572.20,1190.90,0.9940,-1,-1
192,8,685.00,-98.00,442.00,1319.50,0.9990,-1,-1
192,11,475.00,398.00,128.70,423.20,1.0000,-1,-1
192,12,1579.00,385.00,130.10,274.80,1.0000,-1,-1
192,14,1400.00,440.00,109.40,252.60,1.0000,-1,-1
192,15,1361.00,527.00,75.40,172.00,0.9990,-1,-1
192,17,-20.00,216.00,222.30,775.90,0.9960,-1,-1
192,18,556.00,371.00,169.70,421.40,1.0000,-1,-1
192,19,1451.00,422.00,113.30,240.90,0.9970,-1,-1
193,1,-56.00,88.00,567.10,1218.80,0.9940,-1,-1
193,8,658.00,-121.00,462.30,1357.00,1.0000,-1,-1
193,11,486.00,404.00,123.50,415.00,0.9990,-1,-1
193,12,1600.00,401.00,132.90,272.20,1.0000,-1,-1
193,14,1403.00,445.00,106.00,241.60,1.0000,-1,-1
193,15,1365.00,533.00,65.10,151.80,0.9980,-1,-1
193,18,561.00,362.00,164.30,430.50,1.0000,-1,-1
193,19,1464.00,432.00,94.20,238.50,0.9980,-1,-1
194,1,-18.00,63.00,511.90,1284.00,0.9960,-1,-1
194,8,615.00,-122.00,491.00,1377.50,1.0000,-1,-1
194,11,492.00,396.00,137.90,386.90,0.9990,-1,-1
194,12,1599.00,395.00,128.80,263.60,1.0000,-1,-1
194,14,1411.00,434.00,90.70,252.30,1.0000,-1,-1
194,15,1372.00,527.00,69.90,163.00,1.0000,-1,-1
194,19,1482.00,419.00,89.90,245.30,0.9990,-1,-1
195,1,-24.00,102.00,494.50,1244.80,0.9790,-1,-1
195,8,612.00,-109.00,464.60,1359.40,0.9980,-1,-1
195,11,503.00,383.00,152.00,421.40,1.0000,-1,-1
195,12,1598.00,391.00,123.20,250.70,1.0000,-1,-1
195,14,1406.00,433.00,93.20,259.50,1.0000,-1,-1
195,19,1482.00,440.00,86.20,231.50,0.9990,-1,-1
195,20,154.00,181.00,328.70,856.40,0.9960,-1,-1
196,8,567.00,-150.00,500.60,1399.20,1.0000,-1,-1
196,12,1605.00,410.00,127.10,242.60,1.0000,-1,-1
196,14,1397.00,448.00,108.30,237.40,1.0000,-1,-1
196,19,1469.00,429.00,105.20,237.00,1.0000,-1,-1
196,20,190.00,179.00,334.40,810.60,1.0000,-1,-1
197,8,532.00,-126.00,512.40,1389.90,0.9990,-1,-1
197,11,499.00,395.00,142.60,402.40,0.9990,-1,-1
197,12,1614.00,394.00,122.60,252.80,1.0000,-1,-1
197,14,1401.00,447.00,102.40,251.30,1.0000,-1,-1
197,19,1462.00,423.00,116.10,231.10,0.9990,-1,-1
197,20,211.00,220.00,316.00,745.50,1.0000,-1,-1
198,1,-38.00,82.00,391.00,1179.50,0.9720,-1,-1
198,8,501.00,-155.00,558.10,1442.40,0.9990,-1,-1
198,12,1605.00,382.00,117.50,282.80,1.0000,-1,-1
198,14,1402.00,442.00,111.40,238.80,1.0000,-1,-1
198,19,1479.00,418.00,104.30,233.20,1.0000,-1,-1
198,20,218.00,210.00,347.00,751.30,1.0000,-1,-1
199,1,110.00,255.00,225.60,705.60,0.9880,-1,-1
199,8,462.00,-169.00,564.20,1482.90,0.9990,-1,-1
199,12,1608.00,385.00,119.20,261.10,1.0000,-1,-1
199,14,1398.00,434.00,116.80,247.70,1.0000,-1,-1
199,19,1497.00,429.00,87.00,227.90,1.0000,-1,-1
199,20,239.00,223.00,346.80,772.00,1.0000,-1,-1
200,1,144.00,244.00,246.90,685.20,0.9990,-1,-1
200,8,476.00,-156.00,510.10,1464.10,0.9980,-1,-1
200,12,1611.00,398.00,142.80,251.60,0.9990,-1,-1
200,14,1398.00,429.00,118.30,263.60,1.0000,-1,-1
200,17,-12.00,62.00,217.90,1141.80,0.9540,-1,-1
200,19,1503.00,428.00,84.20,216.50,1.0000,-1,-1
200,20,292.00,203.00,292.60,819.50,1.0000,-1,-1
200,21,905.00,311.00,194.90,488.60,0.9020,-1,-1
201,1,174.00,255.00,211.80,649.90,0.9960,-1,-1
201,8,396.00,-161.00,610.10,1484.10,0.9950,-1,-1
201,12,1631.00,396.00,120.50,259.70,1.0000,-1,-1
201,14,1417.00,440.00,99.30,244.20,1.0000,-1,-1
201,15,1403.00,534.00,62.00,164.40,1.0000,-1,-1
201,19,1505.00,434.00,87.80,219.20,0.9990,-1,-1
201,20,281.00,236.00,306.80,730.50,1.0000,-1,-1
201,21,933.00,316.00,225.00,486.80,0.9980,-1,-1
202,1,202.00,250.00,213.70,658.70,0.9990,-1,-1
202,8,383.00,-142.00,595.60,1466.50,0.9970,-1,-1
202,12,1634.00,392.00,106.00,263.70,0.9990,-1,-1
202,14,1426.00,442.00,105.50,254.40,1.0000,-1,-1
202,15,1402.00,538.00,63.60,150.10,1.0000,-1,-1
202,19,1513.00,432.00,83.60,221.00,1.0000,-1,-1
202,20,338.00,222.00,229.40,729.10,0.9990,-1,-1
202,21,922.00,316.00,249.90,499.00,1.0000,-1,-1
203,1,207.00,252.00,223.10,654.80,0.9990,-1,-1
203,8,367.00,-155.00,571.40,1472.70,0.9970,-1,-1
203,12,1625.00,398.00,134.20,256.30,1.0000,-1,-1
203,14,1422.00,440.00,103.90,260.00,1.0000,-1,-1
203,15,1406.00,539.00,67.30,148.30,1.0000,-1,-1
203,19,1514.00,436.00,82.50,218.80,1.0000,-1,-1
203,21,925.00,340.00,240.70,457.70,0.9990,-1,-1
204,1,228.00,259.00,214.00,668.10,1.0000,-1,-1
204,8,318.00,-160.00,577.90,1461.20,0.9970,-1,-1
204,12,1638.00,391.00,113.20,252.80,1.0000,-1,-1
204,14,1421.00,440.00,98.50,250.90,1.0000,-1,-1
204,19,1538.00,425.00,80.80,242.40,1.0000,-1,-1
204,21,963.00,318.00,211.10,473.80,1.0000,-1,-1
204,22,831.00,379.00,182.30,413.40,0.9980,-1,-1
205,1,236.00,253.00,215.00,637.30,1.0000,-1,-1
205,8,269.00,-139.00,644.90,1429.20,0.9950,-1,-1
205,12,1628.00,394.00,137.90,264.80,1.0000,-1,-1
205,14,1440.00,445.00,98.00,242.20,0.9990,-1,-1
205,15,1408.00,539.00,65.30,149.80,1.0000,-1,-1
205,19,1519.00,432.00,89.40,217.00,1.0000,-1,-1
205,21,955.00,325.00,213.50,465.50,0.9990,-1,-1
205,22,835.00,361.00,210.60,456.10,0.9980,-1,-1
206,1,243.00,279.00,169.70,666.50,0.9950,-1,-1
206,8,236.00,-151.00,617.70,1486.60,0.9910,-1,-1
206,12,1648.00,401.00,119.00,237.90,1.0000,-1,-1
206,14,1417.00,442.00,113.20,253.90,1.0000,-1,-1
206,19,1523.00,426.00,102.30,233.60,1.0000,-1,-1
206,21,990.00,346.00,190.80,449.70,1.0000,-1,-1
206,22,853.00,387.00,190.80,403.30,1.0000,-1,-1
207,8,160.00,-146.00,685.30,1462.40,0.9950,-1,-1
207,12,1649.00,410.00,127.40,229.10,1.0000,-1,-1
207,14,1445.00,441.00,75.70,236.90,1.0000,-1,-1
207,15,1416.00,532.00,53.80,159.80,1.0000,-1,-1
207,19,1539.00,423.00,113.20,241.30,1.0000,-1,-1
207,21,983.00,354.00,187.80,440.60,1.0000,-1,-1
207,22,869.00,395.00,188.50,388.20,1.0000,-1,-1
208,8,137.00,-181.00,651.80,1538.20,0.9970,-1,-1
208,12,1655.00,409.00,99.00,249.80,1.0000,-1,-1
208,14,1420.00,436.00,123.20,264.30,1.0000,-1,-1
208,19,1529.00,423.00,110.40,230.60,0.9990,-1,-1
208,21,1008.00,339.00,178.00,447.20,1.0000,-1,-1
208,22,878.00,386.00,179.90,401.60,1.0000,-1,-1
209,8,73.00,-188.00,669.00,1545.10,0.9890,-1,-1
209,12,1659.00,413.00,124.10,248.50,0.9990,-1,-1
209,14,1437.00,445.00,114.70,243.90,1.0000,-1,-1
209,16,667.00,411.00,172.20,388.60,0.9990,-1,-1
209,17,-29.00,284.00,236.20,745.70,0.9930,-1,-1
209,19,1535.00,429.00,110.40,232.00,1.0000,-1,-1
209,21,1024.00,336.00,187.10,464.50,1.0000,-1,-1
209,22,886.00,398.00,180.30,399.40,1.0000,-1,-1
210,8,11.00,-161.00,676.80,1505.90,0.9850,-1,-1
210,12,1651.00,400.00,116.10,254.80,1.0000,-1,-1
210,14,1430.00,437.00,116.70,252.30,1.0000,-1,-1
210,16,655.00,366.00,175.40,439.20,0.9990,-1,-1
210,17,-22.00,288.00,230.30,712.40,0.9900,-1,-1
210,18,482.00,316.00,247.30,606.90,0.9960,-1,-1
210,19,1548.00,431.00,107.40,228.20,1.0000,-1,-1
210,21,1039.00,344.00,160.00,445.20,1.0000,-1,-1
210,22,905.00,399.00,168.30,371.50,1.0000,-1,-1
211,8,-30.00,-152.00,636.60,1466.10,0.9740,-1,-1
211,12,1662.00,400.00,117.40,245.30,1.0000,-1,-1
211,14,1434.00,425.00,117.40,279.40,1.0000,-1,-1
211,17,-16.00,299.00,187.70,674.10,0.9890,-1,-1
211,18,445.00,260.00,382.30,646.20,0.9990,-1,-1
211,19,1557.00,422.00,93.50,231.80,1.0000,-1,-1
211,21,1060.00,323.00,186.40,471.30,1.0000,-1,-1
211,22,927.00,395.00,134.20,382.40,1.0000,-1,-1
212,8,-60.00,-199.00,628.00,1531.20,0.9720,-1,-1
212,12,1659.00,402.00,126.00,245.10,1.0000,-1,-1
212,14,1458.00,448.00,95.00,237.10,1.0000,-1,-1
212,15,1424.00,534.00,70.70,162.50,1.0000,-1,-1
212,18,462.00,259.00,362.60,650.10,1.0000,-1,-1
212,19,1553.00,423.00,95.80,233.10,1.0000,-1,-1
212,21,1061.00,338.00,203.70,464.00,1.0000,-1,-1
212,22,939.00,373.00,134.10,395.40,1.0000,-1,-1
213,8,-61.00,-227.00,596.30,1572.80,0.9620,-1,-1
213,12,1663.00,400.00,119.40,242.50,1.0000,-1,-1
213,14,1448.00,436.00,99.40,262.30,1.0000,-1,-1
213,18,469.00,275.00,354.20,644.80,0.9990,-1,-1
213,19,1568.00,424.00,86.90,226.70,1.0000,-1,-1
213,21,1087.00,330.00,179.60,462.00,0.9990,-1,-1
213,22,942.00,394.00,143.90,382.40,1.0000,-1,-1
214,12,1684.00,401.00,107.40,255.60,1.0000,-1,-1
214,14,1456.00,455.00,106.70,238.30,1.0000,-1,-1
214,15,1426.00,533.00,59.70,171.80,0.9660,-1,-1
214,18,513.00,264.00,279.10,662.60,1.0000,-1,-1
214,19,1582.00,422.00,82.50,228.60,1.0000,-1,-1
214,20,377.00,266.00,218.20,635.80,0.9820,-1,-1
214,21,1096.00,340.00,188.90,443.10,0.9990,-1,-1
214,22,954.00,400.00,139.70,365.80,0.9990,-1,-1
215,12,1671.00,390.00,121.40,251.90,1.0000,-1,-1
215,14,1451.00,440.00,101.80,250.00,1.0000,-1,-1
215,15,1432.00,535.00,75.60,171.80,1.0000,-1,-1
215,18,513.00,257.00,325.40,646.50,1.0000,-1,-1
215,19,1582.00,418.00,88.10,231.80,1.0000,-1,-1
215,20,391.00,295.00,227.10,582.70,1.0000,-1,-1
215,21,1105.00,327.00,174.60,453.10,1.0000,-1,-1
215,22,966.00,416.00,131.10,368.70,1.0000,-1,-1
216,12,1676.00,392.00,127.60,258.50,1.0000,-1,-1
216,14,1472.00,438.00,85.40,259.30,1.0000,-1,-1
216,15,1432.00,539.00,62.70,164.10,1.0000,-1,-1
216,18,540.00,265.00,285.20,649.80,1.0000,-1,-1
216,19,1596.00,415.00,90.50,232.20,1.0000,-1,-1
216,20,416.00,280.00,224.10,600.00,1.0000,-1,-1
216,21,1113.00,339.00,181.80,438.90,1.0000,-1,-1
216,22,958.00,391.00,163.10,392.60,0.9990,-1,-1
217,12,1682.00,397.00,122.10,248.70,1.0000,-1,-1
217,14,1458.00,437.00,90.40,250.70,1.0000,-1,-1
217,18,566.00,273.00,283.50,644.80,1.0000,-1,-1
217,19,1593.00,419.00,92.90,232.30,1.0000,-1,-1
217,20,457.00,298.00,190.20,557.40,1.0000,-1,-1
217,21,1117.00,342.00,198.30,437.30,1.0000,-1,-1
217,22,966.00,420.00,143.10,352.60,1.0000,-1,-1
218,1,124.00,274.00,266.50,726.40,0.9530,-1,-1
218,12,1681.00,401.00,113.50,233.90,1.0000,-1,-1
218,14,1479.00,435.00,87.80,258.00,1.0000,-1,-1
218,15,1447.00,545.00,60.30,159.10,1.0000,-1,-1
218,18,600.00,269.00,229.70,636.00,1.0000,-1,-1
218,19,1610.00,426.00,92.70,221.10,1.0000,-1,-1
218,20,459.00,287.00,197.20,587.90,1.0000,-1,-1
218,21,1113.00,332.00,207.00,458.50,1.0000,-1,-1
218,22,980.00,423.00,154.60,357.20,1.0000,-1,-1
219,1,148.00,267.00,289.80,732.80,0.9980,-1,-1
219,12,1683.00,392.00,111.10,259.90,1.0000,-1,-1
219,14,1475.00,442.00,100.70,250.00,1.0000,-1,-1
219,15,1438.00,533.00,79.10,174.70,0.9990,-1,-1
219,18,628.00,257.00,214.50,639.40,1.0000,-1,-1
219,19,1614.00,418.00,94.40,231.30,1.0000,-1,-1
219,20,480.00,292.00,218.20,588.80,1.0000,-1,-1
219,21,1130.00,338.00,191.90,450.20,1.0000,-1,-1
219,22,1008.00,414.00,131.50,357.20,1.0000,-1,-1
219,23,911.00,528.00,37.10,95.00,0.9770,-1,-1
220,1,115.00,276.00,398.70,715.90,0.9990,-1,-1
220,12,1682.00,402.00,117.30,236.60,0.9990,-1,-1
220,14,1461.00,425.00,100.30,263.50,1.0000,-1,-1
220,18,639.00,275.00,227.30,607.40,1.0000,-1,-1
220,19,1605.00,428.00,110.00,216.60,1.0000,-1,-1
220,20,506.00,269.00,210.20,607.30,1.0000,-1,-1
220,21,1145.00,359.00,170.50,423.00,1.0000,-1,-1
220,22,997.00,407.00,149.40,353.70,1.0000,-1,-1
220,23,910.00,523.00,37.60,96.80,0.9640,-1,-1
221,1,127.00,263.00,421.60,706.90,1.0000,-1,-1
221,12,1694.00,405.00,104.90,233.70,1.0000,-1,-1
221,14,1483.00,426.00,99.20,285.30,1.0000,-1,-1
221,15,1451.00,535.00,59.70,165.30,1.0000,-1,-1
221,18,688.00,289.00,212.40,572.70,1.0000,-1,-1
221,19,1611.00,425.00,131.20,222.60,1.0000,-1,-1
221,20,514.00,294.00,206.90,576.70,1.0000,-1,-1
221,21,1159.00,345.00,156.30,421.20,1.0000,-1,-1
221,22,1017.00,397.00,131.10,361.70,1.0000,-1,-1
222,1,132.00,281.00,420.70,704.60,1.0000,-1,-1
222,12,1697.00,409.00,107.80,229.30,1.0000,-1,-1
222,14,1478.00,424.00,93.10,260.50,1.0000,-1,-1
222,15,1452.00,537.00,78.20,164.00,1.0000,-1,-1
222,18,705.00,255.00,228.90,617.60,1.0000,-1,-1
222,19,1621.00,429.00,116.20,228.60,0.9990,-1,-1
222,20,506.00,299.00,221.70,550.00,1.0000,-1,-1
222,21,1156.00,335.00,151.80,438.20,1.0000,-1,-1
222,22,1030.00,401.00,135.20,374.30,1.0000,-1,-1
223,1,173.00,291.00,367.10,704.20,0.9980,-1,-1
223,12,1690.00,402.00,117.10,251.80,0.9990,-1,-1
223,14,1480.00,420.00,91.30,269.50,1.0000,-1,-1
223,18,707.00,268.00,237.80,613.10,1.0000,-1,-1
223,19,1618.00,431.00,121.60,226.40,1.0000,-1,-1
223,20,528.00,300.00,239.60,563.50,1.0000,-1,-1
223,21,1171.00,359.00,145.60,408.10,1.0000,-1,-1
223,22,1041.00,400.00,131.70,352.40,1.0000,-1,-1
224,1,214.00,278.00,365.10,679.20,0.9990,-1,-1
224,12,1703.00,405.00,102.70,228.90,1.0000,-1,-1
224,14,1482.00,439.00,97.10,249.70,0.9990,-1,-1
224,15,1460.00,532.00,74.60,178.40,1.0000,-1,-1
224,18,721.00,268.00,236.80,610.50,1.0000,-1,-1
224,19,1618.00,427.00,125.20,227.70,1.0000,-1,-1
224,20,531.00,284.00,218.90,567.90,1.0000,-1,-1
224,21,1170.00,352.00,151.30,423.70,1.0000,-1,-1
224,22,1047.00,407.00,128.80,346.00,1.0000,-1,-1
224,24,121.00,297.00,271.90,655.20,1.0000,-1,-1
225,1,153.00,298.00,374.80,691.80,0.9990,-1,-1
225,12,1691.00,393.00,122.90,254.30,1.0000,-1,-1
225,14,1494.00,434.00,102.90,259.80,1.0000,-1,-1
225,15,1465.00,535.00,68.60,165.40,1.0000,-1,-1
225,18,732.00,275.00,257.20,584.60,1.0000,-1,-1
225,19,1632.00,421.00,110.90,235.00,1.0000,-1,-1
225,20,559.00,284.00,202.50,579.60,1.0000,-1,-1
225,21,1162.00,343.00,173.70,437.70,1.0000,-1,-1
225,22,1041.00,394.00,149.70,379.60,0.9990,-1,-1
226,1,252.00,294.00,349.00,672.10,0.9990,-1,-1
226,12,1720.00,399.00,88.10,233.90,0.9980,-1,-1
226,14,1493.00,431.00,108.80,270.20,1.0000,-1,-1
226,18,746.00,272.00,253.50,595.90,1.0000,-1,-1
226,19,1648.00,427.00,100.80,227.50,0.9990,-1,-1
226,20,561.00,293.00,226.10,564.50,1.0000,-1,-1
226,21,1186.00,352.00,166.20,407.70,1.0000,-1,-1
226,22,1052.00,413.00,145.20,336.40,0.9990,-1,-1
227,1,312.00,291.00,284.80,682.70,1.0000,-1,-1
227,12,1703.00,392.00,117.50,247.60,0.9980,-1,-1
227,14,1488.00,431.00,93.10,261.40,0.9990,-1,-1
227,15,1469.00,538.00,73.30,161.90,1.0000,-1,-1
227,18,752.00,297.00,254.00,571.60,1.0000,-1,-1
227,19,1653.00,430.00,95.60,211.40,0.9980,-1,-1
227,20,579.00,296.00,211.10,557.20,0.9990,-1,-1
227,21,1187.00,350.00,157.30,407.50,1.0000,-1,-1
227,22,1073.00,408.00,152.90,339.40,1.0000,-1,-1
227,24,172.00,306.00,267.50,630.60,0.9850,-1,-1
228,1,349.00,290.00,269.40,685.30,1.0000,-1,-1
228,12,1710.00,402.00,113.90,247.20,0.9990,-1,-1
228,14,1484.00,419.00,100.60,286.50,0.9990,-1,-1
228,15,1478.00,526.00,71.50,179.50,1.0000,-1,-1
228,18,758.00,274.00,268.20,581.30,1.0000,-1,-1
228,19,1662.00,417.00,98.10,230.30,1.0000,-1,-1
228,20,609.00,293.00,185.60,562.40,1.0000,-1,-1
228,21,1198.00,340.00,160.00,434.00,1.0000,-1,-1
228,22,1064.00,398.00,142.20,363.30,0.9990,-1,-1
228,24,187.00,286.00,311.20,668.60,0.9990,-1,-1
229,1,397.00,277.00,213.50,694.20,1.0000,-1,-1
229,12,1725.00,400.00,100.80,237.00,0.9990,-1,-1
229,14,1496.00,425.00,103.90,266.20,1.0000,-1,-1
229,18,787.00,285.00,230.60,573.50,1.0000,-1,-1
229,19,1669.00,417.00,98.70,229.00,1.0000,-1,-1
229,20,611.00,294.00,195.10,554.70,1.0000,-1,-1
229,21,1209.00,351.00,141.30,406.00,1.0000,-1,-1
229,22,1081.00,419.00,151.40,327.30,0.9990,-1,-1
229,24,239.00,312.00,267.10,601.80,1.0000,-1,-1
230,1,428.00,293.00,213.10,653.00,1.0000,-1,-1
230,12,1725.00,399.00,99.60,236.40,0.9980,-1,-1
230,14,1513.00,425.00,113.90,282.20,1.0000,-1,-1
230,15,1484.00,531.00,77.80,170.50,1.0000,-1,-1
230,16,650.00,296.00,171.20,542.60,0.9990,-1,-1
230,18,779.00,271.00,251.10,594.20,1.0000,-1,-1
230,19,1678.00,416.00,91.90,225.90,1.0000,-1,-1
230,21,1214.00,355.00,138.90,404.60,1.0000,-1,-1
230,22,1099.00,423.00,147.30,332.30,1.0000,-1,-1
230,24,259.00,305.00,242.00,630.30,1.0000,-1,-1
231,1,414.00,278.00,253.50,654.40,1.0000,-1,-1
231,12,1743.00,424.00,84.10,217.50,0.9980,-1,-1
231,14,1509.00,422.00,104.50,257.90,1.0000,-1,-1
231,16,648.00,309.00,203.60,514.00,1.0000,-1,-1
231,18,804.00,281.00,209.10,593.80,1.0000,-1,-1
231,19,1680.00,424.00,86.80,220.10,1.0000,-1,-1
231,21,1221.00,363.00,136.00,390.20,1.0000,-1,-1
231,22,1097.00,413.00,127.00,342.70,0.9990,-1,-1
231,24,306.00,302.00,210.80,606.80,1.0000,-1,-1
232,1,450.00,298.00,249.40,649.40,1.0000,-1,-1
232,12,1734.00,411.00,104.50,227.50,1.0000,-1,-1
232,14,1518.00,437.00,103.50,253.40,1.0000,-1,-1
232,15,1480.00,529.00,83.60,184.00,1.0000,-1,-1
232,16,653.00,302.00,195.40,542.70,1.0000,-1,-1
232,18,808.00,288.00,225.30,569.00,1.0000,-1,-1
232,19,1686.00,418.00,93.50,225.20,1.0000,-1,-1
232,21,1220.00,347.00,148.30,412.10,1.0000,-1,-1
232,22,1112.00,420.00,138.20,333.30,1.0000,-1,-1
232,24,346.00,309.00,169.50,597.50,1.0000,-1,-1
233,1,447.00,289.00,259.10,672.20,1.0000,-1,-1
233,12,1735.00,401.00,102.30,242.90,1.0000,-1,-1
233,14,1509.00,425.00,119.50,267.60,0.9990,-1,-1
233,15,1497.00,533.00,69.10,173.80,1.0000,-1,-1
233,16,661.00,297.00,207.50,540.50,1.0000,-1,-1
233,18,841.00,274.00,190.70,559.30,1.0000,-1,-1
233,19,1694.00,424.00,90.60,228.70,1.0000,-1,-1
233,21,1232.00,374.00,149.60,383.20,1.0000,-1,-1
233,22,1139.00,427.00,112.10,309.30,1.0000,-1,-1
233,24,343.00,310.00,186.40,585.70,1.0000,-1,-1
234,1,469.00,307.00,264.20,659.10,1.0000,-1,-1
234,12,1745.00,406.00,95.60,227.50,1.0000,-1,-1
234,14,1530.00,417.00,99.90,284.10,0.9990,-1,-1
234,15,1491.00,531.00,80.70,182.70,1.0000,-1,-1
234,16,676.00,322.00,228.40,518.10,1.0000,-1,-1
234,18,869.00,275.00,190.60,580.90,1.0000,-1,-1
234,19,1702.00,429.00,89.20,223.00,1.0000,-1,-1
234,21,1246.00,344.00,146.50,407.50,1.0000,-1,-1
234,22,1136.00,432.00,120.70,317.90,0.9990,-1,-1
234,24,361.00,303.00,207.20,596.60,1.0000,-1,-1
235,1,494.00,296.00,264.90,636.00,1.0000,-1,-1
235,12,1738.00,404.00,111.40,229.00,0.9980,-1,-1
235,14,1530.00,428.00,81.30,262.30,0.9990,-1,-1
235,15,1501.00,536.00,79.50,177.90,1.0000,-1,-1
235,16,677.00,302.00,239.60,527.10,1.0000,-1,-1
235,18,871.00,286.00,182.60,549.50,1.0000,-1,-1
235,19,1705.00,424.00,91.10,221.90,1.0000,-1,-1
235,21,1258.00,358.00,151.80,396.60,1.0000,-1,-1
235,22,1134.00,429.00,123.60,307.00,1.0000,-1,-1
235,24,375.00,316.00,193.40,615.90,1.0000,-1,-1
236,1,504.00,307.00,253.50,623.90,1.0000,-1,-1
236,14,1522.00,420.00,97.30,280.20,0.9970,-1,-1
236,15,1505.00,532.00,85.30,169.70,1.0000,-1,-1
236,16,692.00,313.00,229.50,514.50,1.0000,-1,-1
236,18,888.00,282.00,193.20,573.50,1.0000,-1,-1
236,19,1705.00,415.00,108.90,228.00,1.0000,-1,-1
236,21,1258.00,358.00,160.50,395.20,1.0000,-1,-1
236,22,1163.00,435.00,104.00,295.30,1.0000,-1,-1
236,24,393.00,326.00,225.70,579.60,1.0000,-1,-1
237,1,532.00,304.00,219.90,622.00,1.0000,-1,-1
237,12,1753.00,403.00,105.10,247.00,0.9910,-1,-1
237,14,1535.00,450.00,94.60,250.00,0.9980,-1,-1
237,15,1510.00,533.00,94.60,172.40,0.9990,-1,-1
237,16,691.00,317.00,250.10,527.10,1.0000,-1,-1
237,18,892.00,297.00,227.50,557.80,1.0000,-1,-1
237,19,1713.00,418.00,91.10,231.70,1.0000,-1,-1
237,21,1253.00,352.00,158.50,389.00,1.0000,-1,-1
237,22,1150.00,430.00,121.70,285.20,1.0000,-1,-1
237,24,392.00,318.00,267.90,588.70,0.9990,-1,-1
238,1,519.00,293.00,234.90,629.90,1.0000,-1,-1
238,12,1747.00,410.00,95.80,221.10,1.0000,-1,-1
238,14,1523.00,435.00,108.70,271.80,0.9990,-1,-1
238,15,1509.00,534.00,98.70,172.70,1.0000,-1,-1
238,16,689.00,306.00,296.80,515.20,1.0000,-1,-1
238,18,891.00,274.00,250.20,576.70,1.0000,-1,-1
238,21,1266.00,358.00,170.40,409.80,1.0000,-1,-1
238,22,1171.00,427.00,114.60,260.50,1.0000,-1,-1
238,24,408.00,336.00,219.90,583.60,0.9960,-1,-1
239,1,561.00,311.00,216.70,603.70,1.0000,-1,-1
239,15,1515.00,542.00,111.10,175.70,0.9990,-1,-1
239,16,714.00,330.00,249.00,515.80,1.0000,-1,-1
239,18,908.00,290.00,270.90,579.50,1.0000,-1,-1
239,19,1728.00,423.00,87.70,221.90,1.0000,-1,-1
239,21,1271.00,351.00,169.70,396.20,1.0000,-1,-1
239,22,1183.00,421.00,102.90,283.60,1.0000,-1,-1
239,24,423.00,318.00,232.10,586.40,0.9990,-1,-1
240,1,579.00,300.00,226.40,613.20,1.0000,-1,-1
240,15,1520.00,529.00,106.60,177.00,0.9990,-1,-1
240,16,715.00,298.00,249.60,522.00,0.9990,-1,-1
240,18,903.00,297.00,283.40,547.50,1.0000,-1,-1
240,19,1728.00,417.00,94.90,236.40,1.0000,-1,-1
240,21,1291.00,371.00,137.80,372.10,1.0000,-1,-1
240,22,1188.00,420.00,107.10,305.30,1.0000,-1,-1
240,24,464.00,328.00,224.00,560.10,1.0000,-1,-1
241,12,1760.00,405.00,99.80,220.20,1.0000,-1,-1
241,15,1541.00,527.00,91.40,190.20,1.0000,-1,-1
241,16,781.00,321.00,176.20,520.80,1.0000,-1,-1
241,18,903.00,295.00,276.50,542.70,1.0000,-1,-1
241,20,607.00,296.00,214.80,604.30,1.0000,-1,-1
241,21,1274.00,354.00,165.20,405.40,1.0000,-1,-1
241,22,1170.00,418.00,131.90,335.60,1.0000,-1,-1
241,24,478.00,308.00,201.80,564.80,1.0000,-1,-1
242,12,1752.00,423.00,87.60,209.90,1.0000,-1,-1
242,14,1517.00,412.00,88.30,243.20,0.9970,-1,-1
242,15,1547.00,532.00,86.30,180.80,1.0000,-1,-1
242,16,771.00,314.00,205.70,513.50,0.9990,-1,-1
242,18,937.00,302.00,236.20,508.60,1.0000,-1,-1
242,20,617.00,316.00,219.20,601.30,1.0000,-1,-1
242,21,1282.00,363.00,162.60,378.00,1.0000,-1,-1
242,22,1189.00,427.00,121.30,320.40,0.9990,-1,-1
242,24,492.00,321.00,229.40,555.10,1.0000,-1,-1
243,12,1749.00,420.00,92.30,229.30,1.0000,-1,-1
243,14,1541.00,422.00,82.10,246.90,0.9970,-1,-1
243,15,1555.00,534.00,80.00,173.70,1.0000,-1,-1
243,16,774.00,287.00,200.70,564.00,1.0000,-1,-1
243,18,930.00,300.00,239.80,540.00,1.0000,-1,-1
243,20,646.00,302.00,218.00,591.70,1.0000,-1,-1
243,21,1298.00,370.00,148.00,381.80,1.0000,-1,-1
243,22,1203.00,430.00,108.50,297.00,0.9990,-1,-1
243,24,507.00,337.00,208.00,546.40,1.0000,-1,-1
244,12,1767.00,418.00,92.10,224.30,1.0000,-1,-1
244,14,1543.00,418.00,89.50,269.10,0.9990,-1,-1
244,16,814.00,298.00,157.70,541.40,0.9990,-1,-1
244,18,965.00,279.00,201.20,549.60,1.0000,-1,-1
244,20,653.00,316.00,237.10,582.80,1.0000,-1,-1
244,21,1300.00,353.00,137.20,391.30,1.0000,-1,-1
244,22,1197.00,437.00,119.70,290.50,0.9990,-1,-1
244,24,531.00,328.00,202.20,539.00,1.0000,-1,-1
245,12,1754.00,420.00,99.70,224.50,1.0000,-1,-1
245,14,1541.00,423.00,80.80,264.40,0.9980,-1,-1
245,15,1560.00,533.00,82.70,174.40,0.9990,-1,-1
245,16,823.00,303.00,158.50,513.20,0.9980,-1,-1
245,18,984.00,280.00,207.20,552.20,1.0000,-1,-1
245,20,655.00,302.00,246.60,593.90,1.0000,-1,-1
245,21,1304.00,369.00,155.50,399.70,1.0000,-1,-1
245,22,1199.00,433.00,115.90,297.90,0.9990,-1,-1
245,24,571.00,322.00,166.30,562.10,1.0000,-1,-1
246,12,1771.00,426.00,95.00,213.90,1.0000,-1,-1
246,14,1546.00,431.00,82.40,278.80,0.9990,-1,-1
246,15,1570.00,537.00,89.50,168.70,0.9990,-1,-1
246,18,1008.00,286.00,193.30,535.40,1.0000,-1,-1
246,20,634.00,305.00,311.00,608.50,1.0000,-1,-1
246,21,1302.00,345.00,144.80,405.10,1.0000,-1,-1
246,22,1226.00,423.00,97.60,313.10,0.9990,-1,-1
246,25,926.00,359.00,137.00,408.60,0.9860,-1,-1
247,12,1765.00,416.00,89.90,241.10,1.0000,-1,-1
247,14,1545.00,428.00,83.50,283.30,0.9990,-1,-1
247,15,1572.00,535.00,90.50,174.40,1.0000,-1,-1
247,18,1018.00,278.00,182.80,540.30,1.0000,-1,-1
247,20,679.00,313.00,252.50,566.30,1.0000,-1,-1
247,21,1308.00,354.00,146.00,383.30,1.0000,-1,-1
247,22,1206.00,438.00,128.00,295.50,1.0000,-1,-1
247,24,587.00,324.00,180.60,525.60,0.9580,-1,-1
247,25,956.00,376.00,118.90,390.10,0.9850,-1,-1
248,1,623.00,319.00,191.90,574.80,1.0000,-1,-1
248,12,1772.00,422.00,93.40,225.60,1.0000,-1,-1
248,14,1546.00,423.00,78.40,275.40,0.9990,-1,-1
248,15,1580.00,540.00,88.10,178.90,1.0000,-1,-1
248,18,1024.00,281.00,183.40,554.20,1.0000,-1,-1
248,20,677.00,329.00,289.30,560.00,0.9990,-1,-1
248,21,1314.00,370.00,133.80,358.00,1.0000,-1,-1
248,22,1226.00,418.00,107.70,309.40,0.9990,-1,-1
248,25,947.00,371.00,125.90,389.80,0.9930,-1,-1
249,12,1776.00,423.00,101.50,228.10,1.0000,-1,-1
249,14,1542.00,420.00,82.50,277.90,0.9990,-1,-1
249,15,1582.00,532.00,83.40,181.50,1.0000,-1,-1
249,18,1047.00,304.00,189.40,503.10,1.0000,-1,-1
249,20,706.00,314.00,265.60,570.60,0.9990,-1,-1
249,21,1311.00,357.00,143.90,390.70,1.0000,-1,-1
249,22,1220.00,425.00,123.50,306.90,0.9980,-1,-1
249,25,960.00,376.00,110.30,386.70,0.9160,-1,-1
250,1,612.00,317.00,222.70,549.30,0.9970,-1,-1
250,12,1782.00,424.00,94.60,221.70,1.0000,-1,-1
250,14,1544.00,418.00,81.60,279.40,0.9990,-1,-1
250,15,1593.00,520.00,85.40,198.20,1.0000,-1,-1
250,16,880.00,306.00,181.10,504.70,0.9380,-1,-1
250,18,1050.00,305.00,206.90,508.80,1.0000,-1,-1
250,20,723.00,330.00,247.30,555.40,1.0000,-1,-1
250,21,1315.00,353.00,149.40,379.50,1.0000,-1,-1
250,22,1229.00,424.00,112.40,301.70,0.9980,-1,-1
250,25,965.00,386.00,119.30,391.30,0.9720,-1,-1
251,1,606.00,342.00,259.00,504.10,1.0000,-1,-1
251,12,1785.00,430.00,92.20,209.80,1.0000,-1,-1
251,14,1529.00,432.00,96.70,266.70,0.9980,-1,-1
251,15,1598.00,531.00,84.70,176.40,1.0000,-1,-1
251,16,895.00,313.00,177.20,481.00,0.9980,-1,-1
251,18,1033.00,312.00,251.60,508.80,1.0000,-1,-1
251,20,769.00,307.00,213.00,581.00,1.0000,-1,-1
251,21,1333.00,367.00,122.70,359.90,1.0000,-1,-1
251,22,1248.00,440.00,103.80,278.20,0.9970,-1,-1
252,1,634.00,346.00,233.90,508.20,1.0000,-1,-1
252,12,1783.00,417.00,102.40,221.00,1.0000,-1,-1
252,14,1540.00,424.00,88.50,291.90,0.9990,-1,-1
252,15,1611.00,527.00,74.60,175.60,1.0000,-1,-1
252,18,1052.00,311.00,231.60,510.20,1.0000,-1,-1
252,20,783.00,328.00,213.20,551.80,1.0000,-1,-1
252,21,1342.00,381.00,132.10,355.70,1.0000,-1,-1
252,22,1227.00,427.00,128.10,287.80,0.9970,-1,-1
252,25,982.00,365.00,119.20,398.50,0.9910,-1,-1
253,1,653.00,340.00,245.40,535.00,1.0000,-1,-1
253,12,1802.00,422.00,89.90,214.30,1.0000,-1,-1
253,14,1545.00,419.00,79.50,290.00,1.0000,-1,-1
253,15,1603.00,527.00,92.00,179.90,1.0000,-1,-1
253,18,1054.00,288.00,230.40,533.90,1.0000,-1,-1
253,20,808.00,303.00,192.90,564.80,1.0000,-1,-1
253,21,1344.00,361.00,135.60,372.10,1.0000,-1,-1
253,22,1230.00,416.00,124.90,296.40,0.9910,-1,-1
253,25,963.00,381.00,134.40,382.10,0.9930,-1,-1
254,1,651.00,322.00,242.40,528.70,0.9990,-1,-1
254,12,1785.00,415.00,114.80,234.20,1.0000,-1,-1
254,14,1545.00,421.00,79.50,297.00,1.0000,-1,-1
254,15,1618.00,535.00,90.10,178.60,1.0000,-1,-1
254,18,1085.00,326.00,239.20,478.90,1.0000,-1,-1
254,20,814.00,319.00,199.90,554.70,1.0000,-1,-1
254,21,1345.00,360.00,133.50,358.90,1.0000,-1,-1
254,25,972.00,371.00,141.80,400.20,0.9960,-1,-1
255,1,677.00,352.00,226.40,496.00,1.0000,-1,-1
255,12,1797.00,420.00,102.60,234.50,1.0000,-1,-1
255,14,1538.00,412.00,81.00,308.60,0.9980,-1,-1
255,15,1625.00,526.00,88.70,185.00,1.0000,-1,-1
255,16,863.00,319.00,197.80,557.90,1.0000,-1,-1
255,18,1081.00,334.00,219.90,484.50,1.0000,-1,-1
255,21,1357.00,371.00,105.60,350.20,1.0000,-1,-1
255,22,1265.00,431.00,99.00,291.20,0.9950,-1,-1
255,25,1006.00,388.00,126.80,387.60,0.9960,-1,-1
256,1,727.00,343.00,163.10,505.30,1.0000,-1,-1
256,12,1811.00,422.00,82.10,216.10,1.0000,-1,-1
256,14,1544.00,414.00,85.30,307.90,1.0000,-1,-1
256,15,1630.00,526.00,97.30,197.70,1.0000,-1,-1
256,16,848.00,337.00,230.10,539.50,1.0000,-1,-1
256,18,1086.00,329.00,219.30,473.40,1.0000,-1,-1
256,21,1349.00,389.00,118.30,340.50,1.0000,-1,-1
256,22,1280.00,419.00,100.50,290.20,0.9980,-1,-1
256,25,1020.00,395.00,117.80,358.00,0.9860,-1,-1
257,1,735.00,342.00,166.40,521.20,1.0000,-1,-1
257,12,1806.00,428.00,96.50,204.40,1.0000,-1,-1
257,14,1529.00,416.00,96.00,284.70,1.0000,-1,-1
257,15,1628.00,517.00,103.10,206.90,1.0000,-1,-1
257,16,866.00,315.00,216.60,568.10,1.0000,-1,-1
257,18,1090.00,311.00,220.50,491.90,1.0000,-1,-1
257,21,1362.00,375.00,120.90,354.30,1.0000,-1,-1
257,22,1277.00,413.00,112.50,317.70,0.9990,-1,-1
257,25,1020.00,391.00,129.50,349.10,0.9950,-1,-1
258,1,747.00,351.00,157.40,492.40,1.0000,-1,-1
258,12,1818.00,419.00,92.90,217.50,1.0000,-1,-1
258,14,1552.00,424.00,95.60,288.80,0.9980,-1,-1
258,15,1640.00,520.00,100.00,199.10,1.0000,-1,-1
258,16,869.00,311.00,222.60,545.50,1.0000,-1,-1
258,18,1106.00,313.00,208.70,506.10,1.0000,-1,-1
258,21,1365.00,361.00,142.80,354.00,1.0000,-1,-1
258,22,1283.00,418.00,106.10,290.00,0.9990,-1,-1
259,1,758.00,331.00,176.70,504.90,1.0000,-1,-1
259,12,1813.00,418.00,92.70,222.10,1.0000,-1,-1
259,14,1528.00,416.00,105.80,283.00,1.0000,-1,-1
259,15,1638.00,529.00,110.90,196.30,1.0000,-1,-1
259,16,888.00,324.00,210.20,535.30,1.0000,-1,-1
259,18,1115.00,317.00,197.10,480.40,1.0000,-1,-1
259,21,1368.00,370.00,122.80,347.10,1.0000,-1,-1
259,22,1292.00,423.00,108.30,300.50,0.9990,-1,-1
260,1,795.00,332.00,157.70,529.60,1.0000,-1,-1
260,12,1820.00,429.00,94.80,203.30,1.0000,-1,-1
260,14,1540.00,418.00,97.00,306.60,0.9990,-1,-1
260,15,1659.00,524.00,93.00,201.30,1.0000,-1,-1
260,16,909.00,338.00,195.30,538.10,1.0000,-1,-1
260,18,1133.00,314.00,166.40,484.20,1.0000,-1,-1
260,21,1382.00,358.00,140.10,372.80,1.0000,-1,-1
260,22,1299.00,413.00,104.30,317.90,0.9990,-1,-1
261,1,795.00,347.00,169.90,497.40,1.0000,-1,-1
261,12,1823.00,425.00,95.60,214.00,1.0000,-1,-1
261,14,1536.00,429.00,89.20,283.70,0.9990,-1,-1
261,15,1654.00,522.00,93.80,200.50,1.0000,-1,-1
261,16,928.00,314.00,200.10,547.30,1.0000,-1,-1
261,18,1134.00,326.00,175.70,473.50,1.0000,-1,-1
261,21,1379.00,369.00,137.80,344.40,1.0000,-1,-1
261,22,1301.00,422.00,94.20,297.60,0.9990,-1,-1
262,12,1809.00,425.00,111.40,224.10,1.0000,-1,-1
262,14,1536.00,423.00,100.10,279.10,1.0000,-1,-1
262,15,1663.00,520.00,96.70,203.80,1.0000,-1,-1
262,16,925.00,339.00,209.90,501.60,1.0000,-1,-1
262,18,1152.00,314.00,172.40,482.70,1.0000,-1,-1
262,20,808.00,332.00,192.80,512.40,1.0000,-1,-1
262,21,1393.00,357.00,141.60,372.70,1.0000,-1,-1
262,22,1309.00,427.00,93.10,289.00,0.9990,-1,-1
263,12,1827.00,418.00,94.20,222.80,1.0000,-1,-1
263,14,1537.00,406.00,97.60,301.50,0.9990,-1,-1
263,15,1677.00,519.00,83.80,196.90,1.0000,-1,-1
263,16,948.00,341.00,186.80,520.90,1.0000,-1,-1
263,18,1158.00,301.00,187.10,494.30,1.0000,-1,-1
263,20,806.00,332.00,203.10,494.80,1.0000,-1,-1
263,21,1383.00,373.00,157.30,357.30,1.0000,-1,-1
263,22,1311.00,417.00,103.60,302.30,1.0000,-1,-1
264,12,1826.00,423.00,91.20,214.80,1.0000,-1,-1
264,14,1549.00,408.00,84.30,303.40,1.0000,-1,-1
264,15,1684.00,530.00,82.30,196.70,1.0000,-1,-1
264,16,974.00,339.00,188.30,504.60,1.0000,-1,-1
264,18,1151.00,297.00,202.90,491.00,1.0000,-1,-1
264,20,810.00,351.00,196.80,486.20,1.0000,-1,-1
264,21,1401.00,373.00,127.30,367.20,1.0000,-1,-1
264,22,1313.00,435.00,89.80,277.00,0.9990,-1,-1
265,12,1826.00,413.00,95.80,219.40,1.0000,-1,-1
265,14,1535.00,427.00,97.40,278.10,0.9990,-1,-1
265,15,1686.00,520.00,87.50,200.60,1.0000,-1,-1
265,16,991.00,330.00,193.40,508.00,1.0000,-1,-1
265,18,1176.00,319.00,193.50,485.50,1.0000,-1,-1
265,20,835.00,360.00,184.10,485.20,1.0000,-1,-1
265,21,1411.00,368.00,125.40,349.60,1.0000,-1,-1
265,22,1320.00,427.00,102.90,279.40,0.9990,-1,-1
266,12,1830.00,424.00,90.70,215.30,1.0000,-1,-1
266,14,1537.00,412.00,100.00,297.30,0.9990,-1,-1
266,15,1685.00,528.00,83.70,199.10,1.0000,-1,-1
266,16,980.00,352.00,218.40,498.20,1.0000,-1,-1
266,18,1176.00,307.00,194.80,508.40,1.0000,-1,-1
266,20,849.00,331.00,165.90,516.20,1.0000,-1,-1
266,21,1418.00,380.00,133.90,349.00,1.0000,-1,-1
266,22,1326.00,414.00,98.20,295.80,1.0000,-1,-1
267,12,1842.00,418.00,79.10,220.80,1.0000,-1,-1
267,14,1542.00,441.00,96.80,273.40,0.9990,-1,-1
267,15,1689.00,517.00,91.70,210.30,1.0000,-1,-1
267,16,1005.00,335.00,199.20,521.60,1.0000,-1,-1
267,18,1188.00,336.00,189.40,457.30,1.0000,-1,-1
267,20,853.00,341.00,189.90,481.90,1.0000,-1,-1
267,21,1406.00,386.00,147.10,331.30,1.0000,-1,-1
267,22,1333.00,420.00,93.90,295.60,0.9980,-1,-1
268,12,1841.00,420.00,93.40,210.70,1.0000,-1,-1
268,14,1542.00,431.00,110.10,269.10,0.9990,-1,-1
268,15,1693.00,527.00,90.10,196.80,1.0000,-1,-1
268,16,1031.00,338.00,173.70,525.60,1.0000,-1,-1
268,18,1193.00,310.00,165.80,478.30,1.0000,-1,-1
268,20,863.00,352.00,189.10,465.20,1.0000,-1,-1
268,21,1410.00,379.00,139.90,360.60,1.0000,-1,-1
268,22,1324.00,417.00,97.70,308.50,0.9970,-1,-1
269,12,1837.00,419.00,92.80,214.20,1.0000,-1,-1
269,14,1550.00,419.00,85.90,282.20,1.0000,-1,-1
269,15,1706.00,527.00,78.00,197.70,1.0000,-1,-1
269,16,1016.00,345.00,216.30,516.00,1.0000,-1,-1
269,18,1204.00,328.00,179.20,470.50,1.0000,-1,-1
269,20,874.00,335.00,164.90,482.50,1.0000,-1,-1
269,21,1426.00,382.00,128.40,360.60,0.9990,-1,-1
269,22,1343.00,435.00,107.80,277.00,0.9980,-1,-1
270,12,1846.00,423.00,83.30,211.90,1.0000,-1,-1
270,14,1563.00,436.00,89.00,269.50,1.0000,-1,-1
270,15,1698.00,524.00,88.00,189.00,1.0000,-1,-1
270,16,1030.00,335.00,205.40,501.30,1.0000,-1,-1
270,18,1192.00,314.00,180.30,483.80,1.0000,-1,-1
270,20,891.00,334.00,171.50,499.40,1.0000,-1,-1
270,21,1424.00,393.00,131.70,331.30,1.0000,-1,-1
270,22,1337.00,431.00,93.40,271.80,1.0000,-1,-1
271,12,1851.00,421.00,76.30,215.90,1.0000,-1,-1
271,14,1553.00,436.00,85.00,280.30,1.0000,-1,-1
271,15,1714.00,523.00,90.40,200.50,1.0000,-1,-1
271,16,1053.00,334.00,216.10,495.80,1.0000,-1,-1
271,18,1217.00,308.00,173.30,487.40,1.0000,-1,-1
271,20,902.00,351.00,165.00,465.30,1.0000,-1,-1
271,21,1430.00,386.00,125.20,341.90,0.9990,-1,-1
271,22,1354.00,443.00,88.60,253.00,1.0000,-1,-1
271,26,1687.00,468.00,50.70,121.20,0.9660,-1,-1
272,12,1844.00,421.00,92.10,200.80,1.0000,-1,-1
272,14,1560.00,439.00,96.10,271.60,1.0000,-1,-1
272,15,1713.00,525.00,98.50,192.70,1.0000,-1,-1
272,16,1060.00,330.00,212.70,506.00,1.0000,-1,-1
272,18,1226.00,305.00,169.00,496.00,1.0000,-1,-1
272,20,925.00,361.00,149.90,443.40,1.0000,-1,-1
272,21,1423.00,367.00,122.00,347.90,1.0000,-1,-1
272,22,1347.00,442.00,106.60,262.70,0.9990,-1,-1
273,12,1848.00,434.00,85.70,203.20,1.0000,-1,-1
273,14,1554.00,436.00,95.80,285.40,1.0000,-1,-1
273,15,1718.00,518.00,90.20,208.70,1.0000,-1,-1
273,16,1076.00,319.00,208.50,519.90,1.0000,-1,-1
273,18,1236.00,321.00,188.00,471.60,1.0000,-1,-1
273,20,916.00,348.00,155.40,467.10,1.0000,-1,-1
273,21,1430.00,394.00,116.60,310.10,1.0000,-1,-1
274,12,1860.00,426.00,75.40,211.00,1.0000,-1,-1
274,14,1554.00,439.00,97.20,272.10,1.0000,-1,-1
274,15,1725.00,523.00,98.20,202.20,1.0000,-1,-1
274,16,1085.00,325.00,214.90,522.00,1.0000,-1,-1
274,18,1239.00,315.00,184.30,459.00,1.0000,-1,-1
274,20,945.00,359.00,186.40,456.10,1.0000,-1,-1
274,21,1446.00,378.00,97.90,318.50,1.0000,-1,-1
275,12,1856.00,431.00,75.20,203.70,1.0000,-1,-1
275,14,1543.00,435.00,101.00,258.00,1.0000,-1,-1
275,15,1721.00,529.00,100.40,202.40,1.0000,-1,-1
275,16,1103.00,333.00,193.90,492.60,1.0000,-1,-1
275,18,1251.00,317.00,165.00,468.40,1.0000,-1,-1
275,20,934.00,350.00,182.60,449.40,1.0000,-1,-1
275,21,1431.00,377.00,120.20,331.20,1.0000,-1,-1
276,12,1850.00,426.00,88.50,203.50,1.0000,-1,-1
276,14,1545.00,416.00,109.50,279.50,0.9990,-1,-1
276,15,1724.00,527.00,94.70,194.70,1.0000,-1,-1
276,16,1131.00,338.00,169.60,491.50,1.0000,-1,-1
276,18,1257.00,321.00,177.00,449.50,1.0000,-1,-1
276,20,951.00,335.00,197.90,474.60,1.0000,-1,-1
276,21,1447.00,385.00,104.60,314.00,1.0000,-1,-1
277,12,1861.00,420.00,76.90,208.30,1.0000,-1,-1
277,14,1566.00,423.00,98.80,277.20,1.0000,-1,-1
277,15,1730.00,527.00,91.20,205.20,1.0000,-1,-1
277,16,1134.00,318.00,184.30,480.80,1.0000,-1,-1
277,18,1247.00,314.00,185.20,450.50,1.0000,-1,-1
277,20,959.00,349.00,178.70,453.40,1.0000,-1,-1
277,21,1455.00,369.00,109.50,348.70,1.0000,-1,-1
278,12,1861.00,427.00,81.50,207.40,0.9990,-1,-1
278,14,1567.00,432.00,105.70,283.30,1.0000,-1,-1
278,15,1737.00,528.00,88.60,198.70,1.0000,-1,-1
278,16,1137.00,319.00,188.00,495.90,1.0000,-1,-1
278,18,1276.00,337.00,173.00,426.70,1.0000,-1,-1
278,20,958.00,357.00,205.10,444.20,1.0000,-1,-1
278,21,1462.00,364.00,127.30,350.70,0.9990,-1,-1
279,12,1859.00,423.00,82.00,200.70,1.0000,-1,-1
279,14,1565.00,440.00,118.40,267.70,1.0000,-1,-1
279,15,1728.00,525.00,101.60,196.10,1.0000,-1,-1
279,16,1158.00,331.00,179.20,490.30,1.0000,-1,-1
279,18,1277.00,326.00,170.30,438.30,1.0000,-1,-1
279,20,975.00,359.00,174.50,460.20,1.0000,-1,-1
279,21,1460.00,388.00,109.90,313.00,0.9990,-1,-1
280,12,1859.00,426.00,83.50,205.10,1.0000,-1,-1
280,14,1562.00,458.00,109.10,265.70,1.0000,-1,-1
280,15,1724.00,533.00,98.40,202.10,1.0000,-1,-1
280,16,1160.00,346.00,177.80,459.30,1.0000,-1,-1
280,18,1280.00,321.00,182.30,447.40,1.0000,-1,-1
280,20,981.00,365.00,156.80,452.00,1.0000,-1,-1
280,21,1464.00,384.00,117.70,311.10,1.0000,-1,-1
281,12,1863.00,419.00,77.70,210.40,0.9990,-1,-1
281,14,1572.00,440.00,98.30,282.60,1.0000,-1,-1
281,15,1730.00,535.00,87.70,201.80,1.0000,-1,-1
281,16,1171.00,316.00,222.60,498.80,1.0000,-1,-1
281,20,998.00,355.00,153.90,437.10,1.0000,-1,-1
281,21,1454.00,372.00,141.00,335.00,1.0000,-1,-1
281,22,1403.00,400.00,79.80,315.60,0.9070,-1,-1
282,12,1863.00,429.00,79.20,201.40,0.9990,-1,-1
282,14,1571.00,446.00,122.20,258.40,0.9990,-1,-1
282,15,1718.00,532.00,102.90,195.10,1.0000,-1,-1
282,16,1160.00,348.00,226.90,478.80,1.0000,-1,-1
282,18,1289.00,320.00,195.40,451.30,0.9990,-1,-1
282,20,1009.00,362.00,149.30,430.50,1.0000,-1,-1
282,21,1460.00,376.00,136.00,334.40,1.0000,-1,-1
283,12,1866.00,423.00,80.40,208.60,0.9980,-1,-1
283,14,1563.00,455.00,127.60,269.30,1.0000,-1,-1
283,15,1719.00,523.00,110.30,211.10,1.0000,-1,-1
283,16,1198.00,336.00,192.90,484.40,1.0000,-1,-1
283,18,1307.00,327.00,169.30,430.90,0.9970,-1,-1
283,20,1013.00,344.00,168.00,460.10,1.0000,-1,-1
283,21,1463.00,390.00,127.30,322.00,1.0000,-1,-1
283,22,1398.00,422.00,99.90,271.70,0.9990,-1,-1
284,12,1871.00,423.00,77.70,205.40,0.9970,-1,-1
284,14,1580.00,470.00,104.60,242.10,0.9990,-1,-1
284,15,1718.00,526.00,100.10,205.80,1.0000,-1,-1
284,16,1208.00,326.00,170.90,493.00,1.0000,-1,-1
284,18,1287.00,320.00,184.40,438.90,1.0000,-1,-1
284,20,1031.00,354.00,176.40,449.50,1.0000,-1,-1
284,21,1476.00,401.00,99.50,290.00,0.9990,-1,-1
285,12,1876.00,420.00,71.60,214.80,0.9940,-1,-1
285,14,1568.00,462.00,127.70,237.90,0.9990,-1,-1
285,15,1711.00,528.00,105.10,202.30,1.0000,-1,-1
285,16,1211.00,356.00,179.50,452.80,1.0000,-1,-1
285,18,1298.00,323.00,165.80,427.60,1.0000,-1,-1
285,20,1032.00,370.00,159.10,425.20,1.0000,-1,-1
285,21,1488.00,373.00,115.40,335.90,0.9980,-1,-1
286,12,1881.00,416.00,65.60,207.00,0.9800,-1,-1
286,14,1578.00,475.00,114.80,226.80,1.0000,-1,-1
286,15,1703.00,521.00,108.50,212.10,1.0000,-1,-1
286,16,1227.00,336.00,169.70,471.70,0.9990,-1,-1
286,18,1308.00,319.00,167.90,444.30,0.9990,-1,-1
286,20,1051.00,346.00,155.70,463.40,1.0000,-1,-1
286,21,1496.00,373.00,105.30,321.80,0.9990,-1,-1
286,27,1168.00,363.00,101.40,379.10,0.9860,-1,-1
287,12,1875.00,420.00,82.00,202.30,0.9450,-1,-1
287,14,1588.00,465.00,109.80,248.60,0.9990,-1,-1
287,15,1696.00,537.00,110.90,213.80,1.0000,-1,-1
287,16,1269.00,338.00,166.40,468.00,1.0000,-1,-1
287,20,1050.00,373.00,166.00,404.80,1.0000,-1,-1
287,21,1491.00,373.00,125.40,334.90,1.0000,-1,-1
287,22,1419.00,436.00,88.10,254.40,1.0000,-1,-1
287,27,1170.00,357.00,137.00,406.80,0.9980,-1,-1
288,14,1578.00,485.00,111.10,222.10,1.0000,-1,-1
288,15,1689.00,522.00,112.10,216.60,1.0000,-1,-1
288,16,1248.00,344.00,176.90,464.20,1.0000,-1,-1
288,20,1054.00,362.00,181.70,417.90,1.0000,-1,-1
288,21,1507.00,392.00,96.10,288.10,1.0000,-1,-1
288,22,1423.00,430.00,84.40,268.90,1.0000,-1,-1
288,27,1188.00,344.00,115.00,396.40,0.9910,-1,-1
289,12,1877.00,428.00,76.30,189.80,0.9230,-1,-1
289,14,1587.00,489.00,113.60,223.90,1.0000,-1,-1
289,15,1697.00,527.00,117.90,215.70,1.0000,-1,-1
289,16,1269.00,346.00,165.70,468.90,1.0000,-1,-1
289,20,1066.00,363.00,169.60,432.10,1.0000,-1,-1
289,21,1507.00,390.00,123.80,312.60,1.0000,-1,-1
289,22,1425.00,448.00,89.50,254.60,0.9990,-1,-1
289,27,1196.00,342.00,111.80,407.10,0.9930,-1,-1
290,14,1576.00,491.00,137.80,222.30,1.0000,-1,-1
290,15,1696.00,522.00,131.80,213.00,1.0000,-1,-1
290,18,1292.00,339.00,174.10,471.40,1.0000,-1,-1
290,20,1073.00,378.00,178.60,400.20,1.0000,-1,-1
290,21,1520.00,386.00,104.10,297.30,0.9990,-1,-1
290,22,1439.00,438.00,75.50,255.20,0.9990,-1,-1
290,27,1177.00,335.00,141.60,422.70,0.9990,-1,-1
291,14,1585.00,492.00,115.90,213.50,1.0000,-1,-1
291,15,1704.00,526.00,106.00,205.50,1.0000,-1,-1
291,16,1272.00,353.00,181.20,454.20,1.0000,-1,-1
291,20,1061.00,357.00,168.40,433.60,1.0000,-1,-1
291,21,1499.00,375.00,140.50,338.90,0.9990,-1,-1
291,22,1444.00,431.00,84.40,264.20,0.9860,-1,-1
291,27,1188.00,353.00,137.60,401.10,0.9990,-1,-1
292,14,1583.00,499.00,125.70,205.10,1.0000,-1,-1
292,15,1684.00,533.00,123.40,191.00,1.0000,-1,-1
292,18,1294.00,341.00,180.30,462.10,1.0000,-1,-1
292,20,1071.00,358.00,182.60,447.90,1.0000,-1,-1
292,21,1511.00,373.00,135.80,330.10,1.0000,-1,-1
292,22,1446.00,426.00,87.90,265.70,0.9960,-1,-1
292,27,1197.00,358.00,129.40,387.30,1.0000,-1,-1
293,14,1583.00,501.00,138.60,207.80,1.0000,-1,-1
293,15,1702.00,526.00,99.30,206.90,1.0000,-1,-1
293,18,1294.00,331.00,185.50,450.50,1.0000,-1,-1
293,20,1084.00,372.00,158.90,429.20,1.0000,-1,-1
293,21,1529.00,388.00,125.10,306.10,1.0000,-1,-1
293,22,1445.00,442.00,81.00,256.30,0.9980,-1,-1
293,27,1201.00,342.00,130.00,403.80,1.0000,-1,-1
294,12,1883.00,425.00,61.00,184.70,0.9330,-1,-1
294,15,1689.00,524.00,107.00,215.90,1.0000,-1,-1
294,18,1325.00,341.00,177.70,447.10,1.0000,-1,-1
294,20,1085.00,371.00,171.00,423.50,1.0000,-1,-1
294,21,1546.00,407.00,114.40,286.80,0.9990,-1,-1
294,27,1208.00,352.00,136.60,409.00,1.0000,-1,-1
295,14,1584.00,501.00,126.50,208.20,1.0000,-1,-1
295,15,1704.00,526.00,101.40,214.50,1.0000,-1,-1
295,18,1307.00,353.00,201.40,435.30,1.0000,-1,-1
295,20,1104.00,372.00,148.20,394.90,1.0000,-1,-1
295,21,1539.00,391.00,129.40,309.70,0.9990,-1,-1
295,27,1216.00,356.00,137.70,405.80,1.0000,-1,-1
296,14,1595.00,501.00,118.40,204.30,1.0000,-1,-1
296,15,1686.00,522.00,117.20,216.00,1.0000,-1,-1
296,18,1321.00,336.00,184.70,456.10,1.0000,-1,-1
296,20,1096.00,364.00,150.00,410.20,1.0000,-1,-1
296,21,1531.00,399.00,142.40,312.90,0.9990,-1,-1
296,22,1474.00,440.00,83.00,260.40,0.9640,-1,-1
296,27,1203.00,357.00,158.00,401.00,1.0000,-1,-1
297,12,1885.00,433.00,54.50,180.10,0.9380,-1,-1
297,14,1587.00,513.00,132.30,186.70,0.9990,-1,-1
297,15,1684.00,518.00,116.00,212.00,1.0000,-1,-1
297,18,1336.00,348.00,180.70,452.00,1.0000,-1,-1
297,20,1094.00,361.00,164.90,423.10,1.0000,-1,-1
297,21,1559.00,408.00,128.50,295.70,0.9990,-1,-1
297,22,1468.00,462.00,101.60,243.40,0.9960,-1,-1
297,27,1225.00,364.00,133.50,361.70,1.0000,-1,-1
298,12,1887.00,423.00,52.60,197.10,0.9500,-1,-1
298,14,1579.00,507.00,137.30,197.00,0.9990,-1,-1
298,15,1688.00,515.00,109.70,214.10,1.0000,-1,-1
298,18,1335.00,345.00,193.10,448.10,1.0000,-1,-1
298,20,1106.00,370.00,145.10,417.90,1.0000,-1,-1
298,21,1555.00,389.00,132.10,304.40,0.9980,-1,-1
298,27,1234.00,366.00,139.90,371.50,1.0000,-1,-1
299,12,1882.00,414.00,61.70,201.00,0.9000,-1,-1
299,14,1575.00,504.00,137.90,198.90,0.9990,-1,-1
299,15,1689.00,515.00,107.60,216.30,1.0000,-1,-1
299,18,1351.00,355.00,164.60,427.60,1.0000,-1,-1
299,20,1119.00,378.00,139.50,392.60,1.0000,-1,-1
299,22,1469.00,430.00,103.40,266.10,0.9960,-1,-1
299,27,1221.00,352.00,139.80,404.40,0.9990,-1,-1
300,15,1702.00,528.00,95.10,204.60,1.0000,-1,-1
300,18,1349.00,365.00,162.00,430.70,1.0000,-1,-1
300,20,1114.00,356.00,156.50,432.80,1.0000,-1,-1
300,21,1566.00,389.00,135.00,307.90,0.9990,-1,-1
300,22,1475.00,433.00,93.00,247.20,0.9970,-1,-1
300,27,1240.00,358.00,140.70,383.60,1.0000,-1,-1
301,12,1880.00,416.00,64.00,197.00,0.9510,-1,-1
301,14,1577.00,512.00,136.70,192.70,0.9990,-1,-1
301,15,1699.00,525.00,97.80,206.30,1.0000,-1,-1
301,18,1349.00,341.00,179.70,454.20,1.0000,-1,-1
301,20,1124.00,374.00,134.80,396.90,1.0000,-1,-1
301,22,1481.00,436.00,99.10,243.60,0.9950,-1,-1
301,27,1239.00,337.00,132.60,418.20,0.9990,-1,-1
302,14,1588.00,512.00,135.70,202.80,0.9990,-1,-1
302,15,1695.00,522.00,99.10,205.00,1.0000,-1,-1
302,18,1356.00,361.00,170.70,431.30,1.0000,-1,-1
302,20,1130.00,358.00,160.10,420.50,1.0000,-1,-1
302,21,1575.00,385.00,107.10,285.70,0.9960,-1,-1
302,22,1480.00,437.00,99.20,245.20,1.0000,-1,-1
302,27,1250.00,344.00,142.60,416.60,1.0000,-1,-1
303,15,1692.00,528.00,103.50,199.60,1.0000,-1,-1
303,18,1370.00,349.00,171.80,426.10,1.0000,-1,-1
303,20,1141.00,359.00,145.10,416.60,0.9990,-1,-1
303,21,1573.00,389.00,126.50,313.90,0.9990,-1,-1
303,27,1263.00,368.00,122.60,356.70,1.0000,-1,-1
304,14,1575.00,510.00,141.60,193.60,1.0000,-1,-1
304,15,1699.00,523.00,91.80,201.50,1.0000,-1,-1
304,18,1378.00,360.00,168.00,420.20,1.0000,-1,-1
304,20,1153.00,378.00,134.00,377.60,1.0000,-1,-1
304,27,1269.00,365.00,126.80,374.00,1.0000,-1,-1
305,14,1584.00,498.00,119.00,206.40,1.0000,-1,-1
305,15,1696.00,529.00,106.10,195.40,1.0000,-1,-1
305,18,1371.00,350.00,174.50,440.50,1.0000,-1,-1
305,20,1150.00,376.00,137.80,388.40,1.0000,-1,-1
305,22,1497.00,431.00,98.70,246.00,0.9980,-1,-1
305,27,1258.00,340.00,136.50,410.20,1.0000,-1,-1
306,14,1583.00,495.00,121.90,206.60,1.0000,-1,-1
306,15,1695.00,527.00,97.80,201.00,1.0000,-1,-1
306,18,1384.00,349.00,165.70,430.30,1.0000,-1,-1
306,20,1157.00,385.00,130.40,377.40,1.0000,-1,-1
306,27,1264.00,351.00,133.70,386.90,1.0000,-1,-1
307,14,1583.00,496.00,121.60,219.20,1.0000,-1,-1
307,15,1697.00,519.00,99.80,216.40,1.0000,-1,-1
307,18,1380.00,357.00,164.50,430.60,1.0000,-1,-1
307,20,1148.00,369.00,154.00,404.80,1.0000,-1,-1
307,22,1501.00,438.00,92.10,234.30,1.0000,-1,-1
307,27,1268.00,337.00,137.40,419.30,1.0000,-1,-1
308,14,1585.00,499.00,115.70,200.80,1.0000,-1,-1
308,15,1698.00,522.00,104.30,210.10,1.0000,-1,-1
308,18,1392.00,358.00,161.60,435.60,1.0000,-1,-1
308,20,1153.00,385.00,140.00,371.20,1.0000,-1,-1
308,22,1511.00,438.00,81.40,238.00,1.0000,-1,-1
308,27,1267.00,336.00,140.00,418.50,1.0000,-1,-1
309,14,1584.00,486.00,112.70,217.40,1.0000,-1,-1
309,15,1699.00,519.00,91.20,217.90,1.0000,-1,-1
309,18,1392.00,364.00,171.80,424.20,1.0000,-1,-1
309,20,1166.00,369.00,128.20,392.20,1.0000,-1,-1
309,22,1525.00,429.00,83.10,243.50,0.9780,-1,-1
309,27,1298.00,370.00,123.30,385.10,1.0000,-1,-1
310,14,1592.00,481.00,99.80,231.70,1.0000,-1,-1
310,15,1694.00,527.00,98.90,203.40,1.0000,-1,-1
310,18,1405.00,375.00,167.40,418.90,1.0000,-1,-1
310,20,1160.00,366.00,156.20,380.20,1.0000,-1,-1
310,22,1511.00,442.00,81.40,241.80,1.0000,-1,-1
310,27,1294.00,369.00,123.60,357.50,0.9990,-1,-1
311,14,1589.00,487.00,113.90,222.40,1.0000,-1,-1
311,15,1692.00,525.00,103.40,211.70,1.0000,-1,-1
311,18,1416.00,369.00,164.20,414.50,1.0000,-1,-1
311,20,1171.00,381.00,141.20,385.80,1.0000,-1,-1
311,27,1294.00,358.00,130.10,367.20,1.0000,-1,-1
312,14,1585.00,474.00,116.70,226.70,1.0000,-1,-1
312,15,1685.00,521.00,108.60,205.30,1.0000,-1,-1
312,18,1424.00,365.00,162.70,395.70,1.0000,-1,-1
312,20,1170.00,372.00,147.40,381.20,1.0000,-1,-1
312,21,1635.00,383.00,101.30,249.90,0.9960,-1,-1
312,22,1527.00,434.00,72.60,245.50,1.0000,-1,-1
312,27,1305.00,356.00,111.50,365.30,1.0000,-1,-1
313,14,1577.00,469.00,123.70,237.20,1.0000,-1,-1
313,15,1683.00,524.00,106.00,204.20,1.0000,-1,-1
313,18,1427.00,378.00,164.40,402.80,1.0000,-1,-1
313,20,1173.00,379.00,141.20,362.30,1.0000,-1,-1
313,21,1644.00,384.00,86.40,282.90,0.9970,-1,-1
313,27,1304.00,377.00,121.30,357.90,0.9990,-1,-1
314,14,1591.00,473.00,123.20,249.00,1.0000,-1,-1
314,15,1694.00,534.00,97.30,200.60,1.0000,-1,-1
314,18,1416.00,367.00,179.10,417.40,1.0000,-1,-1
314,20,1181.00,380.00,145.10,366.90,1.0000,-1,-1
314,21,1625.00,375.00,117.60,275.80,0.9970,-1,-1
314,27,1287.00,367.00,142.90,360.80,1.0000,-1,-1
315,14,1590.00,458.00,102.10,251.90,1.0000,-1,-1
315,15,1694.00,525.00,92.90,202.40,1.0000,-1,-1
315,18,1430.00,349.00,163.20,411.10,1.0000,-1,-1
315,20,1178.00,387.00,166.90,351.90,1.0000,-1,-1
315,21,1651.00,404.00,78.80,268.80,0.9970,-1,-1
315,27,1299.00,359.00,127.60,353.80,1.0000,-1,-1
316,14,1583.00,468.00,110.60,228.00,1.0000,-1,-1
316,15,1691.00,525.00,98.70,201.30,1.0000,-1,-1
316,18,1426.00,360.00,169.10,414.00,1.0000,-1,-1
316,20,1195.00,389.00,155.80,359.30,1.0000,-1,-1
316,21,1623.00,393.00,126.00,261.30,0.9980,-1,-1
316,27,1310.00,370.00,111.00,348.70,0.9990,-1,-1
317,14,1586.00,464.00,108.30,235.10,1.0000,-1,-1
317,15,1689.00,517.00,106.10,211.30,1.0000,-1,-1
317,18,1423.00,374.00,170.20,372.20,1.0000,-1,-1
317,20,1184.00,394.00,143.50,353.30,1.0000,-1,-1
317,21,1644.00,389.00,117.00,245.90,0.9990,-1,-1
317,27,1302.00,373.00,128.20,355.50,1.0000,-1,-1
318,14,1588.00,474.00,105.10,252.20,1.0000,-1,-1
318,15,1696.00,526.00,90.90,206.40,1.0000,-1,-1
318,18,1435.00,366.00,153.70,413.00,1.0000,-1,-1
318,20,1194.00,398.00,152.70,341.80,1.0000,-1,-1
318,21,1646.00,395.00,115.80,279.10,0.9990,-1,-1
318,27,1294.00,354.00,141.30,363.20,0.9990,-1,-1
319,14,1586.00,462.00,113.00,254.30,1.0000,-1,-1
319,15,1688.00,525.00,100.90,205.60,1.0000,-1,-1
319,18,1425.00,370.00,159.00,398.70,1.0000,-1,-1
319,20,1208.00,380.00,144.90,369.30,1.0000,-1,-1
319,21,1656.00,404.00,123.70,275.90,0.9990,-1,-1
319,27,1307.00,347.00,135.30,385.20,1.0000,-1,-1
320,14,1587.00,450.00,114.60,275.10,1.0000,-1,-1
320,15,1685.00,523.00,94.90,209.00,1.0000,-1,-1
320,18,1437.00,380.00,162.60,396.80,1.0000,-1,-1
320,20,1201.00,382.00,150.30,360.90,1.0000,-1,-1
320,21,1651.00,404.00,120.20,308.50,0.9990,-1,-1
320,27,1312.00,340.00,135.80,395.30,1.0000,-1,-1
321,14,1588.00,446.00,110.50,272.50,1.0000,-1,-1
321,15,1676.00,522.00,107.70,204.60,1.0000,-1,-1
321,18,1437.00,366.00,161.10,402.60,1.0000,-1,-1
321,20,1191.00,386.00,157.90,359.90,0.9990,-1,-1
321,21,1647.00,404.00,123.70,272.00,0.9990,-1,-1
321,27,1317.00,350.00,131.80,376.20,1.0000,-1,-1
322,14,1571.00,440.00,118.40,285.50,1.0000,-1,-1
322,15,1676.00,530.00,104.20,203.20,1.0000,-1,-1
322,18,1440.00,374.00,157.40,393.90,1.0000,-1,-1
322,20,1220.00,386.00,148.70,371.20,1.0000,-1,-1
322,21,1668.00,409.00,103.70,260.90,1.0000,-1,-1
322,27,1326.00,364.00,127.50,365.10,1.0000,-1,-1
323,14,1581.00,439.00,108.50,285.50,1.0000,-1,-1
323,15,1674.00,529.00,108.80,198.40,1.0000,-1,-1
323,18,1441.00,368.00,164.00,397.20,1.0000,-1,-1
323,20,1230.00,392.00,138.20,339.90,1.0000,-1,-1
323,21,1660.00,393.00,117.80,276.40,0.9990,-1,-1
323,27,1325.00,376.00,129.50,343.40,1.0000,-1,-1
323,28,1159.00,408.00,137.50,317.00,0.9990,-1,-1
324,14,1575.00,445.00,112.10,277.50,1.0000,-1,-1
324,18,1434.00,363.00,172.40,400.70,1.0000,-1,-1
324,20,1238.00,373.00,140.10,372.70,0.9980,-1,-1
324,21,1662.00,390.00,121.90,278.90,1.0000,-1,-1
324,27,1323.00,367.00,130.60,359.80,1.0000,-1,-1
324,28,1171.00,395.00,132.10,338.90,1.0000,-1,-1
325,14,1576.00,435.00,110.80,269.10,0.9990,-1,-1
325,18,1444.00,375.00,168.00,385.50,1.0000,-1,-1
325,20,1219.00,377.00,166.60,365.00,0.9980,-1,-1
325,21,1671.00,399.00,112.90,268.00,1.0000,-1,-1
325,27,1324.00,366.00,132.60,348.60,1.0000,-1,-1
325,28,1171.00,415.00,120.50,323.60,0.9990,-1,-1
326,14,1594.00,447.00,104.90,270.00,0.9990,-1,-1
326,15,1668.00,529.00,117.50,198.50,1.0000,-1,-1
326,18,1439.00,373.00,167.70,385.50,1.0000,-1,-1
326,20,1219.00,383.00,161.30,348.70,0.9980,-1,-1
326,21,1678.00,390.00,124.70,294.10,0.9980,-1,-1
326,27,1313.00,363.00,137.50,357.30,1.0000,-1,-1
326,28,1162.00,400.00,123.60,318.70,0.9990,-1,-1
327,14,1590.00,421.00,98.00,281.10,0.9990,-1,-1
327,15,1672.00,520.00,101.90,202.10,1.0000,-1,-1
327,18,1436.00,376.00,163.50,375.50,1.0000,-1,-1
327,20,1234.00,371.00,145.60,371.50,0.9990,-1,-1
327,21,1673.00,378.00,115.90,301.40,0.9990,-1,-1
327,27,1316.00,365.00,143.30,350.70,1.0000,-1,-1
327,28,1155.00,403.00,123.30,314.00,0.9990,-1,-1
328,14,1591.00,429.00,100.00,283.00,1.0000,-1,-1
328,15,1673.00,523.00,101.10,210.60,1.0000,-1,-1
328,18,1458.00,386.00,168.40,378.40,1.0000,-1,-1
328,20,1243.00,381.00,138.00,353.40,0.9990,-1,-1
328,21,1693.00,401.00,106.30,270.00,1.0000,-1,-1
328,27,1333.00,375.00,129.00,350.50,0.9990,-1,-1
328,28,1159.00,398.00,120.00,325.00,1.0000,-1,-1
329,14,1596.00,415.00,100.80,289.30,1.0000,-1,-1
329,15,1662.00,528.00,111.50,204.80,0.9990,-1,-1
329,18,1458.00,363.00,162.10,397.80,1.0000,-1,-1
329,20,1242.00,381.00,145.90,358.80,0.9990,-1,-1
329,21,1691.00,403.00,105.50,259.90,1.0000,-1,-1
329,27,1341.00,384.00,117.80,328.00,0.9980,-1,-1
329,28,1170.00,413.00,124.40,322.40,1.0000,-1,-1
330,14,1604.00,411.00,90.50,287.80,1.0000,-1,-1
330,15,1664.00,518.00,123.00,228.60,1.0000,-1,-1
330,18,1437.00,373.00,181.40,370.10,1.0000,-1,-1
330,20,1250.00,389.00,139.10,351.40,0.9990,-1,-1
330,21,1712.00,404.00,88.80,248.80,0.9990,-1,-1
330,27,1344.00,371.00,131.50,338.40,0.9990,-1,-1
330,28,1148.00,410.00,127.30,317.50,1.0000,-1,-1
331,14,1604.00,407.00,92.40,287.90,1.0000,-1,-1
331,15,1669.00,522.00,101.70,216.10,1.0000,-1,-1
331,18,1438.00,377.00,177.60,366.90,1.0000,-1,-1
331,20,1246.00,385.00,149.70,354.00,0.9970,-1,-1
331,21,1703.00,398.00,92.50,275.00,1.0000,-1,-1
331,27,1321.00,366.00,143.80,347.80,0.9990,-1,-1
331,28,1157.00,409.00,110.50,308.00,1.0000,-1,-1
332,14,1599.00,402.00,111.50,302.40,1.0000,-1,-1
332,15,1678.00,526.00,89.80,210.70,1.0000,-1,-1
332,18,1456.00,388.00,148.40,363.20,1.0000,-1,-1
332,20,1277.00,386.00,135.80,356.50,1.0000,-1,-1
332,21,1698.00,407.00,97.50,259.50,0.9990,-1,-1
332,27,1360.00,378.00,118.20,326.30,1.0000,-1,-1
332,28,1140.00,407.00,156.80,340.10,1.0000,-1,-1
333,14,1598.00,415.00,112.60,277.10,1.0000,-1,-1
333,15,1670.00,516.00,94.70,224.40,1.0000,-1,-1
333,18,1449.00,384.00,147.40,361.70,1.0000,-1,-1
333,20,1271.00,385.00,141.80,342.00,1.0000,-1,-1
333,21,1718.00,406.00,82.10,255.40,0.9970,-1,-1
333,27,1353.00,372.00,118.70,340.30,0.9990,-1,-1
333,28,1156.00,401.00,142.10,315.90,1.0000,-1,-1
334,14,1607.00,395.00,112.90,304.50,0.9990,-1,-1
334,15,1685.00,528.00,86.90,201.30,1.0000,-1,-1
334,18,1448.00,386.00,141.10,367.70,1.0000,-1,-1
334,20,1273.00,391.00,152.20,338.90,1.0000,-1,-1
334,21,1717.00,404.00,84.90,269.80,0.9990,-1,-1
334,28,1152.00,398.00,143.20,311.90,1.0000,-1,-1
335,14,1594.00,400.00,114.70,313.50,0.9990,-1,-1
335,15,1683.00,529.00,84.70,208.50,1.0000,-1,-1
335,18,1439.00,366.00,159.70,362.80,1.0000,-1,-1
335,20,1291.00,378.00,137.00,360.60,0.9990,-1,-1
335,21,1717.00,411.00,99.50,251.00,1.0000,-1,-1
335,27,1362.00,363.00,117.20,337.70,1.0000,-1,-1
335,28,1146.00,401.00,150.50,322.80,1.0000,-1,-1
336,14,1612.00,412.00,106.40,302.90,0.9990,-1,-1
336,15,1686.00,522.00,84.30,199.90,1.0000,-1,-1
336,18,1452.00,373.00,144.10,360.60,1.0000,-1,-1
336,20,1283.00,378.00,148.10,362.20,1.0000,-1,-1
336,21,1719.00,406.00,93.50,259.00,1.0000,-1,-1
336,28,1139.00,401.00,158.00,318.50,1.0000,-1,-1
337,14,1620.00,399.00,115.80,322.00,0.9990,-1,-1
337,15,1685.00,529.00,81.60,205.40,1.0000,-1,-1
337,18,1437.00,376.00,161.10,373.20,1.0000,-1,-1
337,20,1298.00,377.00,141.50,353.50,1.0000,-1,-1
337,21,1724.00,401.00,91.50,269.70,1.0000,-1,-1
337,28,1143.00,401.00,161.30,334.40,1.0000,-1,-1
338,14,1608.00,422.00,117.80,254.20,1.0000,-1,-1
338,15,1684.00,523.00,95.00,207.20,1.0000,-1,-1
338,18,1436.00,382.00,161.40,375.30,1.0000,-1,-1
338,20,1291.00,385.00,151.80,349.00,1.0000,-1,-1
338,21,1729.00,405.00,101.10,260.60,0.9990,-1,-1
338,28,1134.00,399.00,163.40,346.90,1.0000,-1,-1
339,14,1623.00,410.00,123.40,296.60,0.9990,-1,-1
339,15,1689.00,529.00,88.30,206.80,1.0000,-1,-1
339,18,1436.00,391.00,161.50,360.40,1.0000,-1,-1
339,20,1305.00,385.00,131.40,353.20,1.0000,-1,-1
339,21,1733.00,410.00,95.50,258.40,1.0000,-1,-1
339,28,1147.00,379.00,135.70,353.40,1.0000,-1,-1
339,29,1571.00,408.00,100.40,280.90,0.9920,-1,-1
340,14,1640.00,429.00,115.70,263.70,0.9960,-1,-1
340,15,1685.00,520.00,84.50,213.40,1.0000,-1,-1
340,18,1443.00,387.00,152.20,343.70,1.0000,-1,-1
340,20,1310.00,389.00,131.60,324.50,1.0000,-1,-1
340,21,1730.00,404.00,106.40,257.50,0.9990,-1,-1
340,28,1154.00,403.00,143.60,318.90,1.0000,-1,-1
340,29,1589.00,409.00,98.50,284.60,0.9990,-1,-1
341,14,1634.00,405.00,126.00,302.80,0.9990,-1,-1
341,15,1679.00,526.00,95.20,201.30,1.0000,-1,-1
341,18,1437.00,376.00,166.40,374.80,1.0000,-1,-1
341,20,1323.00,384.00,130.30,339.20,1.0000,-1,-1
341,21,1740.00,400.00,92.80,255.50,1.0000,-1,-1
341,28,1133.00,393.00,158.60,356.40,1.0000,-1,-1
341,29,1584.00,401.00,98.40,304.10,0.9990,-1,-1
342,14,1646.00,418.00,119.00,285.60,0.9980,-1,-1
342,15,1673.00,521.00,96.90,205.60,1.0000,-1,-1
342,18,1445.00,370.00,146.60,362.60,1.0000,-1,-1
342,20,1331.00,397.00,106.60,321.70,1.0000,-1,-1
342,21,1745.00,409.00,92.00,252.50,1.0000,-1,-1
342,28,1139.00,409.00,145.30,330.60,1.0000,-1,-1
342,29,1597.00,415.00,90.40,271.10,1.0000,-1,-1
343,14,1645.00,409.00,117.70,296.40,0.9980,-1,-1
343,15,1677.00,526.00,92.20,202.20,1.0000,-1,-1
343,18,1445.00,378.00,165.10,367.00,1.0000,-1,-1
343,20,1338.00,389.00,107.50,343.90,1.0000,-1,-1
343,21,1743.00,412.00,105.50,267.70,0.9990,-1,-1
343,28,1153.00,384.00,155.30,336.90,1.0000,-1,-1
343,29,1587.00,422.00,104.00,264.50,1.0000,-1,-1
344,14,1645.00,409.00,128.60,292.40,0.9980,-1,-1
344,15,1683.00,517.00,85.40,208.10,1.0000,-1,-1
344,18,1458.00,368.00,147.50,369.50,1.0000,-1,-1
344,20,1329.00,393.00,134.40,337.70,1.0000,-1,-1
344,21,1754.00,417.00,81.40,241.50,0.9990,-1,-1
344,28,1128.00,383.00,161.20,364.40,1.0000,-1,-1
344,29,1593.00,418.00,93.10,269.60,1.0000,-1,-1
345,14,1653.00,415.00,122.30,296.60,0.9950,-1,-1
345,15,1673.00,531.00,93.60,203.30,1.0000,-1,-1
345,18,1446.00,378.00,152.50,345.50,1.0000,-1,-1
345,20,1326.00,396.00,131.20,326.40,1.0000,-1,-1
345,21,1746.00,406.00,96.80,266.40,1.0000,-1,-1
345,28,1149.00,395.00,148.10,352.70,1.0000,-1,-1
345,29,1583.00,434.00,108.90,268.20,0.9990,-1,-1
346,14,1651.00,415.00,133.30,314.60,0.9990,-1,-1
346,15,1681.00,524.00,84.20,197.80,1.0000,-1,-1
346,18,1463.00,404.00,144.70,324.60,1.0000,-1,-1
346,20,1333.00,382.00,150.40,339.40,1.0000,-1,-1
346,21,1749.00,397.00,103.80,270.50,1.0000,-1,-1
346,28,1141.00,400.00,154.70,348.30,1.0000,-1,-1
346,29,1599.00,438.00,95.10,243.90,1.0000,-1,-1
347,14,1656.00,407.00,112.00,301.90,1.0000,-1,-1
347,18,1458.00,401.00,159.60,349.20,1.0000,-1,-1
347,20,1344.00,405.00,137.30,324.80,1.0000,-1,-1
347,21,1755.00,410.00,88.50,250.90,0.9990,-1,-1
347,28,1144.00,382.00,133.40,367.50,1.0000,-1,-1
347,29,1599.00,425.00,105.50,254.00,0.9990,-1,-1
348,14,1661.00,403.00,124.00,310.50,1.0000,-1,-1
348,15,1675.00,527.00,97.20,193.40,1.0000,-1,-1
348,18,1460.00,377.00,147.50,360.50,1.0000,-1,-1
348,20,1339.00,400.00,146.20,339.50,1.0000,-1,-1
348,21,1755.00,410.00,91.10,242.80,0.9990,-1,-1
348,28,1140.00,388.00,123.90,340.70,1.0000,-1,-1
348,29,1606.00,419.00,96.40,258.80,0.9990,-1,-1
349,14,1659.00,403.00,134.30,295.90,1.0000,-1,-1
349,18,1471.00,383.00,149.40,347.60,1.0000,-1,-1
349,20,1344.00,388.00,136.90,343.70,1.0000,-1,-1
349,21,1773.00,417.00,82.20,229.00,0.9960,-1,-1
349,28,1124.00,393.00,165.30,340.40,1.0000,-1,-1
349,29,1608.00,419.00,98.60,264.30,0.9990,-1,-1
350,14,1678.00,393.00,119.60,313.80,1.0000,-1,-1
350,18,1476.00,391.00,153.20,319.00,1.0000,-1,-1
350,20,1355.00,402.00,124.40,328.40,1.0000,-1,-1
350,21,1768.00,410.00,90.60,246.60,1.0000,-1,-1
350,28,1129.00,387.00,155.70,362.90,1.0000,-1,-1
350,29,1613.00,416.00,97.40,260.60,0.9990,-1,-1
351,14,1686.00,394.00,112.90,322.90,1.0000,-1,-1
351,18,1476.00,390.00,144.50,330.90,1.0000,-1,-1
351,20,1359.00,410.00,122.60,317.30,1.0000,-1,-1
351,21,1755.00,407.00,102.60,241.90,1.0000,-1,-1
351,28,1127.00,393.00,166.50,336.30,1.0000,-1,-1
351,29,1604.00,420.00,100.00,252.30,0.9990,-1,-1
352,14,1675.00,389.00,128.00,326.20,0.9990,-1,-1
352,15,1671.00,529.00,96.40,204.10,1.0000,-1,-1
352,18,1484.00,382.00,133.80,341.70,1.0000,-1,-1
352,20,1372.00,411.00,115.70,309.20,1.0000,-1,-1
352,21,1773.00,413.00,86.30,243.80,1.0000,-1,-1
352,28,1122.00,384.00,157.10,374.70,1.0000,-1,-1
352,29,1618.00,414.00,104.40,260.70,0.9990,-1,-1
353,14,1687.00,396.00,123.60,317.20,1.0000,-1,-1
353,15,1670.00,525.00,94.80,210.50,1.0000,-1,-1
353,18,1483.00,384.00,140.20,337.20,1.0000,-1,-1
353,20,1387.00,414.00,121.40,286.20,1.0000,-1,-1
353,21,1775.00,402.00,84.80,252.50,1.0000,-1,-1
353,28,1120.00,384.00,154.80,378.30,1.0000,-1,-1
353,29,1624.00,427.00,95.60,244.50,0.9990,-1,-1
354,14,1702.00,393.00,119.10,322.50,1.0000,-1,-1
354,15,1665.00,534.00,91.40,194.70,1.0000,-1,-1
354,18,1487.00,381.00,137.60,340.00,1.0000,-1,-1
354,20,1365.00,405.00,144.10,314.20,1.0000,-1,-1
354,21,1774.00,415.00,96.50,235.50,0.9990,-1,-1
354,28,1116.00,375.00,146.80,382.70,1.0000,-1,-1
354,29,1623.00,420.00,104.50,245.70,1.0000,-1,-1
355,14,1709.00,401.00,104.10,306.80,1.0000,-1,-1
355,15,1672.00,536.00,84.70,200.30,0.9930,-1,-1
355,18,1507.00,376.00,136.80,345.80,1.0000,-1,-1
355,21,1784.00,413.00,75.20,233.30,0.9970,-1,-1
355,27,1368.00,392.00,122.60,308.70,1.0000,-1,-1
355,28,1090.00,374.00,173.20,371.70,1.0000,-1,-1
355,29,1626.00,433.00,105.70,239.90,1.0000,-1,-1
356,14,1720.00,395.00,102.80,319.50,1.0000,-1,-1
356,15,1670.00,521.00,91.40,218.90,1.0000,-1,-1
356,18,1476.00,404.00,135.00,324.50,1.0000,-1,-1
356,20,1386.00,397.00,125.40,310.50,1.0000,-1,-1
356,21,1790.00,407.00,74.40,244.50,0.9980,-1,-1
356,28,1102.00,386.00,167.50,377.90,1.0000,-1,-1
356,29,1640.00,435.00,100.10,236.40,0.9990,-1,-1
357,14,1713.00,399.00,126.70,306.40,0.9990,-1,-1
357,15,1671.00,538.00,96.80,197.60,1.0000,-1,-1
357,18,1509.00,411.00,131.00,311.00,1.0000,-1,-1
357,20,1384.00,416.00,122.10,308.90,1.0000,-1,-1
357,21,1788.00,408.00,81.10,244.20,1.0000,-1,-1
357,28,1092.00,380.00,171.30,385.50,1.0000,-1,-1
357,29,1638.00,435.00,103.00,234.50,1.0000,-1,-1
358,14,1735.00,397.00,99.40,310.30,0.9990,-1,-1
358,15,1686.00,529.00,79.60,203.30,1.0000,-1,-1
358,18,1488.00,406.00,146.20,307.90,1.0000,-1,-1
358,20,1389.00,414.00,126.50,310.30,1.0000,-1,-1
358,21,1792.00,412.00,82.40,237.00,1.0000,-1,-1
358,28,1099.00,370.00,152.90,382.30,1.0000,-1,-1
358,29,1643.00,431.00,99.20,239.30,1.0000,-1,-1
359,14,1732.00,387.00,96.60,328.60,0.9990,-1,-1
359,15,1687.00,527.00,90.60,211.30,1.0000,-1,-1
359,18,1484.00,393.00,137.20,316.70,1.0000,-1,-1
359,20,1394.00,416.00,125.20,304.60,1.0000,-1,-1
359,21,1803.00,410.00,70.90,233.30,1.0000,-1,-1
359,28,1087.00,374.00,182.90,381.60,1.0000,-1,-1
359,29,1645.00,429.00,98.20,245.60,1.0000,-1,-1
360,14,1722.00,398.00,97.10,315.00,0.9990,-1,-1
360,15,1690.00,531.00,90.90,206.70,1.0000,-1,-1
360,18,1491.00,409.00,127.90,326.80,0.9990,-1,-1
360,20,1394.00,391.00,132.10,330.10,1.0000,-1,-1
360,21,1798.00,405.00,81.20,240.50,0.9980,-1,-1
360,28,1107.00,379.00,148.70,390.30,1.0000,-1,-1
360,29,1642.00,427.00,112.00,243.30,1.0000,-1,-1
360,30,1546.00,387.00,132.20,294.90,1.0000,-1,-1
360,31,115.00,524.00,81.10,224.60,0.9570,-1,-1
361,14,1722.00,406.00,117.20,310.50,1.0000,-1,-1
361,15,1699.00,530.00,97.40,212.10,1.0000,-1,-1
361,18,1496.00,401.00,138.80,308.90,1.0000,-1,-1
361,20,1404.00,404.00,140.90,302.60,1.0000,-1,-1
361,21,1800.00,404.00,82.50,251.00,0.9870,-1,-1
361,28,1094.00,374.00,177.50,388.50,1.0000,-1,-1
361,29,1653.00,433.00,97.70,234.60,1.0000,-1,-1
362,14,1747.00,401.00,105.50,323.20,0.9990,-1,-1
362,15,1704.00,529.00,101.60,203.10,1.0000,-1,-1
362,18,1511.00,394.00,148.10,313.30,1.0000,-1,-1
362,20,1398.00,402.00,122.90,299.30,1.0000,-1,-1
362,28,1092.00,379.00,169.50,379.80,1.0000,-1,-1
362,29,1660.00,429.00,99.30,233.40,0.9980,-1,-1
363,14,1754.00,396.00,99.90,314.40,0.9990,-1,-1
363,15,1708.00,519.00,100.90,211.80,1.0000,-1,-1
363,18,1515.00,398.00,142.80,329.50,1.0000,-1,-1
363,20,1415.00,394.00,116.10,313.10,1.0000,-1,-1
363,21,1800.00,410.00,82.80,240.60,1.0000,-1,-1
363,28,1089.00,375.00,173.10,400.60,1.0000,-1,-1
363,29,1655.00,424.00,95.80,239.90,1.0000,-1,-1
364,14,1730.00,392.00,120.80,325.60,0.9990,-1,-1
364,15,1715.00,514.00,95.50,224.80,1.0000,-1,-1
364,18,1525.00,408.00,137.80,303.60,1.0000,-1,-1
364,20,1415.00,392.00,106.70,308.30,1.0000,-1,-1
364,21,1812.00,402.00,87.10,249.10,1.0000,-1,-1
364,28,1110.00,368.00,142.90,397.70,1.0000,-1,-1
364,29,1658.00,424.00,106.00,236.80,1.0000,-1,-1
365,14,1755.00,403.00,116.70,306.10,0.9990,-1,-1
365,15,1722.00,523.00,92.70,217.60,1.0000,-1,-1
365,18,1527.00,393.00,136.80,319.80,1.0000,-1,-1
365,20,1425.00,412.00,129.20,287.60,1.0000,-1,-1
365,28,1098.00,370.00,161.70,403.00,1.0000,-1,-1
365,29,1666.00,413.00,90.70,262.30,1.0000,-1,-1
365,32,-44.00,235.00,221.00,836.20,0.9340,-1,-1
366,14,1759.00,373.00,130.30,363.70,0.9990,-1,-1
366,15,1726.00,513.00,111.60,229.60,1.0000,-1,-1
366,18,1515.00,401.00,139.00,305.00,1.0000,-1,-1
366,20,1432.00,405.00,122.20,305.50,1.0000,-1,-1
366,28,1099.00,364.00,160.70,407.90,1.0000,-1,-1
366,29,1675.00,421.00,88.90,241.70,1.0000,-1,-1
366,32,-42.00,237.00,208.40,785.50,0.9780,-1,-1
367,14,1754.00,396.00,127.40,340.60,1.0000,-1,-1
367,18,1532.00,405.00,136.80,310.70,1.0000,-1,-1
367,20,1426.00,407.00,133.10,295.00,1.0000,-1,-1
367,28,1096.00,364.00,164.00,408.50,1.0000,-1,-1
367,29,1671.00,412.00,104.20,246.90,0.9990,-1,-1
367,32,-25.00,234.00,224.80,789.50,0.9910,-1,-1
368,14,1762.00,404.00,129.60,329.90,1.0000,-1,-1
368,18,1535.00,408.00,142.00,302.00,1.0000,-1,-1
368,20,1431.00,403.00,129.10,298.10,1.0000,-1,-1
368,28,1089.00,361.00,174.10,398.30,1.0000,-1,-1
368,29,1671.00,419.00,101.90,244.40,0.9990,-1,-1
368,32,-8.00,244.00,254.90,738.40,1.0000,-1,-1
369,14,1748.00,396.00,156.50,340.10,1.0000,-1,-1
369,18,1537.00,396.00,146.30,319.30,1.0000,-1,-1
369,20,1457.00,413.00,110.60,292.30,1.0000,-1,-1
369,28,1074.00,374.00,169.80,396.10,1.0000,-1,-1
369,29,1669.00,423.00,110.50,239.40,1.0000,-1,-1
369,32,3.00,243.00,280.30,759.10,1.0000,-1,-1
370,14,1765.00,387.00,132.10,332.60,1.0000,-1,-1
370,15,1762.00,518.00,104.40,225.90,1.0000,-1,-1
370,18,1539.00,382.00,140.80,334.00,1.0000,-1,-1
370,20,1427.00,405.00,116.80,290.50,1.0000,-1,-1
370,28,1084.00,362.00,168.10,410.80,1.0000,-1,-1
370,29,1684.00,431.00,98.60,226.40,0.9990,-1,-1
370,32,11.00,239.00,315.70,750.10,0.9990,-1,-1
371,14,1771.00,401.00,140.50,326.70,1.0000,-1,-1
371,20,1419.00,409.00,108.00,284.50,1.0000,-1,-1
371,28,1074.00,371.00,174.10,398.40,1.0000,-1,-1
371,29,1687.00,418.00,88.30,247.60,1.0000,-1,-1
371,30,1575.00,388.00,117.00,311.30,1.0000,-1,-1
371,32,2.00,227.00,365.90,762.60,0.9990,-1,-1
372,14,1770.00,388.00,144.50,331.60,1.0000,-1,-1
372,20,1446.00,421.00,116.10,272.60,1.0000,-1,-1
372,28,1077.00,349.00,165.90,435.50,1.0000,-1,-1
372,29,1693.00,433.00,88.50,227.20,1.0000,-1,-1
372,30,1582.00,409.00,129.90,281.30,1.0000,-1,-1
372,32,28.00,244.00,385.70,766.20,1.0000,-1,-1
373,14,1778.00,392.00,137.60,326.40,1.0000,-1,-1
373,20,1452.00,400.00,130.30,308.50,1.0000,-1,-1
373,28,1068.00,374.00,170.10,407.90,1.0000,-1,-1
373,29,1692.00,433.00,89.10,231.00,0.9980,-1,-1
373,30,1586.00,393.00,129.60,312.20,1.0000,-1,-1
373,32,43.00,276.00,386.30,713.60,1.0000,-1,-1
374,14,1783.00,400.00,137.00,341.80,1.0000,-1,-1
374,20,1445.00,405.00,121.30,290.10,1.0000,-1,-1
374,28,1064.00,358.00,170.10,435.10,1.0000,-1,-1
374,29,1690.00,429.00,93.70,229.20,1.0000,-1,-1
374,30,1610.00,383.00,113.60,301.20,1.0000,-1,-1
374,32,57.00,247.00,412.90,749.80,1.0000,-1,-1
375,14,1800.00,381.00,125.70,325.10,0.9990,-1,-1
375,15,1804.00,515.00,105.80,232.60,1.0000,-1,-1
375,20,1471.00,431.00,103.00,266.80,1.0000,-1,-1
375,28,1075.00,354.00,169.70,439.80,1.0000,-1,-1
375,29,1702.00,428.00,98.40,237.70,1.0000,-1,-1
375,30,1585.00,388.00,115.90,306.20,1.0000,-1,-1
375,32,80.00,246.00,374.90,741.80,1.0000,-1,-1
376,15,1807.00,524.00,119.20,213.70,1.0000,-1,-1
376,20,1463.00,398.00,111.70,297.20,1.0000,-1,-1
376,28,1053.00,361.00,164.40,433.70,1.0000,-1,-1
376,29,1707.00,436.00,82.20,221.40,1.0000,-1,-1
376,30,1579.00,406.00,130.80,290.30,1.0000,-1,-1
376,32,66.00,283.00,405.00,678.00,0.9990,-1,-1
376,33,1758.00,447.00,70.10,195.50,0.9990,-1,-1
377,14,1799.00,377.00,143.20,352.80,0.9960,-1,-1
377,15,1821.00,529.00,103.80,216.00,1.0000,-1,-1
377,20,1466.00,422.00,108.60,285.30,1.0000,-1,-1
377,28,1053.00,361.00,166.30,426.70,1.0000,-1,-1
377,29,1712.00,437.00,89.50,219.50,0.9980,-1,-1
377,30,1615.00,388.00,124.50,305.30,1.0000,-1,-1
377,32,150.00,262.00,341.30,695.80,1.0000,-1,-1
378,14,1792.00,373.00,149.20,331.60,0.9940,-1,-1
378,15,1828.00,520.00,105.20,224.60,0.9990,-1,-1
378,20,1464.00,407.00,122.20,281.20,1.0000,-1,-1
378,28,1051.00,352.00,172.30,436.20,1.0000,-1,-1
378,29,1710.00,419.00,94.20,241.50,0.9990,-1,-1
378,30,1593.00,394.00,133.00,295.00,1.0000,-1,-1
378,32,179.00,263.00,296.20,683.10,1.0000,-1,-1
378,33,1770.00,439.00,67.50,211.60,1.0000,-1,-1
379,14,1812.00,389.00,135.40,324.60,0.9960,-1,-1
379,15,1836.00,516.00,100.40,225.60,0.9970,-1,-1
379,20,1477.00,404.00,113.00,271.90,1.0000,-1,-1
379,28,1040.00,347.00,187.30,446.10,1.0000,-1,-1
379,29,1718.00,428.00,89.50,236.10,0.9990,-1,-1
379,30,1604.00,387.00,140.50,302.50,1.0000,-1,-1
379,32,206.00,284.00,281.50,662.00,1.0000,-1,-1
379,33,1770.00,445.00,70.50,200.20,1.0000,-1,-1
380,14,1813.00,374.00,144.00,367.20,0.9750,-1,-1
380,20,1462.00,395.00,118.00,293.10,1.0000,-1,-1
380,28,1047.00,351.00,171.90,454.10,1.0000,-1,-1
380,29,1711.00,437.00,86.30,217.00,1.0000,-1,-1
380,30,1608.00,402.00,132.50,286.60,1.0000,-1,-1
380,32,267.00,281.00,242.90,673.80,1.0000,-1,-1
380,33,1780.00,445.00,63.50,201.50,0.9990,-1,-1
381,20,1483.00,416.00,104.70,277.80,1.0000,-1,-1
381,21,1827.00,392.00,91.20,315.30,0.9620,-1,-1
381,28,1045.00,355.00,165.60,447.40,1.0000,-1,-1
381,29,1708.00,432.00,89.20,228.10,1.0000,-1,-1
381,30,1622.00,384.00,133.00,304.30,1.0000,-1,-1
381,32,308.00,275.00,209.00,672.30,1.0000,-1,-1
381,33,1779.00,455.00,61.60,186.00,0.9980,-1,-1
382,14,1825.00,373.00,133.00,336.30,0.9650,-1,-1
382,20,1478.00,410.00,116.10,273.60,1.0000,-1,-1
382,28,1017.00,351.00,180.10,439.00,1.0000,-1,-1
382,29,1729.00,431.00,76.80,217.00,0.9990,-1,-1
382,30,1620.00,391.00,126.40,302.80,1.0000,-1,-1
382,32,330.00,267.00,209.50,673.90,0.9990,-1,-1
382,33,1786.00,451.00,67.00,193.80,0.9980,-1,-1
383,14,1855.00,370.00,89.60,363.70,0.9720,-1,-1
383,20,1485.00,417.00,108.20,276.90,0.9990,-1,-1
383,28,1019.00,337.00,190.60,470.00,1.0000,-1,-1
383,29,1720.00,434.00,80.90,226.90,1.0000,-1,-1
383,30,1609.00,408.00,129.20,284.50,1.0000,-1,-1
383,32,329.00,260.00,217.70,661.60,1.0000,-1,-1
383,33,1792.00,455.00,64.10,192.60,0.9980,-1,-1
384,14,1845.00,354.00,108.10,384.90,0.9120,-1,-1
384,20,1505.00,412.00,99.80,282.80,1.0000,-1,-1
384,28,1016.00,336.00,199.80,472.40,1.0000,-1,-1
384,29,1717.00,430.00,87.10,219.90,0.9980,-1,-1
384,30,1610.00,410.00,131.90,282.60,1.0000,-1,-1
384,32,339.00,290.00,236.10,617.20,1.0000,-1,-1
384,33,1789.00,449.00,65.30,203.10,0.9990,-1,-1
385,20,1480.00,409.00,126.30,282.70,1.0000,-1,-1
385,28,1017.00,331.00,172.50,484.90,1.0000,-1,-1
385,29,1719.00,434.00,89.70,222.20,0.9990,-1,-1
385,30,1627.00,376.00,124.40,311.70,1.0000,-1,-1
385,32,368.00,271.00,251.40,626.20,1.0000,-1,-1
385,33,1787.00,453.00,74.00,193.40,1.0000,-1,-1
386,20,1481.00,411.00,116.50,258.10,1.0000,-1,-1
386,28,1009.00,332.00,209.90,485.30,1.0000,-1,-1
386,29,1734.00,438.00,79.00,213.90,0.9980,-1,-1
386,30,1636.00,383.00,124.20,311.70,1.0000,-1,-1
386,32,393.00,276.00,255.60,637.50,1.0000,-1,-1
386,33,1796.00,441.00,69.80,202.40,1.0000,-1,-1
387,20,1492.00,416.00,122.30,276.00,1.0000,-1,-1
387,28,1001.00,332.00,202.10,492.20,1.0000,-1,-1
387,29,1740.00,445.00,69.30,203.50,0.9980,-1,-1
387,30,1636.00,389.00,131.50,304.60,1.0000,-1,-1
387,32,406.00,292.00,252.40,630.60,1.0000,-1,-1
387,33,1796.00,447.00,62.80,193.80,0.9980,-1,-1
388,20,1500.00,413.00,106.40,272.90,1.0000,-1,-1
388,28,993.00,318.00,198.50,502.30,1.0000,-1,-1
388,29,1734.00,437.00,75.70,207.80,0.9980,-1,-1
388,30,1639.00,411.00,122.60,272.00,1.0000,-1,-1
388,32,388.00,291.00,285.40,604.50,1.0000,-1,-1
388,33,1798.00,461.00,66.40,180.30,0.9980,-1,-1
388,34,1156.00,458.00,71.50,192.10,1.0000,-1,-1
389,20,1508.00,415.00,95.70,279.10,1.0000,-1,-1
389,28,1004.00,329.00,185.90,504.90,1.0000,-1,-1
389,30,1660.00,390.00,131.60,291.00,1.0000,-1,-1
389,32,398.00,303.00,292.80,610.40,1.0000,-1,-1
389,33,1805.00,453.00,58.10,189.00,1.0000,-1,-1
389,34,1161.00,461.00,68.10,180.30,1.0000,-1,-1
390,20,1512.00,410.00,107.50,274.20,1.0000,-1,-1
390,28,972.00,334.00,204.80,487.70,1.0000,-1,-1
390,29,1749.00,440.00,74.70,207.20,0.9980,-1,-1
390,30,1645.00,395.00,126.50,298.70,1.0000,-1,-1
390,32,429.00,303.00,256.50,612.10,1.0000,-1,-1
390,33,1807.00,454.00,56.30,186.10,0.9990,-1,-1
390,34,1159.00,458.00,68.80,189.10,1.0000,-1,-1
391,20,1507.00,410.00,105.20,276.60,1.0000,-1,-1
391,28,961.00,334.00,225.70,483.00,1.0000,-1,-1
391,29,1742.00,439.00,83.20,213.50,0.9910,-1,-1
391,30,1658.00,400.00,119.70,301.20,1.0000,-1,-1
391,32,461.00,306.00,243.90,593.50,1.0000,-1,-1
391,33,1804.00,455.00,63.90,190.10,1.0000,-1,-1
391,34,1169.00,462.00,64.70,188.00,1.0000,-1,-1
392,20,1520.00,405.00,108.90,274.40,1.0000,-1,-1
392,28,974.00,331.00,201.40,498.40,1.0000,-1,-1
392,29,1739.00,429.00,87.80,225.90,0.9910,-1,-1
392,30,1646.00,424.00,122.80,264.00,1.0000,-1,-1
392,32,490.00,308.00,209.30,549.20,1.0000,-1,-1
392,33,1801.00,456.00,65.10,181.40,0.9990,-1,-1
392,34,1175.00,457.00,60.00,197.00,1.0000,-1,-1
393,20,1530.00,399.00,108.00,275.40,1.0000,-1,-1
393,28,947.00,323.00,233.20,504.20,1.0000,-1,-1
393,30,1670.00,413.00,134.60,282.50,1.0000,-1,-1
393,32,499.00,301.00,217.60,563.20,1.0000,-1,-1
393,33,1807.00,453.00,64.70,186.70,0.9990,-1,-1
393,34,1176.00,449.00,71.40,192.50,1.0000,-1,-1
394,20,1528.00,392.00,107.50,294.10,1.0000,-1,-1
394,28,960.00,333.00,214.20,502.80,1.0000,-1,-1
394,30,1655.00,402.00,130.20,290.00,1.0000,-1,-1
394,32,535.00,312.00,188.00,548.90,1.0000,-1,-1
394,33,1810.00,450.00,66.40,186.70,0.9990,-1,-1
394,34,1182.00,453.00,59.80,193.60,1.0000,-1,-1
395,20,1523.00,400.00,116.30,284.00,1.0000,-1,-1
395,28,952.00,329.00,189.80,505.50,1.0000,-1,-1
395,29,1757.00,429.00,67.40,223.90,0.9310,-1,-1
395,30,1674.00,411.00,113.70,269.80,1.0000,-1,-1
395,32,542.00,297.00,195.50,571.50,1.0000,-1,-1
395,33,1819.00,449.00,63.00,193.50,1.0000,-1,-1
395,34,1184.00,463.00,62.40,187.40,1.0000,-1,-1
396,20,1536.00,400.00,108.80,274.30,1.0000,-1,-1
396,28,929.00,318.00,214.40,513.00,1.0000,-1,-1
396,30,1680.00,387.00,128.90,294.00,1.0000,-1,-1
396,32,571.00,308.00,196.00,545.40,1.0000,-1,-1
396,33,1816.00,454.00,63.30,178.70,1.0000,-1,-1
396,34,1193.00,452.00,59.80,197.30,1.0000,-1,-1
397,20,1542.00,419.00,105.60,256.80,1.0000,-1,-1
397,28,925.00,315.00,215.60,524.30,1.0000,-1,-1
397,30,1681.00,403.00,127.90,272.90,1.0000,-1,-1
397,32,578.00,299.00,199.90,547.90,1.0000,-1,-1
397,33,1821.00,455.00,60.80,178.90,1.0000,-1,-1
397,34,1195.00,463.00,65.40,183.90,1.0000,-1,-1
398,20,1552.00,408.00,97.10,257.00,1.0000,-1,-1
398,28,929.00,312.00,214.60,536.60,1.0000,-1,-1
398,30,1668.00,419.00,129.40,281.50,1.0000,-1,-1
398,32,587.00,325.00,214.60,542.70,1.0000,-1,-1
398,33,1815.00,451.00,69.20,187.40,0.9990,-1,-1
398,34,1194.00,455.00,60.90,186.30,1.0000,-1,-1
399,20,1562.00,399.00,104.60,270.70,1.0000,-1,-1
399,28,910.00,307.00,226.00,544.00,1.0000,-1,-1
399,30,1692.00,412.00,119.20,282.40,1.0000,-1,-1
399,32,587.00,324.00,238.30,551.50,1.0000,-1,-1
399,33,1820.00,453.00,65.00,181.00,0.9990,-1,-1
399,34,1196.00,464.00,68.50,190.00,1.0000,-1,-1
400,20,1542.00,400.00,102.80,272.10,1.0000,-1,-1
400,28,915.00,328.00,205.50,510.10,1.0000,-1,-1
400,30,1681.00,399.00,126.60,279.60,1.0000,-1,-1
400,32,607.00,321.00,236.10,547.20,1.0000,-1,-1
400,33,1824.00,450.00,63.10,184.50,1.0000,-1,-1
400,34,1203.00,462.00,63.00,192.90,1.0000,-1,-1
401,20,1549.00,422.00,103.40,249.80,1.0000,-1,-1
401,28,910.00,337.00,213.30,506.80,1.0000,-1,-1
401,30,1718.00,391.00,127.40,279.10,1.0000,-1,-1
401,32,613.00,311.00,227.20,536.90,1.0000,-1,-1
401,33,1829.00,449.00,63.20,192.60,1.0000,-1,-1
401,34,1210.00,462.00,70.30,183.70,1.0000,-1,-1
402,20,1550.00,399.00,124.20,285.00,1.0000,-1,-1
402,28,886.00,321.00,238.40,531.00,1.0000,-1,-1
402,30,1710.00,403.00,112.90,278.50,1.0000,-1,-1
402,32,608.00,328.00,253.60,524.10,1.0000,-1,-1
402,33,1827.00,454.00,60.30,184.90,0.9990,-1,-1
402,34,1209.00,452.00,64.10,191.50,1.0000,-1,-1
403,20,1563.00,421.00,99.30,249.00,1.0000,-1,-1
403,28,864.00,320.00,247.10,529.50,1.0000,-1,-1
403,30,1730.00,402.00,111.60,263.40,1.0000,-1,-1
403,32,618.00,330.00,245.70,496.10,1.0000,-1,-1
403,33,1831.00,456.00,65.40,183.10,1.0000,-1,-1
403,34,1215.00,457.00,69.60,191.40,1.0000,-1,-1
404,20,1563.00,417.00,109.80,260.90,1.0000,-1,-1
404,28,866.00,326.00,237.40,526.20,1.0000,-1,-1
404,30,1719.00,412.00,135.90,258.10,1.0000,-1,-1
404,32,640.00,329.00,229.70,525.70,1.0000,-1,-1
404,33,1829.00,454.00,61.50,177.70,1.0000,-1,-1
404,34,1221.00,459.00,57.20,182.90,1.0000,-1,-1
405,20,1582.00,424.00,92.80,247.00,1.0000,-1,-1
405,28,864.00,315.00,213.20,536.30,1.0000,-1,-1
405,29,1737.00,394.00,122.60,270.90,1.0000,-1,-1
405,30,1682.00,425.00,113.50,259.40,0.9990,-1,-1
405,32,660.00,335.00,218.80,487.90,1.0000,-1,-1
405,33,1839.00,448.00,62.30,181.40,1.0000,-1,-1
405,34,1219.00,452.00,60.40,192.30,1.0000,-1,-1
406,20,1592.00,407.00,85.00,265.10,1.0000,-1,-1
406,28,831.00,314.00,246.40,541.20,1.0000,-1,-1
406,29,1735.00,411.00,118.00,260.90,1.0000,-1,-1
406,32,706.00,331.00,171.70,489.10,1.0000,-1,-1
406,33,1837.00,456.00,59.30,170.30,0.9990,-1,-1
406,34,1228.00,457.00,59.50,195.60,1.0000,-1,-1
407,20,1584.00,398.00,97.60,269.10,1.0000,-1,-1
407,28,829.00,292.00,242.70,574.90,1.0000,-1,-1
407,29,1756.00,385.00,111.80,255.00,0.9980,-1,-1
407,30,1695.00,414.00,120.10,287.20,1.0000,-1,-1
407,32,723.00,306.00,161.00,528.50,1.0000,-1,-1
407,33,1840.00,457.00,59.80,171.60,0.9990,-1,-1
407,34,1231.00,454.00,68.60,196.90,1.0000,-1,-1
408,20,1594.00,421.00,94.60,245.80,1.0000,-1,-1
408,28,834.00,295.00,224.70,574.10,1.0000,-1,-1
408,30,1713.00,396.00,116.80,282.60,1.0000,-1,-1
408,32,751.00,325.00,136.40,508.90,0.9990,-1,-1
408,33,1837.00,452.00,70.50,185.00,1.0000,-1,-1
408,34,1235.00,449.00,66.40,198.00,1.0000,-1,-1
409,20,1590.00,413.00,101.30,253.90,1.0000,-1,-1
409,28,831.00,314.00,229.60,543.10,1.0000,-1,-1
409,29,1745.00,401.00,124.50,258.10,1.0000,-1,-1
409,32,757.00,321.00,144.70,501.70,0.9990,-1,-1
409,33,1836.00,447.00,74.10,192.00,0.9990,-1,-1
409,34,1236.00,457.00,62.20,184.90,1.0000,-1,-1
409,35,1677.00,473.00,46.30,125.00,0.9400,-1,-1
410,20,1605.00,412.00,93.50,256.70,1.0000,-1,-1
410,28,808.00,295.00,246.10,569.20,1.0000,-1,-1
410,29,1728.00,391.00,128.10,279.10,1.0000,-1,-1
410,33,1841.00,444.00,66.10,186.40,0.9990,-1,-1
410,34,1241.00,449.00,69.80,207.80,1.0000,-1,-1
411,20,1605.00,428.00,90.40,251.20,1.0000,-1,-1
411,28,792.00,283.00,240.40,582.50,1.0000,-1,-1
411,29,1761.00,407.00,112.90,255.40,1.0000,-1,-1
411,30,1708.00,414.00,115.20,270.10,0.9930,-1,-1
411,33,1845.00,451.00,67.40,176.00,0.9940,-1,-1
411,34,1245.00,453.00,62.40,189.90,1.0000,-1,-1
412,20,1603.00,404.00,100.20,258.10,1.0000,-1,-1
412,28,790.00,297.00,250.90,602.40,1.0000,-1,-1
412,29,1739.00,405.00,122.90,269.60,1.0000,-1,-1
412,33,1845.00,445.00,61.60,195.30,1.0000,-1,-1
412,34,1252.00,450.00,59.50,192.20,1.0000,-1,-1
413,20,1610.00,412.00,102.40,254.30,1.0000,-1,-1
413,28,791.00,306.00,217.40,571.30,1.0000,-1,-1
413,29,1756.00,381.00,129.50,273.90,0.9990,-1,-1
413,30,1716.00,415.00,108.90,249.80,1.0000,-1,-1
413,33,1854.00,447.00,65.40,184.80,0.9690,-1,-1
413,34,1255.00,452.00,61.50,191.10,1.0000,-1,-1
414,20,1619.00,400.00,107.40,277.90,1.0000,-1,-1
414,28,786.00,306.00,236.60,573.10,1.0000,-1,-1
414,29,1776.00,405.00,130.00,262.60,0.9990,-1,-1
414,30,1723.00,423.00,116.70,253.60,0.9990,-1,-1
414,34,1261.00,457.00,60.40,189.50,1.0000,-1,-1
415,20,1611.00,418.00,106.50,253.80,1.0000,-1,-1
415,28,780.00,301.00,215.50,581.30,1.0000,-1,-1
415,30,1734.00,400.00,112.80,266.60,0.9990,-1,-1
415,33,1848.00,449.00,66.90,184.50,0.9990,-1,-1
415,34,1265.00,460.00,59.60,184.70,1.0000,-1,-1
416,20,1618.00,421.00,108.30,247.10,1.0000,-1,-1
416,28,756.00,302.00,244.60,577.80,1.0000,-1,-1
416,29,1769.00,394.00,118.60,263.40,0.9990,-1,-1
416,33,1854.00,450.00,67.90,177.00,0.9990,-1,-1
416,34,1269.00,461.00,56.70,181.40,0.9990,-1,-1
417,20,1619.00,411.00,120.60,259.70,1.0000,-1,-1
417,28,754.00,292.00,234.50,616.80,1.0000,-1,-1
417,29,1797.00,403.00,115.50,261.90,1.0000,-1,-1
417,30,1725.00,417.00,112.60,245.90,0.9990,-1,-1
417,34,1274.00,458.00,55.70,186.50,1.0000,-1,-1
418,20,1635.00,417.00,103.60,239.80,1.0000,-1,-1
418,28,723.00,280.00,260.00,618.50,1.0000,-1,-1
418,29,1783.00,409.00,125.50,243.40,1.0000,-1,-1
418,30,1725.00,418.00,114.90,241.80,0.9880,-1,-1
418,34,1275.00,460.00,63.60,183.70,1.0000,-1,-1
419,20,1627.00,414.00,117.70,264.20,1.0000,-1,-1
419,28,735.00,265.00,253.20,637.50,1.0000,-1,-1
419,29,1798.00,386.00,101.40,256.90,1.0000,-1,-1
419,30,1748.00,422.00,107.50,256.00,1.0000,-1,-1
419,34,1283.00,457.00,56.50,184.80,1.0000,-1,-1
420,20,1652.00,424.00,107.40,256.90,1.0000,-1,-1
420,28,713.00,281.00,259.80,613.70,1.0000,-1,-1
420,29,1793.00,402.00,116.70,253.10,1.0000,-1,-1
420,30,1737.00,416.00,107.70,248.20,0.9990,-1,-1
420,34,1284.00,447.00,59.00,204.80,1.0000,-1,-1
420,36,884.00,338.00,154.00,466.80,1.0000,-1,-1
421,20,1636.00,422.00,100.50,235.10,1.0000,-1,-1
421,28,700.00,261.00,244.80,660.70,1.0000,-1,-1
421,29,1794.00,387.00,123.10,284.70,1.0000,-1,-1
421,34,1290.00,452.00,59.70,196.30,1.0000,-1,-1
421,36,898.00,337.00,145.60,458.10,1.0000,-1,-1
422,20,1647.00,426.00,101.10,239.20,1.0000,-1,-1
422,28,689.00,273.00,234.80,651.60,1.0000,-1,-1
422,29,1774.00,401.00,119.90,268.90,1.0000,-1,-1
422,34,1291.00,457.00,60.20,196.50,1.0000,-1,-1
422,36,908.00,330.00,133.40,453.40,1.0000,-1,-1
423,20,1665.00,425.00,90.50,233.10,1.0000,-1,-1
423,28,671.00,272.00,259.90,651.70,1.0000,-1,-1
423,29,1762.00,408.00,109.30,255.90,1.0000,-1,-1
423,34,1298.00,451.00,54.00,206.40,1.0000,-1,-1
423,36,896.00,321.00,163.10,477.90,1.0000,-1,-1
424,20,1652.00,410.00,109.40,258.80,1.0000,-1,-1
424,28,642.00,286.00,296.70,655.50,1.0000,-1,-1
424,29,1767.00,412.00,106.30,254.30,1.0000,-1,-1
424,33,1816.00,395.00,109.70,257.10,0.9960,-1,-1
424,34,1290.00,458.00,71.80,181.00,1.0000,-1,-1
424,36,931.00,353.00,151.40,432.20,1.0000,-1,-1
425,20,1665.00,417.00,101.70,260.60,1.0000,-1,-1
425,28,647.00,263.00,291.30,651.40,1.0000,-1,-1
425,29,1772.00,416.00,108.90,243.30,1.0000,-1,-1
425,34,1304.00,447.00,60.10,196.50,1.0000,-1,-1
425,36,923.00,336.00,190.00,446.20,1.0000,-1,-1
426,20,1661.00,421.00,88.00,228.00,1.0000,-1,-1
426,28,643.00,284.00,262.40,639.70,1.0000,-1,-1
426,29,1762.00,414.00,109.70,261.00,0.9990,-1,-1
426,33,1815.00,390.00,109.70,261.90,0.9990,-1,-1
426,34,1303.00,445.00,66.00,211.00,1.0000,-1,-1
426,36,934.00,360.00,170.80,418.30,1.0000,-1,-1
426,37,1145.00,483.00,62.60,167.40,0.9880,-1,-1
427,20,1668.00,412.00,108.80,251.30,1.0000,-1,-1
427,28,630.00,255.00,264.40,707.50,1.0000,-1,-1
427,33,1807.00,391.00,120.20,263.40,1.0000,-1,-1
427,34,1308.00,442.00,62.80,197.90,1.0000,-1,-1
427,36,933.00,341.00,182.00,459.30,1.0000,-1,-1
427,37,1145.00,474.00,60.20,172.90,0.9980,-1,-1
428,20,1670.00,413.00,101.10,246.80,1.0000,-1,-1
428,28,606.00,279.00,283.20,673.60,1.0000,-1,-1
428,29,1773.00,424.00,109.00,243.90,0.9990,-1,-1
428,33,1824.00,406.00,91.30,234.20,1.0000,-1,-1
428,34,1316.00,458.00,64.90,193.00,1.0000,-1,-1
428,36,940.00,345.00,183.70,434.30,1.0000,-1,-1
428,37,1145.00,465.00,65.40,177.50,0.9980,-1,-1
429,20,1663.00,423.00,106.30,233.10,1.0000,-1,-1
429,28,606.00,263.00,253.70,667.30,1.0000,-1,-1
429,29,1777.00,424.00,109.50,232.20,1.0000,-1,-1
429,33,1833.00,393.00,95.20,248.60,0.9980,-1,-1
429,34,1318.00,449.00,62.20,200.30,1.0000,-1,-1
429,36,935.00,343.00,190.90,439.70,1.0000,-1,-1
429,37,1155.00,477.00,62.60,162.10,0.9990,-1,-1
430,20,1654.00,411.00,98.60,249.40,1.0000,-1,-1
430,28,578.00,249.00,275.20,691.30,1.0000,-1,-1
430,29,1789.00,416.00,127.30,235.20,0.9990,-1,-1
430,34,1329.00,453.00,60.70,192.00,1.0000,-1,-1
430,36,972.00,367.00,152.70,407.80,1.0000,-1,-1
430,37,1162.00,472.00,68.00,171.60,0.9990,-1,-1
431,20,1695.00,424.00,94.50,229.80,1.0000,-1,-1
431,28,554.00,259.00,288.70,690.70,1.0000,-1,-1
431,29,1775.00,421.00,131.10,243.50,1.0000,-1,-1
431,34,1328.00,452.00,66.60,192.30,1.0000,-1,-1
431,36,989.00,364.00,141.00,415.10,1.0000,-1,-1
431,37,1160.00,470.00,65.50,168.60,1.0000,-1,-1
432,20,1690.00,416.00,103.60,244.00,1.0000,-1,-1
432,28,545.00,261.00,291.30,703.50,1.0000,-1,-1
432,29,1786.00,432.00,122.30,235.80,1.0000,-1,-1
432,34,1329.00,453.00,63.10,189.70,1.0000,-1,-1
432,36,999.00,365.00,144.60,408.40,1.0000,-1,-1
432,37,1170.00,472.00,66.20,168.40,0.9990,-1,-1
433,20,1682.00,417.00,97.80,253.30,1.0000,-1,-1
433,28,540.00,228.00,264.80,716.10,1.0000,-1,-1
433,29,1790.00,399.00,122.40,268.70,0.9990,-1,-1
433,34,1334.00,456.00,60.20,199.00,1.0000,-1,-1
433,36,1016.00,371.00,145.70,403.40,1.0000,-1,-1
433,37,1165.00,467.00,67.50,172.80,1.0000,-1,-1
434,20,1685.00,420.00,98.10,249.40,1.0000,-1,-1
434,28,525.00,256.00,262.20,711.20,1.0000,-1,-1
434,29,1796.00,425.00,119.10,245.40,1.0000,-1,-1
434,34,1335.00,455.00,62.00,190.40,1.0000,-1,-1
434,36,1019.00,346.00,129.30,413.40,1.0000,-1,-1
434,37,1173.00,472.00,67.50,167.40,1.0000,-1,-1
435,20,1683.00,419.00,88.20,240.30,1.0000,-1,-1
435,28,509.00,232.00,279.30,740.20,1.0000,-1,-1
435,29,1801.00,422.00,114.70,250.20,1.0000,-1,-1
435,30,1736.00,420.00,102.70,225.70,0.9820,-1,-1
435,34,1338.00,441.00,68.30,210.50,1.0000,-1,-1
435,36,1044.00,377.00,128.00,391.90,1.0000,-1,-1
435,37,1184.00,470.00,60.90,169.10,0.9980,-1,-1
436,20,1704.00,423.00,99.90,235.30,1.0000,-1,-1
436,28,494.00,253.00,276.20,708.80,1.0000,-1,-1
436,29,1812.00,407.00,104.10,246.00,1.0000,-1,-1
436,30,1751.00,428.00,112.50,218.50,0.9800,-1,-1
436,34,1346.00,442.00,59.10,201.70,0.9990,-1,-1
436,36,1034.00,352.00,146.70,414.30,1.0000,-1,-1
436,37,1186.00,477.00,65.60,165.40,0.9990,-1,-1
437,20,1684.00,424.00,100.20,233.30,1.0000,-1,-1
437,28,488.00,242.00,289.50,715.30,1.0000,-1,-1
437,29,1816.00,408.00,100.30,250.30,1.0000,-1,-1
437,30,1766.00,411.00,92.30,230.90,0.9970,-1,-1
437,34,1350.00,443.00,65.00,205.20,1.0000,-1,-1
437,36,1054.00,363.00,124.90,409.60,1.0000,-1,-1
437,37,1199.00,474.00,59.00,168.90,0.9980,-1,-1
438,20,1681.00,406.00,100.10,245.10,1.0000,-1,-1
438,28,440.00,229.00,346.70,750.70,1.0000,-1,-1
438,29,1806.00,409.00,110.20,269.10,1.0000,-1,-1
438,34,1348.00,451.00,72.00,203.90,1.0000,-1,-1
438,36,1060.00,385.00,126.70,361.50,1.0000,-1,-1
438,37,1195.00,469.00,57.50,184.70,1.0000,-1,-1
439,20,1721.00,426.00,96.50,226.80,1.0000,-1,-1
439,28,456.00,249.00,306.70,705.40,1.0000,-1,-1
439,29,1813.00,417.00,107.30,261.80,1.0000,-1,-1
439,34,1360.00,447.00,61.70,210.80,0.9990,-1,-1
439,36,1067.00,363.00,131.50,384.30,1.0000,-1,-1
439,37,1197.00,473.00,62.40,166.90,1.0000,-1,-1
440,20,1721.00,413.00,86.40,243.80,0.9990,-1,-1
440,28,427.00,244.00,315.60,745.60,1.0000,-1,-1
440,29,1824.00,425.00,84.10,228.00,1.0000,-1,-1
440,34,1361.00,448.00,64.20,193.50,0.9990,-1,-1
440,36,1067.00,362.00,141.60,405.10,1.0000,-1,-1
440,37,1202.00,466.00,69.70,182.10,0.9980,-1,-1
440,38,1676.00,431.00,83.10,229.80,0.9840,-1,-1
441,20,1696.00,422.00,90.20,231.90,1.0000,-1,-1
441,28,430.00,206.00,298.40,787.10,1.0000,-1,-1
441,29,1827.00,408.00,93.00,258.90,0.9990,-1,-1
441,30,1735.00,410.00,109.00,252.20,0.9990,-1,-1
441,34,1368.00,452.00,59.30,197.40,0.9990,-1,-1
441,36,1065.00,375.00,150.50,396.80,1.0000,-1,-1
441,37,1209.00,463.00,67.30,171.30,1.0000,-1,-1
442,20,1682.00,415.00,113.00,249.80,1.0000,-1,-1
442,28,423.00,225.00,262.40,784.40,1.0000,-1,-1
442,29,1819.00,428.00,106.40,234.80,0.9980,-1,-1
442,30,1733.00,421.00,95.00,226.30,1.0000,-1,-1
442,34,1371.00,454.00,59.40,200.10,1.0000,-1,-1
442,36,1087.00,369.00,136.00,395.20,1.0000,-1,-1
442,37,1210.00,466.00,57.80,182.10,0.9990,-1,-1
442,39,-34.00,253.00,220.00,703.90,0.9850,-1,-1
443,20,1700.00,417.00,89.70,240.40,0.9990,-1,-1
443,28,395.00,202.00,274.70,820.20,1.0000,-1,-1
443,30,1747.00,424.00,92.00,222.40,1.0000,-1,-1
443,33,1840.00,419.00,88.60,249.40,0.9960,-1,-1
443,34,1376.00,451.00,55.30,188.80,1.0000,-1,-1
443,36,1098.00,355.00,138.80,394.80,1.0000,-1,-1
443,37,1213.00,457.00,65.00,191.80,1.0000,-1,-1
443,39,-48.00,257.00,270.60,688.80,0.9900,-1,-1
444,20,1694.00,411.00,91.90,229.90,0.9970,-1,-1
444,28,376.00,203.00,299.70,839.60,1.0000,-1,-1
444,30,1745.00,427.00,92.40,223.50,1.0000,-1,-1
444,33,1848.00,404.00,89.20,267.20,0.9930,-1,-1
444,34,1379.00,453.00,55.90,199.40,1.0000,-1,-1
444,36,1109.00,374.00,135.00,377.30,1.0000,-1,-1
444,37,1220.00,458.00,67.10,181.20,1.0000,-1,-1
444,39,-46.00,281.00,303.20,666.90,0.9920,-1,-1
445,20,1717.00,424.00,82.70,229.50,0.9990,-1,-1
445,28,341.00,190.00,332.60,828.60,1.0000,-1,-1
445,30,1765.00,417.00,83.60,230.90,1.0000,-1,-1
445,33,1839.00,399.00,89.60,297.60,0.9990,-1,-1
445,34,1382.00,457.00,60.20,184.10,1.0000,-1,-1
445,36,1107.00,363.00,140.20,379.60,1.0000,-1,-1
445,37,1224.00,473.00,58.30,167.10,1.0000,-1,-1
445,38,1679.00,470.00,44.20,130.60,0.9490,-1,-1
445,39,-27.00,254.00,288.20,711.40,0.9980,-1,-1
446,20,1732.00,427.00,98.00,232.40,1.0000,-1,-1
446,28,328.00,222.00,323.00,818.50,1.0000,-1,-1
446,33,1829.00,393.00,102.20,281.40,0.9990,-1,-1
446,34,1384.00,458.00,65.50,198.00,1.0000,-1,-1
446,36,1114.00,355.00,135.70,394.70,1.0000,-1,-1
446,37,1231.00,471.00,65.00,176.80,0.9990,-1,-1
446,38,1674.00,468.00,46.30,127.50,0.9210,-1,-1
446,39,-27.00,267.00,311.40,665.10,0.9970,-1,-1
447,20,1713.00,413.00,84.00,231.50,0.9990,-1,-1
447,28,305.00,189.00,351.00,844.90,1.0000,-1,-1
447,30,1754.00,424.00,96.20,235.10,1.0000,-1,-1
447,33,1814.00,394.00,110.90,287.10,1.0000,-1,-1
447,34,1379.00,449.00,67.10,202.10,0.9990,-1,-1
447,36,1130.00,355.00,126.80,391.50,1.0000,-1,-1
447,37,1227.00,465.00,67.90,178.50,1.0000,-1,-1
447,39,-16.00,285.00,290.20,650.70,0.9990,-1,-1
448,20,1717.00,413.00,82.00,233.20,0.9990,-1,-1
448,28,254.00,197.00,376.60,850.20,1.0000,-1,-1
448,33,1785.00,387.00,144.20,297.70,1.0000,-1,-1
448,34,1389.00,456.00,67.70,193.60,0.9990,-1,-1
448,36,1137.00,364.00,143.20,388.10,1.0000,-1,-1
448,39,-28.00,273.00,289.50,679.80,0.9990,-1,-1
449,20,1719.00,412.00,88.90,236.10,1.0000,-1,-1
449,28,234.00,184.00,378.40,886.30,1.0000,-1,-1
449,33,1779.00,387.00,142.60,285.60,1.0000,-1,-1
449,34,1397.00,452.00,67.60,194.90,1.0000,-1,-1
449,36,1140.00,368.00,135.70,377.50,1.0000,-1,-1
449,37,1247.00,473.00,60.30,170.80,0.9990,-1,-1
449,39,-18.00,280.00,304.10,653.60,1.0000,-1,-1
450,20,1719.00,406.00,86.60,246.70,1.0000,-1,-1
450,28,217.00,212.00,379.60,867.20,1.0000,-1,-1
450,33,1781.00,393.00,117.80,282.80,1.0000,-1,-1
450,34,1398.00,445.00,69.50,211.60,0.9990,-1,-1
450,36,1149.00,361.00,145.90,380.10,1.0000,-1,-1
450,39,-4.00,278.00,292.30,642.50,1.0000,-1,-1
451,20,1726.00,421.00,79.00,224.60,1.0000,-1,-1
451,28,203.00,212.00,405.20,865.50,1.0000,-1,-1
451,33,1767.00,383.00,130.90,305.80,1.0000,-1,-1
451,34,1407.00,453.00,58.70,192.10,1.0000,-1,-1
451,36,1142.00,381.00,159.60,350.40,0.9990,-1,-1
451,37,1246.00,467.00,74.10,172.70,1.0000,-1,-1
451,38,1679.00,467.00,47.90,136.10,0.9240,-1,-1
451,39,12.00,286.00,292.10,663.20,1.0000,-1,-1
452,20,1719.00,420.00,100.30,239.30,1.0000,-1,-1
452,28,188.00,212.00,391.30,854.50,1.0000,-1,-1
452,33,1774.00,401.00,118.40,286.20,0.9990,-1,-1
452,34,1411.00,455.00,61.70,196.90,1.0000,-1,-1
452,36,1155.00,384.00,158.10,356.40,1.0000,-1,-1
452,38,1674.00,467.00,51.30,140.10,0.9210,-1,-1
452,39,9.00,288.00,290.50,642.30,1.0000,-1,-1
453,28,161.00,189.00,399.40,873.60,1.0000,-1,-1
453,29,1814.00,382.00,112.30,293.00,0.9910,-1,-1
453,30,1742.00,410.00,128.00,273.70,1.0000,-1,-1
453,34,1410.00,450.00,68.40,206.30,1.0000,-1,-1
453,36,1176.00,376.00,148.20,379.40,1.0000,-1,-1
453,39,14.00,258.00,292.90,662.70,0.9950,-1,-1
454,28,145.00,217.00,398.50,848.00,1.0000,-1,-1
454,29,1803.00,387.00,128.80,281.10,0.9960,-1,-1
454,30,1738.00,386.00,128.00,293.70,1.0000,-1,-1
454,34,1412.00,459.00,68.60,189.00,1.0000,-1,-1
454,36,1188.00,402.00,159.10,340.40,1.0000,-1,-1
455,28,120.00,189.00,363.00,889.80,1.0000,-1,-1
455,29,1790.00,408.00,153.30,264.80,0.9960,-1,-1
455,30,1738.00,398.00,123.10,263.30,1.0000,-1,-1
455,34,1425.00,445.00,61.10,201.50,1.0000,-1,-1
455,36,1177.00,403.00,155.80,335.30,1.0000,-1,-1
456,28,119.00,185.00,361.20,912.10,1.0000,-1,-1
456,29,1811.00,394.00,121.30,268.40,0.9980,-1,-1
456,30,1727.00,382.00,132.00,288.00,1.0000,-1,-1
456,34,1421.00,448.00,73.00,202.50,1.0000,-1,-1
456,36,1209.00,376.00,135.00,383.10,1.0000,-1,-1
457,28,93.00,140.00,336.80,959.10,1.0000,-1,-1
457,30,1724.00,394.00,118.30,276.20,1.0000,-1,-1
457,33,1785.00,389.00,125.60,292.50,0.9990,-1,-1
457,34,1423.00,454.00,70.90,189.40,1.0000,-1,-1
457,36,1218.00,396.00,127.40,354.20,1.0000,-1,-1
458,28,40.00,147.00,366.80,940.10,1.0000,-1,-1
458,30,1708.00,383.00,116.40,295.50,0.9990,-1,-1
458,33,1791.00,397.00,112.30,291.50,0.9990,-1,-1
458,34,1431.00,442.00,60.70,199.20,1.0000,-1,-1
458,36,1225.00,383.00,127.90,336.70,1.0000,-1,-1
459,28,17.00,152.00,379.50,949.70,1.0000,-1,-1
459,30,1692.00,391.00,119.90,301.40,1.0000,-1,-1
459,33,1793.00,394.00,98.00,286.30,1.0000,-1,-1
459,34,1429.00,447.00,69.40,200.90,1.0000,-1,-1
459,36,1235.00,381.00,115.60,337.50,1.0000,-1,-1
460,20,1706.00,412.00,111.60,268.80,1.0000,-1,-1
460,28,-2.00,141.00,395.00,999.50,1.0000,-1,-1
460,33,1796.00,407.00,90.70,258.20,1.0000,-1,-1
460,34,1441.00,439.00,63.90,220.00,1.0000,-1,-1
460,36,1232.00,364.00,130.50,368.60,1.0000,-1,-1
461,28,182.00,228.00,244.80,723.50,0.9990,-1,-1
461,30,1670.00,403.00,133.40,281.10,1.0000,-1,-1
461,33,1776.00,408.00,107.70,263.60,0.9990,-1,-1
461,34,1439.00,448.00,71.90,197.20,1.0000,-1,-1
461,36,1252.00,386.00,122.40,351.00,1.0000,-1,-1
461,39,-38.00,152.00,406.00,1006.40,0.9990,-1,-1
462,28,206.00,279.00,245.60,646.80,1.0000,-1,-1
462,29,1804.00,413.00,87.00,243.30,1.0000,-1,-1
462,30,1654.00,406.00,140.80,268.50,1.0000,-1,-1
462,33,1765.00,390.00,84.80,302.50,0.9990,-1,-1
462,34,1442.00,443.00,69.20,216.30,1.0000,-1,-1
462,36,1254.00,391.00,128.90,345.20,1.0000,-1,-1
462,39,-57.00,142.00,408.60,1010.40,0.9930,-1,-1
463,28,190.00,277.00,290.40,662.60,1.0000,-1,-1
463,29,1807.00,422.00,92.20,225.20,1.0000,-1,-1
463,30,1634.00,417.00,191.10,269.70,1.0000,-1,-1
463,34,1449.00,449.00,73.10,204.40,1.0000,-1,-1
463,36,1273.00,373.00,124.80,366.00,1.0000,-1,-1
463,39,-34.00,140.00,348.80,1022.10,0.9970,-1,-1
464,28,194.00,296.00,275.20,614.80,1.0000,-1,-1
464,29,1805.00,418.00,93.50,234.00,1.0000,-1,-1
464,30,1655.00,407.00,151.90,275.10,1.0000,-1,-1
464,33,1754.00,387.00,98.40,270.20,0.9990,-1,-1
464,34,1453.00,453.00,66.00,190.00,0.9990,-1,-1
464,36,1262.00,395.00,125.40,331.60,1.0000,-1,-1
464,39,-51.00,142.00,353.10,1015.50,0.9930,-1,-1
465,28,230.00,299.00,254.00,595.40,1.0000,-1,-1
465,29,1805.00,423.00,78.00,225.10,1.0000,-1,-1
465,30,1642.00,395.00,147.80,286.40,1.0000,-1,-1
465,33,1744.00,404.00,104.80,260.20,0.9970,-1,-1
465,34,1459.00,458.00,71.50,185.20,0.9990,-1,-1
465,36,1280.00,395.00,146.30,337.00,1.0000,-1,-1
465,39,-58.00,115.00,358.70,1043.20,0.9900,-1,-1
466,28,233.00,301.00,250.50,588.00,1.0000,-1,-1
466,29,1829.00,432.00,70.40,198.90,1.0000,-1,-1
466,30,1638.00,395.00,147.40,274.20,1.0000,-1,-1
466,33,1723.00,399.00,119.50,287.40,0.9980,-1,-1
466,34,1463.00,445.00,64.70,201.10,0.9990,-1,-1
466,36,1280.00,397.00,128.50,337.30,1.0000,-1,-1
466,39,-55.00,117.00,342.20,1035.50,0.9780,-1,-1
467,28,239.00,290.00,233.40,599.20,1.0000,-1,-1
467,29,1818.00,421.00,84.70,215.80,1.0000,-1,-1
467,30,1628.00,397.00,153.10,279.90,1.0000,-1,-1
467,33,1739.00,403.00,114.00,271.30,0.9980,-1,-1
467,34,1465.00,447.00,71.20,199.40,0.9990,-1,-1
467,36,1297.00,385.00,125.00,343.20,1.0000,-1,-1
467,39,-32.00,124.00,269.90,999.60,0.9910,-1,-1
468,28,262.00,310.00,234.50,596.30,1.0000,-1,-1
468,29,1826.00,432.00,78.40,206.00,1.0000,-1,-1
468,30,1633.00,395.00,125.70,291.10,0.9990,-1,-1
468,33,1713.00,402.00,136.50,261.90,0.9990,-1,-1
468,34,1470.00,450.00,70.60,198.70,0.9990,-1,-1
468,36,1311.00,372.00,122.50,351.60,1.0000,-1,-1
468,40,1135.00,461.00,60.20,189.10,0.9810,-1,-1
469,20,1683.00,391.00,148.80,294.60,0.9990,-1,-1
469,28,292.00,308.00,204.70,587.30,1.0000,-1,-1
469,29,1830.00,432.00,82.00,198.80,1.0000,-1,-1
469,30,1629.00,407.00,118.20,289.90,1.0000,-1,-1
469,33,1756.00,419.00,95.90,238.70,1.0000,-1,-1
469,34,1471.00,449.00,77.10,192.90,0.9990,-1,-1
469,36,1313.00,389.00,113.30,321.20,1.0000,-1,-1
469,40,1137.00,465.00,56.80,187.70,0.9990,-1,-1
470,20,1695.00,385.00,140.40,301.30,0.9990,-1,-1
470,28,302.00,298.00,203.40,580.20,1.0000,-1,-1
470,29,1829.00,428.00,73.00,207.50,1.0000,-1,-1
470,30,1616.00,414.00,111.80,275.60,1.0000,-1,-1
470,34,1477.00,456.00,85.70,197.90,0.9940,-1,-1
470,36,1335.00,392.00,113.30,310.50,1.0000,-1,-1
470,40,1139.00,459.00,66.00,195.20,0.9970,-1,-1
471,20,1677.00,392.00,144.60,297.70,0.9990,-1,-1
471,28,316.00,283.00,206.80,594.70,1.0000,-1,-1
471,29,1816.00,429.00,85.90,216.50,1.0000,-1,-1
471,30,1607.00,411.00,105.70,266.50,1.0000,-1,-1
471,33,1772.00,425.00,81.00,215.40,1.0000,-1,-1
471,34,1489.00,451.00,78.60,194.00,1.0000,-1,-1
471,36,1335.00,404.00,97.30,304.50,1.0000,-1,-1
471,40,1142.00,453.00,73.70,200.90,1.0000,-1,-1
471,41,23.00,479.00,83.50,247.60,0.9610,-1,-1
472,20,1681.00,396.00,126.30,275.80,1.0000,-1,-1
472,28,310.00,288.00,229.60,599.50,1.0000,-1,-1
472,29,1821.00,436.00,77.90,207.00,1.0000,-1,-1
472,30,1610.00,403.00,98.50,270.00,1.0000,-1,-1
472,33,1771.00,424.00,80.70,222.30,1.0000,-1,-1
472,34,1479.00,453.00,92.10,187.20,0.9990,-1,-1
472,36,1314.00,383.00,122.80,330.70,1.0000,-1,-1
472,40,1151.00,459.00,69.10,188.00,1.0000,-1,-1
473,20,1670.00,405.00,118.20,278.20,1.0000,-1,-1
473,28,339.00,287.00,227.40,589.50,1.0000,-1,-1
473,29,1827.00,431.00,68.00,203.20,1.0000,-1,-1
473,30,1591.00,403.00,96.80,281.60,1.0000,-1,-1
473,33,1776.00,417.00,75.20,220.90,1.0000,-1,-1
473,34,1496.00,448.00,88.60,199.90,1.0000,-1,-1
473,36,1343.00,391.00,109.30,325.80,1.0000,-1,-1
473,40,1152.00,464.00,74.10,185.20,1.0000,-1,-1
474,20,1677.00,407.00,106.00,271.30,1.0000,-1,-1
474,28,338.00,309.00,233.00,577.40,1.0000,-1,-1
474,29,1840.00,430.00,74.60,209.80,0.9990,-1,-1
474,30,1588.00,406.00,111.20,275.90,1.0000,-1,-1
474,33,1774.00,424.00,79.20,214.40,1.0000,-1,-1
474,34,1495.00,446.00,100.90,198.30,1.0000,-1,-1
474,36,1339.00,391.00,128.40,334.70,1.0000,-1,-1
474,40,1158.00,462.00,75.10,185.20,1.0000,-1,-1
475,20,1654.00,395.00,100.10,274.70,0.9990,-1,-1
475,28,344.00,275.00,266.70,596.30,1.0000,-1,-1
475,29,1839.00,432.00,74.60,210.00,0.9990,-1,-1
475,30,1577.00,408.00,124.90,268.50,1.0000,-1,-1
475,33,1787.00,430.00,84.20,202.90,1.0000,-1,-1
475,34,1498.00,451.00,100.90,205.50,1.0000,-1,-1
475,36,1340.00,380.00,134.00,325.50,1.0000,-1,-1
475,40,1163.00,478.00,74.80,163.00,1.0000,-1,-1
476,20,1652.00,389.00,114.50,280.90,1.0000,-1,-1
476,28,356.00,284.00,256.90,597.80,1.0000,-1,-1
476,29,1843.00,426.00,72.70,202.30,0.9990,-1,-1
476,30,1581.00,407.00,109.60,261.60,0.9990,-1,-1
476,33,1788.00,416.00,82.20,219.80,1.0000,-1,-1
476,34,1498.00,442.00,111.60,216.00,1.0000,-1,-1
476,36,1344.00,402.00,140.20,318.70,1.0000,-1,-1
476,40,1167.00,476.00,74.70,168.80,1.0000,-1,-1
477,20,1640.00,402.00,104.40,264.10,0.9990,-1,-1
477,28,357.00,305.00,272.40,552.50,1.0000,-1,-1
477,29,1843.00,434.00,67.60,197.80,0.9990,-1,-1
477,30,1566.00,418.00,127.70,267.30,0.9990,-1,-1
477,33,1787.00,422.00,75.40,216.20,1.0000,-1,-1
477,34,1511.00,447.00,83.70,197.30,1.0000,-1,-1
477,36,1358.00,378.00,121.70,331.20,1.0000,-1,-1
477,40,1171.00,462.00,73.40,193.50,1.0000,-1,-1
478,20,1643.00,401.00,100.40,285.90,0.9990,-1,-1
478,28,366.00,310.00,269.90,561.40,1.0000,-1,-1
478,29,1835.00,431.00,69.80,208.40,0.9980,-1,-1
478,30,1548.00,413.00,140.50,274.00,0.9990,-1,-1
478,33,1789.00,419.00,75.70,215.20,1.0000,-1,-1
478,34,1512.00,441.00,83.60,215.90,1.0000,-1,-1
478,36,1364.00,381.00,139.60,342.90,1.0000,-1,-1
478,40,1170.00,459.00,81.00,190.60,1.0000,-1,-1
479,20,1629.00,410.00,105.80,263.50,0.9990,-1,-1
479,28,375.00,306.00,276.70,567.10,1.0000,-1,-1
479,29,1840.00,419.00,73.50,208.50,0.9980,-1,-1
479,30,1549.00,425.00,134.30,261.80,1.0000,-1,-1
479,33,1790.00,417.00,82.60,217.30,1.0000,-1,-1
479,34,1498.00,439.00,71.30,207.30,0.9070,-1,-1
479,36,1361.00,394.00,135.20,330.30,1.0000,-1,-1
479,40,1173.00,463.00,83.30,195.00,1.0000,-1,-1
480,20,1619.00,407.00,106.70,263.00,1.0000,-1,-1
480,28,393.00,309.00,259.10,541.70,1.0000,-1,-1
480,29,1842.00,431.00,75.30,195.30,0.9960,-1,-1
480,30,1550.00,416.00,110.70,257.50,0.9990,-1,-1
480,33,1793.00,427.00,75.70,204.50,1.0000,-1,-1
480,36,1370.00,386.00,124.90,321.70,1.0000,-1,-1
480,40,1188.00,456.00,79.10,193.90,1.0000,-1,-1
481,20,1614.00,413.00,115.20,255.50,1.0000,-1,-1
481,28,402.00,317.00,239.70,551.50,1.0000,-1,-1
481,29,1841.00,421.00,66.30,212.30,0.9920,-1,-1
481,30,1539.00,403.00,115.90,274.80,1.0000,-1,-1
481,33,1791.00,425.00,77.20,210.00,1.0000,-1,-1
481,36,1382.00,388.00,121.40,313.20,1.0000,-1,-1
481,40,1199.00,458.00,68.50,192.90,1.0000,-1,-1
482,20,1595.00,407.00,136.90,264.00,1.0000,-1,-1
482,28,421.00,326.00,226.80,533.70,1.0000,-1,-1
482,29,1860.00,421.00,58.20,213.40,0.9910,-1,-1
482,30,1526.00,406.00,102.10,263.90,1.0000,-1,-1
482,33,1795.00,426.00,72.30,208.00,1.0000,-1,-1
482,36,1375.00,379.00,127.80,335.00,1.0000,-1,-1
482,40,1186.00,450.00,85.20,193.60,1.0000,-1,-1
483,20,1596.00,411.00,122.50,262.80,1.0000,-1,-1
483,28,431.00,299.00,221.00,570.60,1.0000,-1,-1
483,29,1853.00,430.00,64.70,197.80,0.9850,-1,-1
483,30,1523.00,403.00,94.20,273.20,1.0000,-1,-1
483,33,1796.00,425.00,81.50,215.60,1.0000,-1,-1
483,36,1401.00,381.00,113.60,335.30,1.0000,-1,-1
483,40,1199.00,458.00,79.10,192.10,1.0000,-1,-1
484,20,1598.00,420.00,112.40,243.00,1.0000,-1,-1
484,28,433.00,308.00,226.20,555.00,1.0000,-1,-1
484,29,1856.00,428.00,60.80,209.50,0.9700,-1,-1
484,30,1522.00,413.00,96.40,263.80,1.0000,-1,-1
484,33,1801.00,428.00,80.30,209.40,1.0000,-1,-1
484,36,1416.00,397.00,117.80,325.50,1.0000,-1,-1
484,40,1207.00,459.00,80.90,187.40,1.0000,-1,-1
485,20,1592.00,408.00,108.50,256.30,1.0000,-1,-1
485,28,437.00,320.00,218.90,537.80,1.0000,-1,-1
485,30,1513.00,405.00,85.90,274.90,0.9990,-1,-1
485,33,1803.00,429.00,71.30,200.00,1.0000,-1,-1
485,36,1405.00,386.00,122.40,323.30,1.0000,-1,-1
485,39,-53.00,202.00,269.70,783.60,0.9270,-1,-1
485,40,1209.00,459.00,82.50,184.10,1.0000,-1,-1
486,20,1560.00,426.00,139.70,238.60,1.0000,-1,-1
486,28,464.00,311.00,206.20,538.30,1.0000,-1,-1
486,30,1501.00,427.00,103.20,247.10,1.0000,-1,-1
486,33,1800.00,422.00,80.00,213.00,1.0000,-1,-1
486,36,1410.00,383.00,114.30,322.10,1.0000,-1,-1
486,39,-58.00,217.00,308.50,795.60,0.9760,-1,-1
486,40,1215.00,462.00,82.00,188.00,1.0000,-1,-1
487,20,1585.00,429.00,101.80,254.60,1.0000,-1,-1
487,28,474.00,305.00,187.10,543.00,1.0000,-1,-1
487,30,1492.00,407.00,115.60,271.80,0.9970,-1,-1
487,33,1799.00,425.00,81.90,210.00,1.0000,-1,-1
487,36,1415.00,381.00,102.40,324.20,1.0000,-1,-1
487,39,-56.00,204.00,307.30,834.00,0.9860,-1,-1
487,40,1225.00,460.00,79.10,183.90,1.0000,-1,-1
488,20,1565.00,399.00,102.60,280.00,1.0000,-1,-1
488,28,489.00,323.00,192.90,529.30,1.0000,-1,-1
488,30,1494.00,410.00,101.70,269.00,0.9860,-1,-1
488,33,1799.00,425.00,88.10,220.90,1.0000,-1,-1
488,36,1422.00,395.00,110.20,298.40,0.9990,-1,-1
488,39,-49.00,194.00,317.50,837.00,0.9940,-1,-1
488,40,1223.00,457.00,89.80,191.70,1.0000,-1,-1
489,20,1550.00,402.00,98.00,261.40,0.9990,-1,-1
489,28,506.00,302.00,179.30,521.70,1.0000,-1,-1
489,30,1493.00,425.00,95.30,262.60,0.9810,-1,-1
489,33,1799.00,419.00,91.20,210.30,1.0000,-1,-1
489,36,1423.00,391.00,111.30,305.80,0.9980,-1,-1
489,39,-39.00,206.00,316.30,819.30,0.9990,-1,-1
489,40,1224.00,464.00,91.40,181.60,1.0000,-1,-1
490,20,1557.00,417.00,97.60,255.20,0.9990,-1,-1
490,28,508.00,318.00,172.90,534.00,1.0000,-1,-1
490,33,1801.00,429.00,73.90,209.60,1.0000,-1,-1
490,36,1436.00,386.00,123.20,337.80,0.9990,-1,-1
490,39,-13.00,209.00,333.60,779.50,0.9990,-1,-1
490,40,1227.00,451.00,96.30,205.50,1.0000,-1,-1
491,20,1543.00,423.00,107.00,252.60,0.9990,-1,-1
491,28,508.00,288.00,188.50,543.30,1.0000,-1,-1
491,33,1812.00,422.00,74.00,202.70,1.0000,-1,-1
491,36,1454.00,387.00,114.40,316.00,1.0000,-1,-1
491,39,24.00,226.00,287.80,763.40,0.9990,-1,-1
491,40,1233.00,455.00,93.40,190.90,1.0000,-1,-1
492,20,1534.00,418.00,119.50,255.20,0.9990,-1,-1
492,28,512.00,315.00,197.90,519.90,1.0000,-1,-1
492,33,1805.00,420.00,80.10,216.80,1.0000,-1,-1
492,36,1447.00,389.00,111.20,321.60,1.0000,-1,-1
492,39,74.00,213.00,284.30,786.80,1.0000,-1,-1
492,40,1237.00,457.00,91.10,197.50,1.0000,-1,-1
493,20,1535.00,434.00,95.80,244.50,0.9990,-1,-1
493,28,538.00,307.00,175.80,517.70,1.0000,-1,-1
493,33,1815.00,419.00,79.00,210.90,0.9990,-1,-1
493,36,1450.00,405.00,101.50,309.10,1.0000,-1,-1
493,39,71.00,220.00,313.30,774.80,1.0000,-1,-1
493,40,1254.00,453.00,73.40,192.90,1.0000,-1,-1
494,20,1580.00,444.00,69.60,208.00,0.9990,-1,-1
494,28,544.00,320.00,168.20,507.90,1.0000,-1,-1
494,30,1533.00,423.00,104.70,243.40,0.9960,-1,-1
494,33,1811.00,423.00,81.30,213.90,0.9990,-1,-1
494,36,1459.00,386.00,106.70,315.20,0.9990,-1,-1
494,39,44.00,209.00,371.80,785.30,1.0000,-1,-1
494,40,1245.00,454.00,97.10,199.70,1.0000,-1,-1
495,20,1559.00,438.00,87.50,217.20,0.9980,-1,-1
495,28,540.00,322.00,182.40,524.70,1.0000,-1,-1
495,30,1503.00,402.00,115.30,286.10,0.9480,-1,-1
495,33,1806.00,419.00,81.90,207.50,1.0000,-1,-1
495,36,1449.00,394.00,105.20,301.60,1.0000,-1,-1
495,39,89.00,202.00,369.60,788.30,1.0000,-1,-1
495,40,1261.00,454.00,86.50,201.90,1.0000,-1,-1
496,20,1584.00,450.00,68.40,190.70,0.9970,-1,-1
496,28,560.00,325.00,182.60,519.90,1.0000,-1,-1
496,30,1545.00,435.00,90.50,231.10,0.9920,-1,-1
496,33,1813.00,425.00,84.50,209.40,1.0000,-1,-1
496,34,1484.00,387.00,102.50,313.40,0.9990,-1,-1
496,36,1431.00,426.00,98.90,243.20,0.9950,-1,-1
496,39,116.00,251.00,408.20,704.90,1.0000,-1,-1
496,40,1270.00,452.00,81.70,196.60,1.0000,-1,-1
496,42,1679.00,474.00,47.90,129.20,0.9410,-1,-1
497,20,1588.00,453.00,67.30,190.70,0.9990,-1,-1
497,28,566.00,326.00,187.30,514.70,1.0000,-1,-1
497,33,1820.00,424.00,77.50,204.50,1.0000,-1,-1
497,34,1491.00,392.00,114.90,316.40,0.9990,-1,-1
497,36,1425.00,423.00,98.00,250.40,0.9990,-1,-1
497,39,106.00,243.00,437.00,722.00,1.0000,-1,-1
497,40,1270.00,455.00,85.00,190.00,1.0000,-1,-1
497,42,1680.00,469.00,51.60,129.10,0.9140,-1,-1
498,20,1591.00,442.00,74.80,198.10,0.9990,-1,-1
498,28,562.00,326.00,175.80,506.10,1.0000,-1,-1
498,33,1819.00,420.00,74.00,215.60,1.0000,-1,-1
498,34,1481.00,387.00,116.90,315.40,1.0000,-1,-1
498,36,1424.00,430.00,89.40,233.60,1.0000,-1,-1
498,39,133.00,229.00,415.20,757.30,1.0000,-1,-1
498,40,1276.00,459.00,85.10,194.40,1.0000,-1,-1
499,20,1595.00,446.00,74.40,197.50,0.9960,-1,-1
499,28,564.00,328.00,203.00,513.10,1.0000,-1,-1
499,33,1825.00,430.00,74.00,198.90,1.0000,-1,-1
499,34,1481.00,388.00,115.50,316.00,1.0000,-1,-1
499,36,1422.00,430.00,89.30,240.40,1.0000,-1,-1
499,39,148.00,221.00,409.80,766.40,1.0000,-1,-1
499,40,1275.00,459.00,93.00,184.50,1.0000,-1,-1
500,20,1605.00,449.00,71.90,185.50,0.9990,-1,-1
500,28,585.00,307.00,173.30,537.10,1.0000,-1,-1
500,33,1824.00,431.00,72.40,200.10,1.0000,-1,-1
500,34,1486.00,400.00,108.40,281.70,0.9990,-1,-1
500,36,1403.00,441.00,99.60,230.20,1.0000,-1,-1
500,39,172.00,240.00,417.10,726.50,1.0000,-1,-1
500,40,1294.00,461.00,84.60,191.10,1.0000,-1,-1
501,20,1603.00,458.00,81.40,181.90,0.9990,-1,-1
501,28,592.00,321.00,160.30,511.40,1.0000,-1,-1
501,33,1825.00,431.00,72.70,199.70,1.0000,-1,-1
501,34,1496.00,406.00,100.10,282.90,0.9990,-1,-1
501,36,1395.00,433.00,104.20,247.50,1.0000,-1,-1
501,39,238.00,246.00,315.90,711.80,1.0000,-1,-1
501,40,1289.00,457.00,94.50,187.80,1.0000,-1,-1
502,20,1606.00,450.00,78.20,181.30,1.0000,-1,-1
502,28,611.00,322.00,164.40,514.50,1.0000,-1,-1
502,33,1829.00,419.00,68.10,220.80,1.0000,-1,-1
502,34,1492.00,390.00,111.80,299.70,1.0000,-1,-1
502,36,1398.00,434.00,94.20,242.20,1.0000,-1,-1
502,39,254.00,260.00,305.70,697.80,1.0000,-1,-1
502,40,1298.00,459.00,82.30,179.90,1.0000,-1,-1
503,20,1611.00,443.00,79.90,190.30,1.0000,-1,-1
503,28,611.00,331.00,174.10,493.20,1.0000,-1,-1
503,30,1507.00,386.00,121.60,313.00,1.0000,-1,-1
503,33,1821.00,415.00,81.30,217.90,1.0000,-1,-1
503,34,1451.00,422.00,96.00,245.90,0.9970,-1,-1
503,36,1388.00,437.00,96.80,231.50,1.0000,-1,-1
503,39,317.00,255.00,268.20,686.10,1.0000,-1,-1
503,40,1302.00,458.00,76.90,183.90,1.0000,-1,-1
504,20,1617.00,452.00,64.90,177.80,1.0000,-1,-1
504,28,604.00,313.00,182.80,501.10,1.0000,-1,-1
504,30,1506.00,393.00,115.80,305.30,0.9990,-1,-1
504,33,1818.00,420.00,81.90,209.40,1.0000,-1,-1
504,34,1467.00,424.00,73.20,242.50,0.9980,-1,-1
504,36,1382.00,433.00,105.60,244.50,1.0000,-1,-1
504,39,346.00,241.00,236.60,696.50,1.0000,-1,-1
504,40,1300.00,450.00,97.40,191.70,1.0000,-1,-1
505,20,1615.00,446.00,67.20,197.40,1.0000,-1,-1
505,28,636.00,337.00,155.80,472.50,1.0000,-1,-1
505,30,1521.00,403.00,105.50,311.90,0.9990,-1,-1
505,33,1825.00,418.00,69.60,206.10,1.0000,-1,-1
505,34,1452.00,429.00,92.10,236.60,1.0000,-1,-1
505,36,1385.00,436.00,90.30,231.90,1.0000,-1,-1
505,39,389.00,244.00,222.00,682.70,1.0000,-1,-1
505,40,1306.00,448.00,85.00,202.70,1.0000,-1,-1
506,20,1616.00,453.00,67.20,195.70,1.0000,-1,-1
506,28,629.00,323.00,171.20,490.80,1.0000,-1,-1
506,30,1525.00,405.00,105.20,286.50,0.9990,-1,-1
506,33,1831.00,426.00,72.80,206.50,1.0000,-1,-1
506,34,1440.00,425.00,95.30,249.60,1.0000,-1,-1
506,36,1378.00,432.00,89.00,230.60,0.9990,-1,-1
506,39,393.00,256.00,227.50,681.00,1.0000,-1,-1
506,40,1320.00,448.00,74.70,203.30,1.0000,-1,-1
507,20,1619.00,455.00,71.30,189.40,1.0000,-1,-1
507,28,637.00,334.00,167.70,500.60,1.0000,-1,-1
507,30,1510.00,390.00,108.20,318.80,0.9990,-1,-1
507,33,1821.00,422.00,77.00,208.20,1.0000,-1,-1
507,34,1437.00,433.00,98.00,236.80,0.9990,-1,-1
507,36,1372.00,435.00,87.10,226.60,0.9980,-1,-1
507,39,413.00,250.00,251.10,669.30,1.0000,-1,-1
507,40,1328.00,453.00,75.50,194.60,1.0000,-1,-1
508,20,1614.00,452.00,77.80,197.80,1.0000,-1,-1
508,28,625.00,326.00,191.30,499.30,1.0000,-1,-1
508,30,1521.00,407.00,106.40,282.00,0.9990,-1,-1
508,33,1829.00,418.00,83.00,210.60,1.0000,-1,-1
508,34,1420.00,418.00,108.70,256.50,0.9990,-1,-1
508,36,1355.00,438.00,95.70,231.70,1.0000,-1,-1
508,39,415.00,248.00,265.80,668.60,1.0000,-1,-1
509,20,1624.00,451.00,67.10,191.20,1.0000,-1,-1
509,28,636.00,316.00,186.30,519.70,1.0000,-1,-1
509,30,1519.00,398.00,115.20,297.70,0.9990,-1,-1
509,33,1833.00,429.00,76.40,204.10,1.0000,-1,-1
509,34,1415.00,424.00,121.50,241.80,0.9990,-1,-1
509,36,1351.00,426.00,95.30,237.70,0.9990,-1,-1
509,39,434.00,259.00,269.80,666.30,1.0000,-1,-1
510,20,1629.00,448.00,76.80,195.20,1.0000,-1,-1
510,28,647.00,329.00,209.10,479.30,1.0000,-1,-1
510,30,1531.00,411.00,103.20,282.90,1.0000,-1,-1
510,33,1821.00,428.00,93.40,201.40,1.0000,-1,-1
510,34,1400.00,422.00,124.60,244.40,1.0000,-1,-1
510,36,1350.00,433.00,92.70,239.80,0.9990,-1,-1
510,39,441.00,245.00,309.60,688.60,1.0000,-1,-1
511,20,1627.00,448.00,75.40,192.50,1.0000,-1,-1
511,30,1545.00,402.00,91.80,283.60,0.9990,-1,-1
511,33,1827.00,423.00,82.50,215.60,1.0000,-1,-1
511,34,1413.00,439.00,99.60,231.70,1.0000,-1,-1
511,36,1355.00,436.00,78.40,229.80,1.0000,-1,-1
511,39,452.00,251.00,345.90,682.90,1.0000,-1,-1
512,20,1636.00,449.00,62.50,197.30,1.0000,-1,-1
512,28,674.00,324.00,195.40,500.30,1.0000,-1,-1
512,30,1539.00,390.00,116.50,305.30,1.0000,-1,-1
512,33,1826.00,427.00,92.00,214.40,1.0000,-1,-1
512,34,1401.00,430.00,95.40,244.60,1.0000,-1,-1
512,36,1341.00,437.00,88.50,228.80,1.0000,-1,-1
512,39,463.00,267.00,290.50,662.10,1.0000,-1,-1
513,20,1638.00,440.00,70.10,208.50,1.0000,-1,-1
513,28,692.00,328.00,175.40,496.30,0.9990,-1,-1
513,30,1542.00,393.00,105.70,280.50,1.0000,-1,-1
513,33,1839.00,426.00,71.00,200.20,1.0000,-1,-1
513,34,1400.00,435.00,84.80,228.20,1.0000,-1,-1
513,36,1332.00,446.00,91.90,230.70,1.0000,-1,-1
513,39,495.00,271.00,283.80,642.60,1.0000,-1,-1
514,20,1634.00,453.00,72.50,189.30,1.0000,-1,-1
514,28,696.00,326.00,169.00,493.40,0.9990,-1,-1
514,30,1546.00,406.00,101.70,261.60,1.0000,-1,-1
514,33,1830.00,433.00,74.50,187.80,1.0000,-1,-1
514,34,1389.00,435.00,91.70,234.30,1.0000,-1,-1
514,39,528.00,278.00,244.30,618.40,1.0000,-1,-1
514,40,1327.00,429.00,82.60,237.30,1.0000,-1,-1
515,20,1640.00,450.00,71.10,181.20,0.9990,-1,-1
515,28,691.00,323.00,170.30,500.60,1.0000,-1,-1
515,30,1553.00,397.00,101.30,291.00,1.0000,-1,-1
515,33,1831.00,422.00,82.30,209.20,1.0000,-1,-1
515,34,1392.00,433.00,81.00,223.20,0.9990,-1,-1
515,39,540.00,267.00,232.80,641.60,1.0000,-1,-1
515,40,1328.00,440.00,84.30,224.00,1.0000,-1,-1
516,20,1648.00,449.00,57.50,186.60,1.0000,-1,-1
516,30,1572.00,397.00,88.70,291.00,1.0000,-1,-1
516,33,1831.00,426.00,85.30,205.90,0.9970,-1,-1
516,34,1381.00,430.00,90.50,240.90,1.0000,-1,-1
516,39,589.00,281.00,232.80,602.60,1.0000,-1,-1
516,40,1319.00,443.00,98.20,230.50,0.9990,-1,-1
517,20,1651.00,451.00,64.60,190.00,1.0000,-1,-1
517,30,1575.00,400.00,85.50,284.10,0.9990,-1,-1
517,33,1837.00,419.00,66.30,211.40,0.9940,-1,-1
517,34,1385.00,439.00,82.50,229.70,1.0000,-1,-1
517,39,603.00,294.00,215.50,585.90,1.0000,-1,-1
517,40,1307.00,425.00,115.10,250.20,0.9990,-1,-1
518,20,1649.00,454.00,75.10,183.90,1.0000,-1,-1
518,30,1583.00,401.00,89.30,285.90,0.9990,-1,-1
518,33,1840.00,425.00,79.80,203.70,0.9950,-1,-1
518,34,1370.00,436.00,89.20,229.90,1.0000,-1,-1
518,39,630.00,263.00,207.90,625.70,1.0000,-1,-1
518,40,1305.00,436.00,104.10,226.80,0.9990,-1,-1
519,20,1657.00,455.00,68.10,183.20,1.0000,-1,-1
519,30,1583.00,410.00,95.40,277.00,0.9990,-1,-1
519,33,1841.00,416.00,84.80,208.70,0.9900,-1,-1
519,34,1371.00,439.00,87.20,230.90,1.0000,-1,-1
519,39,655.00,288.00,186.40,601.40,1.0000,-1,-1
519,40,1307.00,442.00,93.90,218.90,1.0000,-1,-1
520,20,1651.00,442.00,72.60,196.10,1.0000,-1,-1
520,30,1577.00,411.00,89.60,264.50,0.9990,-1,-1
520,33,1843.00,409.00,79.90,215.40,0.9960,-1,-1
520,34,1364.00,433.00,97.70,238.30,1.0000,-1,-1
520,39,657.00,291.00,212.10,585.90,1.0000,-1,-1
520,40,1308.00,446.00,88.20,226.90,1.0000,-1,-1
521,20,1661.00,442.00,68.00,208.20,1.0000,-1,-1
521,30,1581.00,413.00,109.20,271.60,0.9990,-1,-1
521,33,1843.00,397.00,91.00,236.90,0.9940,-1,-1
521,34,1415.00,453.00,75.50,208.60,1.0000,-1,-1
521,36,1349.00,436.00,100.10,233.70,0.9990,-1,-1
521,39,684.00,254.00,235.10,630.60,1.0000,-1,-1
521,40,1295.00,436.00,95.00,224.60,1.0000,-1,-1
522,20,1661.00,446.00,69.60,197.70,0.9990,-1,-1
522,30,1580.00,403.00,98.60,289.00,0.9990,-1,-1
522,33,1835.00,381.00,111.20,306.60,0.9790,-1,-1
522,34,1415.00,455.00,79.30,200.90,1.0000,-1,-1
522,36,1345.00,436.00,98.90,225.10,0.9990,-1,-1
522,39,678.00,277.00,247.40,609.10,1.0000,-1,-1
522,40,1289.00,437.00,92.50,226.70,1.0000,-1,-1
523,20,1668.00,449.00,69.70,193.40,1.0000,-1,-1
523,30,1587.00,389.00,92.70,297.90,0.9990,-1,-1
523,33,1837.00,377.00,111.50,316.60,0.9800,-1,-1
523,34,1424.00,457.00,85.30,213.30,1.0000,-1,-1
523,36,1339.00,440.00,107.50,225.00,1.0000,-1,-1
523,39,671.00,293.00,255.50,566.30,1.0000,-1,-1
523,40,1285.00,443.00,80.40,222.30,1.0000,-1,-1
524,20,1668.00,444.00,65.70,199.10,1.0000,-1,-1
524,30,1589.00,391.00,103.70,291.90,0.9990,-1,-1
524,33,1840.00,374.00,105.40,309.90,0.9830,-1,-1
524,34,1426.00,453.00,95.10,203.00,1.0000,-1,-1
524,36,1330.00,455.00,111.30,201.90,1.0000,-1,-1
524,39,703.00,280.00,243.40,574.00,1.0000,-1,-1
524,40,1279.00,450.00,82.20,205.90,0.9990,-1,-1
525,20,1673.00,453.00,65.90,184.40,1.0000,-1,-1
525,30,1600.00,401.00,89.30,274.20,0.9990,-1,-1
525,33,1848.00,382.00,90.40,297.00,0.9940,-1,-1
525,34,1424.00,456.00,90.30,198.20,0.9990,-1,-1
525,36,1337.00,444.00,101.50,219.70,1.0000,-1,-1
525,39,688.00,288.00,263.30,565.60,1.0000,-1,-1
525,40,1279.00,452.00,80.40,206.20,0.9990,-1,-1
