1,1,1481.00,417.00,67.70,172.70,1.0000,-1,-1
1,2,467.00,423.00,73.00,191.50,1.0000,-1,-1
1,3,676.00,418.00,75.80,189.40,0.9990,-1,-1
1,4,1114.00,414.00,31.20,87.40,0.9990,-1,-1
1,5,1369.00,405.00,70.40,226.40,0.9990,-1,-1
1,6,1170.00,414.00,39.20,105.10,0.9990,-1,-1
1,7,546.00,439.00,62.10,176.50,0.9990,-1,-1
1,8,587.00,420.00,59.20,184.60,0.9980,-1,-1
1,9,1223.00,408.00,43.40,125.60,0.9970,-1,-1
1,10,723.00,411.00,59.00,194.20,0.9950,-1,-1
1,11,1194.00,413.00,32.70,103.90,0.9850,-1,-1
1,12,808.00,435.00,19.40,55.30,0.9830,-1,-1
1,13,402.00,432.00,24.70,65.60,0.9740,-1,-1
1,14,857.00,430.00,23.90,70.70,0.9630,-1,-1
1,15,637.00,421.00,50.70,136.60,0.9570,-1,-1
1,16,829.00,430.00,20.80,58.00,0.9460,-1,-1
1,17,842.00,427.00,25.50,67.90,0.9340,-1,-1
1,18,781.00,424.00,22.40,64.90,0.9000,-1,-1
2,1,1471.00,413.00,67.00,175.20,1.0000,-1,-1
2,2,465.00,429.00,66.30,183.00,1.0000,-1,-1
2,3,671.00,416.00,63.80,199.80,1.0000,-1,-1
2,4,1105.00,417.00,32.90,86.50,0.9960,-1,-1
2,5,1363.00,396.00,71.60,230.00,1.0000,-1,-1
2,6,1167.00,416.00,40.30,107.00,0.9960,-1,-1
2,7,545.00,428.00,58.10,184.90,0.9960,-1,-1
2,8,582.00,421.00,61.40,184.30,0.9950,-1,-1
2,9,1213.00,405.00,46.20,119.20,0.9990,-1,-1
2,10,720.00,414.00,62.70,187.30,0.9990,-1,-1
2,12,798.00,428.00,22.10,60.80,0.9600,-1,-1
2,13,396.00,431.00,27.30,65.80,0.9810,-1,-1
2,14,851.00,432.00,23.40,70.00,0.9800,-1,-1
2,15,627.00,426.00,53.50,146.90,0.9680,-1,-1
2,16,820.00,435.00,20.80,53.90,0.9690,-1,-1
2,17,836.00,428.00,21.50,70.40,0.9320,-1,-1
3,1,1462.00,410.00,70.50,188.70,1.0000,-1,-1
3,2,452.00,422.00,72.80,191.60,1.0000,-1,-1
3,3,661.00,410.00,74.00,195.20,0.9990,-1,-1
3,4,1100.00,419.00,31.30,83.70,0.9910,-1,-1
3,5,1360.00,397.00,75.50,213.50,1.0000,-1,-1
3,6,1154.00,422.00,40.60,105.20,0.9970,-1,-1
3,7,539.00,431.00,60.70,172.50,0.9990,-1,-1
3,8,575.00,420.00,61.80,186.80,0.9990,-1,-1
3,9,1203.00,409.00,47.60,121.20,0.9960,-1,-1
3,10,714.00,416.00,55.80,178.40,0.9950,-1,-1
3,11,1180.00,419.00,32.60,94.60,0.9720,-1,-1
3,12,792.00,433.00,20.40,55.20,0.9720,-1,-1
3,13,381.00,427.00,30.50,71.50,0.9830,-1,-1
3,14,844.00,430.00,23.20,68.90,0.9630,-1,-1
3,15,632.00,428.00,52.60,131.60,0.9960,-1,-1
3,16,812.00,431.00,20.40,56.40,0.9140,-1,-1
3,17,825.00,429.00,24.10,66.50,0.9580,-1,-1
3,19,766.00,426.00,22.20,63.30,0.9220,-1,-1
4,1,1459.00,418.00,71.20,182.20,1.0000,-1,-1
4,2,446.00,425.00,68.70,190.60,1.0000,-1,-1
4,3,651.00,417.00,81.70,193.80,1.0000,-1,-1
4,4,1094.00,416.00,32.10,83.20,0.9960,-1,-1
4,5,1352.00,391.00,76.10,230.80,1.0000,-1,-1
4,6,1149.00,422.00,40.10,103.40,0.9940,-1,-1
4,7,524.00,425.00,61.80,175.90,0.9960,-1,-1
4,8,567.00,423.00,57.60,177.10,0.9950,-1,-1
4,9,1207.00,410.00,42.40,119.20,0.9970,-1,-1
4,11,1181.00,418.00,34.60,106.70,0.9070,-1,-1
4,12,789.00,428.00,22.70,61.10,0.9700,-1,-1
4,13,375.00,429.00,28.70,71.00,0.9910,-1,-1
4,14,841.00,435.00,17.90,62.90,0.9610,-1,-1
4,15,622.00,427.00,50.40,129.40,0.9850,-1,-1
4,17,821.00,423.00,22.60,71.90,0.9410,-1,-1
4,19,756.00,426.00,24.30,64.50,0.9870,-1,-1
5,1,1448.00,415.00,69.90,189.00,1.0000,-1,-1
5,2,430.00,426.00,76.90,188.80,1.0000,-1,-1
5,3,637.00,415.00,82.90,196.50,0.9990,-1,-1
5,4,1087.00,420.00,33.40,83.60,0.9950,-1,-1
5,5,1348.00,401.00,86.00,230.80,1.0000,-1,-1
5,6,1141.00,426.00,38.30,103.20,1.0000,-1,-1
5,7,515.00,432.00,65.40,169.80,0.9990,-1,-1
5,8,560.00,427.00,58.90,173.00,0.9960,-1,-1
5,9,1194.00,416.00,44.50,114.60,0.9990,-1,-1
5,11,1166.00,422.00,31.30,96.80,0.9820,-1,-1
5,13,361.00,431.00,29.90,77.30,0.9400,-1,-1
5,15,610.00,428.00,50.60,127.00,0.9440,-1,-1
5,16,816.00,432.00,22.00,62.80,0.9620,-1,-1
5,17,827.00,435.00,20.90,64.30,0.9500,-1,-1
5,18,777.00,437.00,20.40,56.70,0.9910,-1,-1
5,20,803.00,441.00,19.70,56.00,0.9380,-1,-1
5,21,744.00,438.00,23.60,62.60,0.9010,-1,-1
6,1,1445.00,423.00,63.70,167.90,1.0000,-1,-1
6,2,434.00,426.00,72.40,184.90,1.0000,-1,-1
6,3,647.00,421.00,82.60,207.90,0.9990,-1,-1
6,4,1086.00,421.00,34.20,89.50,0.9880,-1,-1
6,5,1350.00,386.00,83.90,260.30,1.0000,-1,-1
6,6,1137.00,430.00,40.90,103.20,0.9980,-1,-1
6,7,515.00,437.00,62.50,170.20,0.9930,-1,-1
6,8,546.00,420.00,76.50,192.70,0.9910,-1,-1
6,9,1187.00,413.00,45.30,116.50,0.9990,-1,-1
6,11,1162.00,425.00,31.20,99.50,0.9820,-1,-1
6,13,360.00,438.00,27.00,67.20,0.9790,-1,-1
6,15,609.00,433.00,52.50,122.90,0.9980,-1,-1
6,16,814.00,440.00,20.70,54.70,0.9400,-1,-1
6,17,831.00,433.00,20.20,66.80,0.9470,-1,-1
6,18,775.00,437.00,21.90,56.10,0.9660,-1,-1
6,20,797.00,437.00,22.80,61.70,0.9590,-1,-1
6,21,745.00,434.00,22.00,56.40,0.9890,-1,-1
7,1,1430.00,419.00,79.30,198.00,1.0000,-1,-1
7,2,425.00,434.00,77.20,184.30,1.0000,-1,-1
7,3,644.00,423.00,85.00,190.60,0.9980,-1,-1
7,4,1082.00,422.00,32.40,89.20,0.9910,-1,-1
7,5,1354.00,408.00,71.70,231.10,0.9990,-1,-1
7,6,1141.00,421.00,42.20,118.30,0.9980,-1,-1
7,7,504.00,441.00,62.30,176.40,0.9940,-1,-1
7,8,548.00,426.00,63.60,175.00,0.9950,-1,-1
7,9,1190.00,414.00,41.60,122.40,0.9980,-1,-1
7,14,833.00,436.00,26.10,71.30,0.9100,-1,-1
7,16,806.00,435.00,22.50,68.40,0.9090,-1,-1
7,17,823.00,442.00,20.80,55.30,0.9360,-1,-1
7,18,773.00,443.00,21.00,54.00,0.9710,-1,-1
7,20,795.00,438.00,21.90,62.80,0.9300,-1,-1
8,1,1421.00,423.00,80.40,185.20,1.0000,-1,-1
8,2,423.00,427.00,80.70,184.30,1.0000,-1,-1
8,3,632.00,427.00,83.40,202.70,0.9980,-1,-1
8,4,1077.00,430.00,30.90,80.80,0.9980,-1,-1
8,5,1351.00,406.00,83.70,232.20,1.0000,-1,-1
8,6,1130.00,429.00,39.40,105.20,1.0000,-1,-1
8,7,507.00,443.00,58.40,163.40,0.9960,-1,-1
8,8,544.00,438.00,72.50,178.20,0.9870,-1,-1
8,9,1176.00,418.00,50.70,120.40,0.9970,-1,-1
8,11,1158.00,422.00,34.30,110.20,0.9390,-1,-1
8,12,790.00,443.00,19.60,55.10,0.9800,-1,-1
8,13,345.00,435.00,28.70,69.90,0.9870,-1,-1
8,15,601.00,439.00,53.20,129.00,0.9960,-1,-1
8,16,807.00,439.00,22.90,67.40,0.9060,-1,-1
8,17,820.00,438.00,22.70,70.30,0.9820,-1,-1
8,18,772.00,444.00,22.30,58.50,0.9900,-1,-1
8,21,738.00,442.00,22.30,59.40,0.9730,-1,-1
9,1,1422.00,426.00,78.40,182.40,1.0000,-1,-1
9,2,421.00,440.00,73.10,173.00,1.0000,-1,-1
9,3,626.00,419.00,88.60,203.80,0.9980,-1,-1
9,4,1083.00,427.00,31.10,81.60,0.9970,-1,-1
9,5,1360.00,390.00,75.40,264.10,1.0000,-1,-1
9,6,1129.00,433.00,41.50,106.60,1.0000,-1,-1
9,7,497.00,436.00,69.00,172.20,0.9970,-1,-1
9,8,549.00,431.00,58.70,174.80,0.9970,-1,-1
9,9,1185.00,424.00,45.50,111.20,0.9960,-1,-1
9,11,1156.00,420.00,44.50,108.70,0.9510,-1,-1
9,12,792.00,442.00,20.50,58.80,0.9760,-1,-1
9,13,348.00,434.00,30.50,70.20,0.9800,-1,-1
9,16,808.00,440.00,20.50,62.00,0.9050,-1,-1
9,17,819.00,442.00,20.30,64.90,0.9770,-1,-1
9,18,770.00,448.00,20.20,55.40,0.9910,-1,-1
9,21,739.00,443.00,21.30,57.80,0.9700,-1,-1
10,1,1423.00,423.00,70.60,189.00,0.9990,-1,-1
10,2,418.00,431.00,80.60,187.80,1.0000,-1,-1
10,3,627.00,431.00,80.10,197.60,0.9990,-1,-1
10,4,1076.00,425.00,32.10,84.10,0.9980,-1,-1
10,5,1363.00,396.00,81.30,247.40,0.9990,-1,-1
10,6,1126.00,432.00,37.00,104.40,0.9990,-1,-1
10,7,496.00,441.00,68.90,177.20,0.9900,-1,-1
10,8,539.00,436.00,64.30,177.20,0.9940,-1,-1
10,9,1182.00,418.00,46.50,119.50,0.9970,-1,-1
10,11,1154.00,427.00,31.00,106.10,0.9750,-1,-1
10,12,790.00,440.00,20.70,60.50,0.9800,-1,-1
10,13,344.00,436.00,24.50,63.50,0.9810,-1,-1
10,17,824.00,444.00,21.20,66.00,0.9800,-1,-1
10,18,767.00,442.00,23.10,61.40,0.9810,-1,-1
10,20,799.00,437.00,25.20,69.40,0.9510,-1,-1
10,21,734.00,441.00,22.10,60.40,0.9910,-1,-1
10,22,710.00,448.00,19.00,50.80,0.9410,-1,-1
11,1,1423.00,432.00,69.30,172.20,0.9910,-1,-1
11,2,415.00,443.00,77.20,176.50,1.0000,-1,-1
11,3,614.00,421.00,96.50,206.40,1.0000,-1,-1
11,4,1078.00,428.00,33.20,83.60,0.9970,-1,-1
11,5,1360.00,395.00,73.70,242.40,1.0000,-1,-1
11,6,1124.00,429.00,39.40,107.20,0.9980,-1,-1
11,7,492.00,447.00,63.50,163.80,0.9920,-1,-1
11,8,544.00,436.00,60.10,182.10,0.9930,-1,-1
11,9,1173.00,419.00,50.10,124.10,0.9960,-1,-1
11,11,1155.00,430.00,30.70,105.00,0.9520,-1,-1
11,12,786.00,439.00,20.80,59.70,0.9880,-1,-1
11,13,335.00,437.00,28.70,65.80,0.9900,-1,-1
11,17,814.00,444.00,24.10,71.50,0.9390,-1,-1
11,18,768.00,442.00,22.00,56.80,0.9930,-1,-1
11,20,800.00,442.00,19.90,59.70,0.9650,-1,-1
11,21,734.00,443.00,21.90,59.70,0.9860,-1,-1
11,22,706.00,444.00,22.00,55.80,0.9700,-1,-1
12,1,1415.00,421.00,76.30,191.70,0.9980,-1,-1
12,2,411.00,427.00,81.30,190.00,1.0000,-1,-1
12,3,613.00,422.00,91.70,202.60,1.0000,-1,-1
12,4,1079.00,426.00,33.60,88.60,0.9940,-1,-1
12,5,1366.00,401.00,80.60,253.90,0.9990,-1,-1
12,6,1127.00,427.00,38.90,104.70,0.9890,-1,-1
12,7,490.00,445.00,60.00,164.60,0.9980,-1,-1
12,8,544.00,430.00,58.50,185.10,0.9950,-1,-1
12,9,1182.00,421.00,47.80,118.20,0.9950,-1,-1
12,11,1150.00,421.00,32.70,113.10,0.9600,-1,-1
12,12,785.00,438.00,21.60,62.90,0.9880,-1,-1
12,13,336.00,435.00,27.90,72.80,0.9960,-1,-1
12,17,816.00,444.00,21.40,64.70,0.9470,-1,-1
12,18,765.00,439.00,23.70,62.00,0.9860,-1,-1
12,20,800.00,435.00,20.50,59.30,0.9590,-1,-1
12,21,736.00,440.00,23.80,58.60,0.9840,-1,-1
12,22,708.00,442.00,23.90,61.30,0.9700,-1,-1
13,2,408.00,423.00,81.60,197.60,1.0000,-1,-1
13,3,606.00,421.00,106.80,204.20,1.0000,-1,-1
13,4,1079.00,424.00,30.90,86.30,0.9930,-1,-1
13,5,1374.00,398.00,80.90,254.80,1.0000,-1,-1
13,6,1123.00,429.00,41.20,107.20,0.9990,-1,-1
13,7,497.00,445.00,52.50,170.70,0.9990,-1,-1
13,8,539.00,432.00,63.30,181.30,0.9980,-1,-1
13,9,1179.00,419.00,48.80,121.20,0.9930,-1,-1
13,11,1148.00,426.00,33.40,105.70,0.9650,-1,-1
13,12,787.00,442.00,19.40,55.20,0.9810,-1,-1
13,13,331.00,436.00,27.60,69.20,0.9970,-1,-1
13,17,813.00,443.00,24.40,69.50,0.9500,-1,-1
13,20,793.00,435.00,23.30,67.70,0.9610,-1,-1
13,21,731.00,439.00,21.70,65.30,0.9840,-1,-1
14,2,404.00,432.00,74.80,182.30,1.0000,-1,-1
14,3,610.00,419.00,91.70,215.60,1.0000,-1,-1
14,4,1072.00,425.00,31.80,84.90,0.9930,-1,-1
14,5,1374.00,400.00,81.20,250.90,1.0000,-1,-1
14,6,1118.00,434.00,42.00,108.90,0.9990,-1,-1
14,7,486.00,439.00,62.60,174.40,1.0000,-1,-1
14,8,531.00,424.00,66.90,185.30,0.9990,-1,-1
14,9,1176.00,419.00,47.90,119.80,0.9940,-1,-1
14,11,1145.00,426.00,32.60,101.70,0.9530,-1,-1
14,12,784.00,441.00,22.00,62.40,0.9570,-1,-1
14,13,325.00,439.00,27.00,72.50,0.9900,-1,-1
14,18,763.00,443.00,19.40,55.80,0.9490,-1,-1
14,20,797.00,442.00,21.10,61.60,0.9630,-1,-1
14,21,727.00,435.00,23.50,66.00,0.9930,-1,-1
15,2,391.00,430.00,75.70,177.00,1.0000,-1,-1
15,3,600.00,419.00,94.90,217.50,1.0000,-1,-1
15,4,1064.00,425.00,31.50,81.70,0.9960,-1,-1
15,5,1373.00,410.00,85.10,264.30,1.0000,-1,-1
15,6,1114.00,432.00,40.90,103.20,0.9990,-1,-1
15,7,480.00,440.00,60.50,168.50,1.0000,-1,-1
15,8,530.00,430.00,65.50,178.60,0.9990,-1,-1
15,9,1168.00,419.00,49.60,119.90,0.9960,-1,-1
15,11,1138.00,424.00,33.20,107.80,0.9640,-1,-1
15,12,777.00,433.00,22.00,63.90,0.9780,-1,-1
15,13,315.00,433.00,28.40,70.00,0.9980,-1,-1
15,19,753.00,441.00,21.50,58.50,0.9630,-1,-1
15,20,795.00,439.00,21.10,64.30,0.9620,-1,-1
15,21,723.00,435.00,22.40,63.80,0.9950,-1,-1
15,23,694.00,443.00,21.10,56.60,0.9570,-1,-1
16,2,384.00,425.00,83.20,197.00,1.0000,-1,-1
16,3,591.00,410.00,91.50,236.40,1.0000,-1,-1
16,4,1064.00,421.00,34.00,89.80,0.9960,-1,-1
16,5,1371.00,392.00,85.90,265.90,1.0000,-1,-1
16,6,1114.00,426.00,38.40,106.30,0.9990,-1,-1
16,7,473.00,446.00,61.20,164.70,0.9860,-1,-1
16,8,518.00,435.00,62.20,170.10,0.9990,-1,-1
16,9,1161.00,422.00,50.00,117.00,0.9960,-1,-1
16,12,778.00,436.00,22.60,64.10,0.9710,-1,-1
16,13,308.00,434.00,27.10,69.10,0.9900,-1,-1
16,18,768.00,441.00,20.00,55.10,0.9430,-1,-1
16,20,793.00,438.00,23.70,68.00,0.9350,-1,-1
16,21,718.00,440.00,21.40,61.00,0.9950,-1,-1
16,23,689.00,441.00,21.90,63.50,0.9310,-1,-1
17,2,377.00,432.00,76.20,181.30,1.0000,-1,-1
17,3,582.00,419.00,101.00,217.80,1.0000,-1,-1
17,4,1055.00,425.00,31.90,86.90,0.9850,-1,-1
17,5,1363.00,404.00,97.70,255.60,1.0000,-1,-1
17,6,1110.00,426.00,37.00,107.90,0.9970,-1,-1
17,7,467.00,446.00,53.80,171.00,0.9960,-1,-1
17,8,514.00,439.00,66.70,182.90,0.9990,-1,-1
17,9,1160.00,420.00,46.70,117.40,0.9920,-1,-1
17,12,776.00,440.00,20.90,63.10,0.9440,-1,-1
17,13,301.00,436.00,30.20,71.50,0.9930,-1,-1
17,18,765.00,443.00,20.70,60.50,0.9490,-1,-1
17,19,741.00,438.00,23.20,63.90,0.9140,-1,-1
17,20,794.00,442.00,23.40,70.30,0.9290,-1,-1
17,22,710.00,436.00,24.20,64.50,0.9910,-1,-1
17,23,688.00,444.00,18.90,55.90,0.9590,-1,-1
18,2,376.00,433.00,81.60,186.00,1.0000,-1,-1
18,3,579.00,417.00,95.70,224.90,1.0000,-1,-1
18,4,1054.00,426.00,30.10,83.60,0.9890,-1,-1
18,5,1360.00,402.00,94.00,266.40,1.0000,-1,-1
18,6,1101.00,433.00,40.50,108.50,0.9990,-1,-1
18,7,462.00,434.00,57.90,173.50,0.9970,-1,-1
18,8,507.00,437.00,64.10,181.20,0.9980,-1,-1
18,9,1153.00,422.00,49.60,120.20,0.9940,-1,-1
18,12,777.00,437.00,21.30,67.80,0.9580,-1,-1
18,13,296.00,439.00,27.30,66.90,0.9970,-1,-1
18,18,762.00,448.00,19.60,51.30,0.9730,-1,-1
18,19,739.00,444.00,19.30,53.40,0.9730,-1,-1
18,22,703.00,443.00,21.90,59.60,0.9750,-1,-1
18,23,682.00,445.00,20.40,53.30,0.9660,-1,-1
19,2,363.00,433.00,81.50,188.00,0.9990,-1,-1
19,3,574.00,417.00,95.10,222.30,1.0000,-1,-1
19,4,1051.00,428.00,33.70,87.60,0.9940,-1,-1
19,5,1358.00,397.00,100.20,274.80,1.0000,-1,-1
19,6,1093.00,433.00,42.30,105.90,0.9990,-1,-1
19,7,454.00,438.00,61.30,181.80,0.9990,-1,-1
19,8,499.00,435.00,66.80,180.70,0.9990,-1,-1
19,9,1140.00,427.00,49.70,110.00,0.9790,-1,-1
19,11,1116.00,431.00,41.80,106.50,0.9350,-1,-1
19,12,769.00,438.00,22.30,65.40,0.9680,-1,-1
19,13,286.00,437.00,27.40,75.60,0.9760,-1,-1
19,18,756.00,449.00,19.60,54.30,0.9540,-1,-1
19,19,731.00,445.00,19.90,57.90,0.9550,-1,-1
19,22,704.00,443.00,21.90,60.70,0.9680,-1,-1
19,23,675.00,446.00,21.50,53.60,0.9580,-1,-1
20,2,349.00,447.00,77.30,178.40,1.0000,-1,-1
20,3,551.00,430.00,99.40,220.00,1.0000,-1,-1
20,5,1348.00,416.00,99.90,270.40,1.0000,-1,-1
20,6,1089.00,436.00,35.40,101.90,0.9990,-1,-1
20,7,434.00,452.00,56.60,174.50,1.0000,-1,-1
20,8,497.00,450.00,55.00,170.10,0.9940,-1,-1
20,9,1136.00,431.00,50.50,122.50,0.9970,-1,-1
20,11,1116.00,424.00,35.20,107.50,0.9620,-1,-1
20,12,765.00,447.00,24.50,74.60,0.9390,-1,-1
20,21,722.00,450.00,19.90,54.80,0.9640,-1,-1
20,23,666.00,452.00,20.50,51.20,0.9670,-1,-1
20,24,268.00,445.00,28.80,68.40,0.9980,-1,-1
20,25,1033.00,438.00,32.00,81.60,0.9950,-1,-1
20,26,690.00,448.00,22.30,67.30,0.9800,-1,-1
20,27,740.00,449.00,22.80,61.70,0.9500,-1,-1
21,2,340.00,439.00,79.00,184.00,0.9990,-1,-1
21,3,540.00,432.00,102.60,224.40,1.0000,-1,-1
21,5,1365.00,411.00,84.00,262.50,1.0000,-1,-1
21,6,1073.00,437.00,41.30,110.00,1.0000,-1,-1
21,7,436.00,450.00,58.30,173.30,0.9980,-1,-1
21,8,481.00,450.00,59.80,172.00,0.9900,-1,-1
21,9,1128.00,428.00,52.70,122.20,0.9910,-1,-1
21,12,759.00,456.00,21.40,61.70,0.9160,-1,-1
21,18,746.00,449.00,22.30,67.80,0.9340,-1,-1
21,22,710.00,453.00,22.00,60.00,0.9370,-1,-1
21,23,659.00,454.00,18.80,54.10,0.9720,-1,-1
21,24,255.00,447.00,30.70,77.20,0.9880,-1,-1
21,25,1029.00,434.00,33.10,86.70,0.9980,-1,-1
21,26,680.00,446.00,22.60,61.00,0.9270,-1,-1
21,27,742.00,455.00,15.70,56.50,0.9540,-1,-1
21,28,648.00,449.00,21.40,62.60,0.9320,-1,-1
22,2,334.00,446.00,76.50,178.70,0.9990,-1,-1
22,3,534.00,435.00,91.00,222.60,1.0000,-1,-1
22,5,1347.00,405.00,91.60,266.60,1.0000,-1,-1
22,6,1067.00,441.00,39.30,109.20,1.0000,-1,-1
22,7,420.00,449.00,68.10,173.80,0.9900,-1,-1
22,8,470.00,443.00,64.50,182.60,0.9890,-1,-1
22,9,1122.00,433.00,48.40,117.70,0.9910,-1,-1
22,18,743.00,453.00,24.30,69.90,0.9470,-1,-1
22,19,727.00,453.00,20.30,59.60,0.9000,-1,-1
22,24,246.00,453.00,28.40,68.20,0.9930,-1,-1
22,25,1024.00,440.00,32.90,86.80,0.9800,-1,-1
22,26,670.00,451.00,23.90,65.60,0.9750,-1,-1
22,29,699.00,452.00,20.00,63.70,0.9250,-1,-1
23,2,312.00,442.00,81.70,185.90,1.0000,-1,-1
23,3,518.00,435.00,111.30,229.80,1.0000,-1,-1
23,5,1333.00,411.00,97.30,285.40,0.9990,-1,-1
23,6,1058.00,437.00,39.80,109.10,0.9990,-1,-1
23,7,403.00,447.00,63.00,176.40,0.9900,-1,-1
23,8,462.00,455.00,63.80,178.10,0.9750,-1,-1
23,11,1111.00,427.00,48.00,119.50,0.9940,-1,-1
23,18,738.00,449.00,24.10,73.60,0.9350,-1,-1
23,21,718.00,456.00,22.60,60.80,0.9390,-1,-1
23,24,233.00,447.00,33.10,82.20,0.9850,-1,-1
23,25,1015.00,439.00,33.90,90.40,0.9950,-1,-1
23,26,664.00,453.00,23.60,61.30,0.9680,-1,-1
23,28,638.00,456.00,21.80,59.60,0.9120,-1,-1
23,29,694.00,456.00,20.80,57.40,0.9500,-1,-1
24,2,309.00,432.00,85.30,207.50,1.0000,-1,-1
24,3,508.00,435.00,99.80,230.40,1.0000,-1,-1
24,5,1337.00,413.00,91.80,270.40,0.9990,-1,-1
24,6,1054.00,444.00,37.00,101.20,0.9980,-1,-1
24,7,402.00,460.00,54.30,166.00,0.9810,-1,-1
24,8,440.00,455.00,66.10,179.20,0.9910,-1,-1
24,11,1103.00,437.00,45.50,119.10,0.9970,-1,-1
24,18,734.00,457.00,24.70,73.90,0.9500,-1,-1
24,23,657.00,457.00,22.90,61.10,0.9450,-1,-1
24,24,226.00,453.00,26.80,73.20,0.9900,-1,-1
24,25,999.00,440.00,34.40,86.60,0.9880,-1,-1
24,28,629.00,460.00,19.80,53.90,0.9650,-1,-1
24,29,685.00,452.00,23.50,62.90,0.9120,-1,-1
25,2,275.00,442.00,84.00,196.10,1.0000,-1,-1
25,3,471.00,437.00,114.30,238.40,1.0000,-1,-1
25,5,1326.00,414.00,86.20,272.00,1.0000,-1,-1
25,8,417.00,452.00,70.90,184.70,0.9810,-1,-1
25,22,704.00,461.00,23.70,71.70,0.9220,-1,-1
25,23,659.00,456.00,22.30,62.10,0.9150,-1,-1
25,28,627.00,454.00,23.10,63.60,0.9400,-1,-1
25,29,684.00,459.00,22.30,60.70,0.9740,-1,-1
25,30,1288.00,441.00,66.90,168.60,0.9980,-1,-1
25,31,1080.00,436.00,39.30,121.30,0.9970,-1,-1
25,32,980.00,441.00,32.60,88.10,0.9950,-1,-1
25,33,1022.00,444.00,41.00,105.90,0.9860,-1,-1
25,34,364.00,455.00,63.70,184.40,0.9810,-1,-1
25,35,190.00,458.00,27.70,70.40,0.9760,-1,-1
26,2,255.00,443.00,83.50,197.60,1.0000,-1,-1
26,3,461.00,424.00,101.90,254.80,0.9990,-1,-1
26,4,1039.00,436.00,32.50,105.70,0.9160,-1,-1
26,5,1315.00,410.00,87.70,283.40,1.0000,-1,-1
26,6,1059.00,435.00,47.80,123.90,0.9900,-1,-1
26,8,406.00,443.00,66.50,191.90,0.9820,-1,-1
26,26,666.00,456.00,21.90,61.70,0.9040,-1,-1
26,29,682.00,447.00,25.20,73.00,0.9450,-1,-1
26,30,1274.00,444.00,71.10,176.30,0.9950,-1,-1
26,32,966.00,437.00,32.70,94.10,0.9810,-1,-1
26,33,1011.00,442.00,38.60,101.80,0.9860,-1,-1
26,34,358.00,464.00,61.20,170.40,0.9800,-1,-1
26,36,175.00,455.00,28.10,70.40,0.9500,-1,-1
27,2,229.00,437.00,82.20,209.10,1.0000,-1,-1
27,3,428.00,426.00,112.40,250.70,0.9990,-1,-1
27,4,1034.00,434.00,47.20,116.30,0.9860,-1,-1
27,5,1293.00,418.00,88.90,283.10,0.9980,-1,-1
27,7,382.00,445.00,63.40,186.70,0.9510,-1,-1
27,23,659.00,450.00,23.70,76.00,0.9280,-1,-1
27,25,987.00,443.00,39.20,104.70,0.9560,-1,-1
27,30,1246.00,451.00,68.70,161.20,0.9830,-1,-1
27,33,1011.00,434.00,35.80,112.70,0.9210,-1,-1
27,34,331.00,454.00,61.60,178.00,0.9640,-1,-1
27,37,138.00,452.00,28.40,72.30,0.9740,-1,-1
27,38,944.00,440.00,30.30,82.40,0.9180,-1,-1
27,39,588.00,455.00,25.00,64.90,0.9000,-1,-1
28,2,205.00,449.00,89.20,187.30,1.0000,-1,-1
28,3,413.00,432.00,112.30,241.00,1.0000,-1,-1
28,4,1024.00,438.00,41.20,120.60,0.9980,-1,-1
28,5,1269.00,414.00,102.10,279.10,1.0000,-1,-1
28,7,355.00,447.00,65.20,185.50,0.9560,-1,-1
28,23,650.00,457.00,22.00,67.00,0.9670,-1,-1
28,26,659.00,455.00,25.30,71.50,0.9250,-1,-1
28,28,626.00,459.00,22.10,61.90,0.9770,-1,-1
28,30,1229.00,446.00,71.20,166.60,1.0000,-1,-1
28,32,971.00,447.00,39.20,111.30,1.0000,-1,-1
28,34,306.00,459.00,64.80,175.90,0.9990,-1,-1
28,38,926.00,444.00,34.40,84.50,0.9960,-1,-1
28,39,577.00,454.00,22.80,62.60,0.9840,-1,-1
28,40,118.00,452.00,31.60,76.70,0.9960,-1,-1
28,41,549.00,462.00,19.20,53.00,0.9890,-1,-1
28,42,603.00,453.00,24.50,68.20,0.9870,-1,-1
28,43,637.00,451.00,21.00,67.30,0.9350,-1,-1
29,2,203.00,452.00,78.10,180.20,1.0000,-1,-1
29,3,388.00,436.00,111.70,254.80,1.0000,-1,-1
29,5,1275.00,406.00,87.80,296.10,0.9990,-1,-1
29,7,345.00,457.00,59.40,176.50,0.9840,-1,-1
29,23,645.00,452.00,23.90,75.20,0.9350,-1,-1
29,25,990.00,438.00,33.30,112.20,0.9770,-1,-1
29,28,625.00,460.00,21.30,60.10,0.9640,-1,-1
29,30,1215.00,437.00,73.80,189.60,1.0000,-1,-1
29,32,960.00,442.00,40.00,109.60,1.0000,-1,-1
29,33,1011.00,434.00,44.90,122.00,0.9990,-1,-1
29,34,292.00,457.00,62.20,178.30,0.9970,-1,-1
29,38,919.00,444.00,30.10,79.70,0.9990,-1,-1
29,39,565.00,452.00,23.10,62.10,0.9950,-1,-1
29,40,100.00,450.00,36.00,75.50,0.9930,-1,-1
29,41,540.00,459.00,20.10,54.20,0.9730,-1,-1
29,42,594.00,453.00,24.60,59.90,0.9840,-1,-1
29,43,634.00,453.00,23.50,68.80,0.9530,-1,-1
30,2,167.00,446.00,79.50,192.10,1.0000,-1,-1
30,3,363.00,429.00,109.10,265.60,1.0000,-1,-1
30,5,1255.00,417.00,91.60,297.40,1.0000,-1,-1
30,7,319.00,439.00,65.10,188.00,0.9930,-1,-1
30,25,984.00,434.00,43.20,115.50,0.9870,-1,-1
30,28,624.00,455.00,21.10,73.60,0.9470,-1,-1
30,30,1195.00,449.00,70.90,171.00,1.0000,-1,-1
30,32,965.00,437.00,33.90,111.20,0.9860,-1,-1
30,34,269.00,447.00,65.60,190.40,0.9950,-1,-1
30,39,569.00,447.00,24.10,66.00,0.9780,-1,-1
30,41,540.00,456.00,20.70,55.00,0.9720,-1,-1
30,42,597.00,455.00,23.40,66.10,0.9720,-1,-1
30,44,940.00,443.00,41.60,106.50,0.9990,-1,-1
30,45,69.00,445.00,33.40,79.30,0.9990,-1,-1
30,46,899.00,439.00,33.50,90.10,0.9940,-1,-1
30,47,519.00,453.00,19.50,57.10,0.9900,-1,-1
30,48,610.00,449.00,24.20,71.40,0.9620,-1,-1
31,2,149.00,442.00,93.70,206.80,1.0000,-1,-1
31,3,351.00,443.00,100.50,255.70,1.0000,-1,-1
31,5,1254.00,423.00,96.70,297.10,1.0000,-1,-1
31,7,313.00,457.00,62.60,179.40,0.9660,-1,-1
31,25,976.00,442.00,46.70,115.90,0.9940,-1,-1
31,28,616.00,455.00,26.00,75.60,0.9430,-1,-1
31,30,1180.00,449.00,72.90,164.20,1.0000,-1,-1
31,32,956.00,442.00,32.80,104.20,0.9890,-1,-1
31,34,254.00,451.00,60.30,188.60,0.9990,-1,-1
31,39,559.00,454.00,22.70,60.90,0.9900,-1,-1
31,41,533.00,457.00,23.90,63.90,0.9920,-1,-1
31,42,584.00,456.00,24.90,67.00,0.9770,-1,-1
31,44,931.00,448.00,39.80,104.40,1.0000,-1,-1
31,45,54.00,450.00,31.70,74.90,0.9990,-1,-1
31,46,889.00,448.00,31.70,81.40,0.9950,-1,-1
31,47,508.00,458.00,21.10,53.80,0.9650,-1,-1
31,48,599.00,456.00,22.90,67.10,0.9730,-1,-1
32,2,136.00,446.00,92.60,209.70,1.0000,-1,-1
32,3,332.00,438.00,99.00,252.20,1.0000,-1,-1
32,5,1246.00,420.00,106.60,304.00,1.0000,-1,-1
32,25,966.00,444.00,47.50,116.90,0.9990,-1,-1
32,28,609.00,454.00,23.40,75.50,0.9570,-1,-1
32,30,1174.00,435.00,70.10,186.90,1.0000,-1,-1
32,32,942.00,448.00,38.20,113.40,0.9960,-1,-1
32,34,232.00,461.00,68.60,180.30,0.9980,-1,-1
32,42,590.00,457.00,24.50,74.40,0.9490,-1,-1
32,44,921.00,451.00,39.40,104.50,1.0000,-1,-1
32,46,877.00,448.00,33.30,85.60,0.9990,-1,-1
32,47,498.00,461.00,20.60,56.80,0.9810,-1,-1
32,49,35.00,454.00,33.30,70.50,0.9980,-1,-1
32,50,520.00,460.00,23.10,59.80,0.9970,-1,-1
32,51,546.00,457.00,23.10,62.90,0.9860,-1,-1
32,52,572.00,458.00,21.60,63.40,0.9270,-1,-1
33,2,119.00,449.00,97.90,203.90,1.0000,-1,-1
33,3,319.00,435.00,104.50,252.90,0.9990,-1,-1
33,5,1240.00,419.00,92.10,298.80,1.0000,-1,-1
33,7,277.00,447.00,79.20,204.70,0.9430,-1,-1
33,25,954.00,445.00,47.30,117.20,0.9980,-1,-1
33,30,1153.00,449.00,80.50,173.40,1.0000,-1,-1
33,34,219.00,454.00,60.50,181.30,0.9990,-1,-1
33,38,907.00,459.00,35.10,97.50,1.0000,-1,-1
33,39,559.00,457.00,24.40,71.60,0.9820,-1,-1
33,44,931.00,449.00,33.90,109.00,0.9870,-1,-1
33,46,868.00,450.00,30.00,83.80,0.9990,-1,-1
33,48,595.00,459.00,24.50,71.70,0.9320,-1,-1
33,49,19.00,451.00,36.30,77.90,0.9990,-1,-1
33,50,512.00,459.00,23.30,65.60,0.9940,-1,-1
33,51,542.00,459.00,22.30,62.50,0.9830,-1,-1
33,52,573.00,457.00,25.60,68.50,0.9620,-1,-1
33,53,485.00,466.00,18.60,53.40,0.9820,-1,-1
34,2,110.00,448.00,93.00,205.80,1.0000,-1,-1
34,3,300.00,441.00,102.80,249.80,0.9990,-1,-1
34,5,1226.00,417.00,95.30,308.50,1.0000,-1,-1
34,30,1153.00,447.00,63.50,172.40,1.0000,-1,-1
34,32,944.00,445.00,46.60,124.10,0.9990,-1,-1
34,34,210.00,466.00,60.80,182.70,1.0000,-1,-1
34,38,896.00,453.00,42.80,105.60,0.9990,-1,-1
34,39,558.00,469.00,21.20,61.70,0.9770,-1,-1
34,41,530.00,463.00,22.80,62.10,0.9430,-1,-1
34,44,924.00,445.00,37.50,113.80,0.9450,-1,-1
34,46,858.00,451.00,31.40,85.20,0.9940,-1,-1
34,47,496.00,461.00,22.20,65.80,0.9810,-1,-1
34,49,3.00,448.00,36.70,98.70,0.9850,-1,-1
34,52,577.00,461.00,23.80,75.90,0.9130,-1,-1
34,53,477.00,468.00,21.90,55.00,0.9600,-1,-1
34,54,567.00,461.00,22.90,69.00,0.9540,-1,-1
35,2,98.00,458.00,85.50,214.70,1.0000,-1,-1
35,3,288.00,451.00,101.80,264.20,0.9990,-1,-1
35,5,1214.00,416.00,110.70,323.40,1.0000,-1,-1
35,30,1133.00,456.00,73.00,163.30,1.0000,-1,-1
35,32,929.00,451.00,48.20,123.90,0.9970,-1,-1
35,34,188.00,459.00,69.20,185.70,0.9990,-1,-1
35,38,879.00,456.00,43.90,114.90,0.9940,-1,-1
35,39,553.00,466.00,25.30,75.50,0.9700,-1,-1
35,41,533.00,469.00,23.80,65.90,0.9660,-1,-1
35,44,910.00,446.00,30.70,118.00,0.9570,-1,-1
35,46,845.00,458.00,32.70,83.00,0.9990,-1,-1
35,50,512.00,463.00,23.90,69.50,0.9930,-1,-1
35,52,574.00,470.00,23.40,69.60,0.9790,-1,-1
35,53,486.00,470.00,21.70,64.30,0.9970,-1,-1
35,55,461.00,472.00,17.90,51.70,0.9930,-1,-1
36,2,79.00,462.00,93.00,199.40,1.0000,-1,-1
36,3,265.00,451.00,115.10,258.60,1.0000,-1,-1
36,5,1232.00,419.00,99.40,329.40,0.9990,-1,-1
36,30,1119.00,454.00,81.90,173.10,1.0000,-1,-1
36,32,923.00,451.00,49.70,121.60,0.9990,-1,-1
36,34,182.00,474.00,63.10,173.10,0.9990,-1,-1
36,38,873.00,456.00,44.40,114.80,1.0000,-1,-1
36,39,554.00,470.00,24.30,70.90,0.9640,-1,-1
36,41,534.00,467.00,24.40,67.60,0.9750,-1,-1
36,44,905.00,451.00,29.80,117.40,0.9910,-1,-1
36,46,840.00,455.00,34.20,88.50,0.9990,-1,-1
36,50,510.00,462.00,24.70,67.80,0.9680,-1,-1
36,53,475.00,465.00,23.00,67.50,0.9830,-1,-1
36,54,567.00,468.00,25.10,71.10,0.9290,-1,-1
36,55,453.00,469.00,19.30,57.90,0.9940,-1,-1
37,2,72.00,451.00,92.30,210.40,1.0000,-1,-1
37,3,232.00,444.00,132.40,291.00,0.9990,-1,-1
37,5,1233.00,424.00,85.50,323.90,1.0000,-1,-1
37,30,1122.00,465.00,67.20,163.10,1.0000,-1,-1
37,32,919.00,443.00,53.70,125.10,0.9930,-1,-1
37,34,165.00,458.00,69.50,201.60,0.9960,-1,-1
37,38,868.00,457.00,43.70,106.40,1.0000,-1,-1
37,41,524.00,468.00,23.80,64.30,0.9610,-1,-1
37,44,896.00,450.00,35.50,118.20,0.9950,-1,-1
37,46,834.00,452.00,36.10,95.40,0.9970,-1,-1
37,50,504.00,465.00,23.50,65.00,0.9210,-1,-1
37,51,546.00,462.00,23.80,74.40,0.9730,-1,-1
37,53,476.00,466.00,21.80,63.00,0.9820,-1,-1
37,54,559.00,468.00,27.70,77.10,0.9560,-1,-1
37,55,452.00,472.00,18.90,49.90,0.9570,-1,-1
38,2,70.00,458.00,87.40,210.00,1.0000,-1,-1
38,3,232.00,432.00,134.70,294.70,0.9990,-1,-1
38,5,1232.00,420.00,93.90,315.60,0.9990,-1,-1
38,7,302.00,454.00,71.60,182.40,0.9990,-1,-1
38,30,1118.00,464.00,70.50,167.80,1.0000,-1,-1
38,32,915.00,453.00,47.70,110.00,0.9990,-1,-1
38,34,161.00,462.00,66.80,195.30,0.9980,-1,-1
38,38,867.00,454.00,44.30,112.60,1.0000,-1,-1
38,39,554.00,472.00,25.20,72.70,0.9410,-1,-1
38,41,531.00,462.00,23.30,67.90,0.9480,-1,-1
38,44,894.00,454.00,40.20,107.70,0.9930,-1,-1
38,46,835.00,456.00,34.10,86.50,0.9920,-1,-1
38,50,500.00,472.00,21.90,60.60,0.9110,-1,-1
38,53,470.00,466.00,24.30,65.90,0.9860,-1,-1
38,55,443.00,474.00,19.80,50.20,0.9720,-1,-1
39,2,52.00,451.00,98.60,206.30,1.0000,-1,-1
39,3,217.00,433.00,135.30,294.20,1.0000,-1,-1
39,5,1218.00,430.00,108.80,323.30,1.0000,-1,-1
39,30,1104.00,459.00,69.60,173.20,1.0000,-1,-1
39,32,914.00,447.00,43.80,116.80,0.9970,-1,-1
39,34,158.00,470.00,65.90,187.00,0.9990,-1,-1
39,38,862.00,456.00,38.90,110.50,0.9980,-1,-1
39,41,526.00,463.00,26.60,69.70,0.9520,-1,-1
39,44,894.00,456.00,32.00,110.30,0.9910,-1,-1
39,46,825.00,455.00,33.90,84.80,0.9980,-1,-1
39,47,493.00,469.00,23.80,61.50,0.9580,-1,-1
39,50,511.00,471.00,21.40,57.70,0.9590,-1,-1
39,51,540.00,466.00,26.20,78.90,0.9680,-1,-1
39,53,467.00,463.00,24.80,68.60,0.9900,-1,-1
39,55,437.00,471.00,20.80,58.10,0.9900,-1,-1
40,2,32.00,444.00,98.80,224.10,1.0000,-1,-1
40,3,184.00,445.00,151.00,298.70,1.0000,-1,-1
40,5,1227.00,429.00,112.40,310.90,1.0000,-1,-1
40,18,740.00,459.00,26.90,67.70,0.9220,-1,-1
40,30,1097.00,442.00,71.20,172.20,1.0000,-1,-1
40,34,138.00,467.00,69.80,189.40,0.9990,-1,-1
40,38,847.00,449.00,45.30,110.90,1.0000,-1,-1
40,41,520.00,464.00,24.50,69.60,0.9590,-1,-1
40,44,895.00,441.00,49.00,121.60,0.9950,-1,-1
40,46,818.00,450.00,31.70,86.70,0.9990,-1,-1
40,47,482.00,464.00,22.50,64.00,0.9840,-1,-1
40,50,505.00,470.00,21.40,59.40,0.9640,-1,-1
40,51,533.00,465.00,22.70,80.20,0.9410,-1,-1
40,55,430.00,469.00,20.40,55.20,0.9830,-1,-1
40,56,456.00,463.00,22.30,61.10,0.9950,-1,-1
41,2,25.00,456.00,96.80,205.00,0.9990,-1,-1
41,3,169.00,433.00,146.50,307.90,1.0000,-1,-1
41,5,1221.00,406.00,112.30,330.40,1.0000,-1,-1
41,7,290.00,454.00,61.20,178.40,0.9980,-1,-1
41,18,739.00,455.00,26.60,65.20,0.9620,-1,-1
41,30,1088.00,451.00,66.50,174.20,1.0000,-1,-1
41,34,124.00,457.00,73.40,191.50,0.9990,-1,-1
41,38,846.00,450.00,40.00,108.80,1.0000,-1,-1
41,41,509.00,458.00,24.40,72.50,0.9700,-1,-1
41,44,893.00,441.00,47.90,123.80,0.9980,-1,-1
41,46,816.00,450.00,30.10,80.70,0.9980,-1,-1
41,47,481.00,466.00,21.50,56.60,0.9600,-1,-1
41,50,495.00,465.00,23.10,63.50,0.9570,-1,-1
41,51,530.00,462.00,22.70,76.30,0.9530,-1,-1
41,55,427.00,467.00,20.10,51.80,0.9500,-1,-1
41,56,452.00,465.00,19.80,59.00,0.9940,-1,-1
42,2,26.00,452.00,86.20,207.50,1.0000,-1,-1
42,3,172.00,447.00,131.40,295.80,1.0000,-1,-1
42,5,1223.00,407.00,108.30,325.70,1.0000,-1,-1
42,7,277.00,454.00,66.40,177.20,0.9950,-1,-1
42,19,729.00,450.00,27.00,69.00,0.9950,-1,-1
42,30,1087.00,445.00,68.50,176.50,1.0000,-1,-1
42,34,123.00,464.00,68.90,188.90,0.9990,-1,-1
42,38,839.00,449.00,41.50,107.30,1.0000,-1,-1
42,41,505.00,460.00,23.50,67.40,0.9580,-1,-1
42,44,888.00,440.00,46.60,117.20,0.9980,-1,-1
42,46,811.00,447.00,31.70,85.50,0.9970,-1,-1
42,47,478.00,462.00,23.80,62.60,0.9860,-1,-1
42,50,489.00,461.00,24.20,66.50,0.9450,-1,-1
42,51,521.00,461.00,25.30,79.70,0.9460,-1,-1
42,55,419.00,465.00,18.90,56.20,0.9890,-1,-1
42,56,443.00,455.00,24.30,64.30,0.9950,-1,-1
42,57,871.00,443.00,32.60,118.90,0.9890,-1,-1
43,2,12.00,452.00,102.00,214.40,1.0000,-1,-1
43,3,157.00,431.00,148.70,311.70,1.0000,-1,-1
43,5,1217.00,422.00,126.00,318.70,1.0000,-1,-1
43,7,275.00,456.00,62.10,172.10,0.9890,-1,-1
43,19,729.00,451.00,26.00,67.40,0.9860,-1,-1
43,30,1073.00,443.00,76.10,175.90,1.0000,-1,-1
43,34,115.00,471.00,72.60,186.00,0.9990,-1,-1
43,38,832.00,447.00,43.40,113.20,1.0000,-1,-1
43,41,505.00,459.00,24.80,72.90,0.9600,-1,-1
43,44,883.00,438.00,48.70,117.10,0.9980,-1,-1
43,46,806.00,446.00,32.80,84.80,0.9990,-1,-1
43,50,490.00,467.00,22.50,61.20,0.9530,-1,-1
43,51,519.00,460.00,23.30,75.00,0.9490,-1,-1
43,53,470.00,462.00,23.10,61.50,0.9810,-1,-1
43,55,418.00,463.00,20.70,60.80,0.9900,-1,-1
43,56,440.00,456.00,22.10,63.70,0.9870,-1,-1
44,2,5.00,444.00,99.30,224.50,1.0000,-1,-1
44,3,145.00,433.00,136.20,307.30,1.0000,-1,-1
44,5,1231.00,412.00,104.70,336.10,1.0000,-1,-1
44,7,267.00,453.00,61.60,176.00,0.9980,-1,-1
44,19,722.00,448.00,29.60,74.50,0.9980,-1,-1
44,30,1070.00,433.00,65.80,174.40,1.0000,-1,-1
44,34,103.00,465.00,66.10,177.10,0.9980,-1,-1
44,38,829.00,448.00,39.50,103.20,0.9990,-1,-1
44,44,904.00,441.00,37.30,104.10,0.9870,-1,-1
44,46,801.00,444.00,32.70,88.40,0.9980,-1,-1
44,47,481.00,469.00,21.10,56.60,0.9850,-1,-1
44,51,514.00,457.00,25.40,81.80,0.9370,-1,-1
44,53,466.00,460.00,22.00,61.60,0.9500,-1,-1
44,55,409.00,467.00,20.00,55.90,0.9840,-1,-1
44,56,436.00,456.00,24.30,62.00,0.9850,-1,-1
44,57,872.00,433.00,45.70,119.70,0.9940,-1,-1
45,2,4.00,460.00,88.70,214.60,0.9990,-1,-1
45,3,128.00,427.00,148.80,321.50,1.0000,-1,-1
45,5,1216.00,404.00,113.60,343.80,1.0000,-1,-1
45,7,244.00,447.00,68.70,187.30,1.0000,-1,-1
45,19,716.00,446.00,28.70,72.60,0.9930,-1,-1
45,30,1060.00,442.00,73.50,170.60,1.0000,-1,-1
45,34,93.00,460.00,65.90,181.30,0.9590,-1,-1
45,38,824.00,443.00,37.50,111.40,0.9980,-1,-1
45,41,509.00,458.00,24.70,76.20,0.9080,-1,-1
45,44,900.00,438.00,34.90,106.60,0.9990,-1,-1
45,46,791.00,437.00,34.70,92.60,0.9970,-1,-1
45,47,474.00,469.00,19.10,52.70,0.9780,-1,-1
45,50,481.00,457.00,22.50,68.40,0.9230,-1,-1
45,53,456.00,466.00,22.30,57.80,0.9090,-1,-1
45,55,400.00,460.00,21.90,60.90,0.9730,-1,-1
45,56,429.00,458.00,22.50,62.30,0.9850,-1,-1
45,57,871.00,427.00,49.70,124.60,0.9880,-1,-1
45,58,859.00,439.00,27.50,107.40,0.9890,-1,-1
46,2,-4.00,458.00,75.40,212.10,1.0000,-1,-1
46,3,123.00,437.00,128.00,298.10,1.0000,-1,-1
46,5,1225.00,387.00,118.90,381.50,1.0000,-1,-1
46,7,230.00,443.00,67.10,191.20,1.0000,-1,-1
46,19,711.00,447.00,25.10,69.20,0.9870,-1,-1
46,30,1057.00,438.00,71.80,176.70,0.9990,-1,-1
46,34,87.00,465.00,63.30,170.80,0.9980,-1,-1
46,38,817.00,445.00,42.50,113.70,0.9960,-1,-1
46,41,502.00,457.00,26.30,78.50,0.9610,-1,-1
46,44,898.00,439.00,35.10,104.20,0.9980,-1,-1
46,46,793.00,442.00,32.30,89.50,0.9950,-1,-1
46,47,471.00,463.00,22.80,61.50,0.9830,-1,-1
46,50,483.00,456.00,26.10,76.60,0.9570,-1,-1
46,53,456.00,456.00,24.70,69.50,0.9100,-1,-1
46,55,395.00,460.00,21.10,60.10,0.9920,-1,-1
46,56,423.00,461.00,22.70,59.80,0.9950,-1,-1
46,57,864.00,436.00,48.40,118.00,0.9970,-1,-1
47,2,-4.00,445.00,80.30,220.10,0.9990,-1,-1
47,3,112.00,434.00,143.30,312.30,1.0000,-1,-1
47,5,1225.00,386.00,116.60,372.90,1.0000,-1,-1
47,7,219.00,450.00,74.00,191.80,1.0000,-1,-1
47,19,707.00,450.00,25.80,67.60,0.9720,-1,-1
47,30,1048.00,443.00,72.20,167.80,1.0000,-1,-1
47,34,77.00,450.00,67.40,186.70,0.9800,-1,-1
47,38,813.00,439.00,42.30,112.90,0.9810,-1,-1
47,41,502.00,461.00,21.20,70.20,0.9500,-1,-1
47,44,890.00,439.00,36.60,105.30,0.9990,-1,-1
47,46,785.00,441.00,33.10,87.30,0.9910,-1,-1
47,50,479.00,457.00,23.30,71.70,0.9820,-1,-1
47,53,461.00,458.00,23.30,61.20,0.9730,-1,-1
47,55,395.00,461.00,18.30,56.30,0.9920,-1,-1
47,56,421.00,455.00,23.10,63.60,0.9890,-1,-1
47,57,864.00,435.00,43.70,119.30,0.9940,-1,-1
48,2,-9.00,451.00,69.80,212.00,0.9970,-1,-1
48,3,100.00,441.00,131.60,315.00,1.0000,-1,-1
48,5,1217.00,401.00,124.60,362.70,1.0000,-1,-1
48,7,212.00,452.00,74.10,187.90,1.0000,-1,-1
48,19,703.00,447.00,28.50,70.10,0.9770,-1,-1
48,30,1047.00,442.00,63.10,169.00,1.0000,-1,-1
48,34,68.00,465.00,70.20,178.10,1.0000,-1,-1
48,38,809.00,447.00,42.00,109.50,0.9970,-1,-1
48,41,490.00,460.00,25.50,79.30,0.9300,-1,-1
48,44,887.00,444.00,34.30,102.40,0.9940,-1,-1
48,46,783.00,441.00,30.80,92.60,0.9980,-1,-1
48,50,475.00,455.00,24.00,69.90,0.9160,-1,-1
48,53,457.00,464.00,22.90,62.70,0.9730,-1,-1
48,55,388.00,466.00,20.10,57.00,0.9850,-1,-1
48,56,420.00,459.00,23.00,62.90,0.9920,-1,-1
48,57,859.00,435.00,43.80,118.50,0.9970,-1,-1
48,58,843.00,440.00,32.10,110.90,0.9360,-1,-1
49,2,-6.00,455.00,52.20,212.30,0.9890,-1,-1
49,3,69.00,436.00,168.00,332.30,1.0000,-1,-1
49,5,1234.00,393.00,111.40,367.10,1.0000,-1,-1
49,7,198.00,436.00,84.70,205.40,1.0000,-1,-1
49,19,696.00,450.00,27.40,67.20,0.9950,-1,-1
49,30,1037.00,447.00,74.10,173.10,1.0000,-1,-1
49,38,807.00,445.00,40.10,107.50,0.9990,-1,-1
49,41,486.00,456.00,27.30,79.90,0.9690,-1,-1
49,44,883.00,441.00,42.20,109.70,1.0000,-1,-1
49,46,777.00,442.00,34.80,92.00,0.9980,-1,-1
49,47,459.00,459.00,26.00,69.40,0.9520,-1,-1
49,53,446.00,463.00,25.00,63.20,0.9090,-1,-1
49,55,383.00,465.00,19.80,53.50,0.9870,-1,-1
49,56,409.00,456.00,25.90,65.10,0.9940,-1,-1
49,57,853.00,439.00,47.00,118.80,1.0000,-1,-1
50,3,55.00,432.00,149.70,333.90,1.0000,-1,-1
50,5,1229.00,379.00,125.30,389.20,1.0000,-1,-1
50,7,196.00,447.00,73.40,189.60,0.9990,-1,-1
50,19,687.00,447.00,29.20,73.10,0.9970,-1,-1
50,30,1026.00,442.00,75.10,175.30,1.0000,-1,-1
50,38,796.00,445.00,43.40,108.20,0.9980,-1,-1
50,44,876.00,438.00,40.10,106.90,1.0000,-1,-1
50,46,772.00,440.00,34.20,90.50,0.9930,-1,-1
50,47,459.00,456.00,24.50,74.20,0.9430,-1,-1
50,50,476.00,458.00,24.90,77.20,0.9460,-1,-1
50,53,436.00,463.00,24.30,62.70,0.9620,-1,-1
50,55,373.00,461.00,20.10,55.10,0.9630,-1,-1
50,56,407.00,457.00,21.80,61.20,0.9860,-1,-1
50,57,844.00,436.00,48.30,114.60,1.0000,-1,-1
51,3,42.00,414.00,152.90,352.30,0.9990,-1,-1
51,5,1249.00,388.00,97.20,371.50,1.0000,-1,-1
51,7,194.00,441.00,78.10,192.20,0.9990,-1,-1
51,19,685.00,452.00,27.20,72.80,0.9930,-1,-1
51,30,1017.00,436.00,66.90,186.10,1.0000,-1,-1
51,38,788.00,445.00,45.10,108.80,0.9960,-1,-1
51,44,875.00,438.00,36.40,107.00,1.0000,-1,-1
51,46,769.00,445.00,34.50,89.60,0.9970,-1,-1
51,47,452.00,456.00,23.60,68.50,0.9640,-1,-1
51,50,471.00,454.00,29.70,75.10,0.9490,-1,-1
51,55,370.00,462.00,21.20,56.70,0.9750,-1,-1
51,56,400.00,461.00,21.00,59.40,0.9350,-1,-1
51,57,842.00,436.00,45.80,119.60,1.0000,-1,-1
52,3,15.00,428.00,176.40,345.00,1.0000,-1,-1
52,5,1239.00,376.00,113.20,411.10,1.0000,-1,-1
52,7,182.00,439.00,77.60,195.70,1.0000,-1,-1
52,19,681.00,445.00,29.30,71.40,0.9990,-1,-1
52,30,1017.00,444.00,64.00,164.40,1.0000,-1,-1
52,38,791.00,441.00,38.60,110.30,1.0000,-1,-1
52,44,876.00,435.00,37.80,112.60,0.9700,-1,-1
52,46,764.00,438.00,34.90,88.60,0.9960,-1,-1
52,47,447.00,449.00,26.10,78.40,0.9580,-1,-1
52,50,468.00,449.00,28.90,86.90,0.9320,-1,-1
52,53,427.00,461.00,21.80,59.40,0.9530,-1,-1
52,55,365.00,458.00,19.50,55.60,0.9940,-1,-1
52,56,398.00,458.00,20.90,59.20,0.9960,-1,-1
52,57,839.00,432.00,45.90,124.80,0.9980,-1,-1
52,59,822.00,437.00,30.40,113.80,0.9780,-1,-1
53,3,6.00,417.00,165.10,363.70,1.0000,-1,-1
53,5,1230.00,383.00,125.10,404.50,1.0000,-1,-1
53,7,172.00,441.00,85.70,193.20,1.0000,-1,-1
53,19,676.00,445.00,27.30,69.30,0.9990,-1,-1
53,30,1014.00,438.00,63.80,170.40,1.0000,-1,-1
53,38,781.00,440.00,43.60,109.20,1.0000,-1,-1
53,44,869.00,432.00,37.90,109.30,1.0000,-1,-1
53,46,759.00,436.00,31.90,87.50,0.9990,-1,-1
53,47,441.00,446.00,29.60,79.70,0.9060,-1,-1
53,50,459.00,451.00,28.90,80.30,0.9680,-1,-1
53,53,420.00,459.00,24.70,65.30,0.9670,-1,-1
53,55,359.00,456.00,21.30,64.20,0.9690,-1,-1
53,56,393.00,452.00,22.90,64.20,0.9880,-1,-1
53,57,839.00,437.00,44.60,116.60,1.0000,-1,-1
53,59,821.00,436.00,31.20,112.80,0.9800,-1,-1
53,60,381.00,458.00,22.20,61.90,0.9020,-1,-1
54,3,-13.00,405.00,191.50,391.80,0.9990,-1,-1
54,5,1232.00,380.00,130.40,405.90,1.0000,-1,-1
54,7,171.00,441.00,75.80,179.60,0.9990,-1,-1
54,19,669.00,442.00,28.40,74.30,0.9780,-1,-1
54,30,997.00,444.00,68.30,167.10,1.0000,-1,-1
54,38,775.00,436.00,42.70,110.90,1.0000,-1,-1
54,44,865.00,428.00,38.60,110.50,1.0000,-1,-1
54,46,756.00,438.00,34.10,88.50,0.9920,-1,-1
54,47,433.00,450.00,22.10,67.80,0.9810,-1,-1
54,50,455.00,452.00,26.70,77.80,0.9780,-1,-1
54,53,417.00,458.00,20.40,60.70,0.9710,-1,-1
54,55,355.00,453.00,20.90,59.60,0.9350,-1,-1
54,59,822.00,428.00,48.40,124.90,0.9980,-1,-1
54,60,385.00,448.00,23.00,70.80,0.9480,-1,-1
55,3,-15.00,397.00,129.70,382.40,0.9950,-1,-1
55,5,1236.00,397.00,127.70,379.50,1.0000,-1,-1
55,7,178.00,430.00,72.70,174.70,0.9940,-1,-1
55,19,662.00,438.00,27.90,66.40,0.9970,-1,-1
55,30,982.00,430.00,73.90,166.40,1.0000,-1,-1
55,38,766.00,430.00,40.30,111.90,1.0000,-1,-1
55,44,857.00,424.00,38.10,107.30,1.0000,-1,-1
55,46,748.00,431.00,34.80,92.40,0.9970,-1,-1
55,50,444.00,440.00,30.30,86.60,0.9570,-1,-1
55,53,406.00,456.00,23.80,64.50,0.9400,-1,-1
55,59,816.00,423.00,44.50,118.30,0.9990,-1,-1
55,61,140.00,440.00,72.90,202.80,1.0000,-1,-1
55,62,374.00,448.00,21.70,61.80,0.9930,-1,-1
55,63,345.00,451.00,20.40,53.90,0.9700,-1,-1
56,3,-29.00,405.00,146.00,384.00,0.9800,-1,-1
56,5,1232.00,381.00,136.00,420.60,1.0000,-1,-1
56,19,653.00,434.00,29.70,72.50,0.9920,-1,-1
56,30,978.00,428.00,73.90,171.10,1.0000,-1,-1
56,38,768.00,434.00,39.20,118.10,0.9990,-1,-1
56,44,852.00,422.00,40.70,119.20,1.0000,-1,-1
56,46,739.00,431.00,34.60,92.80,0.9980,-1,-1
56,47,437.00,447.00,27.80,76.60,0.9920,-1,-1
56,56,399.00,455.00,22.70,62.30,0.9780,-1,-1
56,59,811.00,423.00,43.80,121.80,0.9960,-1,-1
56,61,128.00,436.00,78.20,208.60,1.0000,-1,-1
56,62,367.00,451.00,20.70,60.20,0.9930,-1,-1
56,63,337.00,454.00,21.30,58.10,0.9860,-1,-1
57,3,-27.00,394.00,117.90,399.70,0.9300,-1,-1
57,5,1245.00,387.00,117.80,412.90,1.0000,-1,-1
57,7,158.00,429.00,70.10,182.30,0.9990,-1,-1
57,19,651.00,437.00,28.50,72.50,0.9990,-1,-1
57,30,966.00,429.00,72.80,175.50,1.0000,-1,-1
57,34,56.00,445.00,76.00,201.60,0.9860,-1,-1
57,38,753.00,430.00,41.90,113.70,1.0000,-1,-1
57,44,846.00,424.00,42.00,111.60,1.0000,-1,-1
57,46,733.00,427.00,34.70,95.50,0.9950,-1,-1
57,47,431.00,447.00,30.40,77.70,0.9820,-1,-1
57,53,417.00,446.00,25.40,73.00,0.9040,-1,-1
57,59,800.00,432.00,56.70,107.60,0.9990,-1,-1
57,61,112.00,441.00,78.60,200.90,1.0000,-1,-1
57,62,364.00,448.00,22.40,61.40,0.9870,-1,-1
57,63,333.00,452.00,22.10,61.90,0.9950,-1,-1
58,5,1245.00,375.00,132.00,428.50,1.0000,-1,-1
58,7,149.00,427.00,71.10,186.40,0.9990,-1,-1
58,19,647.00,438.00,27.10,63.70,0.9990,-1,-1
58,30,959.00,430.00,78.10,177.10,1.0000,-1,-1
58,34,38.00,446.00,78.00,198.50,0.9880,-1,-1
58,38,751.00,430.00,41.30,105.50,1.0000,-1,-1
58,44,844.00,421.00,38.40,112.40,0.9990,-1,-1
58,46,726.00,428.00,37.30,91.70,0.9990,-1,-1
58,53,411.00,445.00,24.00,70.30,0.9730,-1,-1
58,59,801.00,423.00,48.00,125.80,0.9990,-1,-1
58,60,389.00,451.00,20.80,63.20,0.9650,-1,-1
58,61,100.00,438.00,82.90,217.70,0.9990,-1,-1
58,62,359.00,442.00,24.20,66.90,0.9930,-1,-1
58,63,328.00,451.00,21.10,59.80,0.9860,-1,-1
59,5,1243.00,386.00,145.80,422.50,1.0000,-1,-1
59,7,146.00,429.00,69.20,183.10,0.9990,-1,-1
59,19,645.00,436.00,28.50,70.60,0.9990,-1,-1
59,30,957.00,429.00,74.90,176.50,1.0000,-1,-1
59,34,43.00,450.00,67.50,190.40,0.9910,-1,-1
59,38,745.00,436.00,43.70,114.10,1.0000,-1,-1
59,44,839.00,422.00,45.00,112.10,0.9990,-1,-1
59,46,722.00,431.00,37.80,92.30,0.9950,-1,-1
59,53,410.00,442.00,25.20,69.90,0.9770,-1,-1
59,55,357.00,445.00,21.20,67.30,0.9880,-1,-1
59,59,798.00,427.00,43.60,117.60,0.9990,-1,-1
59,60,388.00,451.00,21.30,63.00,0.9800,-1,-1
59,61,104.00,438.00,67.00,211.00,0.9990,-1,-1
59,63,324.00,450.00,21.50,58.30,0.9890,-1,-1
60,5,1245.00,377.00,138.00,450.50,1.0000,-1,-1
60,7,128.00,422.00,76.30,199.80,1.0000,-1,-1
60,19,637.00,434.00,27.90,75.10,0.9980,-1,-1
60,30,953.00,435.00,69.20,162.00,1.0000,-1,-1
60,34,18.00,442.00,74.30,206.20,0.9850,-1,-1
60,38,734.00,435.00,43.20,111.00,1.0000,-1,-1
60,44,837.00,422.00,42.60,111.50,1.0000,-1,-1
60,46,713.00,432.00,41.40,98.20,0.9920,-1,-1
60,56,392.00,443.00,24.40,74.20,0.9370,-1,-1
60,59,788.00,423.00,43.20,120.10,0.9980,-1,-1
60,60,378.00,449.00,23.30,68.90,0.9630,-1,-1
60,61,91.00,440.00,80.50,204.10,0.9990,-1,-1
60,63,320.00,455.00,21.60,57.80,0.9910,-1,-1
60,64,346.00,452.00,20.90,57.00,0.9750,-1,-1
60,65,334.00,456.00,21.40,56.00,0.9130,-1,-1
61,5,1263.00,390.00,137.10,435.30,1.0000,-1,-1
61,7,125.00,416.00,73.90,206.40,0.9990,-1,-1
61,19,632.00,434.00,27.90,73.50,0.9980,-1,-1
61,30,944.00,417.00,85.10,192.70,1.0000,-1,-1
61,34,18.00,449.00,66.30,191.70,0.9910,-1,-1
61,38,733.00,434.00,43.90,108.30,1.0000,-1,-1
61,44,836.00,426.00,43.00,110.70,0.9970,-1,-1
61,46,714.00,429.00,34.50,90.80,0.9980,-1,-1
61,59,783.00,418.00,46.40,133.50,0.9970,-1,-1
61,61,82.00,436.00,73.70,206.40,0.9980,-1,-1
61,63,313.00,450.00,21.50,64.30,0.9300,-1,-1
61,64,341.00,453.00,23.00,61.60,0.9370,-1,-1
62,5,1266.00,376.00,140.70,450.20,1.0000,-1,-1
62,7,133.00,419.00,66.20,197.10,0.9990,-1,-1
62,19,632.00,440.00,27.80,68.90,1.0000,-1,-1
62,30,938.00,437.00,77.70,179.50,1.0000,-1,-1
62,34,7.00,449.00,74.10,199.80,0.9750,-1,-1
62,38,734.00,441.00,40.30,108.10,1.0000,-1,-1
62,44,835.00,427.00,40.10,111.60,0.9990,-1,-1
62,46,710.00,435.00,38.50,93.70,0.9990,-1,-1
62,59,773.00,426.00,45.20,122.50,0.9990,-1,-1
62,61,69.00,441.00,83.90,210.80,0.9990,-1,-1
62,63,313.00,457.00,20.20,56.70,0.9750,-1,-1
62,64,345.00,447.00,22.60,73.00,0.9400,-1,-1
63,5,1260.00,357.00,152.80,477.60,1.0000,-1,-1
63,7,117.00,426.00,74.50,195.50,1.0000,-1,-1
63,19,632.00,444.00,25.10,65.80,0.9990,-1,-1
63,30,947.00,440.00,68.10,161.00,1.0000,-1,-1
63,34,3.00,442.00,70.90,201.10,0.9960,-1,-1
63,38,733.00,435.00,41.20,111.40,1.0000,-1,-1
63,44,834.00,427.00,40.50,115.30,0.9990,-1,-1
63,46,711.00,435.00,37.80,91.70,1.0000,-1,-1
63,59,779.00,426.00,47.50,124.50,1.0000,-1,-1
63,61,72.00,444.00,83.60,206.50,0.9990,-1,-1
63,63,312.00,457.00,21.10,58.60,0.9910,-1,-1
63,64,347.00,449.00,22.90,62.30,0.9580,-1,-1
63,65,335.00,455.00,20.90,57.70,0.9080,-1,-1
64,5,1268.00,366.00,174.00,459.80,1.0000,-1,-1
64,7,113.00,424.00,78.20,192.20,1.0000,-1,-1
64,19,629.00,438.00,26.70,68.10,1.0000,-1,-1
64,30,946.00,425.00,68.50,174.60,1.0000,-1,-1
64,34,4.00,452.00,72.20,198.90,1.0000,-1,-1
64,38,731.00,439.00,42.70,111.70,1.0000,-1,-1
64,44,834.00,423.00,43.50,115.30,1.0000,-1,-1
64,46,711.00,434.00,35.10,93.50,0.9970,-1,-1
64,59,778.00,427.00,48.30,124.90,1.0000,-1,-1
64,61,68.00,438.00,83.40,207.80,0.9980,-1,-1
64,63,315.00,456.00,19.10,58.30,0.9580,-1,-1
64,64,346.00,447.00,24.30,66.40,0.9580,-1,-1
65,5,1277.00,357.00,164.30,491.20,1.0000,-1,-1
65,7,108.00,431.00,71.30,184.40,0.9990,-1,-1
65,19,630.00,435.00,29.30,74.40,0.9940,-1,-1
65,30,936.00,435.00,74.40,169.80,1.0000,-1,-1
65,34,-2.00,464.00,64.00,176.20,0.9920,-1,-1
65,38,727.00,439.00,39.00,99.00,1.0000,-1,-1
65,44,837.00,426.00,38.50,115.30,1.0000,-1,-1
65,46,711.00,427.00,35.20,96.70,0.9970,-1,-1
65,59,779.00,427.00,44.40,117.90,1.0000,-1,-1
65,61,60.00,440.00,78.00,213.70,0.9970,-1,-1
65,63,307.00,452.00,22.40,60.60,0.9460,-1,-1
65,64,341.00,445.00,23.10,69.90,0.9800,-1,-1
65,66,536.00,443.00,38.00,86.30,0.9240,-1,-1
66,5,1286.00,369.00,182.80,462.20,1.0000,-1,-1
66,7,102.00,431.00,87.40,182.60,0.9990,-1,-1
66,19,628.00,433.00,28.10,71.90,0.9990,-1,-1
66,30,932.00,435.00,71.50,165.40,1.0000,-1,-1
66,34,-4.00,452.00,62.30,195.90,0.9990,-1,-1
66,38,728.00,437.00,40.00,104.40,1.0000,-1,-1
66,44,838.00,427.00,37.20,107.40,0.9990,-1,-1
66,46,712.00,430.00,32.80,90.80,0.9940,-1,-1
66,59,775.00,428.00,42.40,121.10,1.0000,-1,-1
66,61,53.00,445.00,82.10,196.50,0.9990,-1,-1
66,63,308.00,456.00,20.80,57.40,0.9830,-1,-1
66,64,342.00,447.00,24.70,62.80,0.9740,-1,-1
66,65,328.00,456.00,20.90,55.60,0.9020,-1,-1
67,5,1298.00,377.00,174.40,463.90,1.0000,-1,-1
67,7,103.00,428.00,73.70,184.30,0.9990,-1,-1
67,19,629.00,435.00,25.80,67.20,1.0000,-1,-1
67,30,932.00,426.00,71.50,180.50,1.0000,-1,-1
67,34,-8.00,441.00,64.00,208.80,0.9840,-1,-1
67,38,721.00,429.00,45.00,118.00,1.0000,-1,-1
67,44,837.00,427.00,39.60,107.90,1.0000,-1,-1
67,59,771.00,429.00,45.60,116.50,1.0000,-1,-1
67,61,46.00,441.00,93.70,212.70,0.9990,-1,-1
67,63,303.00,446.00,25.70,67.40,0.9760,-1,-1
67,64,338.00,451.00,21.00,55.50,0.9400,-1,-1
67,66,532.00,441.00,33.20,83.00,0.9580,-1,-1
68,5,1310.00,367.00,171.90,485.30,1.0000,-1,-1
68,7,95.00,419.00,76.20,198.90,0.9990,-1,-1
68,19,626.00,431.00,28.00,67.00,1.0000,-1,-1
68,30,927.00,427.00,73.40,174.60,1.0000,-1,-1
68,38,721.00,428.00,39.40,110.20,1.0000,-1,-1
68,44,835.00,417.00,42.50,119.50,0.9990,-1,-1
68,59,765.00,424.00,42.10,117.30,0.9990,-1,-1
68,61,43.00,431.00,84.80,207.90,0.9950,-1,-1
68,63,304.00,444.00,21.10,60.40,0.9700,-1,-1
68,66,521.00,428.00,38.20,98.20,0.9920,-1,-1
69,5,1323.00,343.00,193.70,519.40,1.0000,-1,-1
69,7,83.00,417.00,75.20,201.90,0.9990,-1,-1
69,19,627.00,430.00,27.40,69.00,1.0000,-1,-1
69,30,920.00,413.00,77.20,183.10,1.0000,-1,-1
69,38,721.00,433.00,34.90,97.50,1.0000,-1,-1
69,44,832.00,420.00,43.30,114.00,0.9950,-1,-1
69,46,702.00,419.00,33.60,93.80,0.9950,-1,-1
69,59,766.00,413.00,48.60,124.80,1.0000,-1,-1
69,61,35.00,430.00,93.30,217.40,0.9990,-1,-1
69,63,306.00,448.00,20.60,54.00,0.9970,-1,-1
69,66,524.00,430.00,36.80,88.90,0.9730,-1,-1
70,5,1314.00,364.00,231.70,492.80,1.0000,-1,-1
70,7,75.00,423.00,76.60,194.80,1.0000,-1,-1
70,19,626.00,429.00,26.60,68.60,1.0000,-1,-1
70,30,915.00,425.00,75.50,165.10,1.0000,-1,-1
70,38,717.00,427.00,43.30,113.00,1.0000,-1,-1
70,44,826.00,417.00,45.60,118.20,0.9820,-1,-1
70,59,759.00,419.00,44.90,118.40,1.0000,-1,-1
70,61,29.00,432.00,86.30,216.40,0.9990,-1,-1
70,63,304.00,446.00,22.50,58.80,0.9920,-1,-1
70,66,507.00,423.00,45.90,122.80,0.9930,-1,-1
70,67,130.00,441.00,46.60,142.10,0.9850,-1,-1
70,68,1220.00,422.00,39.90,116.10,0.9410,-1,-1
71,5,1336.00,376.00,212.00,488.00,1.0000,-1,-1
71,7,71.00,417.00,80.10,207.30,0.9990,-1,-1
71,19,620.00,428.00,25.50,68.30,1.0000,-1,-1
71,30,914.00,420.00,76.30,177.70,1.0000,-1,-1
71,38,712.00,424.00,39.50,106.00,1.0000,-1,-1
71,44,825.00,412.00,49.10,116.60,0.9990,-1,-1
71,59,765.00,421.00,43.50,114.00,1.0000,-1,-1
71,61,32.00,429.00,82.00,217.80,0.9990,-1,-1
71,66,516.00,420.00,38.60,117.90,0.9940,-1,-1
71,69,491.00,417.00,51.50,126.50,0.9670,-1,-1
72,5,1339.00,341.00,213.40,544.90,1.0000,-1,-1
72,7,72.00,413.00,75.20,198.20,0.9980,-1,-1
72,19,623.00,425.00,27.40,71.50,1.0000,-1,-1
72,30,910.00,419.00,73.40,167.30,1.0000,-1,-1
72,38,711.00,425.00,41.20,104.70,1.0000,-1,-1
72,44,835.00,416.00,45.50,115.80,1.0000,-1,-1
72,59,758.00,417.00,46.30,124.80,1.0000,-1,-1
72,61,26.00,422.00,85.00,226.50,0.9980,-1,-1
72,66,521.00,429.00,40.00,92.00,0.9960,-1,-1
72,67,128.00,435.00,40.30,149.40,0.9350,-1,-1
72,69,489.00,421.00,50.60,130.90,0.9900,-1,-1
73,5,1349.00,341.00,201.90,539.20,1.0000,-1,-1
73,7,64.00,405.00,75.30,203.30,0.9990,-1,-1
73,19,621.00,428.00,25.90,66.10,0.9990,-1,-1
73,30,905.00,427.00,72.20,163.00,1.0000,-1,-1
73,38,711.00,426.00,40.80,105.60,1.0000,-1,-1
73,44,828.00,415.00,48.80,119.10,1.0000,-1,-1
73,59,762.00,414.00,46.90,120.90,0.9990,-1,-1
73,61,18.00,433.00,82.90,206.40,0.9980,-1,-1
73,66,524.00,428.00,39.00,93.00,0.9990,-1,-1
73,67,114.00,445.00,51.70,134.30,0.9870,-1,-1
73,69,486.00,423.00,47.90,122.60,0.9840,-1,-1
74,5,1366.00,348.00,196.10,544.10,1.0000,-1,-1
74,7,60.00,409.00,78.60,208.10,0.9990,-1,-1
74,19,618.00,427.00,27.30,70.60,1.0000,-1,-1
74,30,908.00,427.00,70.60,166.80,1.0000,-1,-1
74,38,709.00,424.00,40.10,105.90,1.0000,-1,-1
74,44,830.00,420.00,38.90,109.80,1.0000,-1,-1
74,59,758.00,415.00,46.80,123.30,1.0000,-1,-1
74,61,11.00,433.00,85.40,206.40,0.9990,-1,-1
74,66,524.00,424.00,36.80,96.90,0.9990,-1,-1
74,67,118.00,437.00,51.80,141.20,0.9910,-1,-1
74,69,481.00,414.00,55.00,147.20,0.9970,-1,-1
75,5,1373.00,331.00,215.00,600.50,1.0000,-1,-1
75,7,54.00,418.00,77.90,202.90,0.9990,-1,-1
75,19,617.00,434.00,28.10,66.90,0.9960,-1,-1
75,30,898.00,424.00,70.40,170.60,1.0000,-1,-1
75,38,709.00,430.00,39.60,111.10,1.0000,-1,-1
75,44,827.00,420.00,44.70,115.80,0.9980,-1,-1
75,59,757.00,421.00,43.10,119.80,1.0000,-1,-1
75,61,4.00,429.00,84.40,202.10,0.9980,-1,-1
75,66,527.00,430.00,34.30,91.70,0.9980,-1,-1
75,67,111.00,440.00,49.80,134.30,0.9970,-1,-1
75,69,480.00,421.00,48.50,143.50,0.9970,-1,-1
76,5,1379.00,336.00,195.20,588.70,1.0000,-1,-1
76,7,53.00,412.00,74.40,198.90,0.9990,-1,-1
76,19,614.00,428.00,29.70,69.90,1.0000,-1,-1
76,30,893.00,424.00,71.70,177.30,1.0000,-1,-1
76,38,706.00,431.00,42.80,121.60,0.9990,-1,-1
76,44,826.00,415.00,42.60,120.40,0.9980,-1,-1
76,59,759.00,420.00,45.40,120.20,1.0000,-1,-1
76,61,-1.00,434.00,78.30,207.10,0.9980,-1,-1
76,66,523.00,427.00,34.80,88.70,0.9990,-1,-1
76,67,104.00,438.00,51.80,138.70,0.9960,-1,-1
76,69,471.00,415.00,54.10,139.20,0.9980,-1,-1
77,5,1407.00,337.00,193.80,611.70,1.0000,-1,-1
77,7,46.00,412.00,73.10,208.90,0.9990,-1,-1
77,19,615.00,432.00,28.00,70.30,1.0000,-1,-1
77,30,897.00,430.00,72.30,162.90,1.0000,-1,-1
77,38,708.00,434.00,42.30,108.10,1.0000,-1,-1
77,44,826.00,421.00,43.20,116.90,0.9980,-1,-1
77,46,689.00,426.00,37.20,89.10,0.9940,-1,-1
77,59,751.00,424.00,39.80,115.10,0.9970,-1,-1
77,61,4.00,428.00,75.60,212.60,0.9980,-1,-1
77,66,522.00,428.00,35.80,89.40,1.0000,-1,-1
77,67,95.00,432.00,56.40,149.30,0.9870,-1,-1
77,69,472.00,417.00,56.70,137.70,0.9950,-1,-1
78,5,1434.00,351.00,165.60,592.10,1.0000,-1,-1
78,7,33.00,416.00,84.50,205.90,0.9990,-1,-1
78,19,609.00,430.00,29.70,74.90,0.9990,-1,-1
78,30,888.00,429.00,72.30,167.80,1.0000,-1,-1
78,38,703.00,429.00,43.90,116.20,1.0000,-1,-1
78,44,825.00,424.00,39.50,114.40,1.0000,-1,-1
78,59,756.00,417.00,40.60,126.10,1.0000,-1,-1
78,61,-4.00,431.00,71.00,206.50,0.9960,-1,-1
78,66,524.00,431.00,32.20,87.80,0.9990,-1,-1
78,67,89.00,437.00,59.00,147.30,0.9810,-1,-1
78,69,480.00,419.00,52.10,131.80,0.9950,-1,-1
79,5,1431.00,356.00,183.10,600.30,1.0000,-1,-1
79,7,31.00,415.00,88.90,211.80,1.0000,-1,-1
79,19,608.00,432.00,26.70,71.40,0.9980,-1,-1
79,30,887.00,427.00,76.30,169.30,1.0000,-1,-1
79,38,703.00,433.00,38.20,107.60,1.0000,-1,-1
79,44,826.00,423.00,36.30,113.30,1.0000,-1,-1
79,59,753.00,419.00,44.00,119.40,1.0000,-1,-1
79,61,-6.00,434.00,73.00,201.80,0.9680,-1,-1
79,66,522.00,429.00,34.70,91.60,1.0000,-1,-1
79,67,92.00,441.00,57.20,141.60,0.9970,-1,-1
79,69,472.00,421.00,58.70,137.00,0.9990,-1,-1
80,5,1464.00,335.00,181.60,644.90,1.0000,-1,-1
80,7,25.00,418.00,85.50,208.70,1.0000,-1,-1
80,19,607.00,427.00,29.70,76.50,0.9990,-1,-1
80,30,883.00,433.00,65.20,162.70,1.0000,-1,-1
80,38,698.00,426.00,38.90,111.80,1.0000,-1,-1
80,44,822.00,412.00,46.20,134.10,0.9980,-1,-1
80,59,745.00,427.00,45.00,114.30,1.0000,-1,-1
80,66,522.00,429.00,36.90,87.40,1.0000,-1,-1
80,67,83.00,432.00,57.80,141.40,0.9970,-1,-1
80,69,460.00,415.00,57.30,134.40,0.9990,-1,-1
81,5,1477.00,329.00,169.70,649.30,1.0000,-1,-1
81,7,21.00,413.00,87.50,203.20,1.0000,-1,-1
81,19,606.00,427.00,25.70,69.50,0.9990,-1,-1
81,30,874.00,423.00,76.30,178.10,1.0000,-1,-1
81,38,698.00,427.00,39.00,109.90,1.0000,-1,-1
81,44,821.00,419.00,42.90,115.00,0.9990,-1,-1
81,59,744.00,421.00,46.00,121.40,1.0000,-1,-1
81,66,520.00,428.00,36.50,90.30,1.0000,-1,-1
81,67,80.00,425.00,60.40,160.40,0.9840,-1,-1
81,69,451.00,416.00,66.40,128.80,0.9990,-1,-1
82,5,1476.00,346.00,202.70,679.10,1.0000,-1,-1
82,7,14.00,409.00,77.90,211.70,1.0000,-1,-1
82,19,606.00,428.00,24.80,69.50,0.9970,-1,-1
82,30,879.00,422.00,61.60,178.60,1.0000,-1,-1
82,38,696.00,420.00,45.20,121.00,1.0000,-1,-1
82,44,823.00,413.00,41.30,121.30,1.0000,-1,-1
82,59,742.00,418.00,44.90,125.20,1.0000,-1,-1
82,66,522.00,424.00,33.80,92.70,0.9990,-1,-1
82,67,82.00,433.00,52.50,139.10,0.9920,-1,-1
82,69,454.00,417.00,57.80,133.50,0.9990,-1,-1
83,5,1488.00,356.00,210.60,658.80,1.0000,-1,-1
83,7,5.00,403.00,90.40,205.50,1.0000,-1,-1
83,19,598.00,423.00,27.60,75.70,0.9960,-1,-1
83,30,871.00,420.00,70.20,177.20,1.0000,-1,-1
83,38,694.00,423.00,41.70,115.30,1.0000,-1,-1
83,44,818.00,414.00,41.90,119.50,1.0000,-1,-1
83,59,741.00,416.00,46.00,123.20,0.9990,-1,-1
83,66,516.00,421.00,36.30,94.80,0.9990,-1,-1
83,67,82.00,429.00,57.80,141.20,0.9950,-1,-1
83,69,449.00,406.00,62.70,140.50,0.9990,-1,-1
84,5,1503.00,336.00,231.00,695.40,1.0000,-1,-1
84,7,10.00,401.00,73.80,211.60,1.0000,-1,-1
84,19,599.00,419.00,30.00,78.90,0.9990,-1,-1
84,30,867.00,427.00,68.90,168.30,1.0000,-1,-1
84,38,685.00,418.00,44.40,120.80,0.9990,-1,-1
84,44,821.00,411.00,44.00,122.60,1.0000,-1,-1
84,59,733.00,410.00,46.90,124.20,0.9990,-1,-1
84,66,515.00,419.00,36.60,96.40,1.0000,-1,-1
84,67,72.00,427.00,52.80,135.90,0.9990,-1,-1
84,69,450.00,404.00,54.90,139.40,0.9980,-1,-1
85,5,1502.00,346.00,276.00,716.20,1.0000,-1,-1
85,7,-2.00,401.00,90.30,202.90,1.0000,-1,-1
85,19,596.00,421.00,28.20,73.40,0.9980,-1,-1
85,30,866.00,423.00,64.70,163.30,1.0000,-1,-1
85,38,684.00,422.00,40.00,105.20,0.9990,-1,-1
85,44,820.00,409.00,39.50,119.50,0.9950,-1,-1
85,59,737.00,417.00,46.40,121.40,1.0000,-1,-1
85,66,514.00,416.00,43.30,107.10,1.0000,-1,-1
85,67,63.00,422.00,62.40,151.60,0.9940,-1,-1
85,69,440.00,410.00,57.40,135.70,0.9960,-1,-1
86,5,1542.00,330.00,237.20,713.00,1.0000,-1,-1
86,7,-2.00,398.00,75.10,217.30,1.0000,-1,-1
86,19,596.00,419.00,28.40,74.50,0.9990,-1,-1
86,30,864.00,407.00,73.50,178.40,1.0000,-1,-1
86,38,685.00,418.00,39.00,109.10,1.0000,-1,-1
86,44,812.00,409.00,47.70,120.10,1.0000,-1,-1
86,59,728.00,413.00,46.10,128.00,1.0000,-1,-1
86,66,517.00,417.00,39.00,92.80,1.0000,-1,-1
86,67,64.00,418.00,64.10,153.10,0.9990,-1,-1
86,69,434.00,406.00,58.80,137.40,0.9960,-1,-1
87,5,1530.00,318.00,252.30,782.70,1.0000,-1,-1
87,7,-3.00,403.00,75.10,218.30,1.0000,-1,-1
87,19,595.00,422.00,26.50,71.60,0.9940,-1,-1
87,30,859.00,416.00,70.30,168.90,1.0000,-1,-1
87,38,687.00,418.00,38.30,111.30,1.0000,-1,-1
87,44,816.00,413.00,41.80,121.10,0.9960,-1,-1
87,59,727.00,409.00,46.70,123.00,1.0000,-1,-1
87,66,519.00,417.00,37.70,97.30,0.9990,-1,-1
87,67,66.00,418.00,57.80,150.60,0.9930,-1,-1
87,69,428.00,411.00,58.10,127.20,0.9980,-1,-1
88,5,1553.00,299.00,264.50,788.40,1.0000,-1,-1
88,7,-9.00,404.00,82.60,213.60,1.0000,-1,-1
88,19,596.00,418.00,29.70,76.60,0.9990,-1,-1
88,30,855.00,423.00,67.30,170.30,1.0000,-1,-1
88,38,682.00,421.00,40.80,112.70,1.0000,-1,-1
88,44,821.00,412.00,37.30,122.40,1.0000,-1,-1
88,59,727.00,414.00,47.50,126.20,1.0000,-1,-1
88,66,517.00,414.00,40.60,103.00,0.9970,-1,-1
88,67,68.00,434.00,54.60,124.90,0.9200,-1,-1
88,69,422.00,403.00,61.60,137.20,0.9990,-1,-1
89,5,1577.00,336.00,244.70,764.30,1.0000,-1,-1
89,7,-4.00,403.00,77.00,220.00,0.9990,-1,-1
89,19,596.00,425.00,23.80,57.20,0.9650,-1,-1
89,30,852.00,417.00,69.70,166.10,1.0000,-1,-1
89,38,684.00,413.00,42.90,114.90,0.9980,-1,-1
89,44,822.00,412.00,43.30,120.40,0.9460,-1,-1
89,59,729.00,409.00,44.30,124.00,0.9980,-1,-1
89,66,519.00,419.00,41.50,95.80,0.9950,-1,-1
89,69,423.00,409.00,48.50,128.50,0.9940,-1,-1
90,5,1633.00,305.00,231.00,793.60,1.0000,-1,-1
90,7,-20.00,389.00,80.20,215.00,0.9990,-1,-1
90,19,597.00,421.00,26.90,71.40,1.0000,-1,-1
90,30,857.00,408.00,69.80,178.20,1.0000,-1,-1
90,38,678.00,419.00,40.20,104.10,1.0000,-1,-1
90,44,825.00,413.00,38.00,117.10,0.9920,-1,-1
90,59,730.00,414.00,44.30,120.20,0.9970,-1,-1
90,66,518.00,421.00,40.30,89.40,0.9990,-1,-1
90,69,411.00,408.00,61.50,133.70,0.9970,-1,-1
90,70,324.00,423.00,37.00,89.80,0.9460,-1,-1
91,5,1654.00,291.00,230.30,820.80,1.0000,-1,-1
91,7,-22.00,400.00,81.60,223.40,0.9960,-1,-1
91,19,598.00,420.00,27.60,72.20,0.9970,-1,-1
91,30,849.00,418.00,73.30,169.10,1.0000,-1,-1
91,38,682.00,418.00,44.80,113.70,1.0000,-1,-1
91,44,818.00,411.00,45.60,115.80,0.9970,-1,-1
91,59,727.00,417.00,44.20,116.50,1.0000,-1,-1
91,66,520.00,418.00,42.10,92.40,0.9990,-1,-1
91,69,408.00,406.00,52.70,131.90,0.9990,-1,-1
91,70,329.00,421.00,29.50,82.50,0.9760,-1,-1
92,5,1657.00,309.00,253.80,806.40,1.0000,-1,-1
92,7,-21.00,402.00,79.20,200.40,0.9970,-1,-1
92,19,595.00,420.00,30.10,72.10,1.0000,-1,-1
92,30,852.00,420.00,74.40,174.00,1.0000,-1,-1
92,38,680.00,414.00,38.90,115.30,0.9990,-1,-1
92,44,825.00,413.00,38.30,114.30,0.9950,-1,-1
92,59,724.00,415.00,46.10,119.20,0.9990,-1,-1
92,66,528.00,412.00,38.60,99.60,0.9980,-1,-1
92,69,410.00,405.00,54.30,134.00,0.9950,-1,-1
92,70,322.00,416.00,36.40,94.80,0.9960,-1,-1
93,5,1692.00,304.00,250.30,810.20,1.0000,-1,-1
93,19,597.00,417.00,29.80,74.10,0.9960,-1,-1
93,30,845.00,410.00,78.20,183.70,1.0000,-1,-1
93,38,679.00,415.00,41.30,117.30,0.9980,-1,-1
93,44,825.00,407.00,38.90,122.30,0.9990,-1,-1
93,59,726.00,412.00,44.50,123.90,0.9980,-1,-1
93,66,528.00,410.00,46.20,101.90,0.9990,-1,-1
93,69,405.00,403.00,56.20,147.10,0.9990,-1,-1
93,70,329.00,423.00,29.30,82.50,0.9960,-1,-1
93,71,307.00,424.00,27.40,76.60,0.9800,-1,-1
94,5,1698.00,295.00,277.30,830.80,0.9990,-1,-1
94,19,604.00,419.00,27.00,66.10,0.9980,-1,-1
94,30,852.00,417.00,70.70,166.60,1.0000,-1,-1
94,38,684.00,410.00,44.60,113.90,0.9990,-1,-1
94,44,827.00,405.00,44.20,115.40,0.9980,-1,-1
94,59,719.00,403.00,47.50,127.70,0.9850,-1,-1
94,66,536.00,414.00,39.00,101.80,1.0000,-1,-1
94,69,407.00,403.00,57.00,128.50,0.9980,-1,-1
94,70,327.00,417.00,33.20,89.70,0.9870,-1,-1
94,71,307.00,423.00,29.60,83.30,0.9830,-1,-1
94,72,741.00,414.00,39.90,109.00,0.9970,-1,-1
95,19,601.00,410.00,27.00,70.80,0.9990,-1,-1
95,30,849.00,405.00,72.00,181.10,0.9990,-1,-1
95,38,685.00,406.00,39.80,115.20,1.0000,-1,-1
95,44,827.00,397.00,40.90,124.50,0.9700,-1,-1
95,59,728.00,404.00,41.50,121.70,0.9960,-1,-1
95,66,540.00,408.00,37.20,99.10,0.9990,-1,-1
95,69,404.00,401.00,48.60,129.20,0.9990,-1,-1
95,70,328.00,410.00,33.90,95.60,1.0000,-1,-1
95,71,307.00,419.00,28.60,87.70,0.9830,-1,-1
95,73,359.00,417.00,33.90,97.30,0.9320,-1,-1
96,19,603.00,409.00,25.50,68.60,1.0000,-1,-1
96,30,843.00,414.00,75.60,171.20,0.9990,-1,-1
96,38,683.00,404.00,46.10,114.80,0.9990,-1,-1
96,59,727.00,404.00,45.70,126.00,0.9980,-1,-1
96,66,540.00,404.00,35.20,95.10,0.9970,-1,-1
96,69,397.00,397.00,58.10,138.60,0.9990,-1,-1
96,70,327.00,409.00,31.70,87.40,0.9890,-1,-1
96,71,306.00,414.00,29.80,83.60,0.9380,-1,-1
96,73,360.00,417.00,35.70,94.90,0.9500,-1,-1
97,19,604.00,410.00,26.00,64.60,0.9990,-1,-1
97,30,844.00,405.00,77.00,167.00,0.9990,-1,-1
97,38,682.00,397.00,44.50,118.90,1.0000,-1,-1
97,59,720.00,391.00,46.20,127.40,0.9970,-1,-1
97,66,543.00,403.00,35.10,96.40,0.9980,-1,-1
97,69,398.00,397.00,51.50,132.90,0.9980,-1,-1
97,70,327.00,402.00,34.00,98.00,0.9990,-1,-1
97,71,311.00,417.00,26.70,81.70,0.9880,-1,-1
97,72,752.00,400.00,31.80,110.80,0.9930,-1,-1
97,73,361.00,406.00,34.40,99.80,0.9820,-1,-1
98,5,1787.00,384.00,190.00,557.10,0.9640,-1,-1
98,19,602.00,407.00,27.00,61.70,0.9990,-1,-1
98,30,837.00,405.00,78.50,173.00,0.9990,-1,-1
98,38,684.00,395.00,43.20,124.10,1.0000,-1,-1
98,59,718.00,392.00,47.70,122.30,0.9930,-1,-1
98,66,544.00,402.00,35.30,97.60,0.9950,-1,-1
98,69,400.00,391.00,46.70,134.30,0.9980,-1,-1
98,70,321.00,398.00,38.50,100.90,0.9990,-1,-1
98,71,306.00,413.00,28.40,83.80,0.9840,-1,-1
98,72,749.00,393.00,36.20,112.20,0.9860,-1,-1
98,73,359.00,408.00,37.50,105.00,0.9920,-1,-1
99,5,1805.00,374.00,165.50,551.10,0.9850,-1,-1
99,19,603.00,405.00,26.60,66.20,0.9990,-1,-1
99,30,841.00,401.00,65.90,164.30,1.0000,-1,-1
99,38,683.00,399.00,42.80,117.60,0.9990,-1,-1
99,59,725.00,397.00,42.90,120.90,0.9970,-1,-1
99,66,547.00,402.00,35.80,98.00,0.9920,-1,-1
99,69,403.00,394.00,43.10,133.20,0.9970,-1,-1
99,70,321.00,398.00,38.20,102.60,0.9980,-1,-1
99,71,306.00,415.00,26.20,76.70,0.9800,-1,-1
99,73,357.00,410.00,36.40,99.20,0.9590,-1,-1
100,5,1791.00,368.00,167.90,537.10,0.9970,-1,-1
100,19,607.00,402.00,26.90,68.20,0.9930,-1,-1
100,30,833.00,392.00,76.80,179.10,1.0000,-1,-1
100,38,685.00,394.00,39.80,111.30,0.9990,-1,-1
100,59,724.00,389.00,44.80,126.20,0.9960,-1,-1
100,66,547.00,402.00,32.30,101.10,0.9960,-1,-1
100,69,395.00,391.00,49.40,124.50,0.9940,-1,-1
100,70,325.00,394.00,34.30,101.50,0.9910,-1,-1
100,71,307.00,410.00,26.50,77.20,0.9920,-1,-1
100,72,753.00,394.00,33.30,111.60,0.9640,-1,-1
100,73,361.00,409.00,33.00,92.30,0.9850,-1,-1
101,5,1791.00,379.00,153.00,539.00,0.9990,-1,-1
101,19,603.00,405.00,27.50,63.50,1.0000,-1,-1
101,30,839.00,386.00,75.00,176.40,1.0000,-1,-1
101,38,682.00,394.00,39.80,115.40,1.0000,-1,-1
101,59,716.00,382.00,48.90,130.70,0.9970,-1,-1
101,66,546.00,397.00,35.20,105.40,0.9930,-1,-1
101,69,390.00,390.00,48.10,121.70,0.9670,-1,-1
101,70,321.00,400.00,32.60,90.50,0.9940,-1,-1
101,71,302.00,412.00,27.50,79.20,0.9910,-1,-1
101,72,745.00,394.00,33.90,109.90,0.9990,-1,-1
101,73,354.00,402.00,35.50,102.20,0.9920,-1,-1
102,5,1777.00,382.00,165.70,516.10,0.9990,-1,-1
102,19,603.00,402.00,27.60,68.30,1.0000,-1,-1
102,30,835.00,387.00,71.90,186.70,1.0000,-1,-1
102,38,682.00,394.00,42.60,118.00,0.9990,-1,-1
102,59,720.00,389.00,49.40,125.70,0.9970,-1,-1
102,66,547.00,399.00,35.80,101.00,0.9930,-1,-1
102,69,386.00,389.00,53.80,142.80,0.9940,-1,-1
102,70,318.00,396.00,36.50,94.20,0.9950,-1,-1
102,71,302.00,418.00,26.50,69.70,0.9890,-1,-1
102,73,353.00,405.00,37.60,102.70,0.9770,-1,-1
103,5,1756.00,368.00,193.20,535.20,0.9990,-1,-1
103,19,598.00,402.00,27.60,68.90,0.9980,-1,-1
103,30,827.00,392.00,75.20,177.50,1.0000,-1,-1
103,38,679.00,390.00,41.10,121.20,0.9990,-1,-1
103,59,716.00,390.00,54.30,132.90,0.9960,-1,-1
103,66,545.00,394.00,34.80,101.20,0.9950,-1,-1
103,69,373.00,384.00,59.60,139.50,0.9910,-1,-1
103,70,318.00,398.00,33.50,93.60,0.9750,-1,-1
103,71,299.00,409.00,26.10,77.00,0.9700,-1,-1
103,73,350.00,403.00,36.50,103.40,0.9920,-1,-1
103,74,1237.00,399.00,40.90,123.20,0.9270,-1,-1
104,5,1740.00,379.00,210.30,525.60,1.0000,-1,-1
104,19,596.00,400.00,29.50,73.90,1.0000,-1,-1
104,30,822.00,391.00,77.80,177.90,1.0000,-1,-1
104,38,677.00,390.00,40.20,115.70,1.0000,-1,-1
104,59,715.00,392.00,49.00,121.70,0.9910,-1,-1
104,66,545.00,395.00,38.60,109.30,0.9980,-1,-1
104,69,376.00,398.00,50.90,126.70,0.9850,-1,-1
104,70,315.00,399.00,34.60,96.80,0.9790,-1,-1
104,71,298.00,415.00,25.50,78.10,0.9820,-1,-1
104,72,744.00,392.00,33.80,110.40,0.9990,-1,-1
104,73,346.00,403.00,38.10,99.30,0.9930,-1,-1
105,5,1706.00,366.00,228.30,535.80,1.0000,-1,-1
105,19,596.00,396.00,28.60,74.70,0.9990,-1,-1
105,30,822.00,394.00,70.00,176.50,1.0000,-1,-1
105,38,675.00,390.00,41.90,115.10,0.9990,-1,-1
105,59,714.00,388.00,47.60,121.40,0.9940,-1,-1
105,66,549.00,398.00,36.90,104.40,0.9950,-1,-1
105,69,373.00,390.00,52.70,125.30,0.9890,-1,-1
105,70,309.00,403.00,31.80,91.30,0.9680,-1,-1
105,71,293.00,406.00,28.10,86.10,0.9820,-1,-1
105,72,749.00,395.00,32.30,114.00,0.9960,-1,-1
105,73,348.00,400.00,40.30,108.80,0.9960,-1,-1
106,5,1688.00,367.00,240.60,540.50,1.0000,-1,-1
106,19,596.00,400.00,25.80,69.20,0.9960,-1,-1
106,30,825.00,396.00,62.70,165.80,1.0000,-1,-1
106,38,676.00,395.00,38.90,112.40,1.0000,-1,-1
106,59,710.00,388.00,46.50,125.50,0.9980,-1,-1
106,66,544.00,394.00,37.30,103.50,0.9980,-1,-1
106,69,363.00,392.00,50.20,131.40,0.9840,-1,-1
106,70,307.00,399.00,34.10,96.90,0.9940,-1,-1
106,71,286.00,415.00,29.90,80.20,0.9740,-1,-1
106,72,744.00,391.00,32.30,116.60,0.9690,-1,-1
106,73,345.00,402.00,37.30,106.30,0.9880,-1,-1
107,5,1699.00,394.00,230.60,520.80,1.0000,-1,-1
107,19,595.00,400.00,25.70,66.60,0.9980,-1,-1
107,30,823.00,378.00,71.60,190.10,1.0000,-1,-1
107,38,672.00,391.00,45.50,117.00,1.0000,-1,-1
107,59,708.00,392.00,49.10,121.00,0.9960,-1,-1
107,66,548.00,396.00,34.30,93.90,0.9970,-1,-1
107,69,367.00,388.00,51.10,137.20,0.9840,-1,-1
107,70,307.00,404.00,31.00,87.70,0.9900,-1,-1
107,71,291.00,415.00,25.90,74.90,0.9670,-1,-1
107,72,742.00,394.00,32.80,110.20,0.9940,-1,-1
107,73,345.00,399.00,36.90,99.60,0.9930,-1,-1
108,5,1684.00,390.00,230.80,515.90,1.0000,-1,-1
108,19,595.00,400.00,22.60,65.00,0.9980,-1,-1
108,30,811.00,398.00,74.90,178.20,1.0000,-1,-1
108,38,672.00,392.00,43.20,111.60,1.0000,-1,-1
108,59,710.00,385.00,45.50,125.00,0.9970,-1,-1
108,66,549.00,390.00,35.30,105.50,0.9980,-1,-1
108,69,361.00,384.00,51.40,138.30,0.9910,-1,-1
108,70,311.00,400.00,33.90,91.70,0.9860,-1,-1
108,71,286.00,416.00,27.20,75.60,0.9310,-1,-1
108,72,742.00,391.00,34.90,116.60,0.9920,-1,-1
109,5,1694.00,370.00,229.00,557.60,1.0000,-1,-1
109,19,589.00,393.00,29.50,72.50,0.9970,-1,-1
109,30,817.00,392.00,71.50,174.30,1.0000,-1,-1
109,38,674.00,392.00,43.30,113.60,1.0000,-1,-1
109,59,701.00,385.00,48.90,128.90,0.9970,-1,-1
109,66,549.00,393.00,35.50,109.40,0.9970,-1,-1
109,69,357.00,388.00,51.10,131.50,0.9870,-1,-1
109,70,304.00,393.00,35.20,96.20,0.9830,-1,-1
109,71,287.00,411.00,27.20,79.60,0.9450,-1,-1
109,72,740.00,388.00,37.20,120.80,0.9960,-1,-1
109,73,338.00,397.00,40.90,110.50,0.9920,-1,-1
110,5,1703.00,382.00,220.40,543.70,0.9990,-1,-1
110,19,589.00,396.00,24.40,66.60,0.9980,-1,-1
110,30,817.00,394.00,69.20,166.70,0.9990,-1,-1
110,38,669.00,394.00,42.20,116.00,0.9990,-1,-1
110,59,700.00,385.00,47.70,123.60,0.9990,-1,-1
110,66,546.00,390.00,38.00,105.70,0.9970,-1,-1
110,69,350.00,377.00,57.50,141.80,0.9870,-1,-1
110,70,306.00,395.00,34.80,95.40,0.9900,-1,-1
110,71,287.00,407.00,27.00,80.20,0.9450,-1,-1
110,72,739.00,391.00,37.00,113.40,0.9990,-1,-1
110,75,48.00,394.00,58.70,159.80,0.9890,-1,-1
111,5,1683.00,372.00,239.50,541.90,1.0000,-1,-1
111,19,590.00,397.00,28.60,70.00,0.9980,-1,-1
111,30,810.00,386.00,70.80,179.60,0.9990,-1,-1
111,38,674.00,390.00,43.40,130.30,0.9930,-1,-1
111,59,706.00,379.00,47.00,124.50,0.9980,-1,-1
111,66,544.00,390.00,40.10,114.80,0.9960,-1,-1
111,69,350.00,377.00,59.10,145.70,0.9920,-1,-1
111,70,303.00,392.00,36.20,100.70,0.9980,-1,-1
111,72,739.00,388.00,36.20,113.30,0.9990,-1,-1
111,75,40.00,389.00,58.30,164.90,0.9920,-1,-1
112,5,1714.00,365.00,204.20,537.30,1.0000,-1,-1
112,19,590.00,397.00,27.80,69.50,0.9990,-1,-1
112,30,814.00,392.00,66.20,174.10,1.0000,-1,-1
112,38,671.00,394.00,41.70,116.80,0.9990,-1,-1
112,59,698.00,383.00,48.30,129.90,0.9990,-1,-1
112,66,547.00,394.00,37.10,102.60,0.9980,-1,-1
112,69,346.00,386.00,53.80,142.60,0.9950,-1,-1
112,70,303.00,396.00,32.10,87.20,0.9960,-1,-1
112,71,286.00,407.00,30.10,91.70,0.9250,-1,-1
112,72,739.00,389.00,33.60,112.30,0.9990,-1,-1
112,75,45.00,398.00,57.50,140.90,0.9970,-1,-1
113,5,1725.00,361.00,192.30,541.50,1.0000,-1,-1
113,19,590.00,400.00,26.20,65.80,1.0000,-1,-1
113,30,810.00,389.00,72.20,176.30,1.0000,-1,-1
113,38,671.00,391.00,41.60,116.60,1.0000,-1,-1
113,59,697.00,388.00,60.20,122.30,1.0000,-1,-1
113,66,550.00,399.00,36.50,100.00,0.9990,-1,-1
113,69,351.00,386.00,61.60,142.80,0.9970,-1,-1
113,70,302.00,399.00,35.20,94.70,1.0000,-1,-1
113,72,746.00,389.00,35.00,116.30,0.9760,-1,-1
113,75,46.00,402.00,56.70,143.00,0.9990,-1,-1
114,5,1718.00,372.00,195.60,550.00,1.0000,-1,-1
114,19,591.00,398.00,25.80,69.10,0.9990,-1,-1
114,30,811.00,389.00,73.70,177.10,1.0000,-1,-1
114,38,670.00,389.00,45.90,123.10,0.9980,-1,-1
114,59,705.00,380.00,49.60,133.30,0.9990,-1,-1
114,66,552.00,392.00,37.50,105.20,0.9960,-1,-1
114,69,350.00,389.00,57.50,133.20,0.9950,-1,-1
114,70,302.00,401.00,35.10,90.30,1.0000,-1,-1
114,72,741.00,389.00,39.70,113.90,0.9980,-1,-1
114,75,49.00,400.00,54.90,140.90,0.9990,-1,-1
115,5,1705.00,373.00,199.70,542.00,1.0000,-1,-1
115,19,595.00,405.00,28.30,66.90,1.0000,-1,-1
115,30,818.00,395.00,70.50,173.30,0.9990,-1,-1
115,38,675.00,400.00,45.20,113.20,0.9990,-1,-1
115,59,704.00,386.00,48.00,122.00,0.9980,-1,-1
115,66,555.00,393.00,39.20,109.20,0.9940,-1,-1
115,69,351.00,392.00,51.70,135.60,0.9880,-1,-1
115,70,312.00,398.00,34.70,96.70,0.9990,-1,-1
115,72,746.00,390.00,34.40,110.20,0.9960,-1,-1
115,75,49.00,399.00,53.20,146.40,0.9980,-1,-1
116,5,1710.00,356.00,184.40,552.50,1.0000,-1,-1
116,19,601.00,404.00,25.30,68.00,0.9960,-1,-1
116,30,812.00,394.00,65.90,164.50,0.9990,-1,-1
116,38,680.00,392.00,41.10,121.50,0.9930,-1,-1
116,59,704.00,388.00,43.30,121.90,0.9970,-1,-1
116,66,558.00,390.00,41.80,115.40,0.9990,-1,-1
116,69,348.00,393.00,52.20,137.50,0.9740,-1,-1
116,70,314.00,404.00,32.70,91.60,0.9940,-1,-1
116,72,752.00,388.00,34.70,116.50,1.0000,-1,-1
116,75,53.00,403.00,55.90,143.70,0.9950,-1,-1
117,5,1714.00,344.00,173.20,585.50,1.0000,-1,-1
117,19,601.00,406.00,24.90,66.20,0.9550,-1,-1
117,30,812.00,387.00,75.90,175.30,0.9990,-1,-1
117,38,682.00,390.00,39.00,121.00,0.9820,-1,-1
117,59,708.00,386.00,47.80,122.60,0.9990,-1,-1
117,66,566.00,401.00,36.50,92.90,0.9890,-1,-1
117,69,354.00,398.00,43.60,124.80,0.9750,-1,-1
117,70,319.00,400.00,34.90,103.50,0.9400,-1,-1
117,72,763.00,396.00,30.00,105.00,0.9990,-1,-1
117,75,57.00,399.00,58.00,145.50,0.9830,-1,-1
118,5,1712.00,367.00,171.60,563.60,1.0000,-1,-1
118,19,604.00,407.00,27.30,70.50,0.9970,-1,-1
118,30,818.00,396.00,73.60,170.60,0.9990,-1,-1
118,38,687.00,395.00,41.70,120.90,1.0000,-1,-1
118,59,713.00,383.00,46.00,131.50,0.9980,-1,-1
118,66,570.00,395.00,43.50,118.50,0.9930,-1,-1
118,69,351.00,401.00,49.30,136.80,0.9880,-1,-1
118,70,316.00,399.00,38.10,103.50,0.9980,-1,-1
118,72,760.00,390.00,35.30,119.00,0.9940,-1,-1
118,75,66.00,402.00,54.40,149.10,0.9960,-1,-1
119,5,1724.00,348.00,177.70,572.90,1.0000,-1,-1
119,19,616.00,405.00,26.50,66.50,0.9990,-1,-1
119,30,827.00,402.00,65.90,163.90,0.9960,-1,-1
119,38,691.00,396.00,42.70,120.20,0.9720,-1,-1
119,59,717.00,394.00,46.30,122.00,0.9980,-1,-1
119,66,578.00,404.00,38.70,103.90,0.9940,-1,-1
119,69,359.00,398.00,55.90,136.60,0.9860,-1,-1
119,70,327.00,407.00,32.80,93.80,0.9970,-1,-1
119,72,772.00,394.00,31.90,114.30,0.9970,-1,-1
119,75,69.00,409.00,56.70,139.40,0.9980,-1,-1
119,76,869.00,392.00,54.90,136.30,0.9790,-1,-1
120,5,1707.00,367.00,193.30,570.00,1.0000,-1,-1
120,19,619.00,401.00,28.10,73.60,0.9560,-1,-1
120,30,829.00,391.00,73.90,173.00,0.9970,-1,-1
120,38,709.00,397.00,41.90,109.30,0.9720,-1,-1
120,59,732.00,393.00,46.70,127.80,1.0000,-1,-1
120,66,591.00,401.00,37.60,107.70,0.9930,-1,-1
120,69,364.00,395.00,50.30,138.10,0.9870,-1,-1
120,72,779.00,396.00,34.70,112.20,1.0000,-1,-1
120,73,339.00,398.00,38.80,107.30,0.9760,-1,-1
120,75,86.00,409.00,55.20,138.20,0.9850,-1,-1
121,5,1693.00,371.00,232.50,571.20,1.0000,-1,-1
121,19,616.00,398.00,33.00,111.60,0.9930,-1,-1
121,30,850.00,395.00,65.40,162.40,0.9990,-1,-1
121,38,728.00,398.00,39.30,116.20,0.9990,-1,-1
121,59,750.00,393.00,48.00,132.70,0.9970,-1,-1
121,69,374.00,390.00,61.00,147.40,0.9760,-1,-1
121,73,343.00,410.00,28.90,93.50,0.9300,-1,-1
121,75,108.00,407.00,60.90,156.00,0.9970,-1,-1
121,76,896.00,382.00,48.40,135.60,0.9940,-1,-1
121,77,649.00,406.00,27.70,67.70,1.0000,-1,-1
121,78,806.00,395.00,34.80,111.00,0.9970,-1,-1
121,79,365.00,406.00,31.40,99.20,0.9950,-1,-1
121,80,35.00,418.00,37.30,106.10,0.9820,-1,-1
122,5,1697.00,370.00,239.40,564.70,1.0000,-1,-1
122,19,628.00,399.00,34.90,101.90,0.9950,-1,-1
122,30,854.00,397.00,72.20,163.40,1.0000,-1,-1
122,38,732.00,393.00,40.20,113.40,1.0000,-1,-1
122,59,756.00,392.00,45.60,125.70,0.9970,-1,-1
122,69,388.00,400.00,62.90,136.80,0.9930,-1,-1
122,75,121.00,406.00,57.30,143.20,0.9940,-1,-1
122,76,909.00,385.00,50.20,139.00,0.9940,-1,-1
122,77,659.00,403.00,26.90,66.70,0.9980,-1,-1
122,78,814.00,393.00,29.30,111.30,0.9990,-1,-1
122,79,362.00,399.00,39.90,103.60,0.9990,-1,-1
122,80,42.00,418.00,36.40,102.50,0.9540,-1,-1
123,5,1715.00,377.00,225.40,556.10,1.0000,-1,-1
123,19,628.00,385.00,41.50,112.10,0.9930,-1,-1
123,30,859.00,392.00,68.70,174.70,1.0000,-1,-1
123,38,732.00,393.00,43.50,116.30,0.9960,-1,-1
123,59,764.00,388.00,49.20,125.90,0.9980,-1,-1
123,69,389.00,390.00,65.50,141.00,0.9920,-1,-1
123,75,132.00,410.00,53.50,142.20,0.9980,-1,-1
123,76,917.00,384.00,48.30,132.80,0.9960,-1,-1
123,77,661.00,398.00,28.90,70.10,0.9980,-1,-1
123,78,819.00,389.00,35.10,109.30,0.9980,-1,-1
123,79,370.00,400.00,35.50,101.10,0.9840,-1,-1
123,80,50.00,408.00,34.80,110.30,0.9910,-1,-1
123,81,-10.00,372.00,76.10,233.50,0.9010,-1,-1
124,5,1722.00,378.00,222.70,553.20,1.0000,-1,-1
124,19,642.00,392.00,35.50,104.40,0.9900,-1,-1
124,30,866.00,397.00,68.90,159.80,1.0000,-1,-1
124,38,737.00,383.00,46.50,127.70,0.9860,-1,-1
124,59,768.00,385.00,47.90,129.50,0.9990,-1,-1
124,69,396.00,395.00,63.60,134.60,0.9860,-1,-1
124,75,137.00,402.00,61.80,146.70,0.9900,-1,-1
124,76,917.00,377.00,54.50,136.20,0.9990,-1,-1
124,77,668.00,396.00,27.50,70.80,0.9970,-1,-1
124,78,828.00,390.00,32.70,111.60,0.9980,-1,-1
124,79,366.00,413.00,27.30,80.20,0.9630,-1,-1
124,80,55.00,406.00,35.00,103.70,0.9650,-1,-1
124,81,-10.00,380.00,78.20,230.20,0.9820,-1,-1
124,82,382.00,395.00,35.10,101.80,0.9980,-1,-1
125,5,1730.00,369.00,228.90,583.40,1.0000,-1,-1
125,19,646.00,388.00,37.10,113.60,0.9960,-1,-1
125,30,876.00,394.00,70.10,163.40,1.0000,-1,-1
125,38,741.00,392.00,41.20,112.70,0.9970,-1,-1
125,59,767.00,381.00,47.10,134.60,1.0000,-1,-1
125,69,405.00,391.00,61.10,130.40,0.9940,-1,-1
125,75,143.00,395.00,55.80,139.90,0.9970,-1,-1
125,76,927.00,370.00,52.50,148.70,0.9980,-1,-1
125,77,676.00,396.00,26.40,64.00,1.0000,-1,-1
125,78,834.00,387.00,31.90,103.70,0.9990,-1,-1
125,79,375.00,412.00,25.50,80.90,0.9740,-1,-1
125,80,64.00,407.00,31.50,101.70,0.9780,-1,-1
125,81,-9.00,363.00,72.00,244.10,0.9840,-1,-1
125,82,392.00,394.00,32.30,98.30,0.9970,-1,-1
126,5,1758.00,369.00,199.40,543.00,1.0000,-1,-1
126,19,656.00,383.00,40.20,114.50,0.9770,-1,-1
126,30,883.00,378.00,75.70,175.40,0.9990,-1,-1
126,59,755.00,386.00,44.10,116.00,0.9520,-1,-1
126,69,418.00,383.00,61.50,134.60,0.9920,-1,-1
126,72,784.00,385.00,46.20,119.90,0.9970,-1,-1
126,75,164.00,397.00,50.90,133.10,0.9980,-1,-1
126,76,945.00,365.00,53.10,148.50,0.9940,-1,-1
126,78,849.00,386.00,31.00,107.10,0.9980,-1,-1
126,80,76.00,398.00,34.30,108.30,0.9850,-1,-1
126,81,-15.00,369.00,99.30,250.20,0.9920,-1,-1
126,82,396.00,389.00,33.80,94.60,0.9740,-1,-1
126,83,691.00,386.00,29.50,73.50,0.9980,-1,-1
127,5,1775.00,350.00,183.00,565.40,0.9980,-1,-1
127,19,665.00,383.00,35.50,107.20,0.9970,-1,-1
127,30,897.00,389.00,61.80,163.20,1.0000,-1,-1
127,59,764.00,387.00,42.90,122.40,0.9630,-1,-1
127,69,422.00,382.00,63.50,139.00,0.9810,-1,-1
127,72,789.00,377.00,47.40,125.70,1.0000,-1,-1
127,75,170.00,393.00,57.10,136.20,0.9990,-1,-1
127,76,944.00,368.00,48.50,138.30,0.9970,-1,-1
127,78,855.00,383.00,30.40,106.50,0.9980,-1,-1
127,80,86.00,404.00,33.50,102.30,0.9830,-1,-1
127,81,-14.00,367.00,104.30,228.10,0.9940,-1,-1
127,82,393.00,402.00,26.90,81.70,0.9870,-1,-1
127,83,695.00,386.00,26.90,72.90,0.9940,-1,-1
127,84,411.00,390.00,34.40,103.60,0.9960,-1,-1
128,5,1775.00,355.00,178.70,547.60,0.9990,-1,-1
128,19,673.00,387.00,39.00,115.00,0.9940,-1,-1
128,30,897.00,383.00,70.70,167.20,0.9980,-1,-1
128,59,766.00,384.00,36.90,113.40,0.9470,-1,-1
128,69,432.00,384.00,64.90,137.40,0.9960,-1,-1
128,72,791.00,375.00,53.30,134.20,0.9990,-1,-1
128,75,183.00,393.00,51.20,139.70,0.9950,-1,-1
128,76,954.00,367.00,55.10,153.00,0.9960,-1,-1
128,78,863.00,376.00,31.90,113.90,0.9860,-1,-1
128,80,95.00,400.00,33.60,102.20,0.9910,-1,-1
128,81,-6.00,373.00,83.50,222.50,0.9990,-1,-1
128,82,397.00,405.00,25.30,82.30,0.9890,-1,-1
128,83,705.00,388.00,27.80,68.00,1.0000,-1,-1
128,84,420.00,388.00,33.30,98.30,0.9970,-1,-1
129,5,1786.00,332.00,172.00,581.90,0.9950,-1,-1
129,19,682.00,382.00,34.00,108.00,0.9980,-1,-1
129,30,907.00,379.00,67.00,174.40,0.9990,-1,-1
129,59,776.00,386.00,41.20,110.00,0.9780,-1,-1
129,69,441.00,374.00,62.60,142.80,0.9780,-1,-1
129,72,798.00,377.00,50.50,131.90,0.9960,-1,-1
129,75,182.00,391.00,59.30,148.50,0.9970,-1,-1
129,76,963.00,367.00,55.00,143.90,0.9980,-1,-1
129,78,871.00,377.00,29.40,111.40,0.9950,-1,-1
129,80,97.00,399.00,42.40,105.50,0.9870,-1,-1
129,81,4.00,365.00,87.50,236.20,0.9990,-1,-1
129,82,405.00,404.00,27.90,82.40,0.9480,-1,-1
129,83,714.00,390.00,28.50,67.60,0.9950,-1,-1
129,84,421.00,385.00,38.00,108.40,0.9990,-1,-1
130,5,1778.00,327.00,179.70,600.90,0.9970,-1,-1
130,19,688.00,381.00,36.40,111.90,0.9960,-1,-1
130,30,907.00,384.00,64.90,172.30,0.9980,-1,-1
130,59,786.00,383.00,37.80,120.10,0.9910,-1,-1
130,69,435.00,387.00,64.60,135.10,0.9930,-1,-1
130,72,807.00,374.00,47.10,128.10,1.0000,-1,-1
130,75,193.00,396.00,59.50,137.50,0.9950,-1,-1
130,76,969.00,363.00,56.80,151.30,0.9970,-1,-1
130,78,878.00,373.00,29.60,111.00,0.9970,-1,-1
130,80,106.00,395.00,37.30,109.30,0.9930,-1,-1
130,81,1.00,361.00,95.40,259.60,1.0000,-1,-1
130,82,412.00,399.00,30.70,88.80,0.9850,-1,-1
130,83,717.00,388.00,28.00,69.90,1.0000,-1,-1
130,84,431.00,383.00,38.70,106.90,0.9960,-1,-1
131,5,1776.00,320.00,194.20,603.10,0.9930,-1,-1
131,19,702.00,372.00,41.20,125.00,0.9860,-1,-1
131,30,923.00,378.00,66.00,166.20,0.9980,-1,-1
131,59,787.00,373.00,43.00,120.70,0.9410,-1,-1
131,69,449.00,371.00,63.60,142.50,0.9900,-1,-1
131,72,811.00,372.00,47.80,131.90,0.9970,-1,-1
131,75,216.00,393.00,52.10,140.30,0.9840,-1,-1
131,76,985.00,362.00,50.50,156.60,0.9990,-1,-1
131,81,7.00,366.00,97.80,241.80,0.9990,-1,-1
131,82,425.00,402.00,26.70,81.10,0.9530,-1,-1
131,83,732.00,384.00,26.40,73.50,0.9980,-1,-1
131,84,445.00,381.00,37.90,107.90,0.9940,-1,-1
131,85,894.00,374.00,30.10,108.90,0.9990,-1,-1
131,86,128.00,390.00,39.90,111.20,0.9120,-1,-1
132,5,1769.00,320.00,219.80,591.20,0.9770,-1,-1
132,19,711.00,375.00,37.90,123.40,0.9820,-1,-1
132,30,925.00,381.00,70.30,162.20,0.9990,-1,-1
132,69,463.00,373.00,66.10,144.10,0.9930,-1,-1
132,72,820.00,374.00,47.10,132.50,0.9990,-1,-1
132,75,223.00,391.00,56.30,139.00,0.9960,-1,-1
132,76,999.00,364.00,46.80,156.30,0.9980,-1,-1
132,81,23.00,367.00,99.50,240.40,1.0000,-1,-1
132,82,434.00,398.00,26.20,81.50,0.9740,-1,-1
132,83,744.00,389.00,22.60,64.70,0.9890,-1,-1
132,84,449.00,387.00,36.00,103.80,1.0000,-1,-1
132,85,897.00,377.00,33.00,106.00,1.0000,-1,-1
132,86,135.00,397.00,37.00,100.50,0.9920,-1,-1
132,87,1416.00,380.00,42.60,131.80,0.9200,-1,-1
133,5,1775.00,348.00,215.00,567.00,0.9050,-1,-1
133,19,720.00,377.00,39.10,116.10,0.9960,-1,-1
133,30,930.00,375.00,71.50,170.90,0.9990,-1,-1
133,69,460.00,373.00,66.60,140.60,0.9940,-1,-1
133,72,823.00,369.00,50.60,137.50,0.9980,-1,-1
133,75,232.00,389.00,57.50,146.10,0.9960,-1,-1
133,76,1003.00,361.00,54.80,153.00,1.0000,-1,-1
133,81,36.00,369.00,93.50,243.70,1.0000,-1,-1
133,82,439.00,396.00,28.80,86.40,0.9710,-1,-1
133,83,745.00,385.00,28.50,68.20,0.9980,-1,-1
133,84,456.00,381.00,37.40,109.90,0.9990,-1,-1
133,85,907.00,375.00,31.30,105.90,0.9950,-1,-1
133,86,146.00,397.00,35.40,99.40,0.9980,-1,-1
134,5,1756.00,333.00,247.90,589.30,0.9410,-1,-1
134,19,725.00,376.00,39.00,108.70,0.9970,-1,-1
134,30,938.00,376.00,73.70,167.80,0.9980,-1,-1
134,69,480.00,368.00,65.90,144.50,0.9940,-1,-1
134,72,833.00,370.00,51.60,134.10,0.9980,-1,-1
134,75,238.00,383.00,60.90,146.90,0.9940,-1,-1
134,76,1008.00,361.00,50.10,151.80,0.9990,-1,-1
134,80,105.00,396.00,23.30,57.70,0.9830,-1,-1
134,81,19.00,366.00,95.60,225.10,1.0000,-1,-1
134,82,447.00,394.00,27.20,84.80,0.9750,-1,-1
134,83,754.00,373.00,29.30,80.20,0.9970,-1,-1
134,84,461.00,379.00,37.90,107.90,0.9980,-1,-1
134,85,917.00,371.00,30.40,109.90,0.9980,-1,-1
134,86,145.00,389.00,34.90,105.90,0.9970,-1,-1
135,5,1754.00,351.00,251.50,572.70,0.9050,-1,-1
135,19,732.00,371.00,37.10,115.40,0.9920,-1,-1
135,30,943.00,373.00,67.80,161.80,0.9980,-1,-1
135,69,478.00,368.00,66.80,138.30,0.9960,-1,-1
135,72,839.00,368.00,46.00,126.80,1.0000,-1,-1
135,75,249.00,379.00,59.40,139.70,0.9970,-1,-1
135,76,1013.00,355.00,53.50,151.40,0.9990,-1,-1
135,81,19.00,369.00,109.40,224.60,1.0000,-1,-1
135,82,454.00,395.00,26.00,77.10,0.9800,-1,-1
135,83,763.00,382.00,26.70,66.90,0.9960,-1,-1
135,85,921.00,367.00,28.50,110.40,0.9990,-1,-1
135,86,159.00,389.00,35.20,103.90,0.9830,-1,-1
136,30,952.00,368.00,73.00,169.70,1.0000,-1,-1
136,38,741.00,368.00,40.10,112.10,0.9980,-1,-1
136,69,504.00,356.00,63.50,153.00,0.9960,-1,-1
136,72,840.00,370.00,49.30,131.10,0.9990,-1,-1
136,75,255.00,377.00,55.80,135.90,0.9940,-1,-1
136,76,1022.00,346.00,59.40,157.10,1.0000,-1,-1
136,81,21.00,357.00,93.70,243.50,1.0000,-1,-1
136,82,459.00,386.00,26.30,80.10,0.9650,-1,-1
136,83,768.00,371.00,27.70,72.10,0.9990,-1,-1
136,84,477.00,374.00,37.70,107.50,0.9930,-1,-1
136,85,929.00,365.00,32.10,109.60,1.0000,-1,-1
136,86,166.00,385.00,37.70,103.50,0.9970,-1,-1
136,88,125.00,380.00,21.00,67.20,0.9360,-1,-1
137,5,1768.00,350.00,229.30,547.90,0.9010,-1,-1
137,30,948.00,361.00,74.80,167.00,1.0000,-1,-1
137,38,743.00,358.00,42.90,127.50,1.0000,-1,-1
137,69,500.00,358.00,64.40,143.80,0.9950,-1,-1
137,72,850.00,360.00,47.30,128.90,1.0000,-1,-1
137,75,264.00,378.00,51.30,136.50,0.9980,-1,-1
137,76,1032.00,350.00,57.00,149.50,0.9990,-1,-1
137,81,37.00,357.00,111.70,226.80,1.0000,-1,-1
137,82,460.00,383.00,29.90,85.00,0.9920,-1,-1
137,83,774.00,368.00,25.50,68.60,0.9730,-1,-1
137,84,480.00,367.00,36.30,106.60,0.9340,-1,-1
137,85,930.00,358.00,32.90,116.40,0.9980,-1,-1
137,86,175.00,381.00,34.00,98.10,0.9840,-1,-1
138,30,956.00,356.00,74.20,181.00,1.0000,-1,-1
138,38,747.00,365.00,40.80,109.00,0.9980,-1,-1
138,69,510.00,354.00,66.40,146.70,0.9910,-1,-1
138,72,850.00,359.00,47.00,124.20,0.9990,-1,-1
138,75,268.00,374.00,54.60,138.10,0.9940,-1,-1
138,76,1035.00,339.00,59.60,163.10,0.9990,-1,-1
138,81,20.00,338.00,136.30,252.60,1.0000,-1,-1
138,82,466.00,374.00,29.40,86.90,0.9750,-1,-1
138,83,779.00,366.00,26.10,69.40,0.9690,-1,-1
138,84,483.00,371.00,35.70,98.20,0.9950,-1,-1
138,85,939.00,363.00,31.30,102.50,0.9990,-1,-1
138,86,176.00,376.00,32.90,102.10,0.9980,-1,-1
139,5,1784.00,314.00,211.50,609.90,0.9170,-1,-1
139,30,962.00,357.00,67.90,175.80,0.9990,-1,-1
139,38,751.00,363.00,37.00,108.90,1.0000,-1,-1
139,69,513.00,354.00,65.80,149.70,0.9950,-1,-1
139,72,857.00,356.00,48.90,123.90,1.0000,-1,-1
139,75,278.00,372.00,51.30,125.80,0.9980,-1,-1
139,76,1035.00,339.00,61.70,156.40,1.0000,-1,-1
139,81,37.00,353.00,107.50,224.70,1.0000,-1,-1
139,82,467.00,379.00,29.00,84.90,0.9800,-1,-1
139,83,780.00,365.00,27.70,72.30,0.9990,-1,-1
139,84,489.00,365.00,37.10,101.80,0.9870,-1,-1
139,85,941.00,354.00,33.60,112.60,0.9980,-1,-1
139,86,176.00,370.00,37.20,106.30,0.9960,-1,-1
139,89,137.00,373.00,25.50,67.90,0.9680,-1,-1
139,90,1472.00,363.00,43.90,124.50,0.9220,-1,-1
140,5,1790.00,315.00,200.10,625.40,0.9340,-1,-1
140,30,964.00,362.00,72.20,161.70,0.9990,-1,-1
140,38,755.00,360.00,40.00,115.70,0.9990,-1,-1
140,69,525.00,355.00,51.00,142.00,0.9900,-1,-1
140,72,857.00,353.00,50.00,126.10,1.0000,-1,-1
140,75,272.00,367.00,55.20,142.70,0.9990,-1,-1
140,76,1040.00,339.00,56.20,161.50,1.0000,-1,-1
140,81,35.00,342.00,107.20,247.60,1.0000,-1,-1
140,82,473.00,377.00,25.90,82.20,0.9370,-1,-1
140,83,784.00,364.00,23.30,66.70,0.9760,-1,-1
140,84,490.00,362.00,34.50,108.20,0.9710,-1,-1
140,85,943.00,353.00,32.90,118.20,0.9970,-1,-1
140,86,180.00,371.00,33.70,104.90,0.9980,-1,-1
140,89,141.00,369.00,21.20,63.70,0.9720,-1,-1
141,5,1790.00,328.00,199.40,582.70,0.9010,-1,-1
141,30,967.00,355.00,69.80,171.20,1.0000,-1,-1
141,38,764.00,352.00,43.00,127.80,0.9960,-1,-1
141,69,529.00,355.00,64.20,149.60,0.9970,-1,-1
141,72,863.00,355.00,49.80,128.10,0.9990,-1,-1
141,75,283.00,362.00,50.90,138.30,0.9980,-1,-1
141,76,1045.00,338.00,61.60,157.10,0.9990,-1,-1
141,81,48.00,336.00,119.80,256.30,1.0000,-1,-1
141,82,477.00,374.00,27.10,80.70,0.9800,-1,-1
141,83,790.00,361.00,27.70,69.40,0.9990,-1,-1
141,84,496.00,361.00,34.40,100.10,0.9960,-1,-1
141,85,948.00,354.00,32.20,109.30,0.9990,-1,-1
141,86,185.00,370.00,37.10,104.20,0.9920,-1,-1
141,90,1482.00,350.00,49.40,141.40,0.9550,-1,-1
142,30,975.00,355.00,69.70,177.90,1.0000,-1,-1
142,38,765.00,356.00,41.80,115.00,0.9980,-1,-1
142,69,540.00,349.00,60.00,148.20,0.9950,-1,-1
142,72,867.00,354.00,51.80,130.80,0.9990,-1,-1
142,75,294.00,361.00,52.40,144.10,0.9990,-1,-1
142,76,1046.00,337.00,63.00,172.00,1.0000,-1,-1
142,81,45.00,344.00,105.50,234.00,1.0000,-1,-1
142,82,480.00,375.00,27.20,85.40,0.9540,-1,-1
142,83,795.00,360.00,28.10,75.10,0.9440,-1,-1
142,84,502.00,363.00,30.70,97.00,0.9940,-1,-1
142,85,955.00,350.00,35.20,112.90,1.0000,-1,-1
142,86,197.00,375.00,32.60,103.80,0.9960,-1,-1
142,91,151.00,371.00,25.30,68.30,0.9920,-1,-1
143,30,968.00,353.00,70.80,172.90,1.0000,-1,-1
143,38,770.00,358.00,38.00,113.50,0.9990,-1,-1
143,69,538.00,352.00,59.40,144.60,0.9990,-1,-1
143,72,870.00,352.00,49.60,134.10,0.9990,-1,-1
143,75,296.00,369.00,53.40,134.70,0.9990,-1,-1
143,76,1058.00,345.00,61.10,158.90,0.9980,-1,-1
143,81,44.00,338.00,117.30,242.70,1.0000,-1,-1
143,82,486.00,377.00,25.50,78.10,0.9610,-1,-1
143,83,796.00,358.00,29.90,78.50,0.9930,-1,-1
143,84,502.00,362.00,32.50,99.40,0.9790,-1,-1
143,86,196.00,374.00,38.00,108.40,0.9940,-1,-1
143,91,152.00,373.00,24.20,67.10,0.9510,-1,-1
144,30,975.00,352.00,72.10,171.60,1.0000,-1,-1
144,38,775.00,357.00,41.00,116.50,0.9990,-1,-1
144,69,543.00,351.00,61.90,144.90,1.0000,-1,-1
144,72,874.00,352.00,44.50,129.80,0.9990,-1,-1
144,75,296.00,371.00,53.00,140.30,0.9990,-1,-1
144,76,1069.00,337.00,55.90,153.80,0.9980,-1,-1
144,81,45.00,331.00,115.40,258.40,1.0000,-1,-1
144,82,484.00,377.00,30.20,89.40,0.9220,-1,-1
144,84,505.00,367.00,34.70,99.40,0.9890,-1,-1
144,86,198.00,377.00,32.70,100.80,0.9970,-1,-1
144,91,156.00,373.00,21.30,64.70,0.9950,-1,-1
145,30,980.00,360.00,72.40,163.10,0.9990,-1,-1
145,38,779.00,359.00,39.90,112.70,0.9980,-1,-1
145,69,552.00,356.00,64.30,142.60,0.9990,-1,-1
145,72,878.00,351.00,50.10,125.70,0.9980,-1,-1
145,75,303.00,374.00,48.40,131.20,0.9980,-1,-1
145,76,1071.00,341.00,54.70,163.00,1.0000,-1,-1
145,81,46.00,333.00,110.00,258.00,0.9990,-1,-1
145,82,488.00,380.00,27.60,81.50,0.9030,-1,-1
145,84,505.00,367.00,33.80,97.80,0.9890,-1,-1
145,86,201.00,375.00,36.30,102.00,0.9850,-1,-1
145,91,162.00,376.00,23.10,69.70,0.9900,-1,-1
146,30,980.00,357.00,68.30,173.20,0.9990,-1,-1
146,59,786.00,352.00,43.10,129.90,0.9940,-1,-1
146,69,561.00,353.00,61.00,155.90,0.9990,-1,-1
146,72,880.00,352.00,52.80,139.50,0.9980,-1,-1
146,75,310.00,375.00,45.70,133.50,0.9980,-1,-1
146,76,1078.00,341.00,59.50,163.20,0.9980,-1,-1
146,81,64.00,366.00,100.20,240.80,1.0000,-1,-1
146,82,495.00,380.00,26.70,80.40,0.9360,-1,-1
146,84,513.00,370.00,32.80,100.50,0.9890,-1,-1
146,86,211.00,380.00,35.50,109.00,0.9900,-1,-1
146,91,167.00,380.00,23.30,69.60,0.9130,-1,-1
147,30,979.00,362.00,69.10,165.00,1.0000,-1,-1
147,59,784.00,356.00,44.00,120.10,0.9990,-1,-1
147,69,567.00,352.00,59.80,150.80,0.9930,-1,-1
147,72,885.00,353.00,41.90,131.60,1.0000,-1,-1
147,75,318.00,381.00,48.80,125.80,0.9980,-1,-1
147,76,1086.00,336.00,60.80,165.20,0.9990,-1,-1
147,81,53.00,353.00,106.00,252.80,1.0000,-1,-1
147,82,498.00,382.00,28.40,87.80,0.9770,-1,-1
147,84,519.00,372.00,31.50,97.10,0.9870,-1,-1
147,86,219.00,381.00,36.30,104.00,0.9650,-1,-1
147,91,176.00,383.00,19.60,60.70,0.9950,-1,-1
147,92,817.00,363.00,27.20,72.60,0.9870,-1,-1
147,93,-4.00,388.00,50.10,207.70,0.9500,-1,-1
148,5,1785.00,350.00,196.70,565.60,0.9510,-1,-1
148,30,990.00,355.00,75.70,176.00,0.9990,-1,-1
148,59,792.00,357.00,44.30,123.40,0.9990,-1,-1
148,69,576.00,351.00,63.20,160.90,0.9990,-1,-1
148,72,885.00,351.00,52.00,130.20,0.9990,-1,-1
148,75,318.00,377.00,51.60,126.70,0.9980,-1,-1
148,76,1092.00,334.00,58.60,164.20,0.9970,-1,-1
148,81,54.00,351.00,105.90,250.80,1.0000,-1,-1
148,82,504.00,385.00,27.20,83.70,0.9500,-1,-1
148,84,521.00,369.00,32.70,97.40,0.9840,-1,-1
148,86,224.00,375.00,34.20,109.50,0.9870,-1,-1
148,91,174.00,380.00,21.40,64.20,0.9910,-1,-1
148,93,-16.00,380.00,78.90,231.30,0.9570,-1,-1
149,5,1798.00,322.00,181.70,603.10,0.9820,-1,-1
149,30,988.00,350.00,76.50,175.60,1.0000,-1,-1
149,59,797.00,356.00,42.10,120.70,0.9990,-1,-1
149,69,580.00,360.00,58.70,149.50,0.9980,-1,-1
149,72,893.00,357.00,48.00,128.50,0.9980,-1,-1
149,75,330.00,375.00,54.00,132.80,0.9980,-1,-1
149,76,1090.00,339.00,59.20,174.00,0.9990,-1,-1
149,81,59.00,348.00,113.40,260.60,1.0000,-1,-1
149,82,507.00,385.00,28.80,83.20,0.9440,-1,-1
149,84,524.00,370.00,33.90,105.60,0.9970,-1,-1
149,86,230.00,381.00,33.10,101.20,0.9900,-1,-1
149,91,181.00,381.00,22.70,70.20,0.9940,-1,-1
149,92,830.00,370.00,25.30,65.20,0.9900,-1,-1
149,93,-9.00,395.00,53.80,209.40,0.9670,-1,-1
150,5,1775.00,332.00,224.70,595.50,0.9580,-1,-1
150,30,998.00,360.00,66.90,165.30,0.9990,-1,-1
150,59,803.00,354.00,42.60,126.40,0.9940,-1,-1
150,69,587.00,350.00,67.20,162.20,0.9990,-1,-1
150,72,895.00,357.00,50.70,126.20,0.9990,-1,-1
150,75,332.00,376.00,52.40,126.70,0.9990,-1,-1
150,76,1104.00,346.00,56.10,158.10,0.9990,-1,-1
150,81,72.00,358.00,106.10,237.90,1.0000,-1,-1
150,82,510.00,382.00,28.80,83.40,0.9510,-1,-1
150,84,530.00,367.00,35.30,103.90,0.9900,-1,-1
150,86,231.00,382.00,32.10,99.20,0.9830,-1,-1
150,91,188.00,378.00,23.80,68.60,0.9700,-1,-1
150,92,834.00,363.00,26.30,69.10,0.9950,-1,-1
150,93,-14.00,397.00,74.10,187.40,0.9900,-1,-1
151,5,1786.00,317.00,209.50,623.70,0.9290,-1,-1
151,30,1001.00,358.00,74.70,170.20,0.9990,-1,-1
151,59,811.00,354.00,43.00,116.10,0.9990,-1,-1
151,69,591.00,358.00,66.00,140.80,0.9960,-1,-1
151,72,904.00,355.00,41.60,125.60,0.9980,-1,-1
151,75,342.00,369.00,55.70,138.60,0.9980,-1,-1
151,76,1105.00,337.00,68.60,168.90,0.9990,-1,-1
151,81,66.00,347.00,105.10,253.30,1.0000,-1,-1
151,82,520.00,377.00,29.90,88.70,0.9410,-1,-1
151,84,537.00,368.00,35.20,100.40,0.9970,-1,-1
151,86,233.00,383.00,35.40,100.40,0.9370,-1,-1
151,91,197.00,378.00,20.70,62.90,0.9830,-1,-1
151,92,842.00,357.00,27.70,74.20,0.9760,-1,-1
151,93,-6.00,391.00,65.70,193.00,0.9950,-1,-1
151,94,932.00,358.00,33.20,102.20,0.9640,-1,-1
152,30,1003.00,353.00,70.20,173.70,1.0000,-1,-1
152,59,813.00,353.00,40.20,124.30,0.9970,-1,-1
152,69,591.00,355.00,69.60,146.40,0.9980,-1,-1
152,72,903.00,354.00,47.80,127.90,0.9990,-1,-1
152,75,345.00,372.00,49.60,126.50,0.9990,-1,-1
152,76,1113.00,339.00,56.60,160.30,0.9980,-1,-1
152,81,68.00,356.00,105.50,230.10,1.0000,-1,-1
152,82,517.00,382.00,25.90,82.00,0.9560,-1,-1
152,84,540.00,367.00,35.90,98.70,0.9980,-1,-1
152,86,236.00,380.00,33.30,102.20,0.9780,-1,-1
152,91,193.00,374.00,21.40,67.10,0.9810,-1,-1
152,92,845.00,361.00,26.50,70.00,0.9730,-1,-1
152,93,-6.00,378.00,67.00,210.70,0.9950,-1,-1
153,30,1007.00,349.00,68.40,170.80,1.0000,-1,-1
153,59,817.00,349.00,42.40,117.00,0.9990,-1,-1
153,69,598.00,351.00,67.20,153.30,0.9990,-1,-1
153,72,898.00,352.00,46.00,120.40,0.9980,-1,-1
153,75,347.00,370.00,51.70,126.10,0.9970,-1,-1
153,76,1112.00,338.00,61.90,171.00,0.9920,-1,-1
153,81,64.00,350.00,101.00,255.10,1.0000,-1,-1
153,82,523.00,374.00,26.70,85.80,0.9300,-1,-1
153,84,538.00,359.00,35.30,105.70,0.9970,-1,-1
153,86,235.00,376.00,36.90,103.80,0.9910,-1,-1
153,91,200.00,375.00,24.80,59.50,0.9870,-1,-1
153,93,-11.00,386.00,75.40,185.00,0.9940,-1,-1
153,94,932.00,352.00,35.70,104.20,0.9910,-1,-1
154,30,1013.00,349.00,63.90,163.20,1.0000,-1,-1
154,59,822.00,353.00,38.10,110.70,0.9970,-1,-1
154,69,605.00,351.00,69.40,148.90,0.9980,-1,-1
154,72,892.00,344.00,51.70,124.80,0.9990,-1,-1
154,75,349.00,360.00,53.10,135.10,0.9990,-1,-1
154,76,1118.00,324.00,63.90,176.40,0.9900,-1,-1
154,81,55.00,354.00,111.40,234.60,1.0000,-1,-1
154,82,523.00,374.00,26.40,79.40,0.9290,-1,-1
154,84,540.00,360.00,35.20,98.70,0.9990,-1,-1
154,86,241.00,373.00,38.70,100.80,0.9740,-1,-1
154,91,200.00,370.00,25.20,68.30,0.9680,-1,-1
154,93,-13.00,382.00,78.70,204.80,0.9920,-1,-1
154,94,933.00,347.00,33.50,104.20,0.9880,-1,-1
155,5,1781.00,329.00,213.00,594.90,0.9240,-1,-1
155,30,1017.00,340.00,63.00,175.60,0.9980,-1,-1
155,59,821.00,341.00,39.90,126.40,0.9970,-1,-1
155,69,609.00,337.00,66.60,162.60,0.9950,-1,-1
155,72,904.00,346.00,49.10,130.40,1.0000,-1,-1
155,75,353.00,367.00,49.10,125.50,0.9990,-1,-1
155,76,1121.00,330.00,62.60,173.30,0.9920,-1,-1
155,81,62.00,344.00,107.60,242.20,1.0000,-1,-1
155,82,529.00,373.00,27.00,83.60,0.9580,-1,-1
155,84,543.00,359.00,33.90,100.10,0.9980,-1,-1
155,86,246.00,371.00,32.50,103.20,0.9720,-1,-1
155,91,200.00,369.00,24.00,68.40,0.9580,-1,-1
155,92,851.00,352.00,29.60,73.00,0.9710,-1,-1
155,93,-9.00,378.00,68.80,189.10,0.9940,-1,-1
156,5,1795.00,310.00,182.20,592.60,0.9550,-1,-1
156,30,1014.00,350.00,62.10,165.20,0.9990,-1,-1
156,59,823.00,339.00,40.10,128.20,0.9960,-1,-1
156,69,615.00,347.00,69.40,147.90,0.9970,-1,-1
156,72,903.00,339.00,51.10,137.80,1.0000,-1,-1
156,75,349.00,362.00,51.00,130.90,0.9980,-1,-1
156,76,1125.00,328.00,60.10,177.30,0.9970,-1,-1
156,81,44.00,333.00,118.40,242.60,1.0000,-1,-1
156,82,526.00,365.00,28.50,89.40,0.9510,-1,-1
156,84,548.00,357.00,34.60,101.00,0.9980,-1,-1
156,86,238.00,368.00,39.50,106.40,0.9920,-1,-1
156,91,202.00,366.00,25.60,69.60,0.9960,-1,-1
156,92,854.00,350.00,28.10,73.80,0.9830,-1,-1
156,93,-4.00,381.00,67.30,205.20,0.9980,-1,-1
156,94,939.00,346.00,33.40,101.40,0.9960,-1,-1
157,5,1776.00,318.00,206.80,597.10,0.9880,-1,-1
157,30,1014.00,350.00,61.80,160.30,1.0000,-1,-1
157,59,824.00,336.00,46.50,127.70,0.9980,-1,-1
157,69,618.00,343.00,65.70,140.90,0.9960,-1,-1
157,72,901.00,342.00,49.20,129.40,1.0000,-1,-1
157,75,348.00,363.00,52.70,132.70,0.9980,-1,-1
157,76,1126.00,327.00,58.30,174.80,0.9840,-1,-1
157,81,55.00,332.00,117.70,253.50,1.0000,-1,-1
157,82,523.00,367.00,28.90,88.60,0.9300,-1,-1
157,84,548.00,356.00,35.50,104.20,0.9980,-1,-1
157,86,245.00,366.00,38.80,107.20,0.9870,-1,-1
157,91,201.00,363.00,25.70,68.40,0.9840,-1,-1
157,93,-8.00,370.00,70.70,206.90,0.9980,-1,-1
157,94,939.00,341.00,36.50,107.70,0.9930,-1,-1
158,5,1761.00,310.00,205.70,606.10,0.9950,-1,-1
158,30,1014.00,346.00,71.30,170.70,0.9990,-1,-1
158,59,825.00,339.00,40.20,129.40,0.9950,-1,-1
158,69,616.00,341.00,68.80,140.90,0.9970,-1,-1
158,72,898.00,338.00,49.70,131.90,0.9990,-1,-1
158,75,351.00,354.00,49.50,134.30,0.9970,-1,-1
158,76,1118.00,329.00,64.00,172.90,0.9990,-1,-1
158,81,50.00,346.00,115.40,242.50,1.0000,-1,-1
158,84,546.00,358.00,37.10,99.00,0.9920,-1,-1
158,86,239.00,367.00,36.40,106.00,0.9610,-1,-1
158,91,198.00,366.00,19.10,61.40,0.9890,-1,-1
158,93,-10.00,372.00,67.60,198.40,0.9960,-1,-1
158,94,934.00,345.00,34.50,106.00,0.9720,-1,-1
158,95,596.00,364.00,36.40,111.60,0.9660,-1,-1
159,5,1751.00,292.00,219.80,639.00,0.9980,-1,-1
159,30,1013.00,354.00,68.10,161.80,1.0000,-1,-1
159,59,824.00,343.00,40.60,119.40,0.9980,-1,-1
159,69,614.00,342.00,76.40,142.50,0.9960,-1,-1
159,72,903.00,344.00,48.10,126.10,1.0000,-1,-1
159,75,354.00,364.00,50.40,130.40,0.9950,-1,-1
159,76,1124.00,318.00,65.30,175.80,0.9990,-1,-1
159,81,51.00,352.00,105.80,226.20,0.9990,-1,-1
159,84,542.00,356.00,39.70,107.40,0.9900,-1,-1
159,86,241.00,363.00,40.40,110.60,0.9820,-1,-1
159,91,197.00,366.00,23.30,65.50,0.9930,-1,-1
159,93,-6.00,384.00,67.40,206.80,0.9950,-1,-1
159,94,939.00,345.00,34.40,103.30,0.9940,-1,-1
159,95,594.00,360.00,34.60,112.40,0.9510,-1,-1
160,5,1739.00,287.00,231.40,642.00,0.9990,-1,-1
160,30,1006.00,354.00,67.60,161.80,1.0000,-1,-1
160,59,820.00,344.00,42.30,125.90,0.9990,-1,-1
160,69,624.00,348.00,67.60,145.90,0.9920,-1,-1
160,72,902.00,343.00,47.90,127.10,0.9980,-1,-1
160,75,351.00,362.00,53.80,137.70,0.9980,-1,-1
160,76,1122.00,317.00,62.70,180.10,0.9990,-1,-1
160,81,36.00,330.00,112.90,272.00,1.0000,-1,-1
160,82,518.00,371.00,27.40,82.10,0.9140,-1,-1
160,84,545.00,363.00,34.50,100.80,0.9890,-1,-1
160,86,240.00,367.00,34.60,106.80,0.9930,-1,-1
160,91,196.00,361.00,24.70,72.50,0.9620,-1,-1
160,92,854.00,356.00,25.40,67.30,0.9780,-1,-1
160,93,-13.00,383.00,73.70,183.90,0.9740,-1,-1
160,94,934.00,341.00,38.70,110.90,0.9990,-1,-1
160,95,596.00,362.00,32.70,110.70,0.9750,-1,-1
161,5,1713.00,299.00,225.10,640.60,1.0000,-1,-1
161,30,997.00,349.00,68.50,171.20,1.0000,-1,-1
161,59,818.00,342.00,45.70,138.00,0.9950,-1,-1
161,69,612.00,344.00,71.10,155.90,0.9950,-1,-1
161,72,890.00,343.00,50.30,126.40,0.9990,-1,-1
161,75,339.00,367.00,53.40,135.80,0.9960,-1,-1
161,76,1116.00,322.00,71.20,181.90,0.9990,-1,-1
161,81,15.00,351.00,124.50,247.30,1.0000,-1,-1
161,84,532.00,362.00,38.10,108.40,0.9920,-1,-1
161,86,223.00,370.00,38.80,105.40,0.9800,-1,-1
161,92,844.00,357.00,27.00,65.50,0.9950,-1,-1
161,94,930.00,350.00,36.50,108.70,0.9940,-1,-1
161,95,580.00,360.00,33.50,111.80,0.9620,-1,-1
161,96,180.00,365.00,22.80,70.10,0.9670,-1,-1
161,97,501.00,371.00,27.90,96.60,0.9180,-1,-1
162,5,1700.00,328.00,236.00,582.90,1.0000,-1,-1
162,30,994.00,352.00,75.60,169.60,1.0000,-1,-1
162,59,809.00,350.00,48.10,122.10,0.9960,-1,-1
162,69,618.00,340.00,65.20,156.60,0.9950,-1,-1
162,72,888.00,345.00,45.30,129.90,0.9990,-1,-1
162,75,335.00,366.00,50.30,127.90,0.9980,-1,-1
162,76,1122.00,320.00,63.70,190.70,1.0000,-1,-1
162,81,25.00,328.00,113.20,286.00,1.0000,-1,-1
162,84,530.00,358.00,37.40,105.70,0.9930,-1,-1
162,86,223.00,370.00,37.10,106.20,0.9940,-1,-1
162,92,839.00,356.00,27.00,68.10,0.9960,-1,-1
162,94,928.00,344.00,38.40,108.10,0.9990,-1,-1
162,95,584.00,365.00,30.30,107.80,0.9670,-1,-1
162,96,184.00,368.00,23.40,65.30,0.9260,-1,-1
162,97,505.00,374.00,28.30,89.40,0.9560,-1,-1
163,5,1700.00,301.00,221.90,636.60,1.0000,-1,-1
163,30,989.00,342.00,72.70,180.00,0.9990,-1,-1
163,59,809.00,346.00,45.70,122.90,0.9970,-1,-1
163,69,609.00,348.00,70.80,159.60,0.9970,-1,-1
163,72,884.00,349.00,47.70,130.80,0.9990,-1,-1
163,75,334.00,369.00,48.50,127.80,0.9960,-1,-1
163,76,1117.00,328.00,57.20,178.00,0.9980,-1,-1
163,81,13.00,336.00,119.80,263.20,1.0000,-1,-1
163,84,519.00,359.00,37.80,106.90,0.9930,-1,-1
163,86,214.00,371.00,40.70,106.40,0.9900,-1,-1
163,94,919.00,349.00,37.10,108.20,0.9980,-1,-1
163,95,580.00,361.00,33.60,107.70,0.9260,-1,-1
163,97,501.00,372.00,28.40,91.20,0.9450,-1,-1
163,98,168.00,361.00,23.90,73.30,0.9160,-1,-1
164,5,1676.00,309.00,239.20,630.30,1.0000,-1,-1
164,30,985.00,344.00,69.10,169.00,1.0000,-1,-1
164,59,804.00,342.00,40.60,127.20,0.9940,-1,-1
164,69,613.00,349.00,65.30,143.10,0.9910,-1,-1
164,72,881.00,344.00,49.60,127.10,0.9990,-1,-1
164,75,324.00,369.00,52.50,126.60,0.9940,-1,-1
164,76,1105.00,324.00,67.80,178.20,0.9990,-1,-1
164,81,6.00,330.00,116.50,268.70,1.0000,-1,-1
164,84,518.00,360.00,38.70,111.40,0.9980,-1,-1
164,86,209.00,368.00,37.60,107.80,0.9720,-1,-1
164,92,833.00,355.00,25.00,68.90,0.9060,-1,-1
164,94,922.00,348.00,35.70,102.30,0.9990,-1,-1
164,95,575.00,368.00,32.70,111.20,0.9920,-1,-1
164,97,494.00,374.00,27.70,85.90,0.9550,-1,-1
165,5,1699.00,323.00,216.90,628.00,1.0000,-1,-1
165,30,975.00,341.00,66.00,180.60,1.0000,-1,-1
165,59,799.00,349.00,43.20,127.30,0.9980,-1,-1
165,69,604.00,347.00,69.20,148.10,0.9950,-1,-1
165,72,872.00,345.00,47.20,125.80,1.0000,-1,-1
165,75,317.00,360.00,52.50,139.70,0.9980,-1,-1
165,76,1107.00,324.00,65.20,188.30,1.0000,-1,-1
165,81,-9.00,341.00,113.80,254.80,0.9990,-1,-1
165,84,512.00,358.00,38.00,113.50,0.9860,-1,-1
165,86,203.00,371.00,37.80,102.70,0.9510,-1,-1
165,92,830.00,353.00,28.60,75.30,0.9860,-1,-1
165,94,919.00,352.00,36.30,102.40,0.9880,-1,-1
165,95,570.00,361.00,33.70,113.50,0.9800,-1,-1
165,97,489.00,370.00,27.40,88.70,0.9360,-1,-1
166,5,1681.00,312.00,211.30,601.30,1.0000,-1,-1
166,30,960.00,341.00,68.30,176.00,1.0000,-1,-1
166,59,789.00,346.00,40.90,123.50,0.9930,-1,-1
166,69,593.00,336.00,71.40,169.30,0.9950,-1,-1
166,72,863.00,348.00,47.30,127.20,0.9990,-1,-1
166,75,305.00,356.00,51.30,133.50,0.9970,-1,-1
166,76,1101.00,327.00,61.90,185.50,0.9990,-1,-1
166,81,-13.00,345.00,96.50,260.70,0.9960,-1,-1
166,84,497.00,361.00,38.20,109.00,0.9840,-1,-1
166,91,187.00,371.00,35.20,102.20,0.9730,-1,-1
166,92,818.00,354.00,26.90,66.60,0.9870,-1,-1
166,94,918.00,353.00,37.30,111.00,0.9060,-1,-1
166,95,558.00,361.00,34.00,113.20,0.9700,-1,-1
166,97,475.00,374.00,27.50,83.10,0.9420,-1,-1
166,99,900.00,345.00,37.40,108.60,0.9950,-1,-1
166,100,143.00,365.00,21.90,68.80,0.9680,-1,-1
167,5,1672.00,319.00,215.40,624.40,1.0000,-1,-1
167,30,958.00,354.00,71.60,161.10,1.0000,-1,-1
167,59,783.00,348.00,47.40,127.60,0.9940,-1,-1
167,69,593.00,340.00,62.80,155.40,0.9970,-1,-1
167,72,857.00,349.00,49.40,132.90,0.9990,-1,-1
167,75,302.00,364.00,53.30,128.30,0.9960,-1,-1
167,76,1088.00,325.00,68.10,191.30,0.9990,-1,-1
167,81,-15.00,359.00,83.00,253.70,0.9590,-1,-1
167,84,495.00,357.00,42.20,116.30,0.9850,-1,-1
167,91,179.00,369.00,41.70,107.90,0.9820,-1,-1
167,92,811.00,357.00,27.40,68.10,0.9960,-1,-1
167,95,553.00,364.00,31.80,102.90,0.9790,-1,-1
167,97,466.00,374.00,27.40,87.40,0.9320,-1,-1
167,99,900.00,351.00,34.80,99.20,0.9980,-1,-1
168,5,1669.00,304.00,199.30,650.40,1.0000,-1,-1
168,30,949.00,344.00,73.30,169.50,1.0000,-1,-1
168,59,774.00,350.00,42.50,120.60,1.0000,-1,-1
168,69,585.00,340.00,70.70,164.30,0.9990,-1,-1
168,72,850.00,342.00,51.40,131.40,1.0000,-1,-1
168,75,294.00,364.00,52.80,134.00,0.9980,-1,-1
168,76,1086.00,324.00,70.90,183.10,0.9990,-1,-1
168,84,486.00,356.00,39.50,118.80,0.9860,-1,-1
168,91,172.00,370.00,41.20,107.90,0.9840,-1,-1
168,92,805.00,353.00,28.20,74.60,0.9990,-1,-1
168,95,550.00,358.00,34.50,108.00,0.9900,-1,-1
168,97,460.00,372.00,26.50,88.50,0.9090,-1,-1
168,99,890.00,348.00,36.30,103.10,0.9980,-1,-1
168,100,131.00,369.00,24.80,64.80,0.9190,-1,-1
169,5,1658.00,321.00,212.80,612.00,1.0000,-1,-1
169,30,944.00,347.00,62.50,160.90,1.0000,-1,-1
169,59,767.00,339.00,44.10,132.80,0.9930,-1,-1
169,69,577.00,342.00,69.40,150.00,0.9940,-1,-1
169,72,839.00,343.00,47.80,128.40,1.0000,-1,-1
169,75,285.00,361.00,56.10,130.60,0.9950,-1,-1
169,76,1081.00,320.00,63.90,182.00,0.9990,-1,-1
169,84,474.00,356.00,38.40,116.70,0.9860,-1,-1
169,91,164.00,372.00,42.20,108.70,0.9820,-1,-1
169,92,798.00,355.00,27.90,70.20,0.9980,-1,-1
169,95,542.00,365.00,30.90,99.60,0.9780,-1,-1
169,97,447.00,366.00,30.80,98.70,0.9210,-1,-1
169,99,887.00,348.00,34.80,101.30,0.9990,-1,-1
169,100,124.00,371.00,22.20,66.20,0.9550,-1,-1
170,5,1631.00,306.00,205.60,621.80,1.0000,-1,-1
170,30,934.00,349.00,65.30,161.70,1.0000,-1,-1
170,59,753.00,346.00,43.20,121.20,0.9990,-1,-1
170,69,564.00,342.00,71.70,163.20,0.9980,-1,-1
170,72,831.00,337.00,48.30,129.30,0.9990,-1,-1
170,75,277.00,361.00,55.50,133.90,0.9930,-1,-1
170,76,1074.00,317.00,69.10,192.80,0.9990,-1,-1
170,84,464.00,357.00,36.80,114.70,0.9930,-1,-1
170,91,148.00,366.00,44.60,111.50,0.9920,-1,-1
170,92,790.00,356.00,27.60,66.60,0.9980,-1,-1
170,95,533.00,367.00,30.10,99.30,0.9750,-1,-1
170,97,438.00,368.00,28.00,96.10,0.9470,-1,-1
170,99,878.00,347.00,34.80,100.80,0.9990,-1,-1
170,101,108.00,369.00,19.80,63.10,0.9430,-1,-1
171,5,1630.00,300.00,188.50,610.90,1.0000,-1,-1
171,30,918.00,341.00,67.50,175.00,1.0000,-1,-1
171,59,740.00,350.00,41.90,121.90,1.0000,-1,-1
171,69,545.00,338.00,74.00,155.80,0.9980,-1,-1
171,72,812.00,346.00,49.10,130.00,1.0000,-1,-1
171,75,258.00,364.00,51.30,135.70,0.9890,-1,-1
171,76,1057.00,328.00,67.50,189.80,0.9990,-1,-1
171,82,514.00,360.00,33.60,111.30,0.9540,-1,-1
171,84,445.00,358.00,41.60,114.30,0.9960,-1,-1
171,99,863.00,341.00,35.10,109.30,0.9980,-1,-1
171,102,771.00,356.00,27.20,72.70,0.9970,-1,-1
171,103,127.00,370.00,38.40,109.30,0.9860,-1,-1
171,104,421.00,370.00,27.90,89.90,0.9200,-1,-1
172,5,1623.00,293.00,172.80,624.60,1.0000,-1,-1
172,30,909.00,350.00,67.80,161.90,1.0000,-1,-1
172,59,730.00,347.00,45.70,130.90,1.0000,-1,-1
172,69,543.00,348.00,73.70,155.30,0.9990,-1,-1
172,72,811.00,342.00,46.10,135.60,0.9990,-1,-1
172,75,246.00,369.00,48.80,128.20,0.9890,-1,-1
172,76,1058.00,321.00,67.60,196.20,1.0000,-1,-1
172,82,507.00,363.00,36.50,110.40,0.9800,-1,-1
172,84,435.00,358.00,40.90,114.80,0.9960,-1,-1
172,99,853.00,344.00,36.40,107.50,0.9980,-1,-1
172,102,766.00,350.00,27.50,71.90,0.9580,-1,-1
172,103,117.00,375.00,44.70,110.70,0.9900,-1,-1
172,105,701.00,378.00,21.90,52.80,0.9410,-1,-1
173,5,1598.00,284.00,186.40,637.90,1.0000,-1,-1
173,30,908.00,347.00,69.10,172.20,0.9990,-1,-1
173,59,728.00,351.00,42.70,127.10,1.0000,-1,-1
173,69,538.00,339.00,67.30,161.10,0.9990,-1,-1
173,72,804.00,349.00,51.40,133.20,1.0000,-1,-1
173,75,236.00,371.00,53.80,123.90,0.9870,-1,-1
173,76,1053.00,316.00,63.90,201.80,0.9990,-1,-1
173,82,500.00,366.00,36.10,110.40,0.9530,-1,-1
173,84,428.00,356.00,38.00,122.40,0.9960,-1,-1
173,99,847.00,346.00,35.10,105.70,0.9990,-1,-1
173,102,760.00,355.00,28.40,71.20,0.9960,-1,-1
173,103,105.00,371.00,38.90,111.60,0.9930,-1,-1
173,106,1798.00,274.00,179.90,662.10,0.9560,-1,-1
173,107,68.00,375.00,23.10,65.30,0.9210,-1,-1
174,5,1580.00,307.00,202.20,618.10,1.0000,-1,-1
174,30,899.00,345.00,69.80,170.30,0.9990,-1,-1
174,59,725.00,346.00,43.20,131.70,0.9800,-1,-1
174,69,535.00,339.00,70.80,159.70,0.9920,-1,-1
174,72,800.00,340.00,47.20,135.70,0.9880,-1,-1
174,75,242.00,374.00,44.60,124.00,0.9700,-1,-1
174,76,1045.00,310.00,68.40,203.40,0.9860,-1,-1
174,82,485.00,367.00,39.10,113.30,0.9120,-1,-1
174,84,426.00,357.00,38.50,110.80,0.9880,-1,-1
174,99,846.00,342.00,38.50,121.30,0.9960,-1,-1
174,103,109.00,367.00,36.20,111.20,0.9450,-1,-1
174,106,1776.00,265.00,197.50,650.30,0.9840,-1,-1
175,5,1590.00,303.00,177.80,598.00,1.0000,-1,-1
175,30,896.00,345.00,68.20,173.90,0.9990,-1,-1
175,59,717.00,346.00,43.90,132.50,1.0000,-1,-1
175,69,528.00,341.00,63.10,164.00,0.9980,-1,-1
175,72,787.00,348.00,50.30,130.80,0.9990,-1,-1
175,75,232.00,376.00,52.90,124.70,0.9580,-1,-1
175,76,1040.00,320.00,69.30,198.50,0.9980,-1,-1
175,84,410.00,360.00,47.00,115.30,0.9960,-1,-1
175,99,845.00,347.00,36.80,107.00,0.9980,-1,-1
175,102,749.00,356.00,26.50,67.40,0.9780,-1,-1
175,103,93.00,374.00,40.90,112.60,0.9900,-1,-1
175,106,1753.00,271.00,212.90,669.30,0.9970,-1,-1
175,108,52.00,378.00,24.50,64.70,0.9830,-1,-1
175,109,389.00,373.00,31.00,101.00,0.9080,-1,-1
176,5,1563.00,290.00,196.60,630.90,1.0000,-1,-1
176,30,892.00,350.00,63.40,166.60,0.9990,-1,-1
176,59,714.00,350.00,42.20,126.90,0.9990,-1,-1
176,69,518.00,343.00,77.00,161.80,0.9990,-1,-1
176,72,793.00,346.00,51.70,137.90,1.0000,-1,-1
176,75,229.00,374.00,45.90,124.70,0.9990,-1,-1
176,76,1036.00,312.00,67.20,207.80,1.0000,-1,-1
176,82,488.00,368.00,32.20,109.10,0.9640,-1,-1
176,84,413.00,358.00,40.50,119.20,0.9990,-1,-1
176,99,844.00,351.00,33.70,99.20,0.9980,-1,-1
176,102,752.00,358.00,26.60,69.10,0.9980,-1,-1
176,103,97.00,376.00,37.50,108.60,0.9820,-1,-1
176,106,1731.00,265.00,212.90,660.10,0.9990,-1,-1
176,108,51.00,375.00,26.50,73.90,0.9540,-1,-1
176,109,393.00,367.00,30.00,99.30,0.9010,-1,-1
176,110,826.00,340.00,37.70,115.30,0.9580,-1,-1
176,111,951.00,363.00,35.80,88.80,0.9320,-1,-1
177,5,1563.00,298.00,182.60,619.80,1.0000,-1,-1
177,30,885.00,343.00,67.50,165.20,0.9990,-1,-1
177,59,716.00,348.00,42.30,138.40,0.9980,-1,-1
177,69,524.00,340.00,81.90,167.40,0.9990,-1,-1
177,72,792.00,345.00,50.20,135.40,1.0000,-1,-1
177,75,221.00,372.00,52.00,135.50,0.9940,-1,-1
177,76,1046.00,317.00,68.80,208.70,0.9990,-1,-1
177,82,484.00,372.00,30.70,99.80,0.9540,-1,-1
177,84,416.00,356.00,39.70,117.60,1.0000,-1,-1
177,99,834.00,347.00,38.30,105.50,0.9980,-1,-1
177,102,750.00,361.00,26.60,67.40,0.9720,-1,-1
177,103,91.00,379.00,39.90,107.00,0.9890,-1,-1
177,106,1725.00,282.00,209.60,657.30,1.0000,-1,-1
177,108,50.00,378.00,24.00,66.30,0.9090,-1,-1
178,5,1539.00,293.00,200.20,643.20,1.0000,-1,-1
178,30,890.00,348.00,67.80,164.10,0.9990,-1,-1
178,59,715.00,342.00,43.60,138.80,0.9990,-1,-1
178,69,522.00,350.00,75.90,160.50,1.0000,-1,-1
178,72,786.00,344.00,52.60,133.50,1.0000,-1,-1
178,75,223.00,366.00,52.70,130.60,0.9960,-1,-1
178,76,1043.00,319.00,68.80,199.40,0.9990,-1,-1
178,82,481.00,365.00,33.90,108.80,0.9860,-1,-1
178,84,411.00,356.00,40.40,118.70,0.9990,-1,-1
178,99,839.00,345.00,37.50,109.60,0.9960,-1,-1
178,102,750.00,357.00,26.10,69.10,0.9950,-1,-1
178,103,91.00,377.00,40.90,109.80,0.9630,-1,-1
178,106,1718.00,265.00,217.40,679.30,1.0000,-1,-1
178,108,48.00,373.00,23.90,70.50,0.9380,-1,-1
178,111,946.00,338.00,41.60,111.00,0.9220,-1,-1
179,5,1548.00,298.00,184.20,630.00,1.0000,-1,-1
179,30,889.00,347.00,66.90,162.20,0.9990,-1,-1
179,59,713.00,345.00,45.70,133.30,0.9990,-1,-1
179,69,522.00,347.00,75.00,163.30,1.0000,-1,-1
179,72,787.00,347.00,46.10,124.80,0.9990,-1,-1
179,75,217.00,363.00,52.40,133.60,0.9970,-1,-1
179,76,1052.00,313.00,63.80,201.00,0.9990,-1,-1
179,82,481.00,365.00,32.00,107.30,0.9660,-1,-1
179,84,406.00,356.00,39.00,114.80,0.9850,-1,-1
179,99,843.00,346.00,36.80,102.10,0.9980,-1,-1
179,102,749.00,352.00,27.80,70.30,0.9810,-1,-1
179,103,84.00,369.00,43.90,112.70,0.9900,-1,-1
179,106,1724.00,294.00,213.50,641.70,1.0000,-1,-1
179,108,43.00,369.00,26.20,71.50,0.9770,-1,-1
179,110,825.00,340.00,38.60,114.30,0.9630,-1,-1
179,111,944.00,344.00,36.90,100.20,0.9500,-1,-1
180,5,1531.00,300.00,189.30,626.00,1.0000,-1,-1
180,30,887.00,340.00,61.60,170.60,0.9990,-1,-1
180,59,712.00,340.00,43.90,130.10,0.9990,-1,-1
180,69,521.00,336.00,77.70,168.40,1.0000,-1,-1
180,72,788.00,338.00,47.10,132.20,1.0000,-1,-1
180,75,218.00,361.00,51.50,127.50,0.9900,-1,-1
180,76,1043.00,312.00,69.00,198.20,0.9990,-1,-1
180,82,486.00,356.00,34.00,116.60,0.9520,-1,-1
180,84,408.00,351.00,40.90,119.50,0.9990,-1,-1
180,99,844.00,341.00,35.80,104.60,0.9950,-1,-1
180,102,750.00,347.00,28.20,71.60,0.9950,-1,-1
180,103,90.00,365.00,40.00,111.70,0.9670,-1,-1
180,106,1711.00,283.00,218.30,671.00,1.0000,-1,-1
180,108,44.00,368.00,25.20,73.30,0.9760,-1,-1
180,109,389.00,358.00,34.70,104.10,0.9110,-1,-1
180,111,944.00,341.00,36.30,101.50,0.9750,-1,-1
181,5,1514.00,314.00,181.80,614.40,1.0000,-1,-1
181,30,877.00,331.00,69.90,164.40,1.0000,-1,-1
181,59,708.00,337.00,46.30,126.50,1.0000,-1,-1
181,69,510.00,329.00,79.40,165.80,1.0000,-1,-1
181,72,783.00,329.00,50.80,134.60,0.9990,-1,-1
181,75,221.00,355.00,50.50,128.80,0.9950,-1,-1
181,76,1043.00,309.00,67.70,204.30,0.9990,-1,-1
181,82,476.00,354.00,46.20,107.20,0.9900,-1,-1
181,84,403.00,338.00,40.80,119.00,0.9990,-1,-1
181,102,746.00,340.00,26.70,70.20,1.0000,-1,-1
181,103,82.00,360.00,39.10,115.40,0.9600,-1,-1
181,106,1702.00,265.00,221.70,682.70,1.0000,-1,-1
181,108,42.00,356.00,24.70,71.90,0.9720,-1,-1
181,110,833.00,332.00,34.60,107.30,0.9950,-1,-1
181,111,942.00,334.00,34.80,98.40,0.9930,-1,-1
182,5,1508.00,299.00,203.20,599.90,1.0000,-1,-1
182,30,880.00,337.00,65.50,164.30,0.9980,-1,-1
182,59,709.00,324.00,44.00,145.20,1.0000,-1,-1
182,69,508.00,322.00,78.30,167.20,1.0000,-1,-1
182,72,778.00,327.00,50.80,134.70,0.9980,-1,-1
182,75,221.00,348.00,49.50,128.30,0.9960,-1,-1
182,76,1045.00,298.00,66.20,213.70,0.9990,-1,-1
182,82,476.00,350.00,46.90,104.70,0.9910,-1,-1
182,84,403.00,339.00,42.30,115.60,1.0000,-1,-1
182,99,846.00,333.00,36.90,102.30,0.9990,-1,-1
182,102,750.00,342.00,23.90,64.10,0.9980,-1,-1
182,103,80.00,350.00,45.20,119.80,0.9850,-1,-1
182,106,1729.00,270.00,187.90,643.80,1.0000,-1,-1
182,108,41.00,352.00,25.00,72.80,0.9730,-1,-1
182,109,382.00,352.00,29.00,92.90,0.9110,-1,-1
182,110,821.00,331.00,39.90,110.50,0.9500,-1,-1
182,111,943.00,326.00,41.00,115.60,0.9520,-1,-1
183,5,1520.00,299.00,174.40,609.40,1.0000,-1,-1
183,30,872.00,329.00,71.00,166.70,0.9980,-1,-1
183,59,710.00,331.00,43.70,131.10,1.0000,-1,-1
183,69,507.00,321.00,86.10,164.10,0.9990,-1,-1
183,72,781.00,326.00,49.70,140.00,0.9990,-1,-1
183,75,218.00,347.00,51.30,129.90,0.9980,-1,-1
183,76,1047.00,299.00,70.30,206.20,0.9990,-1,-1
183,82,481.00,346.00,32.90,104.50,0.9150,-1,-1
183,84,399.00,337.00,43.80,119.90,1.0000,-1,-1
183,99,842.00,325.00,37.50,110.80,0.9980,-1,-1
183,102,748.00,334.00,27.30,69.20,0.9990,-1,-1
183,103,80.00,346.00,44.20,120.20,0.9890,-1,-1
183,106,1705.00,270.00,207.10,648.20,1.0000,-1,-1
183,108,41.00,351.00,24.00,70.40,0.9650,-1,-1
183,109,380.00,349.00,30.60,98.80,0.9210,-1,-1
183,111,938.00,335.00,35.50,92.80,0.9810,-1,-1
184,5,1493.00,294.00,191.20,602.40,1.0000,-1,-1
184,30,872.00,331.00,65.50,163.20,0.9990,-1,-1
184,59,702.00,330.00,51.20,131.40,1.0000,-1,-1
184,69,506.00,323.00,82.80,160.40,1.0000,-1,-1
184,72,778.00,323.00,47.60,139.90,0.9970,-1,-1
184,75,216.00,344.00,49.60,135.80,0.9970,-1,-1
184,76,1049.00,299.00,62.10,212.70,0.9980,-1,-1
184,82,478.00,346.00,32.00,100.50,0.9650,-1,-1
184,84,395.00,332.00,46.70,123.60,0.9920,-1,-1
184,99,833.00,324.00,38.20,108.70,0.9990,-1,-1
184,101,100.00,350.00,29.70,69.80,0.9100,-1,-1
184,102,746.00,334.00,27.10,66.20,0.9980,-1,-1
184,103,74.00,352.00,40.20,108.90,0.9800,-1,-1
184,106,1708.00,258.00,204.60,681.30,1.0000,-1,-1
184,109,376.00,344.00,32.40,101.00,0.9480,-1,-1
184,111,934.00,332.00,34.40,91.80,0.9990,-1,-1
185,5,1491.00,291.00,170.00,638.40,1.0000,-1,-1
185,30,869.00,326.00,66.80,161.00,0.9990,-1,-1
185,59,706.00,325.00,50.20,132.80,1.0000,-1,-1
185,69,519.00,321.00,69.30,151.90,1.0000,-1,-1
185,72,776.00,332.00,46.50,127.60,0.9970,-1,-1
185,75,219.00,339.00,52.00,130.90,0.9950,-1,-1
185,76,1050.00,298.00,63.60,206.70,0.9980,-1,-1
185,82,480.00,341.00,36.50,111.90,0.9800,-1,-1
185,84,393.00,326.00,43.20,125.90,0.9910,-1,-1
185,99,832.00,317.00,40.00,119.60,0.9990,-1,-1
185,102,750.00,335.00,25.50,66.00,0.9950,-1,-1
185,103,76.00,343.00,39.40,117.00,0.9850,-1,-1
185,106,1696.00,248.00,215.40,666.80,1.0000,-1,-1
185,108,36.00,346.00,23.30,68.30,0.9870,-1,-1
185,109,376.00,343.00,30.70,100.20,0.9660,-1,-1
185,111,929.00,328.00,39.50,102.90,0.9990,-1,-1
186,5,1473.00,282.00,204.10,621.20,1.0000,-1,-1
186,30,875.00,326.00,65.70,168.10,0.9990,-1,-1
186,59,708.00,325.00,45.60,134.10,1.0000,-1,-1
186,69,512.00,311.00,77.30,167.60,1.0000,-1,-1
186,72,779.00,320.00,51.30,140.70,0.9990,-1,-1
186,75,213.00,341.00,54.40,139.70,0.9930,-1,-1
186,76,1048.00,297.00,66.80,209.80,0.9990,-1,-1
186,82,474.00,338.00,34.80,108.80,0.9520,-1,-1
186,84,398.00,326.00,42.00,122.10,0.9990,-1,-1
186,99,831.00,318.00,37.60,112.10,0.9990,-1,-1
186,102,749.00,328.00,29.10,76.60,0.9990,-1,-1
186,103,74.00,342.00,44.50,116.30,0.9970,-1,-1
186,106,1683.00,258.00,222.50,645.20,1.0000,-1,-1
186,108,31.00,337.00,27.00,81.20,0.9930,-1,-1
186,109,376.00,338.00,33.20,106.90,0.9000,-1,-1
186,111,922.00,324.00,38.70,115.70,0.9990,-1,-1
187,5,1472.00,287.00,200.20,629.20,1.0000,-1,-1
187,30,877.00,335.00,61.80,159.20,0.9990,-1,-1
187,59,705.00,329.00,47.20,126.10,1.0000,-1,-1
187,69,505.00,318.00,71.00,160.20,1.0000,-1,-1
187,72,780.00,322.00,50.60,140.00,0.9990,-1,-1
187,75,214.00,341.00,52.10,134.90,0.9880,-1,-1
187,76,1047.00,296.00,71.10,215.40,0.9990,-1,-1
187,82,481.00,341.00,37.40,110.20,0.9450,-1,-1
187,84,385.00,326.00,45.20,119.70,0.9950,-1,-1
187,99,831.00,323.00,37.80,111.50,1.0000,-1,-1
187,102,751.00,335.00,25.60,68.70,0.9990,-1,-1
187,103,73.00,343.00,44.70,116.20,0.9950,-1,-1
187,106,1681.00,270.00,220.70,639.00,1.0000,-1,-1
187,108,30.00,342.00,27.00,78.30,0.9900,-1,-1
187,111,926.00,334.00,35.70,98.30,0.9980,-1,-1
188,5,1443.00,268.00,196.40,649.40,1.0000,-1,-1
188,30,865.00,327.00,74.50,170.20,0.9960,-1,-1
188,59,707.00,321.00,49.40,135.40,1.0000,-1,-1
188,69,509.00,304.00,73.80,175.70,1.0000,-1,-1
188,72,772.00,323.00,55.20,141.50,0.9990,-1,-1
188,75,214.00,338.00,50.70,133.30,0.9880,-1,-1
188,76,1045.00,290.00,77.50,220.40,1.0000,-1,-1
188,84,397.00,329.00,40.10,118.80,0.9930,-1,-1
188,99,831.00,322.00,40.70,113.30,1.0000,-1,-1
188,101,94.00,337.00,33.30,75.10,0.9700,-1,-1
188,102,750.00,332.00,29.90,68.20,0.9980,-1,-1
188,103,70.00,340.00,41.30,110.90,0.9930,-1,-1
188,106,1648.00,270.00,259.50,657.50,1.0000,-1,-1
188,109,378.00,343.00,32.10,98.90,0.9410,-1,-1
188,111,918.00,323.00,39.40,123.90,0.9980,-1,-1
189,5,1435.00,267.00,216.70,660.00,1.0000,-1,-1
189,30,867.00,324.00,67.40,163.70,0.9990,-1,-1
189,59,708.00,328.00,48.20,135.30,1.0000,-1,-1
189,69,507.00,309.00,82.60,175.80,1.0000,-1,-1
189,72,773.00,324.00,43.80,131.90,0.9990,-1,-1
189,75,216.00,338.00,52.00,135.90,0.9950,-1,-1
189,76,1044.00,292.00,79.30,220.10,0.9990,-1,-1
189,82,479.00,345.00,41.40,110.20,0.9720,-1,-1
189,84,389.00,330.00,44.40,128.80,0.9990,-1,-1
189,99,830.00,324.00,38.80,113.50,0.9990,-1,-1
189,102,751.00,330.00,30.20,75.30,0.9960,-1,-1
189,103,70.00,339.00,40.60,118.70,0.9800,-1,-1
189,106,1648.00,271.00,258.30,640.70,1.0000,-1,-1
189,111,919.00,332.00,38.60,112.80,0.9970,-1,-1
190,5,1426.00,276.00,228.60,654.80,1.0000,-1,-1
190,30,868.00,333.00,65.40,153.90,0.9990,-1,-1
190,59,703.00,327.00,53.80,143.30,1.0000,-1,-1
190,69,505.00,315.00,75.90,165.50,1.0000,-1,-1
190,72,775.00,332.00,48.10,131.20,0.9990,-1,-1
190,75,216.00,343.00,52.40,138.80,0.9950,-1,-1
190,76,1054.00,292.00,75.60,231.90,1.0000,-1,-1
190,82,482.00,343.00,32.50,104.20,0.9320,-1,-1
190,84,391.00,335.00,42.30,115.50,1.0000,-1,-1
190,99,830.00,327.00,35.80,110.20,0.9990,-1,-1
190,102,749.00,332.00,31.60,74.20,0.9980,-1,-1
190,103,72.00,344.00,40.20,108.70,0.9880,-1,-1
190,106,1632.00,267.00,257.90,658.40,1.0000,-1,-1
190,108,32.00,345.00,25.50,67.80,0.9900,-1,-1
190,109,373.00,346.00,30.50,95.50,0.9730,-1,-1
190,111,919.00,331.00,34.80,112.90,0.9990,-1,-1
191,5,1423.00,283.00,222.50,677.00,1.0000,-1,-1
191,30,865.00,328.00,69.90,176.30,0.9990,-1,-1
191,59,705.00,333.00,50.10,132.10,1.0000,-1,-1
191,69,507.00,312.00,76.30,172.30,1.0000,-1,-1
191,72,774.00,335.00,48.20,130.30,0.9990,-1,-1
191,75,220.00,335.00,52.10,137.70,0.9960,-1,-1
191,76,1049.00,303.00,84.60,219.70,1.0000,-1,-1
191,84,388.00,328.00,45.60,126.10,0.9980,-1,-1
191,99,827.00,331.00,37.70,111.40,1.0000,-1,-1
191,102,751.00,342.00,27.20,70.30,0.9950,-1,-1
191,103,67.00,337.00,42.60,116.10,0.9840,-1,-1
191,106,1630.00,299.00,243.40,656.50,1.0000,-1,-1
191,108,28.00,340.00,26.00,74.90,0.9340,-1,-1
191,109,370.00,352.00,30.90,94.60,0.9320,-1,-1
191,111,919.00,333.00,34.60,111.70,0.9990,-1,-1
192,5,1415.00,294.00,224.90,681.10,1.0000,-1,-1
192,30,868.00,339.00,65.90,167.80,1.0000,-1,-1
192,59,702.00,323.00,49.80,141.70,1.0000,-1,-1
192,69,505.00,315.00,74.70,170.20,1.0000,-1,-1
192,72,770.00,330.00,51.60,137.70,0.9990,-1,-1
192,75,224.00,339.00,51.60,128.80,0.9970,-1,-1
192,76,1049.00,303.00,84.90,225.00,1.0000,-1,-1
192,84,388.00,331.00,43.20,122.20,1.0000,-1,-1
192,99,830.00,333.00,35.90,113.00,1.0000,-1,-1
192,101,97.00,341.00,28.70,70.80,0.9720,-1,-1
192,102,754.00,341.00,28.60,69.50,0.9900,-1,-1
192,103,67.00,344.00,40.90,114.50,0.9610,-1,-1
192,106,1645.00,295.00,221.20,653.00,1.0000,-1,-1
192,108,32.00,335.00,25.30,75.90,0.9370,-1,-1
192,109,367.00,345.00,32.30,100.90,0.9310,-1,-1
192,111,918.00,330.00,38.50,118.90,0.9990,-1,-1
193,5,1412.00,311.00,208.80,646.70,1.0000,-1,-1
193,30,862.00,331.00,72.30,177.10,0.9980,-1,-1
193,59,705.00,323.00,49.80,156.00,1.0000,-1,-1
193,69,510.00,305.00,73.20,186.10,1.0000,-1,-1
193,72,778.00,330.00,47.10,126.90,0.9990,-1,-1
193,75,224.00,336.00,51.50,132.90,0.9980,-1,-1
193,76,1051.00,313.00,77.80,224.70,1.0000,-1,-1
193,84,388.00,329.00,44.70,124.40,0.9970,-1,-1
193,99,826.00,329.00,42.20,118.80,1.0000,-1,-1
193,102,754.00,340.00,27.50,66.70,0.9870,-1,-1
193,103,65.00,337.00,43.90,111.80,0.9810,-1,-1
193,106,1637.00,290.00,228.40,668.90,1.0000,-1,-1
193,108,30.00,334.00,27.00,75.30,0.9370,-1,-1
193,109,372.00,346.00,30.90,95.10,0.9720,-1,-1
193,111,920.00,331.00,36.70,120.00,0.9940,-1,-1
194,5,1414.00,320.00,216.40,647.10,1.0000,-1,-1
194,30,864.00,335.00,68.30,173.40,0.9990,-1,-1
194,59,703.00,330.00,53.50,133.80,1.0000,-1,-1
194,69,509.00,315.00,70.80,173.30,0.9990,-1,-1
194,72,778.00,331.00,47.00,126.80,1.0000,-1,-1
194,75,223.00,330.00,52.20,137.50,0.9980,-1,-1
194,76,1049.00,311.00,83.10,228.00,1.0000,-1,-1
194,84,388.00,329.00,43.10,117.30,1.0000,-1,-1
194,99,826.00,331.00,42.30,117.40,1.0000,-1,-1
194,102,756.00,338.00,28.20,68.50,0.9940,-1,-1
194,103,64.00,338.00,43.20,117.50,0.9840,-1,-1
194,106,1635.00,299.00,239.20,674.60,1.0000,-1,-1
194,109,366.00,348.00,30.40,91.70,0.9710,-1,-1
194,111,917.00,329.00,39.30,126.20,0.9900,-1,-1
195,5,1396.00,297.00,230.90,668.10,1.0000,-1,-1
195,30,866.00,333.00,65.00,167.70,0.9990,-1,-1
195,59,704.00,330.00,49.00,139.40,1.0000,-1,-1
195,69,506.00,316.00,72.60,178.60,0.9990,-1,-1
195,72,770.00,329.00,49.20,138.00,0.9980,-1,-1
195,75,218.00,333.00,56.00,134.10,0.9980,-1,-1
195,76,1055.00,310.00,79.10,226.00,1.0000,-1,-1
195,84,385.00,328.00,43.30,125.30,0.9970,-1,-1
195,99,826.00,326.00,42.20,122.70,1.0000,-1,-1
195,102,752.00,342.00,28.60,68.20,0.9900,-1,-1
195,103,63.00,342.00,36.20,108.20,0.9910,-1,-1
195,106,1626.00,290.00,256.40,681.30,1.0000,-1,-1
195,109,368.00,349.00,31.90,94.30,0.9670,-1,-1
195,111,922.00,334.00,36.10,116.20,0.9920,-1,-1
196,5,1395.00,319.00,200.20,632.20,1.0000,-1,-1
196,30,865.00,334.00,66.90,163.10,0.9970,-1,-1
196,59,713.00,318.00,45.40,149.90,0.9990,-1,-1
196,69,506.00,314.00,81.70,180.90,0.9990,-1,-1
196,72,772.00,327.00,50.50,131.90,0.9980,-1,-1
196,75,227.00,331.00,50.80,129.00,0.9990,-1,-1
196,76,1065.00,307.00,91.00,234.10,1.0000,-1,-1
196,84,387.00,326.00,44.20,129.00,0.9970,-1,-1
196,99,829.00,333.00,41.00,112.10,0.9990,-1,-1
196,103,59.00,340.00,40.60,111.10,0.9580,-1,-1
196,106,1616.00,311.00,238.90,644.30,1.0000,-1,-1
196,108,30.00,330.00,28.90,74.20,0.9330,-1,-1
196,109,368.00,345.00,29.60,94.30,0.9280,-1,-1
196,111,925.00,335.00,39.40,110.40,1.0000,-1,-1
197,5,1388.00,306.00,201.60,653.10,1.0000,-1,-1
197,30,866.00,340.00,68.50,166.70,0.9980,-1,-1
197,59,706.00,324.00,48.70,141.40,1.0000,-1,-1
197,69,509.00,310.00,77.00,188.60,0.9980,-1,-1
197,72,778.00,335.00,50.40,136.10,0.9990,-1,-1
197,75,224.00,338.00,52.00,130.20,0.9950,-1,-1
197,76,1058.00,304.00,80.20,239.80,1.0000,-1,-1
197,84,386.00,331.00,41.00,126.80,0.9760,-1,-1
197,99,830.00,330.00,39.50,115.10,0.9980,-1,-1
197,102,761.00,346.00,28.40,64.00,0.9530,-1,-1
197,103,65.00,327.00,43.40,122.00,0.9930,-1,-1
197,106,1628.00,297.00,258.90,657.70,1.0000,-1,-1
197,108,26.00,331.00,28.70,77.20,0.9400,-1,-1
197,109,366.00,348.00,31.30,94.10,0.9390,-1,-1
197,111,927.00,334.00,35.90,119.40,0.9990,-1,-1
198,5,1390.00,299.00,206.40,664.80,1.0000,-1,-1
198,30,870.00,338.00,62.40,166.00,0.9990,-1,-1
198,59,713.00,332.00,46.00,138.30,0.9990,-1,-1
198,69,507.00,314.00,75.10,173.20,0.9990,-1,-1
198,72,776.00,333.00,52.30,141.50,0.9980,-1,-1
198,75,226.00,340.00,51.60,129.20,0.9950,-1,-1
198,76,1077.00,312.00,77.20,230.30,1.0000,-1,-1
198,84,388.00,332.00,42.10,121.70,0.9960,-1,-1
198,99,838.00,333.00,37.70,114.90,0.9990,-1,-1
198,101,92.00,335.00,29.80,74.80,0.9710,-1,-1
198,102,760.00,342.00,28.40,65.40,0.9950,-1,-1
198,103,76.00,336.00,37.80,108.00,0.9430,-1,-1
198,106,1630.00,291.00,235.40,696.00,1.0000,-1,-1
198,108,28.00,333.00,28.20,76.60,0.9010,-1,-1
198,109,367.00,353.00,31.60,95.60,0.9690,-1,-1
198,111,928.00,338.00,38.50,111.00,0.9980,-1,-1
199,5,1381.00,282.00,214.40,693.10,1.0000,-1,-1
199,30,870.00,337.00,69.90,174.10,0.9920,-1,-1
199,59,713.00,333.00,49.80,135.10,1.0000,-1,-1
199,69,510.00,319.00,76.10,171.80,0.9970,-1,-1
199,72,781.00,339.00,47.50,127.60,0.9980,-1,-1
199,75,233.00,339.00,51.30,128.30,0.9960,-1,-1
199,76,1078.00,315.00,83.80,234.60,0.9990,-1,-1
199,84,391.00,334.00,41.60,116.10,0.9900,-1,-1
199,99,844.00,335.00,40.40,115.10,1.0000,-1,-1
199,102,763.00,346.00,29.10,74.40,0.9520,-1,-1
199,106,1603.00,293.00,259.70,681.10,1.0000,-1,-1
199,111,932.00,340.00,36.80,114.00,0.9990,-1,-1
200,5,1391.00,303.00,204.20,647.40,1.0000,-1,-1
200,30,876.00,348.00,69.10,167.20,0.9990,-1,-1
200,59,724.00,333.00,47.90,145.40,1.0000,-1,-1
200,69,508.00,317.00,78.00,181.30,0.9990,-1,-1
200,72,785.00,343.00,46.70,140.70,0.9980,-1,-1
200,75,240.00,346.00,49.70,126.10,0.9980,-1,-1
200,76,1081.00,317.00,82.30,241.10,1.0000,-1,-1
200,84,390.00,340.00,44.30,117.20,0.9980,-1,-1
200,99,842.00,341.00,40.50,115.70,0.9990,-1,-1
200,101,101.00,347.00,28.00,71.10,0.9650,-1,-1
200,103,68.00,350.00,42.40,111.20,0.9400,-1,-1
200,106,1623.00,309.00,235.40,658.80,1.0000,-1,-1
200,108,36.00,338.00,27.10,76.80,0.9520,-1,-1
200,109,370.00,356.00,32.50,95.40,0.9620,-1,-1
200,111,934.00,341.00,35.70,110.40,0.9970,-1,-1
201,5,1400.00,283.00,189.70,706.00,1.0000,-1,-1
201,30,884.00,347.00,66.10,168.30,0.9970,-1,-1
201,59,724.00,343.00,47.80,142.00,0.9970,-1,-1
201,69,517.00,339.00,68.60,157.90,0.9970,-1,-1
201,72,790.00,341.00,50.00,135.90,0.9990,-1,-1
201,75,250.00,352.00,48.10,129.20,0.9970,-1,-1
201,76,1099.00,325.00,88.00,238.80,1.0000,-1,-1
201,84,385.00,351.00,37.90,108.90,0.9660,-1,-1
201,99,851.00,346.00,42.90,113.70,0.9950,-1,-1
201,103,85.00,346.00,40.20,117.00,0.9350,-1,-1
201,106,1610.00,292.00,260.00,679.50,1.0000,-1,-1
201,111,944.00,349.00,35.90,116.30,1.0000,-1,-1
202,5,1385.00,331.00,199.70,652.90,1.0000,-1,-1
202,30,885.00,352.00,69.10,159.60,0.9970,-1,-1
202,59,731.00,351.00,47.60,143.00,0.9910,-1,-1
202,69,521.00,325.00,80.50,175.30,0.9900,-1,-1
202,72,787.00,343.00,51.60,140.80,0.9890,-1,-1
202,75,256.00,352.00,49.40,134.30,0.9890,-1,-1
202,76,1100.00,322.00,79.50,241.60,0.9980,-1,-1
202,84,398.00,353.00,43.90,121.90,0.9250,-1,-1
202,99,858.00,350.00,42.50,121.20,0.9950,-1,-1
202,103,90.00,347.00,42.90,111.60,0.9770,-1,-1
202,106,1605.00,307.00,256.40,667.20,1.0000,-1,-1
202,109,372.00,355.00,40.80,108.80,0.9690,-1,-1
202,111,950.00,355.00,35.30,116.10,0.9980,-1,-1
203,5,1391.00,322.00,192.70,665.40,1.0000,-1,-1
203,30,891.00,360.00,69.10,175.10,0.9990,-1,-1
203,59,735.00,346.00,48.80,144.50,0.9960,-1,-1
203,69,523.00,342.00,79.00,170.80,0.9970,-1,-1
203,72,798.00,352.00,50.10,134.10,0.9990,-1,-1
203,75,260.00,359.00,52.40,127.20,0.9940,-1,-1
203,76,1110.00,331.00,77.80,238.00,0.9990,-1,-1
203,84,412.00,353.00,44.30,128.50,0.9920,-1,-1
203,99,859.00,355.00,41.30,115.40,0.9990,-1,-1
203,103,97.00,357.00,39.40,109.00,0.9970,-1,-1
203,106,1615.00,330.00,255.10,645.30,1.0000,-1,-1
203,109,388.00,368.00,30.40,103.00,0.9730,-1,-1
203,111,953.00,359.00,38.70,116.00,0.9990,-1,-1
203,112,57.00,356.00,28.80,78.10,0.9730,-1,-1
203,113,125.00,362.00,29.70,73.50,0.9530,-1,-1
204,5,1399.00,325.00,200.60,651.50,1.0000,-1,-1
204,30,908.00,357.00,64.30,170.60,0.9990,-1,-1
204,59,751.00,356.00,50.10,144.70,0.9990,-1,-1
204,69,535.00,340.00,83.90,179.70,0.9980,-1,-1
204,72,806.00,352.00,51.40,135.50,0.9990,-1,-1
204,75,275.00,364.00,48.10,122.40,0.9990,-1,-1
204,76,1126.00,336.00,71.00,238.30,1.0000,-1,-1
204,84,423.00,353.00,40.50,121.20,0.9900,-1,-1
204,99,863.00,353.00,40.50,116.20,0.9960,-1,-1
204,103,107.00,362.00,40.80,108.80,0.9950,-1,-1
204,106,1646.00,296.00,249.00,702.70,1.0000,-1,-1
204,109,401.00,369.00,36.30,113.60,0.9750,-1,-1
204,111,968.00,358.00,32.70,118.90,1.0000,-1,-1
204,112,70.00,361.00,27.20,68.90,0.9270,-1,-1
204,113,137.00,363.00,30.60,70.30,0.9580,-1,-1
205,5,1389.00,339.00,219.50,667.10,1.0000,-1,-1
205,30,909.00,362.00,69.40,167.40,0.9960,-1,-1
205,59,759.00,361.00,42.60,133.40,0.9960,-1,-1
205,69,534.00,343.00,83.00,182.10,0.9990,-1,-1
205,72,812.00,349.00,55.20,142.10,0.9990,-1,-1
205,75,286.00,349.00,52.90,140.30,0.9950,-1,-1
205,76,1136.00,327.00,86.30,253.80,1.0000,-1,-1
205,84,418.00,348.00,47.30,124.00,0.9760,-1,-1
205,99,879.00,356.00,47.70,122.80,0.9690,-1,-1
205,103,119.00,353.00,42.30,120.60,0.9850,-1,-1
205,106,1632.00,320.00,266.90,691.50,1.0000,-1,-1
205,111,975.00,365.00,39.90,117.10,0.9980,-1,-1
206,5,1389.00,329.00,199.30,666.00,1.0000,-1,-1
206,30,928.00,376.00,68.90,157.80,1.0000,-1,-1
206,59,776.00,354.00,50.40,139.50,0.9980,-1,-1
206,69,552.00,353.00,80.90,160.90,1.0000,-1,-1
206,72,826.00,359.00,49.60,134.70,0.9990,-1,-1
206,75,302.00,365.00,53.00,122.10,0.9950,-1,-1
206,76,1151.00,333.00,83.20,257.30,1.0000,-1,-1
206,84,439.00,355.00,42.70,121.80,0.9750,-1,-1
206,99,897.00,358.00,45.70,121.10,0.9990,-1,-1
206,103,134.00,358.00,39.30,120.60,0.9880,-1,-1
206,106,1638.00,315.00,275.20,723.50,1.0000,-1,-1
206,109,418.00,374.00,36.10,104.50,0.9620,-1,-1
206,111,991.00,361.00,33.10,125.70,1.0000,-1,-1
206,114,161.00,363.00,37.10,77.40,0.9640,-1,-1
207,5,1391.00,356.00,201.90,635.10,1.0000,-1,-1
207,30,930.00,372.00,72.80,164.30,1.0000,-1,-1
207,59,780.00,350.00,46.60,151.60,0.9990,-1,-1
207,69,558.00,351.00,83.10,170.40,1.0000,-1,-1
207,72,840.00,358.00,49.80,142.30,1.0000,-1,-1
207,75,308.00,363.00,48.70,125.50,0.9950,-1,-1
207,76,1147.00,329.00,86.20,253.50,1.0000,-1,-1
207,84,442.00,356.00,50.40,126.40,0.9930,-1,-1
207,99,903.00,356.00,42.90,120.20,0.9990,-1,-1
207,103,145.00,359.00,40.40,119.10,0.9710,-1,-1
207,106,1640.00,334.00,251.80,714.50,1.0000,-1,-1
207,111,998.00,369.00,34.80,116.50,0.9970,-1,-1
207,114,173.00,369.00,27.80,68.90,0.9480,-1,-1
208,5,1396.00,353.00,208.00,664.50,1.0000,-1,-1
208,30,938.00,372.00,69.90,160.30,0.9970,-1,-1
208,59,780.00,354.00,54.30,150.20,0.9960,-1,-1
208,69,563.00,355.00,74.70,161.70,0.9990,-1,-1
208,72,844.00,357.00,50.70,144.50,0.9980,-1,-1
208,75,324.00,363.00,52.00,121.30,0.9960,-1,-1
208,76,1169.00,333.00,78.20,258.50,1.0000,-1,-1
208,84,444.00,359.00,43.20,119.50,0.9950,-1,-1
208,99,908.00,361.00,44.80,119.60,0.9960,-1,-1
208,103,153.00,356.00,41.00,118.00,0.9860,-1,-1
208,106,1646.00,322.00,279.50,693.50,1.0000,-1,-1
208,109,426.00,372.00,32.10,99.70,0.9700,-1,-1
208,111,1006.00,363.00,33.90,119.90,0.9990,-1,-1
209,5,1410.00,342.00,189.00,671.80,1.0000,-1,-1
209,30,944.00,369.00,63.80,167.40,0.9950,-1,-1
209,59,789.00,353.00,49.80,150.80,0.9990,-1,-1
209,69,567.00,360.00,81.20,158.00,0.9990,-1,-1
209,72,852.00,369.00,56.20,127.70,0.9990,-1,-1
209,75,329.00,366.00,49.00,126.10,0.9990,-1,-1
209,76,1174.00,336.00,79.30,249.30,1.0000,-1,-1
209,84,453.00,357.00,41.30,124.70,0.9780,-1,-1
209,99,916.00,357.00,42.90,119.80,1.0000,-1,-1
209,103,154.00,358.00,41.50,122.80,0.9750,-1,-1
209,106,1639.00,319.00,278.20,705.40,1.0000,-1,-1
209,109,440.00,368.00,32.20,108.40,0.9940,-1,-1
209,111,1012.00,367.00,33.00,117.20,0.9980,-1,-1
209,114,187.00,367.00,29.60,72.00,0.9770,-1,-1
209,115,125.00,365.00,23.00,68.70,0.9700,-1,-1
209,116,640.00,375.00,22.40,62.40,0.9240,-1,-1
210,5,1414.00,330.00,192.90,677.10,1.0000,-1,-1
210,30,945.00,375.00,72.00,164.30,1.0000,-1,-1
210,59,798.00,359.00,45.70,136.80,0.9990,-1,-1
210,69,573.00,350.00,79.40,170.40,0.9990,-1,-1
210,72,852.00,357.00,51.40,137.10,0.9980,-1,-1
210,75,331.00,368.00,52.30,128.80,0.9950,-1,-1
210,76,1184.00,342.00,80.20,246.50,1.0000,-1,-1
210,84,468.00,359.00,41.50,121.80,0.9950,-1,-1
210,99,916.00,361.00,46.90,116.10,1.0000,-1,-1
210,103,162.00,357.00,41.20,126.00,0.9810,-1,-1
210,106,1652.00,346.00,274.80,682.10,1.0000,-1,-1
210,109,445.00,374.00,30.80,102.50,0.9670,-1,-1
210,111,1015.00,363.00,35.70,116.80,0.9990,-1,-1
210,114,190.00,365.00,32.20,71.30,0.9720,-1,-1
210,115,130.00,364.00,27.10,70.30,0.9890,-1,-1
210,116,641.00,370.00,24.70,66.70,0.9450,-1,-1
211,5,1421.00,349.00,180.50,630.20,1.0000,-1,-1
211,30,958.00,366.00,66.70,166.20,0.9980,-1,-1
211,59,801.00,353.00,52.80,152.20,0.9970,-1,-1
211,69,580.00,349.00,82.40,167.20,0.9990,-1,-1
211,72,868.00,364.00,49.10,133.10,0.9990,-1,-1
211,75,347.00,360.00,52.40,129.30,0.9940,-1,-1
211,76,1201.00,323.00,85.90,269.20,1.0000,-1,-1
211,84,473.00,355.00,41.80,128.60,0.9830,-1,-1
211,99,923.00,356.00,43.60,119.20,0.9990,-1,-1
211,103,170.00,361.00,37.70,115.90,0.9960,-1,-1
211,106,1658.00,323.00,238.20,674.20,1.0000,-1,-1
211,109,451.00,374.00,33.00,102.10,0.9630,-1,-1
211,111,1028.00,362.00,33.30,116.30,0.9990,-1,-1
211,113,142.00,360.00,25.80,68.70,0.9930,-1,-1
211,114,201.00,362.00,31.60,77.10,0.9750,-1,-1
211,116,653.00,365.00,24.70,64.30,0.9810,-1,-1
212,5,1408.00,355.00,206.70,650.80,1.0000,-1,-1
212,30,957.00,363.00,71.70,168.40,1.0000,-1,-1
212,59,806.00,357.00,57.20,148.00,0.9990,-1,-1
212,69,584.00,341.00,78.90,188.60,1.0000,-1,-1
212,72,870.00,354.00,51.50,140.30,0.9990,-1,-1
212,75,349.00,362.00,51.10,133.80,0.9940,-1,-1
212,76,1201.00,333.00,83.80,268.20,1.0000,-1,-1
212,84,480.00,354.00,47.50,130.00,0.9920,-1,-1
212,99,933.00,361.00,42.70,119.40,1.0000,-1,-1
212,103,179.00,360.00,39.50,114.30,0.9950,-1,-1
212,106,1646.00,328.00,261.80,669.70,1.0000,-1,-1
212,109,459.00,369.00,33.70,106.70,0.9530,-1,-1
212,111,1033.00,358.00,34.90,119.60,0.9960,-1,-1
212,113,148.00,364.00,26.50,72.40,0.9750,-1,-1
212,114,210.00,365.00,29.10,70.90,0.9660,-1,-1
212,116,663.00,368.00,25.10,62.10,0.9890,-1,-1
213,5,1399.00,336.00,219.40,645.10,1.0000,-1,-1
213,30,962.00,368.00,73.90,163.30,1.0000,-1,-1
213,59,819.00,348.00,52.90,151.80,1.0000,-1,-1
213,69,588.00,346.00,80.00,164.10,0.9990,-1,-1
213,72,875.00,362.00,53.10,138.90,0.9980,-1,-1
213,75,354.00,360.00,54.10,125.90,0.9940,-1,-1
213,76,1200.00,325.00,98.20,276.00,1.0000,-1,-1
213,84,483.00,353.00,45.40,127.30,0.9950,-1,-1
213,99,938.00,358.00,43.70,116.60,1.0000,-1,-1
213,103,179.00,358.00,44.50,119.30,0.9920,-1,-1
213,106,1664.00,319.00,242.00,693.80,1.0000,-1,-1
213,109,462.00,372.00,33.40,105.80,0.9840,-1,-1
213,111,1036.00,362.00,34.80,116.00,1.0000,-1,-1
213,113,150.00,364.00,28.20,72.30,0.9860,-1,-1
213,116,667.00,368.00,21.30,62.90,0.9490,-1,-1
214,5,1409.00,346.00,196.80,638.60,1.0000,-1,-1
214,30,970.00,365.00,66.70,166.90,0.9980,-1,-1
214,59,823.00,356.00,48.20,136.10,0.9990,-1,-1
214,69,585.00,359.00,79.80,157.40,0.9990,-1,-1
214,72,881.00,362.00,47.60,131.20,0.9980,-1,-1
214,75,361.00,368.00,50.90,127.00,0.9950,-1,-1
214,76,1228.00,329.00,82.10,274.10,1.0000,-1,-1
214,84,484.00,352.00,46.40,137.00,0.9940,-1,-1
214,99,944.00,358.00,43.80,123.10,0.9990,-1,-1
214,103,183.00,362.00,40.40,119.20,0.9920,-1,-1
214,106,1646.00,324.00,257.00,668.60,1.0000,-1,-1
214,109,461.00,378.00,35.20,101.10,0.9750,-1,-1
214,111,1043.00,365.00,32.10,106.60,0.9940,-1,-1
214,113,155.00,367.00,25.70,72.20,0.9900,-1,-1
214,114,217.00,366.00,29.50,71.80,0.9720,-1,-1
214,116,671.00,367.00,26.10,63.90,0.9950,-1,-1
215,5,1415.00,346.00,204.90,648.90,1.0000,-1,-1
215,30,968.00,361.00,76.40,174.20,0.9990,-1,-1
215,59,827.00,353.00,45.10,146.90,0.9990,-1,-1
215,69,593.00,353.00,77.70,166.30,0.9990,-1,-1
215,72,881.00,360.00,50.00,135.70,0.9990,-1,-1
215,75,369.00,367.00,51.70,122.10,0.9990,-1,-1
215,76,1212.00,330.00,96.90,268.80,1.0000,-1,-1
215,84,485.00,348.00,45.40,141.80,0.9940,-1,-1
215,99,946.00,359.00,47.60,123.10,1.0000,-1,-1
215,103,190.00,364.00,40.80,120.40,0.9940,-1,-1
215,106,1662.00,319.00,259.60,696.10,1.0000,-1,-1
215,109,462.00,374.00,39.20,106.40,0.9830,-1,-1
215,111,1049.00,367.00,32.00,106.40,0.9880,-1,-1
215,113,162.00,367.00,23.30,68.40,0.9610,-1,-1
215,114,220.00,367.00,26.20,64.40,0.9860,-1,-1
215,116,677.00,369.00,24.00,58.50,0.9930,-1,-1
216,5,1394.00,310.00,212.80,703.70,1.0000,-1,-1
216,30,981.00,370.00,66.20,169.20,0.9950,-1,-1
216,59,835.00,358.00,51.50,140.10,1.0000,-1,-1
216,69,600.00,353.00,80.10,177.80,0.9990,-1,-1
216,72,890.00,363.00,48.00,133.80,1.0000,-1,-1
216,75,380.00,366.00,49.10,119.90,0.9980,-1,-1
216,76,1235.00,318.00,91.40,291.90,1.0000,-1,-1
216,84,490.00,359.00,40.90,120.10,0.9940,-1,-1
216,99,944.00,355.00,47.20,122.90,0.9950,-1,-1
216,103,200.00,362.00,43.90,114.70,0.9930,-1,-1
216,106,1648.00,318.00,255.60,706.90,1.0000,-1,-1
216,109,471.00,364.00,36.10,117.00,0.9410,-1,-1
216,111,1057.00,365.00,36.20,113.60,0.9990,-1,-1
216,113,170.00,364.00,23.90,67.60,0.9670,-1,-1
216,116,683.00,369.00,26.10,60.90,0.9160,-1,-1
217,5,1381.00,334.00,240.30,690.60,1.0000,-1,-1
217,30,983.00,374.00,61.90,158.70,0.9980,-1,-1
217,59,839.00,364.00,47.70,130.80,0.9990,-1,-1
217,69,598.00,348.00,76.00,175.00,0.9990,-1,-1
217,72,893.00,362.00,49.60,138.80,0.9990,-1,-1
217,75,382.00,369.00,47.40,121.00,0.9990,-1,-1
217,76,1242.00,321.00,96.30,296.70,1.0000,-1,-1
217,84,491.00,350.00,49.60,138.20,0.9980,-1,-1
217,99,935.00,364.00,34.40,108.00,0.9920,-1,-1
217,103,201.00,361.00,42.70,116.30,0.9990,-1,-1
217,106,1631.00,312.00,280.80,740.60,1.0000,-1,-1
217,109,471.00,377.00,34.80,103.60,0.9640,-1,-1
217,111,1059.00,367.00,34.10,113.50,0.9910,-1,-1
217,113,175.00,367.00,25.00,68.80,0.9470,-1,-1
217,116,687.00,376.00,23.30,55.60,0.9730,-1,-1
217,117,967.00,364.00,40.90,116.70,1.0000,-1,-1
218,5,1388.00,354.00,226.50,666.70,1.0000,-1,-1
218,30,982.00,367.00,71.70,174.10,1.0000,-1,-1
218,59,842.00,363.00,47.80,131.20,0.9990,-1,-1
218,69,593.00,351.00,94.60,180.10,1.0000,-1,-1
218,72,895.00,360.00,48.20,143.10,1.0000,-1,-1
218,75,391.00,367.00,46.30,117.60,1.0000,-1,-1
218,76,1254.00,328.00,84.10,288.50,1.0000,-1,-1
218,84,500.00,365.00,44.60,124.00,0.9970,-1,-1
218,99,940.00,363.00,30.80,102.30,0.9900,-1,-1
218,103,203.00,367.00,41.60,109.70,0.9980,-1,-1
218,106,1640.00,337.00,279.60,720.40,1.0000,-1,-1
218,109,480.00,372.00,37.40,110.20,0.9890,-1,-1
218,111,1067.00,369.00,31.90,117.30,0.9960,-1,-1
218,113,181.00,363.00,23.60,69.50,0.9900,-1,-1
218,116,689.00,373.00,23.90,61.60,0.9840,-1,-1
218,118,238.00,367.00,28.70,68.60,0.9820,-1,-1
219,5,1396.00,311.00,226.30,719.20,1.0000,-1,-1
219,30,992.00,377.00,62.50,160.20,1.0000,-1,-1
219,59,834.00,353.00,57.80,149.40,0.9990,-1,-1
219,69,604.00,351.00,73.00,166.80,0.9990,-1,-1
219,72,897.00,360.00,50.30,141.70,1.0000,-1,-1
219,75,395.00,360.00,49.30,129.90,0.9980,-1,-1
219,76,1260.00,337.00,85.10,284.10,1.0000,-1,-1
219,84,500.00,361.00,44.40,119.40,0.9960,-1,-1
219,99,936.00,372.00,39.20,109.50,0.9880,-1,-1
219,103,206.00,359.00,44.90,116.60,0.9980,-1,-1
219,106,1636.00,337.00,284.50,714.50,1.0000,-1,-1
219,109,476.00,371.00,36.10,110.90,0.9670,-1,-1
219,111,1071.00,370.00,32.70,117.90,0.9990,-1,-1
219,113,178.00,360.00,25.70,74.80,0.9740,-1,-1
219,116,690.00,370.00,25.30,67.50,0.9870,-1,-1
219,117,967.00,366.00,45.90,115.00,1.0000,-1,-1
219,118,237.00,359.00,33.30,77.50,0.9580,-1,-1
220,5,1387.00,354.00,215.80,664.40,1.0000,-1,-1
220,30,997.00,375.00,65.10,168.00,0.9990,-1,-1
220,59,845.00,358.00,52.80,152.00,0.9990,-1,-1
220,69,602.00,353.00,76.70,168.90,0.9990,-1,-1
220,72,895.00,366.00,50.80,137.70,1.0000,-1,-1
220,75,395.00,366.00,47.10,123.10,0.9990,-1,-1
220,76,1254.00,322.00,103.10,313.50,1.0000,-1,-1
220,84,506.00,358.00,45.50,128.30,0.9940,-1,-1
220,103,209.00,363.00,39.90,113.00,0.9860,-1,-1
220,106,1639.00,339.00,268.20,716.60,1.0000,-1,-1
220,109,482.00,368.00,36.90,109.30,0.9860,-1,-1
220,111,1073.00,368.00,34.10,120.70,0.9980,-1,-1
220,113,185.00,365.00,26.30,70.30,0.9950,-1,-1
220,116,695.00,373.00,24.90,61.10,0.9940,-1,-1
220,117,972.00,365.00,43.30,119.20,0.9990,-1,-1
220,118,242.00,363.00,27.00,64.60,0.9680,-1,-1
221,5,1373.00,353.00,223.40,677.70,1.0000,-1,-1
221,30,990.00,377.00,68.00,166.10,0.9970,-1,-1
221,59,844.00,356.00,47.10,143.30,1.0000,-1,-1
221,69,596.00,352.00,97.00,174.90,0.9990,-1,-1
221,72,898.00,367.00,52.00,137.80,0.9990,-1,-1
221,75,403.00,367.00,50.50,120.00,0.9990,-1,-1
221,76,1265.00,323.00,92.80,305.50,1.0000,-1,-1
221,84,506.00,353.00,45.40,128.40,0.9940,-1,-1
221,99,941.00,368.00,35.50,92.30,0.9980,-1,-1
221,103,207.00,360.00,44.50,113.30,0.9860,-1,-1
221,106,1630.00,329.00,271.50,711.20,1.0000,-1,-1
221,109,484.00,368.00,37.20,110.30,0.9900,-1,-1
221,111,1077.00,373.00,34.10,111.60,0.9920,-1,-1
221,113,185.00,357.00,28.50,74.40,0.9760,-1,-1
221,116,697.00,368.00,26.10,66.40,0.9840,-1,-1
221,117,973.00,364.00,49.60,123.00,0.9990,-1,-1
221,118,245.00,361.00,29.70,77.30,0.9750,-1,-1
222,5,1380.00,364.00,222.60,677.00,1.0000,-1,-1
222,30,993.00,370.00,68.20,160.50,0.9960,-1,-1
222,59,845.00,352.00,46.10,150.30,1.0000,-1,-1
222,69,606.00,345.00,79.60,180.40,1.0000,-1,-1
222,72,895.00,358.00,50.90,143.20,0.9990,-1,-1
222,75,401.00,356.00,49.60,128.60,0.9980,-1,-1
222,76,1273.00,326.00,92.20,297.90,1.0000,-1,-1
222,84,509.00,361.00,43.80,123.60,0.9950,-1,-1
222,99,925.00,373.00,44.60,112.40,0.9980,-1,-1
222,103,208.00,361.00,43.70,112.10,0.9990,-1,-1
222,106,1638.00,332.00,261.50,713.90,1.0000,-1,-1
222,109,483.00,371.00,35.60,103.20,0.9950,-1,-1
222,111,1078.00,374.00,36.10,113.10,0.9730,-1,-1
222,113,183.00,358.00,26.40,68.90,0.9880,-1,-1
222,116,701.00,370.00,26.00,63.70,0.9970,-1,-1
222,117,981.00,366.00,40.80,113.10,0.9990,-1,-1
222,118,248.00,362.00,29.00,71.10,0.9890,-1,-1
222,119,685.00,372.00,21.30,60.00,0.9350,-1,-1
223,5,1385.00,368.00,217.50,672.50,1.0000,-1,-1
223,30,995.00,365.00,64.50,171.80,0.9970,-1,-1
223,59,851.00,363.00,47.50,140.40,0.9990,-1,-1
223,69,599.00,349.00,93.60,174.90,0.9990,-1,-1
223,72,895.00,356.00,51.80,146.00,0.9980,-1,-1
223,75,405.00,361.00,50.90,123.10,0.9980,-1,-1
223,76,1282.00,336.00,91.60,288.60,1.0000,-1,-1
223,84,503.00,350.00,46.90,132.90,0.9940,-1,-1
223,99,937.00,368.00,37.50,117.90,0.9870,-1,-1
223,103,212.00,356.00,41.30,110.40,0.9990,-1,-1
223,106,1625.00,350.00,284.90,702.80,1.0000,-1,-1
223,109,481.00,370.00,38.50,110.50,0.9930,-1,-1
223,111,1082.00,368.00,36.70,114.70,0.9990,-1,-1
223,113,185.00,350.00,28.40,80.00,0.9880,-1,-1
223,116,703.00,368.00,24.60,62.80,0.9930,-1,-1
223,117,979.00,364.00,42.90,115.40,1.0000,-1,-1
223,118,243.00,356.00,28.80,73.90,0.9830,-1,-1
223,119,683.00,370.00,21.10,57.00,0.9420,-1,-1
224,5,1380.00,368.00,213.10,643.80,1.0000,-1,-1
224,30,1001.00,367.00,63.60,163.90,0.9970,-1,-1
224,59,845.00,347.00,50.70,150.00,0.9980,-1,-1
224,69,609.00,339.00,86.50,185.00,0.9990,-1,-1
224,72,904.00,357.00,52.80,141.70,0.9990,-1,-1
224,75,402.00,353.00,51.00,131.40,0.9930,-1,-1
224,76,1289.00,334.00,91.90,294.40,0.9990,-1,-1
224,84,512.00,347.00,40.40,128.70,0.9910,-1,-1
224,99,935.00,363.00,44.60,122.00,0.9470,-1,-1
224,103,215.00,355.00,38.80,109.80,0.9790,-1,-1
224,106,1638.00,330.00,255.30,701.00,1.0000,-1,-1
224,109,481.00,364.00,37.10,111.50,0.9990,-1,-1
224,111,1083.00,369.00,34.60,114.30,0.9990,-1,-1
224,113,185.00,352.00,28.50,71.80,0.9880,-1,-1
224,116,704.00,366.00,25.90,58.60,0.9900,-1,-1
224,118,247.00,356.00,31.00,75.70,0.9790,-1,-1
224,119,690.00,369.00,20.00,58.10,0.9110,-1,-1
225,5,1357.00,352.00,252.10,677.10,1.0000,-1,-1
225,30,993.00,359.00,69.60,167.70,0.9970,-1,-1
225,59,841.00,339.00,56.10,160.90,0.9980,-1,-1
225,69,604.00,349.00,83.80,173.20,0.9990,-1,-1
225,72,904.00,363.00,45.80,132.10,1.0000,-1,-1
225,75,410.00,359.00,48.50,121.50,0.9990,-1,-1
225,76,1289.00,317.00,90.50,323.00,0.9990,-1,-1
225,84,512.00,350.00,41.10,125.30,0.9900,-1,-1
225,99,932.00,362.00,40.30,115.00,0.9420,-1,-1
225,103,210.00,352.00,46.70,117.10,0.9950,-1,-1
225,106,1634.00,321.00,282.00,721.70,1.0000,-1,-1
225,109,486.00,368.00,35.80,102.60,0.9940,-1,-1
225,111,1079.00,363.00,40.60,117.80,0.9980,-1,-1
225,113,188.00,341.00,29.00,85.50,0.9390,-1,-1
225,116,707.00,365.00,24.30,65.40,0.9760,-1,-1
225,117,986.00,360.00,45.20,117.90,0.9990,-1,-1
225,118,245.00,351.00,31.70,76.50,0.9450,-1,-1
226,5,1367.00,335.00,244.20,673.50,1.0000,-1,-1
226,30,1003.00,366.00,69.60,171.10,0.9990,-1,-1
226,59,853.00,356.00,47.20,140.40,0.9990,-1,-1
226,69,600.00,349.00,91.60,162.30,0.9990,-1,-1
226,72,903.00,355.00,52.10,147.70,0.9990,-1,-1
226,75,412.00,358.00,49.50,122.80,0.9980,-1,-1
226,76,1304.00,336.00,99.40,292.60,0.9980,-1,-1
226,84,507.00,352.00,41.70,128.20,0.9910,-1,-1
226,99,940.00,369.00,38.80,109.00,0.9570,-1,-1
226,103,214.00,354.00,44.40,109.00,0.9920,-1,-1
226,106,1629.00,311.00,287.50,735.80,1.0000,-1,-1
226,109,485.00,365.00,38.30,112.00,0.9970,-1,-1
226,111,1087.00,365.00,33.10,116.10,0.9990,-1,-1
226,113,191.00,350.00,28.40,71.70,0.9940,-1,-1
226,116,708.00,367.00,25.90,64.40,0.9940,-1,-1
226,117,974.00,357.00,44.20,117.80,0.9980,-1,-1
226,118,247.00,350.00,33.80,80.30,0.9730,-1,-1
226,119,694.00,363.00,22.60,65.50,0.9080,-1,-1
227,5,1369.00,328.00,253.10,703.70,1.0000,-1,-1
227,30,997.00,359.00,66.60,170.90,0.9990,-1,-1
227,59,850.00,347.00,52.60,154.30,0.9990,-1,-1
227,69,603.00,345.00,88.90,178.20,0.9980,-1,-1
227,72,907.00,358.00,50.10,141.10,1.0000,-1,-1
227,75,419.00,356.00,47.70,123.00,0.9960,-1,-1
227,76,1308.00,310.00,116.00,325.20,0.9990,-1,-1
227,84,512.00,348.00,41.10,126.60,0.9920,-1,-1
227,99,943.00,356.00,42.70,127.90,0.9860,-1,-1
227,103,217.00,349.00,45.20,118.60,0.9830,-1,-1
227,106,1639.00,315.00,264.60,731.80,1.0000,-1,-1
227,109,480.00,357.00,41.90,121.20,0.9960,-1,-1
227,111,1095.00,365.00,34.50,116.80,0.9990,-1,-1
227,113,193.00,345.00,28.20,74.60,0.9770,-1,-1
227,116,713.00,367.00,23.80,60.10,0.9970,-1,-1
227,117,969.00,356.00,38.80,113.10,0.9140,-1,-1
227,118,251.00,342.00,29.90,83.80,0.9260,-1,-1
227,119,701.00,362.00,22.30,60.90,0.9510,-1,-1
228,5,1373.00,342.00,241.20,682.60,1.0000,-1,-1
228,30,1011.00,363.00,63.40,171.80,0.9990,-1,-1
228,59,852.00,355.00,53.40,152.60,0.9980,-1,-1
228,69,611.00,354.00,82.50,160.60,0.9980,-1,-1
228,72,908.00,358.00,48.40,139.90,0.9970,-1,-1
228,75,420.00,363.00,47.50,119.50,0.9950,-1,-1
228,76,1312.00,329.00,100.60,299.20,1.0000,-1,-1
228,84,510.00,347.00,43.00,130.20,0.9950,-1,-1
228,99,934.00,365.00,46.70,117.70,0.9900,-1,-1
228,103,223.00,356.00,40.20,109.30,0.9950,-1,-1
228,106,1636.00,332.00,292.00,702.00,1.0000,-1,-1
228,109,486.00,362.00,39.70,111.30,0.9950,-1,-1
228,111,1095.00,362.00,36.50,116.10,0.9990,-1,-1
228,113,198.00,346.00,28.30,74.10,0.9960,-1,-1
228,116,717.00,368.00,24.70,60.10,0.9940,-1,-1
228,118,255.00,361.00,27.20,67.10,0.9160,-1,-1
228,119,704.00,366.00,22.80,59.60,0.9070,-1,-1
228,120,990.00,359.00,41.90,127.50,0.9990,-1,-1
229,5,1376.00,319.00,232.10,711.60,1.0000,-1,-1
229,30,1007.00,370.00,73.70,160.20,0.9990,-1,-1
229,59,867.00,358.00,42.20,138.90,0.9970,-1,-1
229,69,604.00,346.00,84.90,176.00,0.9990,-1,-1
229,72,905.00,359.00,52.70,143.50,0.9940,-1,-1
229,75,422.00,358.00,47.10,122.30,0.9980,-1,-1
229,76,1318.00,324.00,114.00,317.50,0.9990,-1,-1
229,84,507.00,351.00,45.00,121.50,0.9840,-1,-1
229,99,934.00,365.00,40.20,118.80,0.9990,-1,-1
229,103,222.00,350.00,41.10,120.10,0.9950,-1,-1
229,106,1619.00,311.00,296.60,763.50,1.0000,-1,-1
229,109,478.00,352.00,41.10,125.60,0.9910,-1,-1
229,111,1104.00,369.00,32.40,108.80,0.9970,-1,-1
229,113,198.00,349.00,27.00,76.10,0.9920,-1,-1
229,116,717.00,367.00,25.10,64.70,0.9970,-1,-1
229,118,258.00,356.00,29.40,70.30,0.9010,-1,-1
230,5,1388.00,312.00,229.00,706.60,1.0000,-1,-1
230,30,1008.00,355.00,70.10,168.50,0.9990,-1,-1
230,59,859.00,348.00,59.90,148.00,0.9930,-1,-1
230,69,611.00,335.00,93.70,178.10,0.9970,-1,-1
230,72,915.00,361.00,51.20,134.50,0.9950,-1,-1
230,75,428.00,358.00,47.90,121.80,0.9910,-1,-1
230,76,1316.00,309.00,130.30,345.60,0.9990,-1,-1
230,84,511.00,348.00,48.00,126.20,0.9290,-1,-1
230,103,227.00,341.00,39.40,119.10,0.9890,-1,-1
230,106,1627.00,298.00,276.10,772.90,1.0000,-1,-1
230,109,489.00,364.00,37.90,105.40,0.9880,-1,-1
230,111,1107.00,362.00,38.70,121.70,0.9980,-1,-1
230,113,205.00,342.00,24.30,77.60,0.9410,-1,-1
230,118,265.00,355.00,31.50,77.90,0.9120,-1,-1
231,5,1382.00,334.00,218.10,687.40,1.0000,-1,-1
231,30,1017.00,366.00,66.40,164.80,1.0000,-1,-1
231,59,871.00,348.00,50.30,152.50,0.9990,-1,-1
231,69,618.00,343.00,92.70,174.30,0.9990,-1,-1
231,75,436.00,355.00,45.50,117.40,0.9940,-1,-1
231,76,1325.00,316.00,115.80,329.30,0.9680,-1,-1
231,84,519.00,347.00,49.10,129.40,0.9960,-1,-1
231,99,926.00,363.00,48.40,137.40,0.9990,-1,-1
231,103,233.00,355.00,39.30,109.10,0.9950,-1,-1
231,106,1623.00,324.00,284.40,748.40,1.0000,-1,-1
231,109,491.00,353.00,39.60,125.40,0.9920,-1,-1
231,111,1110.00,368.00,39.20,116.60,0.9940,-1,-1
231,113,209.00,346.00,25.40,70.30,0.9830,-1,-1
231,117,958.00,368.00,39.60,117.80,0.9730,-1,-1
231,118,263.00,353.00,29.60,72.00,0.9180,-1,-1
231,120,985.00,358.00,41.30,114.80,0.9530,-1,-1
231,121,734.00,369.00,23.40,61.10,0.9930,-1,-1
232,5,1370.00,340.00,229.60,696.60,1.0000,-1,-1
232,30,1022.00,361.00,67.50,162.20,0.9980,-1,-1
232,59,866.00,340.00,53.00,157.60,0.9990,-1,-1
232,69,607.00,335.00,103.40,185.60,0.9970,-1,-1
232,75,442.00,349.00,47.20,123.60,0.9930,-1,-1
232,84,519.00,348.00,42.80,131.30,0.9940,-1,-1
232,99,929.00,360.00,49.80,138.80,1.0000,-1,-1
232,103,234.00,350.00,39.90,107.90,0.9920,-1,-1
232,106,1630.00,331.00,248.50,708.60,1.0000,-1,-1
232,109,497.00,353.00,40.70,123.00,0.9980,-1,-1
232,111,1119.00,366.00,36.20,112.40,0.9990,-1,-1
232,113,216.00,342.00,26.50,73.80,0.9750,-1,-1
232,117,957.00,368.00,43.70,115.30,0.9890,-1,-1
232,118,272.00,350.00,29.10,78.20,0.9700,-1,-1
232,121,736.00,362.00,24.00,62.50,0.9470,-1,-1
232,122,1010.00,354.00,41.80,123.60,0.9980,-1,-1
233,5,1402.00,334.00,196.90,690.40,1.0000,-1,-1
233,30,1018.00,361.00,71.90,162.40,0.9980,-1,-1
233,59,873.00,349.00,53.10,148.40,0.9960,-1,-1
233,69,628.00,330.00,76.10,192.30,0.9990,-1,-1
233,75,443.00,350.00,51.80,119.90,0.9980,-1,-1
233,76,1341.00,318.00,108.50,319.50,0.9980,-1,-1
233,84,521.00,337.00,46.50,130.60,0.9940,-1,-1
233,99,926.00,358.00,48.80,136.50,0.9980,-1,-1
233,103,241.00,343.00,41.40,113.40,0.9920,-1,-1
233,106,1622.00,323.00,276.20,733.80,1.0000,-1,-1
233,109,496.00,351.00,42.40,123.70,0.9970,-1,-1
233,111,1120.00,359.00,38.50,122.30,0.9950,-1,-1
233,113,217.00,341.00,28.20,71.70,0.9980,-1,-1
233,117,956.00,365.00,42.30,118.80,0.9930,-1,-1
233,118,273.00,346.00,31.30,71.20,0.9720,-1,-1
233,121,743.00,363.00,24.00,61.10,0.9960,-1,-1
233,122,1011.00,357.00,40.40,124.70,0.9990,-1,-1
234,5,1373.00,312.00,237.70,718.70,1.0000,-1,-1
234,30,1030.00,356.00,69.90,162.20,0.9990,-1,-1
234,59,883.00,343.00,54.20,153.50,0.9960,-1,-1
234,69,623.00,340.00,83.70,180.60,0.9990,-1,-1
234,75,450.00,346.00,46.60,119.50,0.9930,-1,-1
234,84,525.00,336.00,49.10,132.40,0.9720,-1,-1
234,99,936.00,361.00,51.30,136.50,0.9980,-1,-1
234,103,245.00,346.00,38.80,113.70,0.9960,-1,-1
234,106,1627.00,334.00,274.50,724.20,1.0000,-1,-1
234,109,502.00,355.00,38.60,110.90,0.9840,-1,-1
234,111,1122.00,358.00,38.10,119.50,0.9990,-1,-1
234,113,224.00,343.00,25.90,71.90,0.9880,-1,-1
234,118,279.00,351.00,28.10,68.30,0.9740,-1,-1
234,120,974.00,362.00,38.30,115.70,0.9870,-1,-1
234,121,749.00,358.00,23.90,64.90,0.9890,-1,-1
234,122,1005.00,354.00,46.90,121.80,0.9660,-1,-1
235,5,1382.00,344.00,212.00,688.70,1.0000,-1,-1
235,30,1036.00,357.00,65.50,160.80,0.9990,-1,-1
235,59,884.00,344.00,50.10,150.40,0.9980,-1,-1
235,69,639.00,329.00,83.00,181.40,0.9990,-1,-1
235,75,453.00,344.00,48.80,120.10,0.9970,-1,-1
235,84,529.00,339.00,49.60,135.80,0.9640,-1,-1
235,99,938.00,349.00,44.20,136.10,0.9990,-1,-1
235,103,250.00,339.00,40.40,117.00,0.9950,-1,-1
235,106,1624.00,333.00,276.40,726.90,1.0000,-1,-1
235,109,504.00,351.00,38.70,112.50,0.9880,-1,-1
235,111,1133.00,355.00,36.30,122.00,0.9960,-1,-1
235,113,233.00,336.00,26.40,76.10,0.9850,-1,-1
235,118,281.00,347.00,29.60,69.60,0.9950,-1,-1
235,120,967.00,357.00,42.10,118.80,0.9950,-1,-1
235,121,747.00,350.00,26.30,71.40,0.9840,-1,-1
235,122,992.00,359.00,35.60,101.90,0.9820,-1,-1
235,123,-6.00,342.00,59.20,193.70,0.9610,-1,-1
236,5,1388.00,331.00,224.90,681.50,1.0000,-1,-1
236,30,1035.00,350.00,70.40,163.40,0.9980,-1,-1
236,59,885.00,340.00,48.40,145.60,0.9970,-1,-1
236,69,641.00,327.00,78.00,184.80,0.9980,-1,-1
236,75,457.00,337.00,47.50,119.40,0.9890,-1,-1
236,84,528.00,328.00,51.50,141.60,0.9860,-1,-1
236,99,932.00,343.00,55.60,147.80,0.9850,-1,-1
236,103,256.00,342.00,36.20,105.00,0.9880,-1,-1
236,106,1639.00,306.00,269.40,733.50,1.0000,-1,-1
236,109,505.00,348.00,40.80,112.40,0.9980,-1,-1
236,111,1137.00,348.00,32.90,118.60,0.9990,-1,-1
236,113,237.00,334.00,25.90,74.90,0.9970,-1,-1
236,117,959.00,350.00,42.00,127.60,0.9970,-1,-1
236,118,288.00,344.00,27.70,66.80,0.9900,-1,-1
236,121,754.00,348.00,24.10,71.90,0.9890,-1,-1
236,122,984.00,357.00,35.50,102.10,0.9800,-1,-1
236,123,-9.00,344.00,67.10,183.20,0.9980,-1,-1
237,5,1375.00,318.00,245.80,725.80,1.0000,-1,-1
237,30,1035.00,351.00,68.30,155.50,0.9970,-1,-1
237,59,886.00,326.00,54.00,158.20,0.9970,-1,-1
237,69,641.00,318.00,81.60,188.10,0.9990,-1,-1
237,75,462.00,332.00,49.60,126.60,0.9930,-1,-1
237,84,531.00,326.00,49.20,139.30,0.9940,-1,-1
237,103,257.00,339.00,39.40,108.40,0.9930,-1,-1
237,106,1644.00,312.00,269.00,715.50,1.0000,-1,-1
237,109,506.00,346.00,39.80,117.50,0.9950,-1,-1
237,111,1138.00,350.00,31.00,112.30,0.9990,-1,-1
237,113,235.00,328.00,27.40,73.90,0.9880,-1,-1
237,117,951.00,343.00,44.90,132.60,1.0000,-1,-1
237,118,289.00,337.00,29.10,70.90,0.9910,-1,-1
237,121,762.00,345.00,25.30,67.90,0.9900,-1,-1
237,122,981.00,352.00,37.50,105.90,0.9500,-1,-1
237,123,-12.00,331.00,72.30,193.40,0.9940,-1,-1
238,5,1384.00,314.00,212.10,699.50,1.0000,-1,-1
238,30,1035.00,338.00,70.50,173.80,0.9980,-1,-1
238,59,891.00,332.00,50.60,155.40,0.9980,-1,-1
238,69,634.00,323.00,82.60,186.30,0.9990,-1,-1
238,75,468.00,331.00,49.00,132.60,0.9430,-1,-1
238,84,527.00,323.00,49.50,142.90,0.9940,-1,-1
238,103,255.00,328.00,42.00,115.90,0.9910,-1,-1
238,106,1620.00,293.00,276.00,740.40,1.0000,-1,-1
238,109,503.00,341.00,43.10,119.60,0.9340,-1,-1
238,111,1142.00,348.00,34.70,116.60,0.9970,-1,-1
238,113,237.00,325.00,26.60,71.30,0.9820,-1,-1
238,117,945.00,342.00,46.40,134.10,1.0000,-1,-1
238,118,288.00,334.00,32.10,77.20,0.9880,-1,-1
238,121,761.00,344.00,24.20,69.20,0.9680,-1,-1
238,122,975.00,351.00,38.80,113.00,0.9990,-1,-1
238,123,-11.00,335.00,85.30,187.30,0.9960,-1,-1
239,5,1391.00,302.00,202.40,728.20,1.0000,-1,-1
239,30,1050.00,342.00,60.50,165.60,0.9970,-1,-1
239,59,891.00,331.00,51.30,153.80,0.9980,-1,-1
239,69,644.00,317.00,75.30,189.30,0.9990,-1,-1
239,75,474.00,341.00,50.00,114.00,0.9400,-1,-1
239,84,533.00,332.00,49.80,136.50,0.9910,-1,-1
239,103,260.00,334.00,40.20,109.10,0.9900,-1,-1
239,106,1624.00,300.00,277.70,738.10,1.0000,-1,-1
239,109,506.00,340.00,40.40,121.70,0.9780,-1,-1
239,111,1146.00,341.00,34.00,118.10,0.9970,-1,-1
239,113,242.00,328.00,27.10,67.60,0.9930,-1,-1
239,117,942.00,339.00,48.40,141.70,0.9900,-1,-1
239,118,287.00,333.00,30.60,71.80,0.9930,-1,-1
239,120,967.00,339.00,45.40,127.40,0.9990,-1,-1
239,121,764.00,346.00,23.30,61.20,0.9790,-1,-1
239,123,-7.00,331.00,80.80,186.60,0.9960,-1,-1
239,124,1023.00,350.00,43.30,116.30,0.9150,-1,-1
240,5,1378.00,286.00,202.70,728.90,1.0000,-1,-1
240,30,1051.00,339.00,62.30,175.30,0.9990,-1,-1
240,59,890.00,332.00,54.50,141.00,0.9990,-1,-1
240,69,640.00,322.00,80.70,186.40,0.9990,-1,-1
240,75,474.00,334.00,51.90,121.60,0.9760,-1,-1
240,84,529.00,320.00,48.40,140.60,0.9940,-1,-1
240,103,259.00,329.00,41.50,119.00,0.9780,-1,-1
240,106,1641.00,312.00,253.40,716.70,1.0000,-1,-1
240,109,505.00,339.00,40.30,121.80,0.9900,-1,-1
240,111,1149.00,345.00,32.70,114.60,1.0000,-1,-1
240,113,241.00,323.00,25.40,71.50,0.9960,-1,-1
240,117,946.00,335.00,50.80,138.10,0.9950,-1,-1
240,118,293.00,332.00,30.80,69.20,0.9940,-1,-1
240,120,970.00,339.00,46.50,129.00,1.0000,-1,-1
240,121,771.00,347.00,22.20,62.30,0.9860,-1,-1
240,123,-7.00,332.00,79.40,187.20,0.9940,-1,-1
241,5,1385.00,288.00,216.80,726.10,1.0000,-1,-1
241,30,1055.00,350.00,65.80,158.20,0.9980,-1,-1
241,59,904.00,326.00,52.20,155.00,1.0000,-1,-1
241,69,646.00,308.00,84.00,194.30,0.9980,-1,-1
241,75,484.00,330.00,48.70,128.40,0.9860,-1,-1
241,84,532.00,326.00,48.50,127.60,0.9960,-1,-1
241,103,262.00,328.00,39.10,110.30,0.9970,-1,-1
241,106,1630.00,295.00,272.50,733.00,1.0000,-1,-1
241,109,511.00,328.00,41.90,137.70,0.9560,-1,-1
241,111,1149.00,340.00,35.70,119.30,0.9930,-1,-1
241,113,247.00,326.00,27.10,67.90,0.9930,-1,-1
241,118,295.00,331.00,30.20,74.20,0.9900,-1,-1
241,120,963.00,337.00,43.60,130.90,0.9960,-1,-1
241,121,778.00,338.00,25.10,72.10,0.9790,-1,-1
241,123,-5.00,332.00,75.10,193.60,0.9990,-1,-1
241,124,1039.00,347.00,39.30,113.80,0.9980,-1,-1
242,5,1391.00,286.00,222.00,720.70,1.0000,-1,-1
242,30,1050.00,345.00,68.00,156.80,0.9990,-1,-1
242,59,904.00,326.00,49.40,155.20,0.9950,-1,-1
242,69,639.00,315.00,88.40,186.60,0.9990,-1,-1
242,75,481.00,335.00,47.70,122.20,0.9920,-1,-1
242,84,527.00,321.00,51.50,144.20,0.9900,-1,-1
242,103,265.00,327.00,37.60,115.10,0.9910,-1,-1
242,106,1638.00,297.00,272.10,742.00,1.0000,-1,-1
242,109,509.00,333.00,43.80,130.50,0.9920,-1,-1
242,111,1157.00,339.00,30.30,116.40,0.9960,-1,-1
242,113,249.00,323.00,25.00,70.30,0.9990,-1,-1
242,118,294.00,329.00,32.00,75.10,0.9950,-1,-1
242,120,958.00,339.00,46.20,134.70,1.0000,-1,-1
242,121,779.00,344.00,23.00,60.00,0.9580,-1,-1
242,123,-5.00,326.00,77.20,192.00,1.0000,-1,-1
243,5,1379.00,275.00,214.30,753.80,1.0000,-1,-1
243,30,1059.00,343.00,61.80,153.00,0.9990,-1,-1
243,59,905.00,322.00,54.40,162.30,0.9990,-1,-1
243,69,644.00,315.00,90.50,187.20,0.9990,-1,-1
243,84,537.00,318.00,45.50,137.30,0.9880,-1,-1
243,103,263.00,329.00,40.30,116.20,0.9920,-1,-1
243,106,1610.00,289.00,301.10,747.80,1.0000,-1,-1
243,109,498.00,327.00,46.60,128.10,0.9910,-1,-1
243,111,1161.00,343.00,35.70,117.20,1.0000,-1,-1
243,113,254.00,322.00,24.40,72.70,0.9980,-1,-1
243,118,302.00,329.00,28.20,76.40,0.9960,-1,-1
243,120,960.00,333.00,48.50,140.00,0.9960,-1,-1
243,121,782.00,342.00,23.10,62.10,0.9840,-1,-1
243,123,0.00,330.00,77.50,181.10,0.9990,-1,-1
244,5,1398.00,306.00,198.70,729.10,1.0000,-1,-1
244,30,1056.00,336.00,68.20,165.00,0.9990,-1,-1
244,59,901.00,316.00,61.10,167.40,0.9990,-1,-1
244,69,642.00,314.00,97.70,189.20,1.0000,-1,-1
244,84,532.00,316.00,49.80,133.50,0.9830,-1,-1
244,103,275.00,330.00,36.10,106.40,0.9890,-1,-1
244,106,1593.00,300.00,320.60,732.50,1.0000,-1,-1
244,109,501.00,329.00,46.10,122.20,0.9880,-1,-1
244,111,1156.00,336.00,34.90,116.10,0.9890,-1,-1
244,113,250.00,314.00,31.80,77.40,0.9910,-1,-1
244,118,309.00,328.00,26.30,68.20,0.9470,-1,-1
244,121,784.00,341.00,21.50,60.80,0.9850,-1,-1
244,122,970.00,337.00,43.80,128.20,0.9990,-1,-1
244,123,-4.00,319.00,87.50,196.00,1.0000,-1,-1
245,5,1366.00,281.00,243.30,743.00,1.0000,-1,-1
245,30,1069.00,349.00,69.00,153.90,0.9970,-1,-1
245,59,911.00,321.00,53.90,156.10,0.9980,-1,-1
245,69,645.00,309.00,87.50,191.70,1.0000,-1,-1
245,84,537.00,323.00,49.40,129.60,0.9620,-1,-1
245,103,271.00,325.00,39.20,109.90,0.9950,-1,-1
245,106,1612.00,286.00,299.80,739.10,1.0000,-1,-1
245,109,510.00,334.00,45.40,120.00,0.9870,-1,-1
245,111,1165.00,338.00,35.00,119.80,0.9970,-1,-1
245,113,252.00,320.00,27.90,77.50,0.9690,-1,-1
245,118,300.00,329.00,29.60,71.90,0.9870,-1,-1
245,120,961.00,332.00,48.70,148.30,1.0000,-1,-1
245,121,787.00,337.00,22.50,61.60,0.9940,-1,-1
245,123,-4.00,328.00,82.80,196.80,0.9970,-1,-1
245,124,1051.00,339.00,43.50,117.30,1.0000,-1,-1
246,5,1364.00,273.00,244.40,772.70,1.0000,-1,-1
246,30,1071.00,338.00,70.80,164.50,0.9980,-1,-1
246,59,915.00,330.00,56.00,147.40,0.9970,-1,-1
246,69,655.00,303.00,78.00,197.60,1.0000,-1,-1
246,84,541.00,313.00,49.60,143.90,0.9960,-1,-1
246,103,275.00,326.00,42.10,113.00,0.9920,-1,-1
246,106,1623.00,303.00,294.60,726.90,1.0000,-1,-1
246,109,514.00,329.00,43.10,129.50,0.9910,-1,-1
246,111,1170.00,337.00,34.90,124.40,0.9640,-1,-1
246,113,258.00,321.00,26.00,69.20,0.9730,-1,-1
246,118,306.00,325.00,31.10,74.00,0.9860,-1,-1
246,121,791.00,339.00,26.40,68.40,0.9930,-1,-1
246,122,973.00,331.00,46.20,144.20,1.0000,-1,-1
246,123,2.00,318.00,81.00,198.60,1.0000,-1,-1
246,125,729.00,345.00,25.00,62.60,0.9670,-1,-1
247,5,1365.00,295.00,237.30,736.10,1.0000,-1,-1
247,30,1065.00,335.00,80.80,173.30,0.9970,-1,-1
247,59,915.00,330.00,56.20,146.60,0.9980,-1,-1
247,69,653.00,301.00,80.10,205.80,1.0000,-1,-1
247,84,534.00,317.00,48.70,135.60,0.9900,-1,-1
247,103,275.00,320.00,41.30,117.00,0.9900,-1,-1
247,106,1590.00,315.00,345.00,732.20,1.0000,-1,-1
247,109,510.00,335.00,45.10,117.20,0.9950,-1,-1
247,111,1170.00,341.00,35.00,119.20,0.9970,-1,-1
247,113,254.00,312.00,27.60,73.10,0.9980,-1,-1
247,118,304.00,321.00,31.50,70.20,0.9880,-1,-1
247,121,791.00,337.00,25.20,68.40,0.9940,-1,-1
247,122,971.00,328.00,49.40,147.80,0.9960,-1,-1
247,123,-1.00,318.00,84.40,203.00,1.0000,-1,-1
247,124,1059.00,332.00,43.70,119.30,1.0000,-1,-1
247,125,729.00,342.00,25.60,66.70,0.9730,-1,-1
248,5,1368.00,287.00,238.30,749.50,1.0000,-1,-1
248,30,1073.00,341.00,69.50,164.60,0.9990,-1,-1
248,59,921.00,319.00,50.30,152.80,0.9990,-1,-1
248,69,658.00,309.00,81.90,192.20,1.0000,-1,-1
248,84,532.00,320.00,53.90,134.10,0.9970,-1,-1
248,103,272.00,320.00,42.10,110.60,0.9980,-1,-1
248,106,1610.00,321.00,305.80,728.30,1.0000,-1,-1
248,109,506.00,328.00,39.00,117.00,0.9720,-1,-1
248,111,1169.00,343.00,37.40,113.80,0.9990,-1,-1
248,113,257.00,319.00,27.50,74.50,0.9920,-1,-1
248,118,301.00,321.00,31.40,71.30,0.9940,-1,-1
248,120,958.00,337.00,48.50,126.60,0.9820,-1,-1
248,121,791.00,342.00,22.60,60.20,0.9940,-1,-1
248,122,983.00,342.00,44.50,123.30,1.0000,-1,-1
248,123,-1.00,319.00,83.40,200.70,1.0000,-1,-1
248,124,1057.00,335.00,54.50,124.90,0.9990,-1,-1
248,125,732.00,347.00,22.60,56.20,0.9680,-1,-1
249,5,1371.00,302.00,222.90,726.30,1.0000,-1,-1
249,30,1072.00,341.00,65.20,161.80,0.9990,-1,-1
249,59,922.00,315.00,54.60,155.90,0.9970,-1,-1
249,69,662.00,312.00,77.40,188.70,1.0000,-1,-1
249,84,537.00,310.00,50.70,144.40,0.9890,-1,-1
249,103,275.00,321.00,42.60,113.40,0.9870,-1,-1
249,106,1623.00,305.00,312.10,758.60,1.0000,-1,-1
249,109,510.00,329.00,46.40,117.20,0.9990,-1,-1
249,111,1172.00,340.00,33.60,112.70,0.9950,-1,-1
249,113,258.00,315.00,28.70,78.10,0.9890,-1,-1
249,118,305.00,317.00,32.60,72.80,0.9940,-1,-1
249,120,969.00,330.00,49.90,140.00,1.0000,-1,-1
249,121,797.00,338.00,22.80,66.30,0.9880,-1,-1
249,123,-0.00,325.00,77.70,177.10,1.0000,-1,-1
249,124,1059.00,332.00,45.80,130.30,1.0000,-1,-1
249,125,733.00,343.00,22.50,56.00,0.9720,-1,-1
250,5,1358.00,300.00,243.60,743.70,1.0000,-1,-1
250,30,1078.00,344.00,69.40,159.90,0.9980,-1,-1
250,59,924.00,313.00,56.10,159.90,0.9950,-1,-1
250,69,661.00,301.00,77.70,195.30,1.0000,-1,-1
250,84,536.00,316.00,50.80,138.90,0.9970,-1,-1
250,103,276.00,317.00,41.80,112.40,0.9890,-1,-1
250,106,1619.00,298.00,305.30,774.20,1.0000,-1,-1
250,109,513.00,326.00,44.90,123.60,0.9980,-1,-1
250,111,1176.00,336.00,33.30,113.40,0.9980,-1,-1
250,113,260.00,311.00,28.80,76.00,0.9980,-1,-1
250,118,311.00,318.00,28.60,69.40,0.9950,-1,-1
250,120,972.00,329.00,50.80,144.60,1.0000,-1,-1
250,121,797.00,334.00,21.90,64.70,0.9910,-1,-1
250,123,6.00,307.00,80.70,203.70,0.9990,-1,-1
250,124,1066.00,325.00,45.10,131.90,0.9990,-1,-1
250,125,737.00,341.00,22.90,55.30,0.9540,-1,-1
251,5,1364.00,300.00,244.50,747.80,1.0000,-1,-1
251,30,1086.00,335.00,68.80,160.70,0.9990,-1,-1
251,59,921.00,322.00,59.20,156.70,0.9900,-1,-1
251,69,663.00,293.00,79.90,212.30,0.9990,-1,-1
251,84,540.00,316.00,46.30,137.10,0.9920,-1,-1
251,103,279.00,314.00,41.40,115.30,0.9920,-1,-1
251,106,1647.00,310.00,266.70,727.20,1.0000,-1,-1
251,109,510.00,324.00,45.10,119.20,0.9970,-1,-1
251,111,1182.00,336.00,34.80,112.30,0.9960,-1,-1
251,113,262.00,307.00,28.60,78.70,0.9900,-1,-1
251,118,308.00,310.00,32.00,77.90,0.9920,-1,-1
251,121,804.00,334.00,21.10,59.40,0.9930,-1,-1
251,122,980.00,328.00,49.40,141.10,0.9970,-1,-1
251,123,11.00,317.00,76.50,193.70,1.0000,-1,-1
251,124,1063.00,324.00,43.90,129.00,0.9990,-1,-1
251,125,739.00,338.00,21.70,55.40,0.9580,-1,-1
251,126,1547.00,269.00,130.00,484.90,0.9910,-1,-1
252,5,1374.00,304.00,242.80,731.80,1.0000,-1,-1
252,30,1091.00,336.00,66.60,159.70,0.9990,-1,-1
252,59,928.00,321.00,56.20,150.20,0.9880,-1,-1
252,69,663.00,292.00,81.00,205.10,0.9990,-1,-1
252,84,535.00,308.00,54.70,148.10,0.9760,-1,-1
252,103,278.00,308.00,40.90,118.80,0.9920,-1,-1
252,106,1640.00,298.00,296.40,751.70,1.0000,-1,-1
252,109,511.00,323.00,45.60,121.10,0.9950,-1,-1
252,111,1189.00,329.00,34.70,116.80,0.9960,-1,-1
252,113,263.00,306.00,27.40,75.30,0.9720,-1,-1
252,118,309.00,311.00,31.80,81.40,0.9920,-1,-1
252,121,802.00,332.00,21.70,62.50,0.9850,-1,-1
252,122,979.00,321.00,52.30,146.10,0.9990,-1,-1
252,123,12.00,311.00,77.00,203.40,1.0000,-1,-1
252,124,1067.00,323.00,46.60,134.20,1.0000,-1,-1
252,125,736.00,334.00,24.80,61.10,0.9700,-1,-1
252,126,1546.00,274.00,139.80,445.80,0.9960,-1,-1
253,5,1372.00,312.00,230.20,701.70,1.0000,-1,-1
253,30,1087.00,333.00,67.40,159.20,0.9990,-1,-1
253,59,932.00,318.00,57.30,151.00,0.9980,-1,-1
253,69,669.00,295.00,78.90,194.30,0.9990,-1,-1
253,84,542.00,305.00,48.00,148.10,0.9970,-1,-1
253,103,281.00,314.00,40.10,114.00,0.9970,-1,-1
253,106,1671.00,278.00,266.70,766.30,1.0000,-1,-1
253,109,511.00,321.00,45.40,123.50,0.9960,-1,-1
253,111,1190.00,334.00,34.00,115.40,0.9980,-1,-1
253,113,265.00,306.00,30.40,83.60,0.9620,-1,-1
253,118,309.00,315.00,30.80,78.00,0.9890,-1,-1
253,121,806.00,334.00,25.60,61.90,0.9920,-1,-1
253,122,980.00,320.00,48.80,144.20,1.0000,-1,-1
253,123,15.00,309.00,74.40,200.90,1.0000,-1,-1
253,124,1068.00,326.00,46.70,129.90,1.0000,-1,-1
253,125,742.00,336.00,20.70,55.40,0.9620,-1,-1
253,126,1547.00,278.00,158.90,459.10,0.9990,-1,-1
254,5,1384.00,305.00,229.40,702.70,1.0000,-1,-1
254,30,1090.00,329.00,63.90,156.80,0.9990,-1,-1
254,59,928.00,307.00,49.50,161.70,0.9930,-1,-1
254,69,666.00,296.00,76.60,200.50,0.9990,-1,-1
254,84,543.00,305.00,48.80,138.10,0.9950,-1,-1
254,103,277.00,318.00,43.50,118.40,0.9910,-1,-1
254,106,1661.00,279.00,267.60,766.90,1.0000,-1,-1
254,109,510.00,323.00,46.40,121.20,0.9990,-1,-1
254,111,1190.00,329.00,37.70,119.30,0.9810,-1,-1
254,113,264.00,312.00,28.90,79.40,0.9960,-1,-1
254,118,304.00,316.00,33.50,74.50,0.9860,-1,-1
254,120,966.00,330.00,39.10,121.90,0.9810,-1,-1
254,121,806.00,332.00,25.60,63.50,0.9960,-1,-1
254,122,986.00,321.00,46.50,132.40,0.9990,-1,-1
254,123,9.00,313.00,85.10,207.50,1.0000,-1,-1
254,124,1073.00,321.00,46.60,130.30,1.0000,-1,-1
254,125,743.00,334.00,25.50,61.60,0.9630,-1,-1
254,126,1568.00,275.00,154.70,463.20,0.9990,-1,-1
255,5,1390.00,274.00,223.00,750.70,1.0000,-1,-1
255,30,1094.00,324.00,67.00,163.90,0.9900,-1,-1
255,59,926.00,305.00,60.50,167.50,0.9960,-1,-1
255,69,669.00,297.00,82.10,194.50,0.9990,-1,-1
255,84,540.00,307.00,51.70,139.00,0.9950,-1,-1
255,103,279.00,314.00,38.60,116.20,0.9810,-1,-1
255,106,1661.00,269.00,283.40,754.00,1.0000,-1,-1
255,109,512.00,323.00,44.60,120.80,0.9950,-1,-1
255,111,1193.00,329.00,37.60,118.40,0.9790,-1,-1
255,113,268.00,308.00,31.20,81.00,0.9990,-1,-1
255,118,310.00,314.00,30.60,72.90,0.9950,-1,-1
255,121,809.00,332.00,23.40,64.50,0.9930,-1,-1
255,122,980.00,316.00,52.30,149.30,0.9990,-1,-1
255,123,13.00,312.00,89.40,199.60,1.0000,-1,-1
255,124,1071.00,319.00,50.00,141.20,1.0000,-1,-1
255,125,745.00,335.00,23.40,59.00,0.9610,-1,-1
255,126,1577.00,273.00,156.30,461.60,0.9990,-1,-1
255,127,1040.00,343.00,19.20,42.20,0.9050,-1,-1
256,5,1386.00,272.00,229.60,743.80,1.0000,-1,-1
256,30,1097.00,330.00,66.20,162.00,0.9900,-1,-1
256,59,934.00,311.00,58.40,161.60,0.9980,-1,-1
256,69,670.00,287.00,87.00,212.10,0.9990,-1,-1
256,84,542.00,306.00,51.60,146.70,0.9940,-1,-1
256,103,285.00,314.00,39.50,118.10,0.9930,-1,-1
256,106,1683.00,243.00,240.70,794.40,1.0000,-1,-1
256,109,509.00,322.00,48.00,120.00,0.9800,-1,-1
256,111,1202.00,332.00,33.30,112.90,0.9970,-1,-1
256,113,271.00,313.00,29.70,77.80,0.9970,-1,-1
256,118,315.00,316.00,30.50,75.60,0.9770,-1,-1
256,121,815.00,334.00,23.40,59.50,0.9700,-1,-1
256,122,994.00,326.00,51.10,129.50,1.0000,-1,-1
256,123,17.00,310.00,84.80,209.60,1.0000,-1,-1
256,124,1080.00,321.00,44.50,130.80,1.0000,-1,-1
256,125,747.00,334.00,24.20,61.40,0.9520,-1,-1
256,126,1594.00,228.00,169.20,528.10,0.9780,-1,-1
256,127,1043.00,341.00,18.60,41.20,0.9180,-1,-1
257,5,1391.00,274.00,228.20,735.80,1.0000,-1,-1
257,30,1104.00,325.00,65.10,161.70,0.9980,-1,-1
257,59,936.00,308.00,59.70,167.50,0.9990,-1,-1
257,69,674.00,293.00,84.50,201.30,0.9950,-1,-1
257,84,540.00,310.00,51.90,138.90,0.9910,-1,-1
257,103,290.00,321.00,36.40,108.70,0.9940,-1,-1
257,106,1695.00,272.00,233.90,766.70,1.0000,-1,-1
257,109,514.00,325.00,41.20,123.90,0.9930,-1,-1
257,111,1207.00,328.00,34.30,110.60,0.9970,-1,-1
257,113,275.00,314.00,30.00,79.00,0.9260,-1,-1
257,118,317.00,320.00,29.00,73.00,0.9900,-1,-1
257,121,822.00,333.00,23.50,59.80,0.9910,-1,-1
257,122,990.00,315.00,55.30,153.30,0.9960,-1,-1
257,123,23.00,320.00,77.60,194.90,1.0000,-1,-1
257,124,1079.00,325.00,47.10,130.70,0.9380,-1,-1
257,125,749.00,335.00,24.10,61.70,0.9490,-1,-1
257,126,1607.00,235.00,186.20,517.20,0.9960,-1,-1
257,127,1045.00,336.00,20.90,46.70,0.9890,-1,-1
258,5,1409.00,276.00,214.50,737.70,1.0000,-1,-1
258,30,1107.00,323.00,70.80,164.30,0.9900,-1,-1
258,59,942.00,318.00,49.60,155.80,0.9900,-1,-1
258,69,670.00,297.00,79.20,185.50,0.9800,-1,-1
258,84,540.00,313.00,50.40,136.30,0.9410,-1,-1
258,103,296.00,309.00,40.80,126.10,0.9550,-1,-1
258,106,1675.00,257.00,271.40,761.60,1.0000,-1,-1
258,109,521.00,328.00,41.90,120.20,0.9840,-1,-1
258,111,1213.00,327.00,34.40,113.90,0.9980,-1,-1
258,118,316.00,317.00,31.50,73.20,0.9620,-1,-1
258,121,822.00,328.00,21.70,56.90,0.9590,-1,-1
258,122,994.00,322.00,52.60,138.20,0.9920,-1,-1
258,123,31.00,314.00,75.20,190.70,0.9970,-1,-1
258,124,1081.00,309.00,57.20,138.60,0.9820,-1,-1
258,125,760.00,329.00,21.20,59.20,0.9430,-1,-1
258,127,1049.00,335.00,22.90,45.20,0.9660,-1,-1
259,5,1400.00,292.00,256.70,735.60,1.0000,-1,-1
259,30,1118.00,326.00,58.40,157.50,0.9960,-1,-1
259,69,674.00,288.00,85.10,204.10,0.9970,-1,-1
259,84,550.00,314.00,47.90,134.30,0.9910,-1,-1
259,103,288.00,319.00,42.90,120.00,0.9870,-1,-1
259,106,1673.00,266.00,252.30,766.40,1.0000,-1,-1
259,109,524.00,330.00,43.80,123.00,0.9630,-1,-1
259,111,1209.00,325.00,38.10,116.90,0.9990,-1,-1
259,113,281.00,314.00,32.00,83.40,0.9980,-1,-1
259,117,945.00,309.00,56.50,160.80,0.9970,-1,-1
259,118,320.00,319.00,31.70,73.60,0.9620,-1,-1
259,121,823.00,334.00,23.60,56.40,0.9820,-1,-1
259,122,995.00,321.00,56.90,142.20,0.9990,-1,-1
259,123,26.00,319.00,75.20,199.70,1.0000,-1,-1
259,124,1095.00,315.00,42.80,137.60,1.0000,-1,-1
259,125,755.00,337.00,24.20,59.60,0.9480,-1,-1
259,127,1049.00,339.00,22.80,48.20,0.9640,-1,-1
260,5,1407.00,290.00,239.80,729.80,1.0000,-1,-1
260,30,1123.00,321.00,57.50,165.60,0.9990,-1,-1
260,69,678.00,289.00,83.10,200.50,0.9990,-1,-1
260,84,545.00,306.00,51.00,145.60,0.9950,-1,-1
260,103,297.00,315.00,37.30,119.60,0.9930,-1,-1
260,106,1677.00,248.00,243.50,736.50,1.0000,-1,-1
260,109,522.00,331.00,39.30,120.80,0.9920,-1,-1
260,111,1216.00,322.00,33.10,114.30,0.9990,-1,-1
260,113,286.00,315.00,28.30,75.20,0.9970,-1,-1
260,117,947.00,313.00,52.80,157.20,0.9960,-1,-1
260,118,323.00,312.00,34.90,81.50,0.9520,-1,-1
260,121,829.00,325.00,25.60,70.10,0.9910,-1,-1
260,122,999.00,314.00,53.90,152.80,0.9990,-1,-1
260,123,27.00,311.00,83.30,195.40,0.9990,-1,-1
260,124,1096.00,318.00,46.30,139.00,0.9990,-1,-1
260,125,760.00,338.00,23.00,55.40,0.9350,-1,-1
260,127,1057.00,337.00,21.90,46.80,0.9340,-1,-1
261,5,1432.00,294.00,220.20,720.90,1.0000,-1,-1
261,30,1131.00,314.00,61.60,162.20,0.9990,-1,-1
261,69,682.00,294.00,83.30,198.50,0.9960,-1,-1
261,84,549.00,297.00,52.80,156.90,0.9960,-1,-1
261,103,298.00,310.00,43.50,118.40,0.9780,-1,-1
261,106,1681.00,236.00,261.80,796.80,1.0000,-1,-1
261,109,519.00,324.00,41.70,120.60,0.9910,-1,-1
261,111,1227.00,317.00,34.80,118.10,0.9990,-1,-1
261,113,290.00,311.00,28.50,75.30,0.9990,-1,-1
261,117,951.00,301.00,59.30,157.70,0.9930,-1,-1
261,118,327.00,315.00,32.80,69.40,0.9120,-1,-1
261,121,839.00,323.00,26.70,64.70,0.9780,-1,-1
261,122,1009.00,318.00,48.30,144.40,0.9980,-1,-1
261,123,41.00,317.00,70.80,190.00,0.9990,-1,-1
261,124,1104.00,311.00,44.90,131.10,1.0000,-1,-1
261,125,770.00,329.00,23.50,59.90,0.9400,-1,-1
261,127,1062.00,327.00,23.70,54.10,0.9600,-1,-1
262,5,1417.00,292.00,251.80,733.10,1.0000,-1,-1
262,30,1140.00,319.00,52.20,159.10,0.9970,-1,-1
262,69,680.00,289.00,88.40,204.80,0.9950,-1,-1
262,84,552.00,298.00,57.10,150.80,0.9900,-1,-1
262,103,301.00,308.00,42.20,121.40,0.9940,-1,-1
262,106,1691.00,242.00,258.60,754.50,1.0000,-1,-1
262,109,525.00,314.00,43.70,129.80,0.9640,-1,-1
262,111,1229.00,318.00,40.30,118.20,0.9980,-1,-1
262,117,958.00,307.00,55.60,155.20,0.9960,-1,-1
262,121,840.00,319.00,24.50,67.00,0.9550,-1,-1
262,122,1021.00,318.00,46.30,123.30,0.9980,-1,-1
262,123,34.00,307.00,79.70,194.90,0.9990,-1,-1
262,124,1105.00,306.00,47.90,145.50,0.9980,-1,-1
262,125,769.00,325.00,24.90,62.20,0.9590,-1,-1
262,127,1066.00,330.00,21.00,42.70,0.9590,-1,-1
263,5,1440.00,286.00,231.00,728.60,1.0000,-1,-1
263,30,1138.00,314.00,66.50,170.00,0.9990,-1,-1
263,69,679.00,278.00,90.70,218.20,0.9990,-1,-1
263,84,545.00,294.00,62.00,157.60,0.9960,-1,-1
263,103,304.00,307.00,40.50,111.90,0.9840,-1,-1
263,106,1715.00,226.00,239.90,834.00,1.0000,-1,-1
263,111,1233.00,310.00,35.60,123.70,0.9980,-1,-1
263,113,298.00,304.00,28.50,77.20,0.9990,-1,-1
263,117,963.00,303.00,61.40,164.80,0.9900,-1,-1
263,118,331.00,308.00,34.00,84.20,0.9510,-1,-1
263,121,848.00,318.00,24.80,66.20,0.9930,-1,-1
263,122,1015.00,316.00,50.50,136.70,0.9960,-1,-1
263,123,39.00,311.00,77.10,190.30,1.0000,-1,-1
263,124,1113.00,306.00,46.50,140.70,0.9980,-1,-1
263,125,778.00,325.00,24.20,55.20,0.9490,-1,-1
263,127,1072.00,327.00,23.80,49.90,0.9750,-1,-1
264,5,1436.00,278.00,227.60,742.10,1.0000,-1,-1
264,30,1144.00,310.00,66.00,161.70,0.9990,-1,-1
264,69,678.00,280.00,101.10,194.50,0.9990,-1,-1
264,84,547.00,287.00,54.80,162.10,0.9970,-1,-1
264,103,305.00,306.00,39.10,118.40,0.9800,-1,-1
264,106,1712.00,211.00,260.70,825.90,0.9990,-1,-1
264,109,527.00,312.00,45.10,130.30,0.9970,-1,-1
264,111,1236.00,314.00,40.10,116.10,0.9990,-1,-1
264,113,296.00,299.00,30.00,81.40,1.0000,-1,-1
264,117,956.00,298.00,59.90,162.70,0.9880,-1,-1
264,118,333.00,304.00,31.20,82.10,0.9940,-1,-1
264,121,842.00,317.00,26.70,63.20,0.9810,-1,-1
264,122,1009.00,299.00,63.70,144.90,0.9990,-1,-1
264,123,39.00,316.00,76.10,176.20,1.0000,-1,-1
264,124,1115.00,304.00,44.30,137.60,1.0000,-1,-1
264,125,777.00,316.00,25.60,63.60,0.9520,-1,-1
264,127,1075.00,321.00,23.30,50.40,0.9680,-1,-1
265,5,1444.00,284.00,242.50,734.60,1.0000,-1,-1
265,30,1139.00,308.00,71.60,171.90,0.9990,-1,-1
265,69,687.00,284.00,85.50,207.00,0.9990,-1,-1
265,84,551.00,293.00,51.80,155.70,0.9940,-1,-1
265,103,309.00,300.00,40.90,115.20,0.9800,-1,-1
265,106,1734.00,205.00,245.90,819.10,0.9970,-1,-1
265,109,526.00,301.00,46.50,143.20,0.9400,-1,-1
265,111,1240.00,310.00,33.50,114.30,0.9990,-1,-1
265,113,297.00,296.00,28.90,85.40,0.9990,-1,-1
265,117,968.00,293.00,56.50,161.50,0.9970,-1,-1
265,121,852.00,314.00,23.50,61.60,0.9860,-1,-1
265,122,1013.00,301.00,54.30,154.40,0.9970,-1,-1
265,123,46.00,304.00,78.70,201.60,1.0000,-1,-1
265,124,1117.00,304.00,50.70,125.30,0.9990,-1,-1
265,125,779.00,318.00,23.10,61.30,0.9550,-1,-1
265,127,1075.00,318.00,22.20,50.60,0.9810,-1,-1
266,5,1453.00,281.00,217.60,711.80,1.0000,-1,-1
266,30,1152.00,301.00,69.40,169.60,0.9990,-1,-1
266,69,682.00,280.00,94.00,193.30,0.9980,-1,-1
266,84,547.00,283.00,55.10,161.80,0.9910,-1,-1
266,103,311.00,298.00,41.60,119.70,0.9980,-1,-1
266,106,1733.00,228.00,240.50,791.00,0.9920,-1,-1
266,109,523.00,307.00,42.40,131.80,0.9820,-1,-1
266,111,1240.00,304.00,35.00,122.90,0.9950,-1,-1
266,113,301.00,292.00,26.20,77.80,0.9990,-1,-1
266,117,965.00,291.00,61.80,164.20,0.9950,-1,-1
266,121,853.00,312.00,23.20,65.90,0.9910,-1,-1
266,122,1008.00,298.00,54.00,153.70,0.9990,-1,-1
266,123,45.00,291.00,79.80,208.00,1.0000,-1,-1
266,124,1124.00,294.00,44.60,138.50,0.9990,-1,-1
266,125,787.00,316.00,22.30,51.70,0.9500,-1,-1
266,127,1083.00,318.00,20.30,45.00,0.9630,-1,-1
266,128,-4.00,302.00,61.70,218.60,0.9270,-1,-1
267,5,1444.00,255.00,236.80,756.30,1.0000,-1,-1
267,30,1151.00,309.00,67.30,153.80,0.9990,-1,-1
267,69,705.00,280.00,84.40,209.10,0.9990,-1,-1
267,84,544.00,279.00,60.30,173.40,0.9920,-1,-1
267,103,316.00,295.00,39.20,122.90,0.9870,-1,-1
267,106,1738.00,218.00,252.20,778.10,0.9890,-1,-1
267,109,524.00,301.00,40.10,130.60,0.9930,-1,-1
267,111,1246.00,306.00,37.90,119.80,0.9910,-1,-1
267,113,300.00,293.00,28.20,77.70,0.9990,-1,-1
267,117,969.00,294.00,58.50,169.20,0.9970,-1,-1
267,121,850.00,313.00,24.70,62.50,0.9920,-1,-1
267,122,999.00,304.00,58.60,142.70,0.9960,-1,-1
267,123,47.00,289.00,74.30,198.70,1.0000,-1,-1
267,124,1122.00,299.00,44.40,127.60,0.9970,-1,-1
267,125,785.00,312.00,24.50,59.90,0.9430,-1,-1
267,127,1080.00,318.00,21.00,46.50,0.9530,-1,-1
267,128,-4.00,289.00,53.60,223.80,0.9210,-1,-1
268,5,1461.00,251.00,226.60,743.60,1.0000,-1,-1
268,30,1155.00,301.00,67.10,168.10,0.9990,-1,-1
268,69,690.00,274.00,94.50,197.70,0.9970,-1,-1
268,84,547.00,279.00,56.60,168.70,0.9950,-1,-1
268,103,314.00,295.00,40.60,122.50,0.9880,-1,-1
268,106,1725.00,240.00,263.80,772.90,0.9890,-1,-1
268,109,514.00,306.00,45.10,135.30,0.9890,-1,-1
268,111,1247.00,310.00,36.40,118.90,0.9960,-1,-1
268,113,299.00,295.00,27.80,72.90,0.9990,-1,-1
268,117,967.00,302.00,50.50,153.70,0.9940,-1,-1
268,121,857.00,309.00,25.40,64.80,0.9890,-1,-1
268,122,1008.00,293.00,53.90,152.30,0.9910,-1,-1
268,123,51.00,297.00,73.70,191.40,1.0000,-1,-1
268,124,1126.00,296.00,45.10,132.60,0.9980,-1,-1
268,125,786.00,310.00,25.00,63.80,0.9490,-1,-1
268,127,1083.00,317.00,22.50,47.20,0.9470,-1,-1
268,128,-6.00,286.00,63.10,218.20,0.9350,-1,-1
268,129,581.00,299.00,46.40,124.90,0.9670,-1,-1
269,5,1446.00,274.00,229.50,716.00,1.0000,-1,-1
269,30,1159.00,308.00,70.10,162.40,0.9990,-1,-1
269,69,691.00,279.00,88.40,194.90,0.9980,-1,-1
269,84,552.00,281.00,56.00,166.30,0.9920,-1,-1
269,103,312.00,292.00,41.50,118.60,0.9880,-1,-1
269,106,1720.00,215.00,278.00,786.40,0.9840,-1,-1
269,109,518.00,303.00,49.30,141.40,0.9840,-1,-1
269,111,1250.00,306.00,35.00,117.70,0.9940,-1,-1
269,113,301.00,291.00,29.00,82.40,0.9990,-1,-1
269,117,961.00,295.00,56.90,160.60,0.9890,-1,-1
269,121,858.00,307.00,22.50,66.50,0.9870,-1,-1
269,122,1007.00,291.00,54.80,149.30,0.9880,-1,-1
269,123,43.00,299.00,76.70,194.20,0.9990,-1,-1
269,124,1128.00,295.00,46.40,138.20,0.9990,-1,-1
269,125,788.00,311.00,21.50,55.80,0.9170,-1,-1
269,127,1083.00,315.00,24.20,49.80,0.9530,-1,-1
270,5,1467.00,274.00,222.30,711.00,1.0000,-1,-1
270,30,1165.00,304.00,67.20,165.30,1.0000,-1,-1
270,69,690.00,265.00,101.30,216.10,0.9990,-1,-1
270,84,552.00,279.00,56.40,165.20,0.9920,-1,-1
270,103,309.00,292.00,44.20,125.70,0.9870,-1,-1
270,106,1724.00,222.00,268.00,776.90,0.9940,-1,-1
270,109,513.00,305.00,48.50,130.70,0.9810,-1,-1
270,111,1250.00,305.00,31.80,111.60,0.9790,-1,-1
270,113,296.00,287.00,29.20,84.50,0.9940,-1,-1
270,117,962.00,284.00,60.40,166.90,0.9820,-1,-1
270,121,857.00,306.00,25.00,66.30,0.9910,-1,-1
270,122,1002.00,290.00,56.20,150.40,0.9950,-1,-1
270,123,43.00,294.00,81.90,202.60,0.9950,-1,-1
270,124,1127.00,296.00,46.50,131.20,0.9990,-1,-1
270,125,785.00,311.00,24.10,57.80,0.9030,-1,-1
270,127,1088.00,315.00,22.10,45.00,0.9790,-1,-1
270,129,585.00,292.00,48.80,124.10,0.9500,-1,-1
270,130,1038.00,302.00,47.70,127.40,0.9780,-1,-1
271,5,1465.00,254.00,230.10,737.10,1.0000,-1,-1
271,30,1165.00,302.00,62.50,166.70,0.9960,-1,-1
271,69,694.00,277.00,93.30,216.50,0.9990,-1,-1
271,84,537.00,283.00,57.60,163.60,0.9940,-1,-1
271,103,306.00,297.00,38.90,125.50,0.9650,-1,-1
271,106,1686.00,234.00,314.90,797.90,0.9970,-1,-1
271,111,1249.00,308.00,35.90,117.10,0.9980,-1,-1
271,113,293.00,293.00,27.30,79.90,0.9990,-1,-1
271,117,963.00,287.00,63.60,166.70,0.9840,-1,-1
271,118,331.00,302.00,31.60,73.40,0.9520,-1,-1
271,121,855.00,313.00,23.00,60.40,0.9980,-1,-1
271,122,1005.00,302.00,55.60,136.60,0.9920,-1,-1
271,123,38.00,299.00,80.00,192.40,0.9990,-1,-1
271,124,1123.00,303.00,43.60,132.50,0.9980,-1,-1
271,125,786.00,313.00,22.80,57.70,0.9580,-1,-1
271,127,1084.00,319.00,20.90,45.30,0.9300,-1,-1
271,129,586.00,302.00,47.20,121.60,0.9590,-1,-1
272,5,1455.00,269.00,220.40,723.60,1.0000,-1,-1
272,30,1161.00,318.00,62.80,149.90,1.0000,-1,-1
272,59,942.00,304.00,41.60,110.10,0.9920,-1,-1
272,69,694.00,290.00,98.90,215.50,0.9990,-1,-1
272,84,533.00,289.00,54.90,161.00,0.9870,-1,-1
272,103,304.00,296.00,40.00,122.70,0.9810,-1,-1
272,106,1696.00,221.00,301.50,816.30,0.9970,-1,-1
272,111,1254.00,303.00,34.00,126.50,0.9780,-1,-1
272,113,287.00,298.00,32.50,79.30,0.9830,-1,-1
272,117,962.00,295.00,63.00,166.40,0.9910,-1,-1
272,118,326.00,306.00,30.10,74.80,0.9870,-1,-1
272,121,848.00,313.00,23.40,65.30,0.9760,-1,-1
272,122,997.00,296.00,60.20,147.90,0.9890,-1,-1
272,123,33.00,302.00,77.10,202.10,0.9990,-1,-1
272,124,1127.00,298.00,44.30,138.40,0.9990,-1,-1
272,125,781.00,318.00,24.50,59.30,0.9600,-1,-1
272,127,1081.00,321.00,21.60,46.20,0.9520,-1,-1
272,129,581.00,304.00,49.40,126.10,0.9930,-1,-1
272,130,1022.00,315.00,45.20,123.80,0.9970,-1,-1
273,5,1456.00,273.00,237.80,728.90,1.0000,-1,-1
273,30,1159.00,319.00,62.40,149.10,0.9990,-1,-1
273,59,927.00,299.00,51.10,116.90,0.9980,-1,-1
273,69,679.00,268.00,91.50,221.80,0.9950,-1,-1
273,84,534.00,292.00,51.80,159.50,0.9950,-1,-1
273,103,297.00,300.00,44.20,120.30,0.9790,-1,-1
273,106,1702.00,225.00,302.50,814.60,0.9960,-1,-1
273,109,499.00,315.00,44.00,135.40,0.9740,-1,-1
273,111,1244.00,307.00,37.30,121.20,0.9980,-1,-1
273,113,282.00,300.00,30.70,78.10,0.9990,-1,-1
273,117,964.00,290.00,62.20,166.40,0.9930,-1,-1
273,121,849.00,312.00,25.20,64.00,0.9860,-1,-1
273,122,999.00,298.00,56.30,148.10,0.9830,-1,-1
273,123,36.00,301.00,78.30,195.70,0.9970,-1,-1
273,124,1119.00,296.00,54.20,137.00,0.9980,-1,-1
273,125,777.00,315.00,26.60,65.80,0.9690,-1,-1
273,127,1081.00,321.00,20.50,44.90,0.9310,-1,-1
273,129,583.00,299.00,50.00,125.90,0.9800,-1,-1
273,130,1024.00,304.00,44.00,129.70,0.9830,-1,-1
273,131,830.00,311.00,18.60,62.10,0.9090,-1,-1
274,5,1453.00,255.00,237.50,759.50,1.0000,-1,-1
274,30,1153.00,308.00,73.20,164.40,0.9990,-1,-1
274,59,924.00,312.00,41.50,103.60,0.9940,-1,-1
274,69,675.00,276.00,92.70,217.00,0.9960,-1,-1
274,84,524.00,292.00,55.30,155.40,0.9920,-1,-1
274,103,298.00,303.00,40.50,114.00,0.9970,-1,-1
274,106,1707.00,222.00,292.00,818.50,0.9970,-1,-1
274,109,497.00,313.00,46.50,142.70,0.9320,-1,-1
274,111,1244.00,303.00,38.40,120.90,0.9870,-1,-1
274,113,280.00,298.00,32.70,79.30,0.9990,-1,-1
274,117,962.00,292.00,58.30,162.00,0.9900,-1,-1
274,121,848.00,314.00,23.50,63.30,0.9750,-1,-1
274,122,1001.00,299.00,50.80,145.70,0.9990,-1,-1
274,123,33.00,314.00,77.40,182.20,0.9990,-1,-1
274,124,1118.00,300.00,47.70,131.10,0.9980,-1,-1
274,125,776.00,315.00,25.00,63.10,0.9650,-1,-1
274,127,1077.00,320.00,24.10,49.00,0.9910,-1,-1
274,129,580.00,298.00,50.10,124.90,0.9610,-1,-1
274,130,1031.00,307.00,41.90,124.20,0.9810,-1,-1
274,132,761.00,314.00,25.20,58.20,0.9160,-1,-1
275,5,1460.00,281.00,232.60,751.60,1.0000,-1,-1
275,30,1158.00,303.00,71.80,166.40,0.9990,-1,-1
275,59,920.00,308.00,42.20,105.10,0.9800,-1,-1
275,69,679.00,276.00,91.50,208.80,1.0000,-1,-1
275,84,528.00,296.00,50.50,153.00,0.9950,-1,-1
275,103,291.00,306.00,40.90,114.50,0.9900,-1,-1
275,106,1718.00,223.00,279.80,828.50,0.9960,-1,-1
275,109,489.00,303.00,49.80,154.80,0.9690,-1,-1
275,111,1242.00,300.00,38.80,127.10,0.9880,-1,-1
275,113,279.00,301.00,29.40,81.40,0.9970,-1,-1
275,117,962.00,299.00,58.10,165.70,0.9940,-1,-1
275,118,319.00,310.00,28.00,66.60,0.9890,-1,-1
275,121,844.00,314.00,24.40,64.30,0.9870,-1,-1
275,123,30.00,305.00,79.80,198.60,1.0000,-1,-1
275,124,1116.00,302.00,44.60,132.50,0.9990,-1,-1
275,125,775.00,318.00,23.50,54.10,0.9620,-1,-1
275,127,1076.00,318.00,23.40,49.30,0.9800,-1,-1
275,129,578.00,297.00,49.10,126.20,0.9370,-1,-1
275,130,1020.00,308.00,45.40,125.30,0.9950,-1,-1
276,5,1460.00,275.00,218.60,729.30,1.0000,-1,-1
276,30,1146.00,311.00,67.90,159.10,0.9980,-1,-1
276,59,917.00,303.00,42.00,117.80,0.9950,-1,-1
276,69,663.00,274.00,84.40,211.30,0.9980,-1,-1
276,84,505.00,279.00,59.90,172.50,0.9930,-1,-1
276,103,281.00,305.00,41.00,114.60,0.9910,-1,-1
276,106,1729.00,242.00,252.30,815.70,0.9990,-1,-1
276,111,1236.00,303.00,35.80,122.00,0.9780,-1,-1
276,117,952.00,294.00,60.00,163.70,0.9990,-1,-1
276,121,840.00,312.00,24.50,67.80,0.9750,-1,-1
276,122,1007.00,307.00,50.10,124.20,0.9960,-1,-1
276,123,15.00,311.00,78.30,195.30,1.0000,-1,-1
276,124,1112.00,304.00,44.70,125.50,1.0000,-1,-1
276,125,768.00,317.00,22.80,56.90,0.9570,-1,-1
276,127,1070.00,319.00,23.00,48.80,0.9420,-1,-1
276,132,755.00,320.00,24.10,55.00,0.9220,-1,-1
276,133,265.00,298.00,26.70,79.60,0.9940,-1,-1
277,5,1447.00,251.00,237.00,756.20,1.0000,-1,-1
277,30,1146.00,305.00,65.50,157.80,0.9960,-1,-1
277,69,650.00,288.00,90.10,211.70,0.9990,-1,-1
277,84,498.00,286.00,62.60,171.10,0.9930,-1,-1
277,103,271.00,304.00,42.90,118.90,0.9730,-1,-1
277,106,1726.00,225.00,249.60,813.00,0.9990,-1,-1
277,109,472.00,310.00,45.80,142.70,0.9800,-1,-1
277,111,1226.00,307.00,34.40,112.00,0.9860,-1,-1
277,117,940.00,293.00,63.00,172.40,0.9970,-1,-1
277,121,834.00,315.00,23.60,60.80,0.9740,-1,-1
277,122,982.00,308.00,49.20,133.70,0.9900,-1,-1
277,123,9.00,304.00,82.90,196.40,1.0000,-1,-1
277,124,1110.00,299.00,41.50,128.50,0.9990,-1,-1
277,125,761.00,318.00,23.50,59.40,0.9540,-1,-1
277,127,1064.00,319.00,21.90,46.40,0.9670,-1,-1
277,129,565.00,307.00,46.40,114.80,0.9590,-1,-1
277,130,1008.00,314.00,43.50,123.60,0.9910,-1,-1
277,132,744.00,312.00,24.00,61.00,0.9610,-1,-1
277,133,260.00,298.00,31.80,84.20,0.9990,-1,-1
277,134,896.00,317.00,40.70,99.30,0.9440,-1,-1
278,5,1455.00,274.00,230.90,732.30,1.0000,-1,-1
278,30,1135.00,308.00,65.90,162.50,0.9940,-1,-1
278,69,649.00,275.00,91.00,223.40,0.9960,-1,-1
278,84,488.00,294.00,64.10,174.90,0.9950,-1,-1
278,103,262.00,301.00,42.50,123.20,0.9660,-1,-1
278,106,1729.00,238.00,243.20,822.40,0.9990,-1,-1
278,109,466.00,314.00,44.80,131.10,0.9580,-1,-1
278,111,1221.00,308.00,39.30,119.00,0.9840,-1,-1
278,113,281.00,302.00,37.90,101.20,0.9700,-1,-1
278,117,933.00,298.00,66.20,170.20,0.9990,-1,-1
278,122,994.00,312.00,45.90,117.40,0.9950,-1,-1
278,124,1097.00,297.00,44.10,133.60,0.9990,-1,-1
278,125,756.00,318.00,23.30,56.50,0.9400,-1,-1
278,127,1054.00,319.00,23.60,50.50,0.9540,-1,-1
278,128,-4.00,309.00,77.60,192.90,0.9990,-1,-1
278,129,561.00,304.00,47.30,114.80,0.9630,-1,-1
278,131,831.00,314.00,21.10,61.20,0.9540,-1,-1
278,132,735.00,316.00,24.40,56.70,0.9650,-1,-1
278,133,245.00,299.00,29.40,81.40,0.9990,-1,-1
278,134,897.00,298.00,45.50,129.40,0.9920,-1,-1
279,5,1423.00,276.00,255.50,711.20,1.0000,-1,-1
279,30,1126.00,299.00,69.70,163.40,0.9950,-1,-1
279,59,924.00,294.00,60.70,173.40,0.9980,-1,-1
279,69,636.00,274.00,92.10,220.90,0.9980,-1,-1
279,84,475.00,279.00,64.20,184.60,0.9970,-1,-1
279,103,249.00,303.00,45.00,121.60,0.9890,-1,-1
279,106,1704.00,234.00,275.80,817.30,0.9990,-1,-1
279,109,451.00,307.00,48.00,147.90,0.9690,-1,-1
279,111,1215.00,305.00,34.20,117.00,0.9390,-1,-1
279,117,960.00,302.00,58.00,143.80,0.9870,-1,-1
279,122,990.00,304.00,42.90,123.50,0.9920,-1,-1
279,124,1087.00,299.00,47.10,132.90,0.9980,-1,-1
279,125,742.00,312.00,26.50,61.90,0.9650,-1,-1
279,127,1048.00,312.00,21.60,53.20,0.9890,-1,-1
279,128,-11.00,308.00,84.00,183.20,0.9870,-1,-1
279,129,548.00,299.00,49.30,121.70,0.9810,-1,-1
279,132,730.00,311.00,23.50,59.50,0.9240,-1,-1
279,133,234.00,294.00,29.60,87.60,0.9950,-1,-1
279,135,813.00,308.00,25.60,59.50,0.9670,-1,-1
280,5,1433.00,263.00,241.80,723.70,1.0000,-1,-1
280,30,1122.00,301.00,70.80,169.00,0.9970,-1,-1
280,59,923.00,286.00,65.00,177.90,0.9990,-1,-1
280,69,625.00,272.00,98.90,211.20,0.9980,-1,-1
280,84,464.00,286.00,63.00,179.40,0.9920,-1,-1
280,103,242.00,298.00,45.40,121.20,0.9830,-1,-1
280,106,1702.00,246.00,265.30,789.00,1.0000,-1,-1
280,109,437.00,310.00,47.90,141.40,0.9710,-1,-1
280,111,1203.00,299.00,39.40,118.60,0.9950,-1,-1
280,113,268.00,304.00,32.50,79.00,0.9880,-1,-1
280,122,978.00,303.00,45.20,126.60,0.9990,-1,-1
280,124,1088.00,294.00,45.10,131.30,1.0000,-1,-1
280,125,737.00,315.00,24.10,56.80,0.9700,-1,-1
280,128,-2.00,309.00,51.30,193.40,0.9850,-1,-1
280,129,548.00,303.00,43.70,111.50,0.9400,-1,-1
280,133,227.00,299.00,28.00,75.60,0.9980,-1,-1
280,134,879.00,298.00,48.90,118.40,1.0000,-1,-1
280,135,808.00,306.00,25.80,64.50,0.9880,-1,-1
280,136,1034.00,312.00,23.70,50.90,0.9790,-1,-1
280,137,718.00,312.00,20.90,56.60,0.9400,-1,-1
281,5,1424.00,250.00,243.00,737.20,1.0000,-1,-1
281,30,1113.00,293.00,65.20,167.60,0.9930,-1,-1
281,59,910.00,290.00,60.20,167.00,1.0000,-1,-1
281,69,607.00,274.00,91.40,215.60,0.9990,-1,-1
281,84,453.00,286.00,58.50,175.00,0.9960,-1,-1
281,103,251.00,303.00,32.20,73.60,0.9040,-1,-1
281,106,1694.00,214.00,255.50,790.90,1.0000,-1,-1
281,111,1191.00,297.00,35.30,117.60,0.9980,-1,-1
281,122,971.00,300.00,47.50,132.10,0.9930,-1,-1
281,124,1067.00,294.00,48.90,133.90,0.9970,-1,-1
281,129,527.00,299.00,48.20,117.60,0.9780,-1,-1
281,133,220.00,297.00,42.60,128.90,0.9660,-1,-1
281,137,720.00,311.00,25.50,64.10,0.9510,-1,-1
281,138,854.00,302.00,42.70,110.70,0.9990,-1,-1
281,139,792.00,311.00,21.30,57.10,0.9940,-1,-1
281,140,200.00,298.00,33.00,83.50,0.9940,-1,-1
281,141,416.00,309.00,41.00,138.90,0.9850,-1,-1
281,142,697.00,313.00,24.00,58.20,0.9720,-1,-1
281,143,1022.00,313.00,22.40,47.50,0.9550,-1,-1
281,144,764.00,305.00,19.30,69.10,0.9010,-1,-1
282,5,1410.00,241.00,268.50,733.50,1.0000,-1,-1
282,30,1114.00,296.00,58.40,157.60,0.9990,-1,-1
282,59,900.00,286.00,62.10,174.00,1.0000,-1,-1
282,69,606.00,263.00,92.50,220.00,1.0000,-1,-1
282,84,441.00,289.00,59.00,156.90,0.9950,-1,-1
282,106,1681.00,216.00,261.00,763.30,1.0000,-1,-1
282,111,1185.00,298.00,35.80,118.50,1.0000,-1,-1
282,117,961.00,298.00,42.00,133.50,1.0000,-1,-1
282,124,1073.00,294.00,41.60,126.00,0.9990,-1,-1
282,129,521.00,299.00,47.80,117.20,0.9860,-1,-1
282,133,220.00,306.00,44.60,118.30,0.9770,-1,-1
282,137,715.00,314.00,24.60,55.70,0.9700,-1,-1
282,138,850.00,297.00,52.50,123.50,0.9950,-1,-1
282,139,785.00,308.00,22.70,60.60,0.9980,-1,-1
282,140,187.00,296.00,29.90,81.20,0.9730,-1,-1
282,141,406.00,302.00,46.90,148.50,0.9950,-1,-1
282,142,690.00,312.00,24.30,58.90,0.9750,-1,-1
282,143,1015.00,308.00,22.90,52.50,0.9710,-1,-1
283,5,1404.00,246.00,252.10,720.20,1.0000,-1,-1
283,30,1106.00,302.00,58.60,154.10,0.9990,-1,-1
283,59,887.00,287.00,69.10,173.90,0.9990,-1,-1
283,69,590.00,257.00,92.30,224.40,0.9990,-1,-1
283,106,1689.00,206.00,266.30,805.90,1.0000,-1,-1
283,109,426.00,276.00,63.00,177.50,0.9910,-1,-1
283,111,1180.00,299.00,35.30,113.30,1.0000,-1,-1
283,117,961.00,299.00,42.10,125.50,0.9980,-1,-1
283,124,1061.00,290.00,46.40,132.60,1.0000,-1,-1
283,129,518.00,300.00,46.60,118.00,0.9610,-1,-1
283,133,201.00,303.00,45.10,115.50,0.9900,-1,-1
283,137,707.00,313.00,25.30,61.10,0.9580,-1,-1
283,138,839.00,300.00,48.50,114.00,0.9990,-1,-1
283,139,778.00,306.00,25.40,61.40,0.9950,-1,-1
283,140,178.00,294.00,31.20,84.50,0.9960,-1,-1
283,141,406.00,311.00,38.10,136.10,0.9790,-1,-1
283,142,686.00,309.00,24.50,62.20,0.9430,-1,-1
283,143,1008.00,305.00,24.30,51.00,0.9660,-1,-1
283,145,751.00,306.00,19.90,61.30,0.9040,-1,-1
284,5,1414.00,252.00,254.30,697.90,1.0000,-1,-1
284,30,1097.00,295.00,63.40,155.50,0.9990,-1,-1
284,59,885.00,283.00,66.70,166.80,0.9990,-1,-1
284,69,574.00,257.00,99.10,235.70,0.9990,-1,-1
284,106,1673.00,215.00,275.90,763.40,1.0000,-1,-1
284,109,415.00,278.00,58.20,182.20,0.9990,-1,-1
284,111,1172.00,295.00,37.60,122.70,1.0000,-1,-1
284,117,955.00,304.00,46.60,122.50,0.9980,-1,-1
284,124,1053.00,290.00,45.60,133.20,0.9990,-1,-1
284,125,743.00,302.00,20.70,70.20,0.9230,-1,-1
284,129,512.00,297.00,47.30,118.40,0.9690,-1,-1
284,133,196.00,302.00,44.50,119.70,0.9390,-1,-1
284,137,700.00,315.00,25.50,62.20,0.9560,-1,-1
284,138,825.00,300.00,49.90,115.30,0.9990,-1,-1
284,139,772.00,309.00,25.40,59.30,0.9990,-1,-1
284,140,168.00,295.00,30.60,86.30,0.9840,-1,-1
284,141,387.00,302.00,50.30,166.80,0.9720,-1,-1
284,142,681.00,312.00,21.40,53.20,0.9260,-1,-1
284,143,1007.00,306.00,22.30,49.30,0.9310,-1,-1
284,146,217.00,299.00,37.10,87.90,0.9640,-1,-1
285,5,1423.00,229.00,246.10,739.10,1.0000,-1,-1
285,30,1100.00,297.00,59.00,158.30,0.9990,-1,-1
285,59,879.00,279.00,66.80,171.00,0.9990,-1,-1
285,69,565.00,275.00,117.20,203.10,0.9990,-1,-1
285,106,1690.00,226.00,248.40,778.00,1.0000,-1,-1
285,109,408.00,277.00,67.80,184.70,0.9980,-1,-1
285,111,1171.00,291.00,37.10,126.60,0.9990,-1,-1
285,117,945.00,300.00,51.00,124.60,1.0000,-1,-1
285,124,1053.00,295.00,43.90,121.90,1.0000,-1,-1
285,129,505.00,302.00,44.60,116.70,0.9760,-1,-1
285,133,186.00,303.00,41.30,120.60,0.9780,-1,-1
285,137,694.00,313.00,24.00,58.00,0.9780,-1,-1
285,138,816.00,303.00,46.50,111.70,0.9970,-1,-1
285,140,160.00,294.00,32.00,90.30,0.9950,-1,-1
285,141,376.00,309.00,49.80,144.30,0.9890,-1,-1
285,142,679.00,311.00,22.40,55.50,0.9690,-1,-1
285,143,1004.00,311.00,20.90,43.30,0.9840,-1,-1
285,144,768.00,307.00,19.90,60.70,0.9970,-1,-1
285,146,213.00,308.00,31.10,69.60,0.9350,-1,-1
286,5,1407.00,245.00,249.70,728.80,1.0000,-1,-1
286,30,1097.00,289.00,61.10,160.00,0.9950,-1,-1
286,59,881.00,288.00,69.40,162.20,0.9910,-1,-1
286,69,581.00,263.00,77.00,231.20,0.9980,-1,-1
286,106,1672.00,236.00,255.70,760.00,1.0000,-1,-1
286,109,397.00,278.00,58.90,181.40,0.9950,-1,-1
286,111,1173.00,295.00,35.50,111.30,0.9700,-1,-1
286,117,942.00,294.00,44.30,122.90,0.9790,-1,-1
286,124,1041.00,287.00,47.90,130.20,0.9990,-1,-1
286,129,498.00,297.00,48.10,115.40,0.9120,-1,-1
286,133,181.00,303.00,43.80,123.70,0.9590,-1,-1
286,138,815.00,302.00,51.50,113.20,1.0000,-1,-1
286,140,153.00,303.00,27.70,71.40,0.9860,-1,-1
286,141,369.00,303.00,52.30,150.30,0.9530,-1,-1
286,143,998.00,309.00,21.30,43.90,0.9880,-1,-1
286,144,763.00,303.00,24.30,62.70,0.9550,-1,-1
287,5,1435.00,229.00,223.60,736.60,1.0000,-1,-1
287,30,1091.00,295.00,62.80,155.80,0.9990,-1,-1
287,59,866.00,285.00,64.90,170.60,0.9990,-1,-1
287,69,567.00,269.00,102.60,221.40,0.9990,-1,-1
287,106,1669.00,215.00,266.90,775.20,1.0000,-1,-1
287,109,383.00,286.00,60.90,167.50,0.9790,-1,-1
287,111,1163.00,292.00,37.10,116.90,0.9990,-1,-1
287,117,934.00,297.00,48.60,127.50,0.9960,-1,-1
287,124,1048.00,287.00,43.50,140.10,0.9940,-1,-1
287,129,497.00,297.00,47.40,111.70,0.9050,-1,-1
287,133,180.00,304.00,38.30,116.40,0.9400,-1,-1
287,138,801.00,304.00,47.60,109.70,0.9970,-1,-1
287,140,141.00,299.00,34.40,90.20,0.9520,-1,-1
287,141,355.00,308.00,48.50,162.00,0.9190,-1,-1
287,142,683.00,312.00,24.90,60.80,0.9220,-1,-1
287,143,991.00,314.00,17.10,37.10,0.9610,-1,-1
287,144,758.00,308.00,23.90,64.10,0.9380,-1,-1
288,5,1430.00,243.00,235.90,737.00,1.0000,-1,-1
288,30,1099.00,291.00,62.40,156.40,1.0000,-1,-1
288,59,871.00,283.00,67.90,168.60,1.0000,-1,-1
288,69,554.00,262.00,97.90,229.40,0.9950,-1,-1
288,106,1661.00,205.00,296.30,799.10,1.0000,-1,-1
288,109,384.00,280.00,59.20,181.50,0.9950,-1,-1
288,111,1168.00,291.00,32.90,114.50,0.9960,-1,-1
288,117,934.00,285.00,51.50,139.30,0.9950,-1,-1
288,124,1043.00,278.00,45.70,135.00,0.9980,-1,-1
288,129,495.00,298.00,50.10,114.80,0.9230,-1,-1
288,133,169.00,305.00,40.30,125.80,0.9880,-1,-1
288,138,814.00,299.00,45.60,113.00,1.0000,-1,-1
288,140,139.00,294.00,32.30,85.00,0.9900,-1,-1
288,141,353.00,298.00,53.80,169.70,0.9730,-1,-1
288,142,683.00,309.00,24.70,63.10,0.9440,-1,-1
288,143,996.00,311.00,20.00,43.60,0.9790,-1,-1
288,144,759.00,299.00,21.20,64.70,0.9930,-1,-1
288,147,665.00,308.00,24.10,60.20,0.9120,-1,-1
289,5,1453.00,220.00,234.00,765.40,1.0000,-1,-1
289,30,1098.00,290.00,64.30,151.10,0.9980,-1,-1
289,59,861.00,281.00,67.80,175.10,0.9990,-1,-1
289,69,550.00,252.00,83.20,253.90,0.9990,-1,-1
289,106,1672.00,214.00,283.80,777.50,1.0000,-1,-1
289,109,379.00,274.00,66.30,182.30,0.9910,-1,-1
289,111,1170.00,282.00,31.60,125.40,0.9950,-1,-1
289,117,930.00,295.00,42.80,126.30,0.9980,-1,-1
289,124,1050.00,278.00,45.20,133.90,0.9970,-1,-1
289,129,499.00,290.00,50.90,122.80,0.9720,-1,-1
289,133,165.00,298.00,43.80,128.80,0.9430,-1,-1
289,138,804.00,292.00,48.90,116.40,1.0000,-1,-1
289,143,994.00,296.00,23.80,52.30,0.9930,-1,-1
289,144,756.00,300.00,21.50,63.40,0.9560,-1,-1
290,5,1430.00,234.00,244.50,735.20,1.0000,-1,-1
290,30,1095.00,285.00,65.50,165.30,0.9990,-1,-1
290,59,858.00,288.00,72.40,174.70,0.9980,-1,-1
290,69,538.00,262.00,103.60,222.20,0.9980,-1,-1
290,106,1686.00,204.00,275.50,794.20,1.0000,-1,-1
290,109,373.00,277.00,66.80,178.20,0.9960,-1,-1
290,111,1163.00,288.00,34.70,115.70,0.9680,-1,-1
290,117,924.00,294.00,50.40,127.70,0.9940,-1,-1
290,124,1033.00,282.00,49.00,134.50,0.9980,-1,-1
290,129,492.00,295.00,48.70,119.30,0.9670,-1,-1
290,132,729.00,298.00,20.30,71.90,0.9150,-1,-1
290,133,159.00,295.00,48.20,120.60,0.9490,-1,-1
290,138,796.00,299.00,47.80,110.90,1.0000,-1,-1
290,140,128.00,295.00,32.70,86.20,0.9960,-1,-1
290,142,679.00,303.00,24.40,61.00,0.9850,-1,-1
290,143,991.00,299.00,23.00,51.50,0.9490,-1,-1
290,144,754.00,298.00,22.90,63.70,0.9980,-1,-1
290,147,658.00,306.00,23.00,58.50,0.9440,-1,-1
291,5,1458.00,237.00,214.20,680.60,1.0000,-1,-1
291,30,1102.00,285.00,60.60,157.90,0.9980,-1,-1
291,59,869.00,277.00,66.30,171.90,0.9980,-1,-1
291,69,534.00,254.00,112.10,219.90,0.9970,-1,-1
291,106,1678.00,216.00,289.90,781.00,1.0000,-1,-1
291,109,369.00,268.00,65.40,184.00,0.9950,-1,-1
291,111,1163.00,279.00,34.60,120.30,0.9940,-1,-1
291,117,929.00,281.00,49.80,138.70,0.9910,-1,-1
291,124,1044.00,272.00,45.80,140.20,0.9980,-1,-1
291,129,498.00,287.00,47.00,120.60,0.9740,-1,-1
291,132,727.00,296.00,20.00,66.40,0.9200,-1,-1
291,133,159.00,298.00,45.40,124.90,0.9760,-1,-1
291,138,790.00,292.00,52.80,113.70,1.0000,-1,-1
291,140,130.00,295.00,30.10,77.50,0.9520,-1,-1
291,141,342.00,290.00,49.50,157.10,0.9440,-1,-1
291,142,678.00,304.00,24.00,57.00,0.9630,-1,-1
291,143,993.00,290.00,24.80,50.50,0.9780,-1,-1
291,144,753.00,301.00,24.00,55.00,0.9850,-1,-1
291,147,660.00,298.00,26.50,64.40,0.9500,-1,-1
291,148,190.00,296.00,30.40,73.30,0.9430,-1,-1
292,5,1459.00,240.00,238.90,729.10,1.0000,-1,-1
292,30,1099.00,281.00,65.40,153.70,0.9940,-1,-1
292,59,856.00,269.00,70.20,174.60,1.0000,-1,-1
292,69,534.00,262.00,86.00,218.70,0.9980,-1,-1
292,106,1700.00,195.00,260.40,785.90,0.9990,-1,-1
292,109,360.00,263.00,64.30,198.30,0.9980,-1,-1
292,111,1170.00,278.00,36.90,115.40,0.9980,-1,-1
292,117,929.00,282.00,53.10,123.90,0.9910,-1,-1
292,124,1043.00,263.00,48.10,144.90,0.9990,-1,-1
292,129,500.00,284.00,45.50,114.50,0.9860,-1,-1
292,133,154.00,291.00,48.20,131.20,0.9800,-1,-1
292,138,784.00,285.00,53.80,112.10,0.9990,-1,-1
292,140,123.00,283.00,32.60,84.30,0.9900,-1,-1
292,142,678.00,296.00,25.50,63.10,0.9500,-1,-1
292,143,993.00,288.00,23.00,47.50,0.9860,-1,-1
292,144,752.00,287.00,25.80,67.30,0.9950,-1,-1
292,147,659.00,293.00,26.70,62.20,0.9620,-1,-1
292,149,608.00,289.00,41.20,117.50,0.9760,-1,-1
293,5,1468.00,219.00,203.70,724.90,1.0000,-1,-1
293,30,1101.00,272.00,67.40,164.40,0.9990,-1,-1
293,59,860.00,263.00,70.80,175.80,1.0000,-1,-1
293,69,516.00,259.00,94.70,227.40,0.9980,-1,-1
293,106,1709.00,185.00,258.20,806.40,1.0000,-1,-1
293,109,362.00,258.00,68.30,196.30,0.9970,-1,-1
293,111,1167.00,272.00,37.60,119.30,0.9920,-1,-1
293,117,928.00,275.00,57.70,124.20,0.9940,-1,-1
293,124,1046.00,269.00,41.90,129.30,0.9990,-1,-1
293,133,154.00,287.00,44.20,126.10,0.9860,-1,-1
293,135,802.00,287.00,40.10,111.00,0.9980,-1,-1
293,138,776.00,282.00,49.80,124.60,0.9640,-1,-1
293,140,122.00,284.00,31.80,83.60,0.9910,-1,-1
293,141,331.00,274.00,55.00,168.10,0.9280,-1,-1
293,142,681.00,294.00,24.90,57.60,0.9480,-1,-1
293,143,990.00,284.00,23.00,53.50,0.9860,-1,-1
293,144,755.00,286.00,21.80,58.60,0.9940,-1,-1
293,147,660.00,290.00,22.80,56.80,0.9650,-1,-1
293,149,618.00,284.00,38.10,133.90,0.9810,-1,-1
294,5,1459.00,206.00,218.10,717.90,1.0000,-1,-1
294,30,1100.00,265.00,72.70,162.90,0.9990,-1,-1
294,59,855.00,259.00,66.90,173.70,1.0000,-1,-1
294,69,517.00,239.00,109.10,236.80,0.9990,-1,-1
294,106,1713.00,172.00,268.80,831.80,0.9990,-1,-1
294,109,358.00,256.00,67.40,196.40,0.9980,-1,-1
294,111,1173.00,266.00,33.40,123.20,0.9770,-1,-1
294,117,925.00,264.00,47.60,134.90,0.9930,-1,-1
294,124,1042.00,256.00,51.20,147.50,0.9990,-1,-1
294,133,154.00,283.00,47.60,129.80,0.9870,-1,-1
294,135,803.00,286.00,38.90,105.90,0.9950,-1,-1
294,138,781.00,280.00,47.30,124.40,0.9920,-1,-1
294,140,123.00,281.00,31.60,82.30,0.9920,-1,-1
294,141,325.00,285.00,49.50,157.80,0.9790,-1,-1
294,142,681.00,286.00,23.90,59.00,0.9410,-1,-1
294,143,993.00,282.00,22.20,50.00,0.9920,-1,-1
294,144,756.00,281.00,22.00,64.80,0.9790,-1,-1
294,147,661.00,281.00,24.80,63.70,0.9830,-1,-1
294,149,617.00,283.00,44.90,120.20,0.9930,-1,-1
295,5,1466.00,204.00,226.60,728.00,1.0000,-1,-1
295,30,1100.00,266.00,74.20,163.40,0.9990,-1,-1
295,59,855.00,250.00,66.30,188.20,1.0000,-1,-1
295,69,519.00,243.00,103.50,230.50,0.9990,-1,-1
295,106,1726.00,159.00,256.60,806.50,0.9990,-1,-1
295,109,351.00,259.00,75.70,191.60,0.9980,-1,-1
295,111,1172.00,260.00,34.80,126.00,0.9910,-1,-1
295,117,928.00,267.00,46.20,133.60,0.9930,-1,-1
295,124,1043.00,260.00,44.50,135.40,1.0000,-1,-1
295,133,152.00,281.00,43.70,132.70,0.9830,-1,-1
295,138,788.00,273.00,44.00,117.70,0.9950,-1,-1
295,140,120.00,273.00,35.40,90.00,0.9980,-1,-1
295,142,679.00,287.00,25.00,61.30,0.9590,-1,-1
295,143,992.00,275.00,26.70,57.20,0.9900,-1,-1
295,144,757.00,282.00,23.40,61.80,0.9760,-1,-1
295,147,664.00,282.00,23.80,59.60,0.9880,-1,-1
295,148,182.00,282.00,32.00,77.10,0.9780,-1,-1
295,149,612.00,279.00,43.90,124.10,0.9360,-1,-1
296,5,1482.00,191.00,221.70,741.80,1.0000,-1,-1
296,30,1107.00,269.00,61.60,154.40,1.0000,-1,-1
296,59,854.00,252.00,64.20,178.60,0.9990,-1,-1
296,69,516.00,236.00,95.70,227.70,0.9920,-1,-1
296,106,1704.00,165.00,274.20,779.20,0.9970,-1,-1
296,109,354.00,262.00,59.30,175.90,0.9980,-1,-1
296,111,1175.00,262.00,33.40,118.40,0.9950,-1,-1
296,117,930.00,264.00,52.90,137.90,0.9950,-1,-1
296,124,1045.00,253.00,51.60,147.30,1.0000,-1,-1
296,133,152.00,277.00,44.40,133.20,0.9810,-1,-1
296,138,788.00,273.00,46.50,120.10,0.9970,-1,-1
296,140,116.00,275.00,36.30,88.20,0.9970,-1,-1
296,141,321.00,284.00,47.50,148.20,0.9110,-1,-1
296,142,685.00,286.00,23.00,62.30,0.9450,-1,-1
296,143,994.00,279.00,21.90,47.80,0.9840,-1,-1
296,144,757.00,282.00,21.70,61.60,0.9690,-1,-1
296,147,664.00,281.00,23.80,57.70,0.9860,-1,-1
296,149,613.00,271.00,47.10,145.50,0.9560,-1,-1
297,5,1486.00,193.00,243.40,732.80,1.0000,-1,-1
297,30,1106.00,264.00,65.50,160.50,0.9990,-1,-1
297,59,853.00,247.00,63.90,184.50,0.9980,-1,-1
297,69,506.00,229.00,87.60,230.90,0.9970,-1,-1
297,106,1722.00,149.00,261.30,790.80,0.9910,-1,-1
297,109,348.00,257.00,62.10,187.60,0.9960,-1,-1
297,111,1176.00,264.00,34.40,113.30,1.0000,-1,-1
297,117,932.00,263.00,49.20,142.40,0.9960,-1,-1
297,124,1043.00,251.00,49.40,145.80,0.9990,-1,-1
297,133,162.00,277.00,43.10,120.80,0.9710,-1,-1
297,134,893.00,258.00,52.20,145.40,0.9880,-1,-1
297,138,785.00,275.00,48.70,115.40,0.9910,-1,-1
297,140,113.00,270.00,35.50,90.00,0.9980,-1,-1
297,141,317.00,286.00,46.90,150.20,0.9690,-1,-1
297,142,684.00,278.00,26.60,65.50,0.9580,-1,-1
297,143,1001.00,274.00,20.40,46.90,0.9660,-1,-1
297,144,758.00,276.00,22.40,64.30,0.9590,-1,-1
297,147,670.00,282.00,22.90,58.00,0.9410,-1,-1
297,148,183.00,279.00,29.50,70.10,0.9730,-1,-1
297,149,616.00,270.00,46.20,128.00,0.9880,-1,-1
298,5,1481.00,173.00,223.30,756.00,1.0000,-1,-1
298,30,1105.00,266.00,64.80,157.90,1.0000,-1,-1
298,59,850.00,249.00,64.70,178.90,0.9980,-1,-1
298,69,503.00,225.00,90.30,236.90,0.9950,-1,-1
298,106,1724.00,152.00,259.90,810.00,0.9980,-1,-1
298,109,353.00,255.00,60.50,179.50,0.9990,-1,-1
298,111,1178.00,259.00,38.90,112.30,0.9990,-1,-1
298,117,929.00,263.00,55.30,136.80,0.9960,-1,-1
298,124,1048.00,253.00,47.90,138.10,0.9990,-1,-1
298,133,149.00,268.00,50.20,139.80,0.9620,-1,-1
298,134,888.00,252.00,58.90,158.50,0.9290,-1,-1
298,138,775.00,275.00,44.90,114.20,0.9950,-1,-1
298,140,113.00,274.00,35.60,87.20,0.9980,-1,-1
298,141,314.00,283.00,51.50,150.30,0.9550,-1,-1
298,142,685.00,282.00,25.70,61.20,0.9510,-1,-1
298,143,999.00,270.00,21.50,50.60,0.9420,-1,-1
298,144,758.00,276.00,22.60,64.40,0.9700,-1,-1
298,147,666.00,273.00,23.30,69.00,0.9790,-1,-1
298,149,614.00,266.00,43.40,135.20,0.9750,-1,-1
299,5,1473.00,180.00,257.80,757.20,1.0000,-1,-1
299,30,1104.00,264.00,72.30,162.40,0.9990,-1,-1
299,59,848.00,249.00,65.50,182.40,0.9970,-1,-1
299,69,504.00,244.00,88.30,226.60,0.9890,-1,-1
299,106,1710.00,145.00,277.70,811.60,0.9960,-1,-1
299,109,343.00,253.00,62.90,194.00,0.9990,-1,-1
299,111,1176.00,259.00,39.90,118.70,1.0000,-1,-1
299,117,931.00,263.00,54.40,140.70,0.9960,-1,-1
299,124,1049.00,259.00,53.30,134.80,0.9990,-1,-1
299,133,150.00,276.00,47.00,132.60,0.9920,-1,-1
299,134,889.00,262.00,55.20,151.40,0.9520,-1,-1
299,138,772.00,273.00,45.70,113.10,0.9940,-1,-1
299,140,107.00,274.00,34.80,85.60,0.9980,-1,-1
299,141,304.00,282.00,51.70,152.60,0.9820,-1,-1
299,142,682.00,281.00,23.80,59.50,0.9520,-1,-1
299,143,999.00,280.00,18.90,43.10,0.9640,-1,-1
299,144,757.00,275.00,24.80,61.30,0.9730,-1,-1
299,147,661.00,281.00,24.60,56.90,0.9520,-1,-1
299,149,615.00,274.00,40.60,124.00,0.9640,-1,-1
300,5,1506.00,182.00,217.70,757.60,1.0000,-1,-1
300,30,1117.00,263.00,56.90,150.20,0.9990,-1,-1
300,59,843.00,245.00,72.70,193.00,0.9990,-1,-1
300,69,507.00,232.00,95.50,231.10,0.9960,-1,-1
300,106,1716.00,138.00,276.40,846.60,0.9960,-1,-1
300,109,338.00,251.00,71.70,189.90,0.9990,-1,-1
300,111,1178.00,262.00,34.40,114.10,0.9960,-1,-1
300,117,927.00,259.00,53.70,132.20,0.9960,-1,-1
300,124,1053.00,257.00,42.90,132.90,0.9980,-1,-1
300,133,150.00,273.00,45.90,131.20,0.9750,-1,-1
300,134,888.00,250.00,55.20,152.20,0.9820,-1,-1
300,138,775.00,269.00,47.80,111.80,0.9980,-1,-1
300,140,105.00,275.00,35.10,81.20,0.9960,-1,-1
300,141,296.00,269.00,60.30,164.90,0.9940,-1,-1
300,142,682.00,280.00,21.40,59.50,0.9620,-1,-1
300,143,994.00,273.00,22.00,51.30,0.9690,-1,-1
300,144,755.00,275.00,22.60,58.30,0.9790,-1,-1
300,147,662.00,275.00,25.70,63.40,0.9370,-1,-1
300,149,610.00,267.00,42.80,127.00,0.9500,-1,-1
301,5,1472.00,201.00,250.40,756.50,1.0000,-1,-1
301,30,1114.00,264.00,59.30,154.80,0.9990,-1,-1
301,59,837.00,240.00,68.90,198.90,0.9980,-1,-1
301,69,502.00,243.00,99.60,234.80,0.9950,-1,-1
301,106,1718.00,160.00,281.90,835.70,0.9940,-1,-1
301,109,323.00,252.00,76.00,193.00,0.9940,-1,-1
301,111,1176.00,260.00,35.20,123.10,0.9990,-1,-1
301,117,931.00,259.00,48.20,144.10,0.9960,-1,-1
301,124,1048.00,255.00,48.30,143.70,0.9980,-1,-1
301,133,145.00,271.00,51.10,131.00,0.9430,-1,-1
301,134,885.00,256.00,56.30,151.60,0.9860,-1,-1
301,138,773.00,273.00,46.60,113.40,0.9990,-1,-1
301,140,101.00,271.00,33.30,88.10,0.9930,-1,-1
301,141,285.00,273.00,58.00,174.20,0.9390,-1,-1
301,142,678.00,281.00,25.40,65.40,0.9700,-1,-1
301,143,992.00,273.00,24.10,55.00,0.9910,-1,-1
301,147,665.00,282.00,22.10,55.50,0.9650,-1,-1
301,149,610.00,275.00,43.80,127.60,0.9350,-1,-1
302,5,1476.00,209.00,253.20,740.90,1.0000,-1,-1
302,30,1110.00,263.00,63.90,153.80,1.0000,-1,-1
302,59,839.00,247.00,71.80,192.60,1.0000,-1,-1
302,69,486.00,225.00,92.20,243.20,0.9980,-1,-1
302,106,1744.00,160.00,253.80,834.30,0.9570,-1,-1
302,109,323.00,246.00,66.80,206.40,0.9980,-1,-1
302,111,1175.00,266.00,33.80,117.10,1.0000,-1,-1
302,117,927.00,268.00,50.20,136.20,0.9970,-1,-1
302,124,1046.00,251.00,48.80,153.10,0.9990,-1,-1
302,133,137.00,273.00,43.20,132.20,0.9660,-1,-1
302,134,886.00,262.00,52.00,145.10,0.9930,-1,-1
302,138,756.00,269.00,48.00,121.90,0.9880,-1,-1
302,140,89.00,265.00,36.90,92.00,0.9980,-1,-1
302,141,285.00,270.00,61.90,170.10,0.9970,-1,-1
302,142,678.00,284.00,24.00,54.50,0.9740,-1,-1
302,143,993.00,278.00,21.90,47.70,0.9920,-1,-1
302,147,663.00,279.00,23.90,60.50,0.9840,-1,-1
302,148,167.00,276.00,31.40,80.70,0.9610,-1,-1
302,149,606.00,273.00,45.70,127.80,0.9750,-1,-1
303,5,1494.00,211.00,247.30,764.60,1.0000,-1,-1
303,30,1115.00,271.00,55.60,156.10,1.0000,-1,-1
303,59,825.00,249.00,70.60,193.80,1.0000,-1,-1
303,69,481.00,226.00,106.60,235.00,0.9980,-1,-1
303,106,1738.00,172.00,268.90,801.10,0.9560,-1,-1
303,109,312.00,250.00,75.40,201.50,0.9910,-1,-1
303,111,1173.00,261.00,34.00,124.10,0.9950,-1,-1
303,117,919.00,266.00,58.20,125.70,0.9960,-1,-1
303,124,1044.00,258.00,45.10,140.90,0.9990,-1,-1
303,132,722.00,273.00,21.40,68.60,0.9000,-1,-1
303,133,130.00,265.00,52.20,137.10,0.9660,-1,-1
303,134,875.00,257.00,49.60,149.00,0.9940,-1,-1
303,138,760.00,272.00,42.80,106.20,0.9990,-1,-1
303,140,83.00,263.00,38.00,89.60,0.9960,-1,-1
303,141,279.00,271.00,53.20,174.90,0.9930,-1,-1
303,142,675.00,279.00,24.90,62.30,0.9500,-1,-1
303,143,990.00,277.00,24.90,52.50,0.9730,-1,-1
303,147,658.00,277.00,22.30,59.00,0.9160,-1,-1
303,149,607.00,271.00,46.40,137.20,0.9700,-1,-1
304,5,1469.00,190.00,244.20,787.90,1.0000,-1,-1
304,30,1110.00,269.00,62.40,150.70,0.9990,-1,-1
304,59,832.00,252.00,61.60,197.80,0.9990,-1,-1
304,69,462.00,232.00,94.90,234.90,0.9960,-1,-1
304,106,1740.00,194.00,269.30,786.30,0.9260,-1,-1
304,109,310.00,250.00,71.10,204.00,0.9940,-1,-1
304,111,1173.00,265.00,33.60,118.70,0.9990,-1,-1
304,117,927.00,276.00,46.70,120.60,0.9860,-1,-1
304,124,1042.00,255.00,48.10,143.10,1.0000,-1,-1
304,133,125.00,266.00,51.70,135.30,0.9870,-1,-1
304,134,873.00,252.00,52.80,154.60,0.9830,-1,-1
304,138,754.00,272.00,45.80,113.10,0.9980,-1,-1
304,140,79.00,263.00,39.70,94.30,0.9990,-1,-1
304,141,274.00,268.00,58.60,181.60,0.9990,-1,-1
304,142,677.00,282.00,24.60,59.40,0.9440,-1,-1
304,143,992.00,273.00,22.70,50.60,0.9760,-1,-1
304,147,656.00,274.00,25.20,62.60,0.9650,-1,-1
304,149,602.00,274.00,42.60,124.30,0.9590,-1,-1
305,5,1476.00,214.00,249.00,757.10,1.0000,-1,-1
305,30,1109.00,271.00,61.20,153.90,1.0000,-1,-1
305,59,829.00,247.00,73.60,198.80,1.0000,-1,-1
305,69,477.00,222.00,77.60,237.60,0.9960,-1,-1
305,106,1743.00,189.00,259.20,830.50,0.9390,-1,-1
305,109,306.00,224.00,75.30,225.40,0.9980,-1,-1
305,111,1171.00,264.00,39.60,122.20,0.9960,-1,-1
305,117,919.00,265.00,48.80,138.00,0.9940,-1,-1
305,124,1040.00,254.00,49.90,147.90,1.0000,-1,-1
305,125,737.00,275.00,38.10,108.40,0.9420,-1,-1
305,133,123.00,269.00,44.00,130.00,0.9540,-1,-1
305,134,877.00,261.00,52.60,154.20,0.9800,-1,-1
305,138,757.00,272.00,41.30,103.10,0.9990,-1,-1
305,140,75.00,256.00,38.40,103.00,0.9990,-1,-1
305,141,268.00,272.00,58.30,177.40,0.9960,-1,-1
305,142,669.00,285.00,23.30,54.50,0.9350,-1,-1
305,143,991.00,273.00,21.80,53.60,0.9940,-1,-1
305,147,656.00,280.00,21.90,54.80,0.9780,-1,-1
305,149,600.00,268.00,41.70,129.10,0.9990,-1,-1
306,5,1467.00,205.00,255.90,763.80,1.0000,-1,-1
306,30,1109.00,274.00,60.40,154.40,1.0000,-1,-1
306,59,818.00,247.00,70.80,196.60,1.0000,-1,-1
306,69,450.00,230.00,95.20,239.60,0.9990,-1,-1
306,106,1725.00,182.00,291.80,849.40,0.9870,-1,-1
306,109,296.00,243.00,77.00,211.20,0.9970,-1,-1
306,111,1168.00,268.00,35.90,115.70,0.9950,-1,-1
306,117,924.00,265.00,46.60,133.60,0.9970,-1,-1
306,124,1037.00,259.00,43.50,136.20,1.0000,-1,-1
306,125,729.00,279.00,41.10,112.90,0.9390,-1,-1
306,133,112.00,265.00,49.00,138.70,0.9740,-1,-1
306,134,874.00,259.00,53.90,153.30,0.9890,-1,-1
306,138,749.00,269.00,41.60,114.70,0.9980,-1,-1
306,140,71.00,260.00,36.30,90.70,0.9990,-1,-1
306,141,261.00,278.00,52.90,170.50,0.9980,-1,-1
306,142,664.00,284.00,22.60,55.50,0.9330,-1,-1
306,143,983.00,272.00,23.40,58.70,0.9820,-1,-1
306,147,649.00,274.00,24.30,63.00,0.9530,-1,-1
306,149,598.00,269.00,45.00,135.20,0.9690,-1,-1
307,5,1466.00,200.00,252.00,769.50,1.0000,-1,-1
307,30,1102.00,269.00,58.70,154.10,0.9980,-1,-1
307,59,809.00,244.00,74.30,205.90,1.0000,-1,-1
307,69,441.00,227.00,94.40,239.50,0.9940,-1,-1
307,106,1721.00,192.00,291.50,801.30,0.9870,-1,-1
307,109,276.00,243.00,73.20,209.70,0.9980,-1,-1
307,111,1159.00,264.00,37.00,116.90,0.9950,-1,-1
307,117,915.00,262.00,46.40,133.30,0.9960,-1,-1
307,124,1028.00,255.00,47.90,143.50,1.0000,-1,-1
307,125,707.00,265.00,45.60,129.00,0.9640,-1,-1
307,133,101.00,253.00,45.40,142.50,0.9610,-1,-1
307,134,856.00,250.00,57.50,158.70,0.9960,-1,-1
307,138,738.00,271.00,47.10,114.10,0.9970,-1,-1
307,141,244.00,274.00,60.10,176.00,0.9970,-1,-1
307,142,655.00,278.00,25.80,61.00,0.9180,-1,-1
307,143,979.00,274.00,22.90,50.60,0.9910,-1,-1
307,147,642.00,272.00,21.70,57.80,0.9710,-1,-1
307,149,587.00,269.00,41.10,131.30,0.9770,-1,-1
307,150,52.00,253.00,35.30,96.80,0.9990,-1,-1
308,5,1477.00,208.00,240.50,754.10,1.0000,-1,-1
308,30,1097.00,264.00,63.60,161.60,0.9990,-1,-1
308,59,799.00,239.00,71.60,205.10,1.0000,-1,-1
308,69,447.00,236.00,98.20,231.00,0.9980,-1,-1
308,106,1738.00,182.00,266.70,807.50,0.9790,-1,-1
308,109,270.00,236.00,74.20,215.70,0.9980,-1,-1
308,111,1158.00,264.00,37.20,115.20,1.0000,-1,-1
308,117,905.00,261.00,52.20,133.40,0.9950,-1,-1
308,124,1026.00,255.00,50.70,144.10,1.0000,-1,-1
308,133,99.00,265.00,48.10,130.70,0.9830,-1,-1
308,134,858.00,255.00,56.90,157.70,0.9970,-1,-1
308,138,727.00,268.00,43.10,116.10,0.9990,-1,-1
308,141,235.00,254.00,59.30,206.00,0.9990,-1,-1
308,142,657.00,278.00,24.90,59.90,0.9410,-1,-1
308,143,973.00,275.00,24.40,53.40,0.9900,-1,-1
308,147,641.00,274.00,24.70,63.80,0.9740,-1,-1
308,149,573.00,265.00,47.50,125.40,0.9960,-1,-1
308,150,44.00,255.00,34.90,92.30,0.9980,-1,-1
308,151,700.00,267.00,23.50,69.70,0.9190,-1,-1
309,5,1467.00,194.00,236.60,788.80,1.0000,-1,-1
309,30,1097.00,267.00,63.80,157.50,0.9990,-1,-1
309,59,793.00,243.00,76.40,215.10,1.0000,-1,-1
309,69,436.00,223.00,77.30,217.70,0.9970,-1,-1
309,106,1734.00,195.00,274.70,824.00,0.9940,-1,-1
309,109,265.00,242.00,71.70,209.00,0.9970,-1,-1
309,111,1154.00,264.00,33.60,112.50,1.0000,-1,-1
309,117,907.00,269.00,47.30,131.90,0.9970,-1,-1
309,124,1024.00,252.00,47.30,148.10,1.0000,-1,-1
309,125,706.00,271.00,37.60,118.70,0.9180,-1,-1
309,133,100.00,261.00,46.60,130.10,0.9720,-1,-1
309,134,849.00,252.00,56.30,155.60,0.9990,-1,-1
309,138,725.00,275.00,45.70,118.60,0.9970,-1,-1
309,141,222.00,274.00,58.10,167.30,0.9960,-1,-1
309,142,648.00,280.00,25.60,60.90,0.9240,-1,-1
309,143,970.00,278.00,23.10,49.60,0.9910,-1,-1
309,147,637.00,271.00,23.00,62.60,0.9690,-1,-1
309,149,578.00,268.00,47.40,135.60,0.9310,-1,-1
309,150,36.00,251.00,35.70,98.80,0.9900,-1,-1
310,5,1475.00,196.00,245.30,758.10,1.0000,-1,-1
310,30,1098.00,268.00,62.70,155.90,0.9990,-1,-1
310,59,794.00,244.00,76.90,215.40,1.0000,-1,-1
310,69,432.00,218.00,90.70,227.20,0.9980,-1,-1
310,106,1740.00,154.00,270.20,859.00,0.9780,-1,-1
310,109,259.00,236.00,66.70,219.40,0.9980,-1,-1
310,111,1151.00,266.00,40.80,121.20,0.9930,-1,-1
310,117,902.00,263.00,50.00,133.80,0.9940,-1,-1
310,124,1023.00,265.00,42.80,135.40,0.9990,-1,-1
310,125,695.00,267.00,41.80,126.70,0.9980,-1,-1
310,133,84.00,260.00,51.70,136.80,0.9680,-1,-1
310,134,849.00,261.00,51.60,147.80,0.9910,-1,-1
310,138,713.00,271.00,49.10,123.40,0.9820,-1,-1
310,141,213.00,257.00,58.40,194.80,0.9950,-1,-1
310,143,968.00,277.00,23.40,54.00,0.9890,-1,-1
310,147,633.00,275.00,24.60,62.10,0.9700,-1,-1
310,149,569.00,276.00,45.10,131.30,0.9290,-1,-1
310,150,34.00,261.00,37.60,95.00,0.9960,-1,-1
311,5,1470.00,208.00,245.90,764.90,1.0000,-1,-1
311,30,1099.00,270.00,63.50,159.40,0.9990,-1,-1
311,59,787.00,255.00,81.40,210.30,1.0000,-1,-1
311,69,426.00,241.00,81.00,219.10,0.9980,-1,-1
311,106,1733.00,163.00,285.50,859.90,0.9680,-1,-1
311,109,256.00,246.00,65.50,218.90,0.9980,-1,-1
311,111,1146.00,263.00,37.60,120.60,0.9960,-1,-1
311,117,901.00,262.00,52.10,140.90,0.9920,-1,-1
311,124,1024.00,262.00,45.30,135.20,1.0000,-1,-1
311,129,485.00,269.00,45.50,118.80,0.9310,-1,-1
311,133,76.00,262.00,49.20,145.40,0.9680,-1,-1
311,134,845.00,259.00,54.70,157.80,0.9960,-1,-1
311,138,710.00,274.00,45.20,114.40,0.9930,-1,-1
311,141,212.00,273.00,57.00,170.10,0.9870,-1,-1
311,142,649.00,285.00,24.90,55.70,0.9070,-1,-1
311,143,967.00,280.00,23.50,57.10,0.9960,-1,-1
311,147,637.00,284.00,23.10,54.20,0.9430,-1,-1
311,149,570.00,269.00,40.10,134.30,0.9340,-1,-1
311,150,30.00,266.00,35.30,94.10,0.9930,-1,-1
312,5,1493.00,208.00,227.40,765.20,1.0000,-1,-1
312,30,1100.00,278.00,62.70,161.20,0.9980,-1,-1
312,59,778.00,247.00,73.30,204.70,1.0000,-1,-1
312,69,417.00,238.00,81.70,226.60,0.9980,-1,-1
312,106,1744.00,170.00,275.10,883.50,0.9780,-1,-1
312,109,232.00,252.00,76.70,210.80,0.9980,-1,-1
312,111,1152.00,272.00,38.60,112.30,0.9990,-1,-1
312,117,899.00,267.00,51.70,146.00,0.9960,-1,-1
312,124,1021.00,260.00,51.70,144.80,0.9990,-1,-1
312,129,483.00,278.00,46.10,108.80,0.9900,-1,-1
312,133,78.00,270.00,45.20,141.60,0.9570,-1,-1
312,134,837.00,270.00,51.60,151.80,0.9980,-1,-1
312,138,701.00,272.00,48.50,120.60,0.9910,-1,-1
312,141,200.00,274.00,57.90,188.50,0.9950,-1,-1
312,142,643.00,290.00,24.80,64.70,0.9360,-1,-1
312,143,963.00,283.00,23.80,54.90,0.9950,-1,-1
312,147,626.00,281.00,23.10,59.20,0.9220,-1,-1
312,149,564.00,275.00,44.80,123.40,0.9830,-1,-1
312,150,23.00,269.00,37.20,97.70,0.9940,-1,-1
313,5,1495.00,222.00,208.40,730.40,1.0000,-1,-1
313,30,1103.00,274.00,62.00,161.70,0.9840,-1,-1
313,59,781.00,251.00,73.10,196.50,0.9990,-1,-1
313,69,407.00,233.00,100.70,249.50,0.9990,-1,-1
313,109,225.00,254.00,82.10,217.40,0.9770,-1,-1
313,111,1157.00,272.00,35.70,119.50,0.9300,-1,-1
313,117,895.00,278.00,54.60,129.40,0.9890,-1,-1
313,124,1025.00,269.00,50.40,140.60,0.9970,-1,-1
313,133,70.00,277.00,48.40,142.40,0.9480,-1,-1
313,134,838.00,262.00,59.60,155.30,0.9860,-1,-1
313,138,699.00,284.00,52.80,109.40,0.9970,-1,-1
313,141,197.00,280.00,68.00,195.40,0.9930,-1,-1
313,143,962.00,289.00,21.80,46.50,0.9560,-1,-1
313,149,559.00,278.00,48.30,118.20,0.9900,-1,-1
313,150,20.00,276.00,36.50,89.30,0.9810,-1,-1
314,5,1487.00,223.00,236.50,758.10,1.0000,-1,-1
314,30,1104.00,278.00,59.90,156.10,0.9910,-1,-1
314,59,784.00,250.00,65.00,212.20,0.9990,-1,-1
314,69,411.00,251.00,77.60,204.90,0.9990,-1,-1
314,106,1739.00,191.00,274.50,835.30,0.9600,-1,-1
314,109,219.00,250.00,76.40,209.80,0.9750,-1,-1
314,111,1153.00,277.00,35.00,117.90,0.9960,-1,-1
314,117,901.00,282.00,48.60,122.80,0.9910,-1,-1
314,124,1021.00,264.00,49.50,147.50,0.9980,-1,-1
314,125,685.00,279.00,46.70,123.20,0.9870,-1,-1
314,129,480.00,279.00,46.40,115.90,0.9850,-1,-1
314,133,67.00,275.00,51.60,139.60,0.9700,-1,-1
314,134,839.00,266.00,59.80,157.30,0.9930,-1,-1
314,141,183.00,289.00,65.10,184.30,0.9680,-1,-1
314,143,961.00,290.00,25.20,45.10,0.9730,-1,-1
314,149,563.00,292.00,41.60,122.50,0.9160,-1,-1
314,150,15.00,278.00,38.90,96.70,0.9910,-1,-1
315,5,1519.00,207.00,211.30,785.70,1.0000,-1,-1
315,30,1100.00,283.00,61.70,161.40,0.9990,-1,-1
315,59,776.00,252.00,83.00,219.30,0.9990,-1,-1
315,69,396.00,242.00,96.40,256.10,0.9990,-1,-1
315,109,218.00,251.00,81.10,231.70,0.9820,-1,-1
315,111,1155.00,282.00,32.00,115.50,0.9950,-1,-1
315,117,899.00,289.00,43.50,126.30,0.9990,-1,-1
315,124,1015.00,277.00,54.00,143.90,0.9990,-1,-1
315,125,687.00,291.00,44.20,119.60,0.9920,-1,-1
315,129,486.00,280.00,48.10,117.50,0.9890,-1,-1
315,133,88.00,288.00,43.90,113.00,0.9100,-1,-1
315,134,839.00,281.00,57.80,145.60,0.9960,-1,-1
315,141,184.00,294.00,64.90,184.50,0.9820,-1,-1
315,143,964.00,292.00,25.40,54.60,0.9890,-1,-1
315,147,627.00,296.00,24.00,61.70,0.9190,-1,-1
315,149,563.00,289.00,44.70,135.30,0.9480,-1,-1
315,150,18.00,286.00,35.10,91.70,0.9820,-1,-1
316,5,1498.00,214.00,227.80,788.50,1.0000,-1,-1
316,30,1106.00,279.00,68.40,162.30,0.9980,-1,-1
316,59,779.00,251.00,72.80,223.60,1.0000,-1,-1
316,69,402.00,253.00,87.30,240.50,0.9990,-1,-1
316,109,223.00,259.00,82.30,229.00,0.9730,-1,-1
316,111,1164.00,275.00,35.30,124.30,0.9940,-1,-1
316,117,900.00,292.00,48.50,128.60,0.9950,-1,-1
316,124,1029.00,274.00,47.30,136.20,0.9990,-1,-1
316,125,692.00,287.00,45.60,116.80,0.9980,-1,-1
316,129,492.00,282.00,45.80,113.90,0.9960,-1,-1
316,134,839.00,270.00,58.80,157.20,0.9970,-1,-1
316,141,178.00,285.00,62.30,192.90,0.9850,-1,-1
316,142,648.00,299.00,25.90,61.90,0.9580,-1,-1
316,143,970.00,288.00,22.80,55.60,0.9900,-1,-1
316,149,571.00,294.00,39.90,123.70,0.9350,-1,-1
316,150,20.00,290.00,33.70,84.70,0.9930,-1,-1
317,5,1526.00,209.00,226.60,770.90,1.0000,-1,-1
317,30,1112.00,292.00,66.80,146.70,1.0000,-1,-1
317,59,776.00,264.00,77.40,221.20,1.0000,-1,-1
317,69,400.00,245.00,79.10,226.80,0.9990,-1,-1
317,109,206.00,266.00,95.30,223.30,0.9740,-1,-1
317,111,1166.00,281.00,39.20,114.80,1.0000,-1,-1
317,117,904.00,283.00,50.60,133.30,0.9970,-1,-1
317,124,1027.00,275.00,50.40,151.80,1.0000,-1,-1
317,125,678.00,290.00,38.80,105.00,0.9880,-1,-1
317,129,497.00,287.00,46.60,112.50,0.9930,-1,-1
317,132,727.00,298.00,22.50,59.20,0.9990,-1,-1
317,133,77.00,290.00,46.90,143.40,0.9740,-1,-1
317,134,834.00,269.00,58.70,165.30,0.9990,-1,-1
317,138,695.00,290.00,43.30,115.00,0.9630,-1,-1
317,141,183.00,296.00,59.00,189.60,0.9860,-1,-1
317,142,653.00,301.00,25.70,62.60,0.9110,-1,-1
317,143,977.00,290.00,24.10,55.30,0.9830,-1,-1
317,149,578.00,291.00,40.70,130.20,0.9430,-1,-1
317,150,27.00,290.00,33.00,86.60,0.9970,-1,-1
318,5,1539.00,213.00,231.40,777.90,1.0000,-1,-1
318,30,1112.00,274.00,73.80,161.50,0.9970,-1,-1
318,59,773.00,252.00,74.20,227.40,1.0000,-1,-1
318,69,406.00,246.00,92.00,229.20,0.9990,-1,-1
318,109,207.00,270.00,95.00,231.30,0.9960,-1,-1
318,111,1172.00,278.00,34.20,113.10,0.9970,-1,-1
318,117,900.00,283.00,57.90,127.00,0.9940,-1,-1
318,124,1032.00,264.00,61.30,159.60,0.9990,-1,-1
318,125,675.00,288.00,47.70,117.70,0.9970,-1,-1
318,129,500.00,286.00,50.30,116.70,0.9970,-1,-1
318,132,730.00,292.00,24.70,64.20,0.9960,-1,-1
318,133,80.00,291.00,45.90,134.00,0.9500,-1,-1
318,134,833.00,269.00,57.90,160.20,0.9940,-1,-1
318,142,657.00,298.00,24.70,61.10,0.9240,-1,-1
318,143,980.00,288.00,26.20,60.30,0.9950,-1,-1
318,149,578.00,291.00,44.10,127.90,0.9550,-1,-1
318,150,24.00,288.00,36.70,91.50,0.9950,-1,-1
318,152,642.00,294.00,23.60,60.60,0.9170,-1,-1
319,5,1535.00,229.00,217.10,757.40,1.0000,-1,-1
319,30,1117.00,282.00,66.60,149.10,0.9990,-1,-1
319,59,783.00,256.00,77.70,219.20,0.9990,-1,-1
319,69,406.00,244.00,90.30,238.40,0.9990,-1,-1
319,109,198.00,253.00,93.10,248.00,0.9970,-1,-1
319,111,1179.00,272.00,39.00,114.80,1.0000,-1,-1
319,117,909.00,286.00,52.40,128.10,0.9970,-1,-1
319,124,1039.00,263.00,49.70,145.10,1.0000,-1,-1
319,129,508.00,285.00,46.80,114.50,0.9970,-1,-1
319,132,736.00,293.00,22.10,59.70,0.9990,-1,-1
319,133,81.00,279.00,57.90,144.20,0.9770,-1,-1
319,134,840.00,269.00,60.10,158.70,0.9970,-1,-1
319,138,690.00,280.00,40.70,112.00,0.9980,-1,-1
319,142,660.00,299.00,24.60,58.30,0.9410,-1,-1
319,143,984.00,287.00,25.90,57.30,0.9950,-1,-1
319,149,581.00,288.00,38.90,130.40,0.9920,-1,-1
319,150,28.00,284.00,36.70,95.10,0.9990,-1,-1
319,152,646.00,296.00,23.50,58.10,0.9100,-1,-1
320,5,1548.00,228.00,218.30,718.30,1.0000,-1,-1
320,30,1125.00,281.00,63.60,146.50,0.9990,-1,-1
320,59,775.00,262.00,71.90,220.70,1.0000,-1,-1
320,69,404.00,247.00,84.50,244.30,1.0000,-1,-1
320,109,202.00,269.00,92.90,231.90,0.9980,-1,-1
320,111,1187.00,277.00,32.70,117.10,0.9980,-1,-1
320,117,920.00,278.00,49.10,136.40,0.9970,-1,-1
320,124,1045.00,267.00,52.40,145.50,1.0000,-1,-1
320,125,681.00,281.00,43.90,121.10,0.9970,-1,-1
320,129,509.00,282.00,46.60,112.60,0.9980,-1,-1
320,132,740.00,291.00,19.80,58.60,0.9990,-1,-1
320,133,88.00,284.00,49.30,135.50,0.9230,-1,-1
320,134,842.00,261.00,55.20,162.80,0.9900,-1,-1
320,141,166.00,278.00,71.30,214.00,0.9980,-1,-1
320,142,665.00,295.00,23.30,61.30,0.9350,-1,-1
320,143,984.00,283.00,24.70,55.80,0.9980,-1,-1
320,149,580.00,288.00,42.00,131.20,0.9730,-1,-1
320,150,30.00,285.00,38.00,96.10,0.9990,-1,-1
320,152,647.00,291.00,23.70,62.70,0.9660,-1,-1
321,5,1546.00,218.00,235.40,762.90,1.0000,-1,-1
321,30,1126.00,278.00,56.90,155.30,0.9990,-1,-1
321,59,776.00,248.00,71.80,235.40,1.0000,-1,-1
321,69,407.00,246.00,87.00,228.80,0.9980,-1,-1
321,109,199.00,263.00,88.80,237.30,0.9990,-1,-1
321,111,1190.00,270.00,38.60,114.30,0.9990,-1,-1
321,117,914.00,272.00,56.50,143.70,0.9940,-1,-1
321,124,1044.00,259.00,48.80,154.50,1.0000,-1,-1
321,125,672.00,284.00,41.90,113.60,0.9920,-1,-1
321,129,520.00,287.00,39.00,103.10,0.9960,-1,-1
321,132,741.00,285.00,22.70,66.20,0.9990,-1,-1
321,133,82.00,282.00,59.50,143.80,0.9720,-1,-1
321,134,847.00,267.00,58.20,152.80,0.9980,-1,-1
321,138,698.00,281.00,43.80,116.00,0.9970,-1,-1
321,141,163.00,286.00,68.90,203.60,0.9940,-1,-1
321,143,985.00,281.00,24.40,59.00,0.9940,-1,-1
321,149,580.00,289.00,40.60,124.90,0.9950,-1,-1
321,150,29.00,281.00,35.00,91.40,1.0000,-1,-1
321,152,652.00,293.00,21.80,57.20,0.9680,-1,-1
322,5,1578.00,213.00,217.50,769.60,1.0000,-1,-1
322,30,1134.00,275.00,66.80,157.80,0.9990,-1,-1
322,59,783.00,241.00,75.90,236.10,1.0000,-1,-1
322,69,404.00,242.00,80.60,239.90,1.0000,-1,-1
322,109,186.00,262.00,93.20,235.30,0.9990,-1,-1
322,111,1201.00,267.00,33.80,117.50,0.9960,-1,-1
322,117,922.00,274.00,53.90,133.20,0.9940,-1,-1
322,124,1055.00,255.00,54.90,147.70,0.9990,-1,-1
322,125,683.00,276.00,42.50,112.60,0.9980,-1,-1
322,129,524.00,281.00,42.80,104.30,0.9990,-1,-1
322,132,746.00,287.00,19.80,64.00,0.9970,-1,-1
322,133,90.00,289.00,48.30,136.50,0.9820,-1,-1
322,134,850.00,263.00,54.50,150.60,1.0000,-1,-1
322,142,668.00,292.00,25.30,61.00,0.9100,-1,-1
322,143,997.00,276.00,22.80,56.10,0.9910,-1,-1
322,149,588.00,279.00,41.20,128.60,0.9930,-1,-1
322,150,32.00,280.00,37.50,94.90,1.0000,-1,-1
322,152,655.00,283.00,23.80,64.70,0.9300,-1,-1
323,5,1569.00,184.00,223.60,803.60,1.0000,-1,-1
323,30,1139.00,275.00,64.00,145.10,1.0000,-1,-1
323,59,778.00,247.00,76.20,219.60,1.0000,-1,-1
323,69,397.00,243.00,99.90,241.30,0.9990,-1,-1
323,109,198.00,255.00,87.60,233.60,0.9990,-1,-1
323,111,1196.00,268.00,38.10,117.70,0.9990,-1,-1
323,117,927.00,265.00,48.70,134.60,0.9950,-1,-1
323,124,1057.00,257.00,56.30,149.60,1.0000,-1,-1
323,125,690.00,274.00,42.50,112.00,1.0000,-1,-1
323,129,526.00,278.00,47.20,113.00,0.9900,-1,-1
323,132,748.00,284.00,21.10,66.60,0.9980,-1,-1
323,133,88.00,282.00,49.70,136.40,0.9940,-1,-1
323,134,854.00,256.00,58.80,153.90,1.0000,-1,-1
323,141,156.00,282.00,66.10,207.40,0.9970,-1,-1
323,143,997.00,278.00,24.00,55.00,0.9760,-1,-1
323,149,586.00,280.00,45.20,138.10,0.9680,-1,-1
323,150,32.00,279.00,37.10,98.90,0.9990,-1,-1
323,152,658.00,289.00,22.10,60.40,0.9520,-1,-1
324,5,1580.00,214.00,226.60,761.50,1.0000,-1,-1
324,30,1140.00,265.00,70.60,159.90,0.9960,-1,-1
324,59,780.00,254.00,76.30,224.40,1.0000,-1,-1
324,69,394.00,231.00,105.90,264.50,0.9990,-1,-1
324,109,187.00,248.00,97.60,241.00,0.9950,-1,-1
324,111,1199.00,258.00,36.80,118.80,1.0000,-1,-1
324,117,926.00,263.00,50.40,136.80,0.9970,-1,-1
324,124,1054.00,263.00,50.90,150.70,1.0000,-1,-1
324,125,671.00,277.00,44.20,115.70,0.9980,-1,-1
324,129,530.00,276.00,46.60,111.00,0.9990,-1,-1
324,132,745.00,281.00,23.60,62.70,0.9940,-1,-1
324,133,88.00,272.00,53.00,145.10,0.9970,-1,-1
324,134,859.00,263.00,53.80,140.90,0.9990,-1,-1
324,138,697.00,275.00,39.80,116.30,0.9770,-1,-1
324,143,1002.00,277.00,23.50,50.50,0.9940,-1,-1
324,149,585.00,280.00,43.50,137.40,0.9770,-1,-1
324,150,32.00,281.00,36.50,93.10,0.9990,-1,-1
324,152,659.00,288.00,22.80,57.30,0.9250,-1,-1
325,5,1582.00,207.00,238.10,779.90,1.0000,-1,-1
325,30,1148.00,266.00,64.30,154.00,0.9980,-1,-1
325,59,775.00,247.00,84.80,232.20,1.0000,-1,-1
325,69,377.00,229.00,109.50,259.20,0.9990,-1,-1
325,109,192.00,243.00,79.20,232.40,0.9970,-1,-1
325,111,1205.00,255.00,40.80,125.30,0.9980,-1,-1
325,117,928.00,263.00,48.50,133.20,0.9960,-1,-1
325,124,1055.00,256.00,54.90,154.20,1.0000,-1,-1
325,125,672.00,269.00,43.50,129.30,0.9990,-1,-1
325,129,534.00,274.00,43.70,109.30,0.9960,-1,-1
325,132,749.00,279.00,24.70,66.40,0.9980,-1,-1
325,133,89.00,282.00,49.80,140.60,0.9960,-1,-1
325,134,861.00,258.00,57.70,149.80,0.9990,-1,-1
325,141,150.00,278.00,77.50,199.30,0.9930,-1,-1
325,143,1002.00,274.00,23.40,55.10,0.9970,-1,-1
325,149,589.00,274.00,44.60,130.80,0.9320,-1,-1
325,150,35.00,281.00,33.10,91.90,1.0000,-1,-1
326,5,1609.00,186.00,218.20,820.00,1.0000,-1,-1
326,30,1150.00,261.00,66.00,166.40,0.9980,-1,-1
326,59,777.00,249.00,83.20,236.50,1.0000,-1,-1
326,69,375.00,234.00,106.10,257.80,0.9990,-1,-1
326,109,180.00,272.00,85.30,228.40,0.9960,-1,-1
326,111,1209.00,261.00,34.20,122.90,1.0000,-1,-1
326,117,934.00,272.00,50.30,136.40,0.9980,-1,-1
326,124,1058.00,260.00,55.90,145.90,0.9990,-1,-1
326,125,682.00,272.00,44.30,122.20,1.0000,-1,-1
326,129,538.00,276.00,45.30,110.30,0.9990,-1,-1
326,132,755.00,283.00,19.80,63.20,0.9870,-1,-1
326,133,84.00,282.00,60.00,150.40,0.9930,-1,-1
326,134,855.00,256.00,57.10,154.50,0.9990,-1,-1
326,143,1003.00,274.00,22.10,55.40,0.9790,-1,-1
326,149,593.00,279.00,46.40,135.40,0.9530,-1,-1
326,150,35.00,281.00,34.90,97.10,0.9990,-1,-1
326,153,724.00,282.00,22.10,67.60,0.9360,-1,-1
327,5,1615.00,196.00,246.70,789.50,1.0000,-1,-1
327,30,1157.00,263.00,62.10,155.50,0.9960,-1,-1
327,59,772.00,244.00,81.70,230.50,1.0000,-1,-1
327,69,378.00,239.00,104.10,258.70,0.9990,-1,-1
327,109,177.00,252.00,97.50,238.90,1.0000,-1,-1
327,111,1214.00,259.00,42.10,124.30,0.9990,-1,-1
327,117,933.00,270.00,54.40,143.00,0.9960,-1,-1
327,124,1071.00,253.00,53.10,149.60,1.0000,-1,-1
327,125,685.00,282.00,42.60,108.30,0.9940,-1,-1
327,129,544.00,277.00,44.80,109.50,0.9940,-1,-1
327,132,758.00,282.00,24.30,66.60,0.9870,-1,-1
327,133,90.00,287.00,53.90,144.40,0.9790,-1,-1
327,134,870.00,261.00,57.90,159.40,1.0000,-1,-1
327,141,134.00,282.00,82.20,217.70,0.9910,-1,-1
327,142,665.00,273.00,38.90,112.70,0.9260,-1,-1
327,143,1006.00,277.00,24.70,58.30,0.9980,-1,-1
327,149,599.00,279.00,41.50,134.60,0.9870,-1,-1
327,150,38.00,280.00,33.50,95.70,1.0000,-1,-1
328,5,1605.00,193.00,251.00,816.30,1.0000,-1,-1
328,30,1159.00,265.00,66.70,169.30,0.9970,-1,-1
328,59,771.00,250.00,79.60,243.20,0.9990,-1,-1
328,69,388.00,251.00,105.70,239.00,0.9980,-1,-1
328,109,148.00,246.00,121.00,267.60,0.9980,-1,-1
328,111,1219.00,266.00,38.60,115.60,0.9920,-1,-1
328,117,938.00,275.00,51.00,123.20,0.9970,-1,-1
328,124,1070.00,264.00,46.80,144.30,0.9990,-1,-1
328,125,677.00,289.00,39.70,95.30,0.9210,-1,-1
328,129,539.00,285.00,45.00,119.70,0.9310,-1,-1
328,133,86.00,277.00,62.20,160.60,0.9500,-1,-1
328,134,870.00,267.00,50.50,153.40,1.0000,-1,-1
328,143,1010.00,284.00,25.20,57.40,0.9870,-1,-1
328,150,36.00,285.00,37.00,101.30,1.0000,-1,-1
328,153,729.00,286.00,23.00,69.10,0.9250,-1,-1
329,5,1619.00,205.00,245.30,799.60,1.0000,-1,-1
329,30,1163.00,273.00,64.30,155.90,0.9990,-1,-1
329,59,770.00,253.00,89.30,227.20,1.0000,-1,-1
329,69,383.00,241.00,92.50,248.20,0.9980,-1,-1
329,109,156.00,269.00,97.20,240.10,0.9990,-1,-1
329,111,1219.00,266.00,37.20,122.60,0.9990,-1,-1
329,117,941.00,280.00,49.90,129.40,0.9970,-1,-1
329,124,1071.00,265.00,50.20,154.10,1.0000,-1,-1
329,129,545.00,286.00,46.20,113.70,0.9930,-1,-1
329,133,95.00,293.00,56.10,141.60,0.9740,-1,-1
329,134,871.00,267.00,52.60,154.60,1.0000,-1,-1
329,138,683.00,279.00,45.90,123.40,0.9840,-1,-1
329,143,1015.00,285.00,21.80,53.30,0.9970,-1,-1
329,149,602.00,290.00,38.10,122.90,0.9360,-1,-1
329,150,32.00,282.00,37.40,107.00,1.0000,-1,-1
329,153,727.00,283.00,22.40,71.30,0.9270,-1,-1
330,5,1621.00,204.00,255.40,793.70,1.0000,-1,-1
330,30,1163.00,279.00,71.10,156.60,0.9990,-1,-1
330,59,772.00,257.00,84.40,225.20,1.0000,-1,-1
330,69,382.00,245.00,111.40,256.60,0.9980,-1,-1
330,109,165.00,268.00,91.70,246.80,0.9990,-1,-1
330,111,1228.00,270.00,35.50,116.90,0.9830,-1,-1
330,117,945.00,281.00,53.40,133.70,0.9970,-1,-1
330,124,1075.00,263.00,56.10,159.90,0.9990,-1,-1
330,129,549.00,284.00,47.80,119.80,0.9730,-1,-1
330,133,96.00,293.00,51.80,133.40,0.9530,-1,-1
330,134,867.00,272.00,56.80,144.70,0.9990,-1,-1
330,138,682.00,278.00,45.40,121.50,0.9650,-1,-1
330,141,127.00,285.00,72.30,219.00,0.9730,-1,-1
330,143,1014.00,285.00,26.60,59.00,0.9970,-1,-1
330,149,599.00,286.00,42.20,132.30,0.9580,-1,-1
330,150,35.00,284.00,36.60,101.30,1.0000,-1,-1
330,153,730.00,283.00,22.20,71.10,0.9500,-1,-1
331,5,1650.00,232.00,233.10,765.40,1.0000,-1,-1
331,30,1171.00,279.00,55.40,150.90,0.9980,-1,-1
331,59,759.00,245.00,99.70,227.80,0.9990,-1,-1
331,69,375.00,246.00,102.50,244.60,0.9980,-1,-1
331,109,157.00,254.00,103.50,259.90,1.0000,-1,-1
331,111,1230.00,273.00,37.10,117.60,0.9990,-1,-1
331,117,946.00,279.00,47.60,135.80,0.9970,-1,-1
331,124,1082.00,264.00,46.70,152.70,0.9990,-1,-1
331,125,675.00,281.00,43.40,117.70,0.9940,-1,-1
331,129,544.00,281.00,46.70,113.80,0.9120,-1,-1
331,134,870.00,266.00,60.50,160.70,0.9990,-1,-1
331,143,1017.00,284.00,24.80,54.80,0.9960,-1,-1
331,149,602.00,281.00,45.70,143.80,0.9660,-1,-1
331,150,35.00,279.00,39.50,108.90,1.0000,-1,-1
331,153,731.00,283.00,25.10,69.80,0.9600,-1,-1
332,5,1659.00,207.00,250.10,815.90,1.0000,-1,-1
332,30,1178.00,278.00,54.90,143.50,0.9980,-1,-1
332,59,768.00,251.00,87.20,226.30,1.0000,-1,-1
332,69,379.00,242.00,99.40,257.80,0.9980,-1,-1
332,109,152.00,257.00,101.00,256.40,1.0000,-1,-1
332,111,1226.00,272.00,38.60,113.00,0.9970,-1,-1
332,117,946.00,277.00,51.30,138.30,0.9980,-1,-1
332,124,1083.00,266.00,49.80,150.00,1.0000,-1,-1
332,129,554.00,285.00,44.60,114.80,0.9910,-1,-1
332,134,874.00,265.00,52.50,154.60,0.9990,-1,-1
332,141,102.00,283.00,95.20,231.50,0.9410,-1,-1
332,142,666.00,284.00,43.80,108.50,0.9930,-1,-1
332,143,1019.00,291.00,22.30,50.30,0.9940,-1,-1
332,149,600.00,294.00,47.00,130.90,0.9630,-1,-1
332,150,33.00,282.00,36.00,103.20,1.0000,-1,-1
332,153,731.00,280.00,23.40,75.80,0.9800,-1,-1
333,5,1658.00,219.00,243.80,773.70,1.0000,-1,-1
333,30,1173.00,273.00,64.90,155.90,0.9960,-1,-1
333,59,764.00,251.00,90.60,236.70,1.0000,-1,-1
333,69,381.00,255.00,109.60,255.30,0.9970,-1,-1
333,109,136.00,259.00,121.90,268.30,0.9990,-1,-1
333,111,1225.00,275.00,39.70,119.90,0.9960,-1,-1
333,117,945.00,276.00,52.90,140.80,0.9980,-1,-1
333,124,1087.00,261.00,50.40,154.50,1.0000,-1,-1
333,125,673.00,285.00,42.40,107.90,0.9790,-1,-1
333,129,557.00,285.00,42.90,113.50,0.9920,-1,-1
333,134,873.00,263.00,58.10,160.80,0.9980,-1,-1
333,141,85.00,280.00,88.30,219.20,0.9920,-1,-1
333,143,1019.00,287.00,22.80,54.60,0.9970,-1,-1
333,149,602.00,287.00,42.90,130.60,0.9820,-1,-1
333,150,29.00,279.00,38.50,103.80,1.0000,-1,-1
333,153,732.00,282.00,22.60,74.40,0.9730,-1,-1
334,5,1674.00,212.00,236.80,806.90,1.0000,-1,-1
334,30,1173.00,280.00,61.80,152.60,0.9950,-1,-1
334,59,763.00,252.00,88.70,234.90,1.0000,-1,-1
334,69,370.00,255.00,115.60,244.90,0.9980,-1,-1
334,109,134.00,245.00,114.30,271.90,1.0000,-1,-1
334,111,1231.00,275.00,41.30,123.40,0.9980,-1,-1
334,117,947.00,278.00,51.90,140.10,0.9990,-1,-1
334,124,1084.00,269.00,46.40,147.60,1.0000,-1,-1
334,129,555.00,284.00,43.50,115.90,0.9950,-1,-1
334,134,868.00,262.00,56.20,159.80,0.9960,-1,-1
334,138,678.00,287.00,44.00,111.40,0.9480,-1,-1
334,141,83.00,282.00,90.80,208.30,0.9940,-1,-1
334,142,651.00,283.00,44.60,118.00,0.9970,-1,-1
334,143,1014.00,285.00,27.40,64.70,0.9940,-1,-1
334,149,600.00,286.00,44.30,133.70,0.9610,-1,-1
334,150,29.00,279.00,36.90,104.10,1.0000,-1,-1
334,153,732.00,283.00,21.70,70.40,0.9720,-1,-1
335,5,1653.00,234.00,257.00,766.00,1.0000,-1,-1
335,30,1173.00,277.00,64.50,155.80,0.9970,-1,-1
335,59,747.00,254.00,96.50,250.20,1.0000,-1,-1
335,69,382.00,245.00,107.40,256.20,0.9980,-1,-1
335,109,126.00,247.00,118.70,267.80,1.0000,-1,-1
335,111,1234.00,274.00,36.50,125.20,0.9980,-1,-1
335,117,948.00,273.00,54.00,139.30,0.9990,-1,-1
335,124,1085.00,270.00,46.40,149.10,1.0000,-1,-1
335,125,673.00,284.00,38.90,107.10,0.9990,-1,-1
335,129,553.00,283.00,45.20,114.10,0.9560,-1,-1
335,134,876.00,266.00,53.60,153.70,0.9990,-1,-1
335,141,74.00,279.00,99.40,224.00,0.9960,-1,-1
335,142,637.00,276.00,45.60,125.80,0.9910,-1,-1
335,143,1016.00,287.00,25.20,55.30,0.9850,-1,-1
335,149,601.00,282.00,39.90,129.70,0.9690,-1,-1
335,150,25.00,284.00,31.50,92.60,1.0000,-1,-1
335,153,729.00,283.00,21.90,69.90,0.9820,-1,-1
336,5,1675.00,222.00,245.90,766.40,1.0000,-1,-1
336,30,1172.00,278.00,60.50,157.20,0.9990,-1,-1
336,59,757.00,251.00,89.40,235.10,1.0000,-1,-1
336,69,369.00,242.00,123.80,252.30,0.9970,-1,-1
336,109,117.00,256.00,106.70,257.40,1.0000,-1,-1
336,111,1224.00,277.00,40.10,120.90,0.9990,-1,-1
336,117,946.00,276.00,48.10,139.50,0.9990,-1,-1
336,124,1080.00,263.00,51.80,151.80,0.9990,-1,-1
336,125,665.00,281.00,40.80,112.80,0.9970,-1,-1
336,129,550.00,279.00,46.70,121.20,0.9410,-1,-1
336,134,866.00,259.00,56.10,160.40,1.0000,-1,-1
336,141,69.00,278.00,93.90,220.20,0.9960,-1,-1
336,142,632.00,272.00,48.80,133.30,0.9900,-1,-1
336,143,1015.00,289.00,25.50,55.50,0.9920,-1,-1
336,150,18.00,281.00,33.40,89.40,1.0000,-1,-1
336,153,726.00,281.00,24.00,72.80,0.9670,-1,-1
337,5,1664.00,219.00,269.30,766.90,1.0000,-1,-1
337,30,1171.00,275.00,58.70,155.00,1.0000,-1,-1
337,59,731.00,253.00,107.30,243.10,1.0000,-1,-1
337,69,363.00,256.00,105.20,237.80,0.9960,-1,-1
337,109,78.00,250.00,123.00,257.80,1.0000,-1,-1
337,111,1228.00,276.00,35.50,118.40,0.9980,-1,-1
337,117,939.00,277.00,50.80,141.60,0.9990,-1,-1
337,124,1084.00,268.00,46.90,150.90,0.9990,-1,-1
337,125,651.00,280.00,46.70,125.50,0.9990,-1,-1
337,129,547.00,283.00,43.70,107.20,0.9970,-1,-1
337,134,866.00,265.00,51.20,149.90,1.0000,-1,-1
337,142,627.00,285.00,41.30,118.00,0.9790,-1,-1
337,143,1012.00,286.00,26.40,62.50,0.9920,-1,-1
337,149,588.00,279.00,46.00,136.00,0.9600,-1,-1
337,150,10.00,279.00,33.00,96.30,1.0000,-1,-1
338,5,1697.00,200.00,239.70,821.50,1.0000,-1,-1
338,30,1161.00,276.00,73.30,159.30,1.0000,-1,-1
338,59,732.00,256.00,98.10,244.60,1.0000,-1,-1
338,69,334.00,241.00,135.70,266.20,0.9960,-1,-1
338,109,73.00,230.00,131.10,287.60,0.9990,-1,-1
338,111,1225.00,283.00,35.30,113.40,0.9970,-1,-1
338,117,933.00,287.00,47.60,126.30,0.9980,-1,-1
338,124,1076.00,271.00,51.90,151.20,1.0000,-1,-1
338,125,643.00,280.00,48.10,131.90,1.0000,-1,-1
338,129,545.00,284.00,45.50,113.60,0.9890,-1,-1
338,134,866.00,275.00,53.80,152.40,1.0000,-1,-1
338,138,681.00,293.00,25.10,66.00,0.9630,-1,-1
338,142,618.00,275.00,44.10,138.70,0.9480,-1,-1
338,143,1011.00,291.00,24.40,60.80,0.9960,-1,-1
338,149,580.00,293.00,44.40,126.50,0.9800,-1,-1
338,150,1.00,274.00,39.40,105.40,0.9990,-1,-1
338,153,714.00,287.00,25.50,72.50,0.9470,-1,-1
339,5,1693.00,215.00,240.20,802.20,1.0000,-1,-1
339,30,1164.00,293.00,58.10,143.90,1.0000,-1,-1
339,59,734.00,256.00,93.90,252.10,1.0000,-1,-1
339,69,351.00,259.00,107.70,242.10,0.9970,-1,-1
339,109,75.00,261.00,108.00,278.90,1.0000,-1,-1
339,111,1222.00,284.00,39.40,117.70,0.9990,-1,-1
339,117,932.00,288.00,52.30,135.80,0.9990,-1,-1
339,124,1073.00,274.00,50.50,147.90,1.0000,-1,-1
339,125,639.00,282.00,43.70,121.50,0.9990,-1,-1
339,129,545.00,284.00,44.50,116.40,0.9960,-1,-1
339,134,854.00,273.00,58.70,155.00,1.0000,-1,-1
339,138,674.00,299.00,25.90,64.80,0.9890,-1,-1
339,141,36.00,290.00,76.20,229.10,0.9970,-1,-1
339,142,609.00,277.00,47.10,146.60,0.9560,-1,-1
339,143,1007.00,293.00,22.50,53.90,0.9920,-1,-1
339,149,585.00,287.00,45.60,134.40,0.9640,-1,-1
339,150,2.00,289.00,31.00,89.90,0.9990,-1,-1
339,153,713.00,290.00,22.10,71.00,0.9710,-1,-1
340,5,1691.00,214.00,244.40,817.30,1.0000,-1,-1
340,30,1160.00,287.00,63.90,157.70,0.9990,-1,-1
340,59,727.00,248.00,97.60,255.20,1.0000,-1,-1
340,69,343.00,251.00,126.30,264.30,0.9980,-1,-1
340,109,62.00,254.00,125.30,284.40,0.9990,-1,-1
340,111,1224.00,283.00,40.60,129.80,0.9990,-1,-1
340,117,932.00,292.00,49.80,129.80,1.0000,-1,-1
340,124,1070.00,270.00,51.80,153.10,1.0000,-1,-1
340,125,631.00,291.00,44.10,116.60,0.9970,-1,-1
340,129,540.00,286.00,44.80,113.60,0.9930,-1,-1
340,134,862.00,281.00,50.20,146.00,0.9990,-1,-1
340,138,677.00,299.00,26.80,65.50,0.9850,-1,-1
340,143,1004.00,295.00,26.90,61.70,0.9740,-1,-1
340,149,576.00,292.00,46.20,137.10,0.9710,-1,-1
340,150,-4.00,283.00,29.50,102.50,0.9970,-1,-1
341,5,1703.00,216.00,234.40,799.80,1.0000,-1,-1
341,30,1154.00,298.00,71.20,154.80,0.9990,-1,-1
341,59,709.00,260.00,98.90,256.90,1.0000,-1,-1
341,69,341.00,262.00,115.00,258.60,0.9980,-1,-1
341,109,35.00,260.00,141.40,279.40,0.9990,-1,-1
341,111,1221.00,287.00,41.70,125.10,0.9960,-1,-1
341,117,941.00,288.00,46.60,137.00,0.9990,-1,-1
341,124,1065.00,277.00,52.00,162.50,1.0000,-1,-1
341,125,625.00,290.00,45.20,121.70,0.9900,-1,-1
341,129,540.00,289.00,44.40,109.90,0.9980,-1,-1
341,134,855.00,282.00,53.00,145.90,1.0000,-1,-1
341,138,676.00,303.00,25.40,66.30,0.9770,-1,-1
341,143,1004.00,307.00,23.90,50.40,0.9980,-1,-1
341,149,576.00,295.00,46.00,133.00,0.9860,-1,-1
341,152,659.00,303.00,25.90,68.40,0.9010,-1,-1
342,5,1726.00,229.00,213.00,828.40,1.0000,-1,-1
342,30,1156.00,300.00,66.00,159.80,1.0000,-1,-1
342,59,698.00,267.00,114.30,264.50,1.0000,-1,-1
342,69,347.00,259.00,125.80,265.60,0.9960,-1,-1
342,109,12.00,269.00,124.50,288.40,1.0000,-1,-1
342,111,1223.00,295.00,37.10,118.40,0.9970,-1,-1
342,117,927.00,306.00,50.60,134.70,0.9990,-1,-1
342,124,1063.00,279.00,52.40,160.50,1.0000,-1,-1
342,125,616.00,296.00,48.70,119.00,0.9670,-1,-1
342,129,539.00,294.00,44.30,110.40,0.9940,-1,-1
342,134,852.00,287.00,59.50,156.00,1.0000,-1,-1
342,138,673.00,314.00,24.30,64.50,0.9670,-1,-1
342,142,600.00,302.00,39.40,116.90,0.9770,-1,-1
342,143,999.00,309.00,26.70,62.30,0.9910,-1,-1
342,149,558.00,299.00,58.50,114.60,0.9320,-1,-1
342,152,657.00,313.00,22.90,63.70,0.9630,-1,-1
343,5,1697.00,229.00,255.50,816.40,1.0000,-1,-1
343,30,1155.00,310.00,55.20,145.40,0.9990,-1,-1
343,59,714.00,260.00,98.50,270.00,0.9990,-1,-1
343,69,340.00,278.00,110.50,246.00,0.9980,-1,-1
343,109,31.00,263.00,102.80,298.00,0.9980,-1,-1
343,111,1220.00,299.00,43.90,120.70,0.9970,-1,-1
343,117,928.00,306.00,53.00,140.60,0.9990,-1,-1
343,124,1066.00,291.00,50.50,161.90,1.0000,-1,-1
343,125,620.00,305.00,43.20,112.50,0.9950,-1,-1
343,129,538.00,299.00,45.60,109.00,0.9990,-1,-1
343,134,851.00,295.00,51.40,150.40,0.9990,-1,-1
343,138,668.00,319.00,26.80,66.20,0.9090,-1,-1
343,142,599.00,304.00,40.40,121.00,0.9800,-1,-1
343,143,1003.00,316.00,21.00,56.30,0.9870,-1,-1
343,149,559.00,303.00,45.00,118.90,0.9870,-1,-1
343,152,652.00,308.00,27.20,71.90,0.9170,-1,-1
344,5,1722.00,230.00,217.80,833.40,1.0000,-1,-1
344,30,1159.00,307.00,64.60,153.00,0.9990,-1,-1
344,59,690.00,265.00,114.60,263.10,1.0000,-1,-1
344,69,329.00,266.00,125.00,268.60,0.9980,-1,-1
344,109,2.00,260.00,117.70,307.80,0.9960,-1,-1
344,111,1228.00,303.00,35.30,114.90,0.9970,-1,-1
344,117,930.00,309.00,50.20,139.70,0.9990,-1,-1
344,124,1071.00,297.00,49.70,157.60,1.0000,-1,-1
344,125,618.00,305.00,42.40,110.80,1.0000,-1,-1
344,129,545.00,303.00,44.20,105.40,0.9990,-1,-1
344,134,857.00,305.00,48.90,138.50,1.0000,-1,-1
344,138,670.00,324.00,22.30,58.10,0.9750,-1,-1
344,143,1002.00,319.00,24.70,53.60,0.9980,-1,-1
344,149,579.00,312.00,42.30,122.00,0.9910,-1,-1
344,152,653.00,314.00,25.20,67.10,0.9050,-1,-1
345,5,1713.00,247.00,239.80,822.50,0.9990,-1,-1
345,30,1151.00,311.00,70.70,157.60,0.9990,-1,-1
345,59,701.00,255.00,96.00,275.90,1.0000,-1,-1
345,69,335.00,274.00,121.20,271.20,0.9990,-1,-1
345,109,12.00,263.00,125.00,297.10,0.9990,-1,-1
345,111,1232.00,302.00,38.80,122.60,0.9920,-1,-1
345,117,933.00,305.00,50.40,141.40,0.9990,-1,-1
345,124,1069.00,291.00,55.00,163.80,1.0000,-1,-1
345,125,615.00,307.00,46.30,120.00,1.0000,-1,-1
345,129,541.00,310.00,43.50,111.60,0.9990,-1,-1
345,134,857.00,302.00,53.60,141.10,1.0000,-1,-1
345,138,669.00,317.00,26.00,67.30,0.9020,-1,-1
345,143,1000.00,319.00,25.90,59.40,0.9980,-1,-1
345,149,573.00,310.00,44.50,131.60,0.9970,-1,-1
346,5,1735.00,276.00,221.00,779.00,0.9990,-1,-1
346,30,1158.00,310.00,67.50,157.80,1.0000,-1,-1
346,59,687.00,268.00,118.70,295.80,1.0000,-1,-1
346,69,333.00,283.00,116.50,262.30,0.9990,-1,-1
346,109,10.00,272.00,110.80,298.90,0.9990,-1,-1
346,111,1230.00,312.00,38.50,123.90,0.9880,-1,-1
346,117,929.00,311.00,56.10,145.20,0.9990,-1,-1
346,124,1068.00,298.00,51.70,157.90,1.0000,-1,-1
346,125,611.00,316.00,42.10,111.90,0.9940,-1,-1
346,129,547.00,311.00,39.80,110.30,0.9950,-1,-1
346,134,850.00,291.00,62.60,166.10,0.9990,-1,-1
346,138,668.00,324.00,25.90,67.10,0.9650,-1,-1
346,143,1004.00,320.00,22.40,60.00,0.9950,-1,-1
346,149,574.00,311.00,41.70,122.30,0.9990,-1,-1
346,152,653.00,319.00,24.60,61.40,0.9670,-1,-1
347,5,1743.00,255.00,240.50,821.60,0.9890,-1,-1
347,30,1154.00,313.00,72.30,162.10,1.0000,-1,-1
347,59,689.00,285.00,98.00,288.60,1.0000,-1,-1
347,69,341.00,272.00,109.60,261.00,0.9980,-1,-1
347,109,7.00,274.00,101.60,293.10,0.9970,-1,-1
347,111,1234.00,317.00,39.40,121.20,0.9970,-1,-1
347,117,931.00,314.00,49.00,138.90,0.9970,-1,-1
347,124,1068.00,304.00,54.70,160.00,1.0000,-1,-1
347,125,609.00,312.00,39.90,113.80,0.9980,-1,-1
347,129,553.00,310.00,43.90,108.10,0.9880,-1,-1
347,134,850.00,296.00,56.10,150.40,1.0000,-1,-1
347,138,670.00,329.00,23.50,60.60,0.9570,-1,-1
347,143,1003.00,323.00,25.60,56.40,0.9910,-1,-1
347,149,578.00,315.00,40.70,120.10,0.9950,-1,-1
347,152,651.00,316.00,26.20,67.20,0.9480,-1,-1
348,5,1738.00,262.00,242.80,814.20,0.9930,-1,-1
348,30,1159.00,312.00,69.20,163.80,1.0000,-1,-1
348,59,655.00,274.00,119.80,283.20,1.0000,-1,-1
348,69,340.00,291.00,111.00,250.90,0.9980,-1,-1
348,109,-4.00,282.00,103.70,276.30,0.9940,-1,-1
348,111,1232.00,319.00,39.70,117.60,1.0000,-1,-1
348,117,924.00,320.00,50.50,139.60,0.9980,-1,-1
348,124,1064.00,294.00,58.90,171.60,1.0000,-1,-1
348,125,603.00,316.00,42.30,112.40,0.9970,-1,-1
348,129,559.00,316.00,41.70,116.10,0.9970,-1,-1
348,134,847.00,292.00,59.70,157.60,0.9990,-1,-1
348,143,1003.00,323.00,23.90,57.20,0.9960,-1,-1
348,149,578.00,317.00,41.30,131.20,0.9310,-1,-1
349,5,1760.00,238.00,226.70,847.30,0.9910,-1,-1
349,30,1155.00,315.00,67.80,152.50,1.0000,-1,-1
349,59,674.00,271.00,106.50,306.80,1.0000,-1,-1
349,69,338.00,289.00,106.00,267.30,0.9980,-1,-1
349,109,-5.00,294.00,85.60,264.60,0.9900,-1,-1
349,111,1231.00,312.00,39.90,115.30,0.9990,-1,-1
349,117,923.00,314.00,51.00,143.90,0.9980,-1,-1
349,124,1069.00,302.00,49.20,156.70,1.0000,-1,-1
349,129,563.00,321.00,41.70,119.10,0.9920,-1,-1
349,134,849.00,293.00,58.20,151.10,0.9990,-1,-1
349,142,598.00,311.00,39.70,116.60,0.9860,-1,-1
349,143,1002.00,321.00,27.20,63.60,0.9980,-1,-1
349,152,651.00,323.00,22.10,66.50,0.9790,-1,-1
350,5,1752.00,274.00,237.00,817.90,0.9820,-1,-1
350,30,1159.00,309.00,61.60,159.50,1.0000,-1,-1
350,59,659.00,271.00,120.60,310.20,1.0000,-1,-1
350,69,322.00,272.00,124.90,284.70,0.9990,-1,-1
350,109,3.00,286.00,81.10,266.40,0.9330,-1,-1
350,111,1233.00,319.00,41.50,122.90,0.9980,-1,-1
350,117,918.00,316.00,54.80,134.80,0.9940,-1,-1
350,124,1068.00,301.00,48.90,153.90,1.0000,-1,-1
350,129,558.00,313.00,47.30,128.50,0.9930,-1,-1
350,134,846.00,293.00,60.50,164.80,1.0000,-1,-1
350,142,598.00,318.00,38.10,116.30,0.9380,-1,-1
350,143,1002.00,320.00,26.60,62.30,0.9940,-1,-1
350,152,646.00,322.00,24.10,64.50,0.9720,-1,-1
351,5,1753.00,225.00,238.10,870.80,0.9840,-1,-1
351,30,1153.00,311.00,70.40,157.90,1.0000,-1,-1
351,59,646.00,283.00,123.70,290.10,1.0000,-1,-1
351,69,325.00,268.00,118.70,282.30,0.9990,-1,-1
351,109,-1.00,289.00,66.80,236.10,0.9440,-1,-1
351,111,1236.00,309.00,36.30,115.60,1.0000,-1,-1
351,117,921.00,314.00,48.30,135.30,0.9950,-1,-1
351,124,1069.00,300.00,50.90,160.40,1.0000,-1,-1
351,129,559.00,313.00,41.80,119.20,0.9960,-1,-1
351,134,853.00,298.00,52.40,152.80,1.0000,-1,-1
351,142,589.00,315.00,50.00,123.00,0.9580,-1,-1
351,143,1003.00,324.00,24.30,58.90,0.9970,-1,-1
352,5,1755.00,273.00,250.60,774.90,0.9790,-1,-1
352,30,1152.00,309.00,67.20,163.00,1.0000,-1,-1
352,59,636.00,283.00,123.70,285.70,1.0000,-1,-1
352,69,323.00,266.00,118.20,291.30,0.9990,-1,-1
352,109,18.00,307.00,52.60,149.70,0.9880,-1,-1
352,111,1236.00,312.00,36.20,118.20,0.9990,-1,-1
352,117,918.00,313.00,51.40,133.90,0.9960,-1,-1
352,124,1068.00,300.00,48.40,152.70,1.0000,-1,-1
352,129,562.00,317.00,39.10,133.30,0.9880,-1,-1
352,134,846.00,299.00,55.60,153.60,0.9990,-1,-1
352,143,1001.00,321.00,26.70,60.00,0.9970,-1,-1
352,149,586.00,317.00,38.50,118.50,0.9090,-1,-1
353,5,1744.00,224.00,275.40,810.50,0.9400,-1,-1
353,30,1157.00,312.00,61.50,162.60,1.0000,-1,-1
353,59,635.00,281.00,130.30,297.80,1.0000,-1,-1
353,69,319.00,260.00,123.50,299.10,0.9990,-1,-1
353,109,11.00,311.00,53.90,143.00,0.9830,-1,-1
353,111,1235.00,320.00,41.90,118.10,1.0000,-1,-1
353,117,921.00,321.00,47.50,125.80,0.9980,-1,-1
353,124,1067.00,296.00,48.90,158.10,1.0000,-1,-1
353,129,543.00,314.00,46.60,118.80,0.9940,-1,-1
353,134,844.00,299.00,57.30,157.20,0.9980,-1,-1
353,143,999.00,321.00,26.00,63.90,0.9950,-1,-1
353,149,570.00,311.00,46.40,128.30,0.9570,-1,-1
354,5,1733.00,229.00,300.70,828.80,0.9500,-1,-1
354,30,1158.00,321.00,59.70,149.70,1.0000,-1,-1
354,59,625.00,270.00,129.40,306.70,1.0000,-1,-1
354,69,332.00,274.00,122.10,279.60,0.9990,-1,-1
354,109,5.00,310.00,58.50,159.70,0.9930,-1,-1
354,111,1232.00,315.00,45.00,127.10,0.9990,-1,-1
354,117,915.00,314.00,48.60,138.00,0.9990,-1,-1
354,124,1066.00,305.00,52.60,163.60,1.0000,-1,-1
354,134,842.00,304.00,52.30,155.80,0.9990,-1,-1
354,143,999.00,329.00,23.40,58.70,0.9960,-1,-1
354,149,564.00,318.00,46.10,130.70,0.9930,-1,-1
355,5,1745.00,246.00,277.00,826.30,0.9480,-1,-1
355,30,1158.00,322.00,62.40,158.10,1.0000,-1,-1
355,59,620.00,264.00,127.80,324.00,1.0000,-1,-1
355,69,346.00,270.00,111.50,286.00,0.9980,-1,-1
355,109,1.00,305.00,65.20,164.30,0.9980,-1,-1
355,111,1235.00,323.00,38.20,121.90,0.9920,-1,-1
355,117,914.00,322.00,52.50,136.60,0.9990,-1,-1
355,124,1064.00,303.00,53.80,165.70,1.0000,-1,-1
355,129,532.00,320.00,46.00,113.20,0.9790,-1,-1
355,134,843.00,309.00,55.80,154.90,0.9990,-1,-1
355,143,996.00,331.00,24.70,58.90,0.9950,-1,-1
355,149,564.00,319.00,43.10,140.10,0.9930,-1,-1
356,5,1715.00,236.00,314.20,824.90,0.9650,-1,-1
356,30,1156.00,330.00,53.50,144.90,0.9990,-1,-1
356,59,616.00,271.00,132.60,310.10,1.0000,-1,-1
356,69,320.00,269.00,127.20,302.80,0.9990,-1,-1
356,111,1233.00,317.00,45.20,128.60,0.9980,-1,-1
356,117,914.00,321.00,50.90,135.60,0.9980,-1,-1
356,124,1062.00,316.00,56.10,154.80,1.0000,-1,-1
356,129,525.00,312.00,49.40,125.10,0.9900,-1,-1
356,134,839.00,309.00,55.80,148.20,1.0000,-1,-1
356,143,995.00,333.00,25.90,59.40,0.9840,-1,-1
356,149,557.00,322.00,45.10,129.40,0.9920,-1,-1
357,30,1148.00,327.00,59.50,158.60,1.0000,-1,-1
357,59,600.00,284.00,118.70,327.50,1.0000,-1,-1
357,69,338.00,293.00,118.80,266.70,0.9990,-1,-1
357,109,-3.00,318.00,47.70,149.10,0.9480,-1,-1
357,111,1238.00,328.00,41.10,125.60,0.9980,-1,-1
357,117,912.00,323.00,49.90,144.70,0.9990,-1,-1
357,124,1061.00,314.00,51.50,163.20,1.0000,-1,-1
357,129,515.00,324.00,47.50,118.20,0.9660,-1,-1
357,134,841.00,313.00,58.20,152.30,1.0000,-1,-1
357,143,991.00,338.00,24.10,59.70,0.9950,-1,-1
357,149,555.00,328.00,44.70,134.00,0.9450,-1,-1
357,154,730.00,332.00,23.70,66.90,0.9990,-1,-1
357,155,539.00,326.00,39.70,122.80,0.9980,-1,-1
358,5,1719.00,272.00,329.90,824.60,0.9210,-1,-1
358,30,1153.00,340.00,62.60,143.50,1.0000,-1,-1
358,59,608.00,280.00,107.40,301.10,1.0000,-1,-1
358,69,332.00,283.00,109.70,286.20,0.9990,-1,-1
358,109,-3.00,318.00,43.10,156.00,0.9620,-1,-1
358,111,1239.00,327.00,40.90,125.60,0.9990,-1,-1
358,117,909.00,336.00,51.60,132.70,0.9980,-1,-1
358,124,1061.00,322.00,56.20,162.30,1.0000,-1,-1
358,129,513.00,327.00,47.90,122.60,0.9970,-1,-1
358,134,840.00,315.00,57.80,159.60,1.0000,-1,-1
358,143,993.00,338.00,27.80,62.90,0.9970,-1,-1
358,149,548.00,324.00,45.30,129.40,0.9980,-1,-1
358,154,729.00,334.00,23.20,66.20,0.9980,-1,-1
359,5,1738.00,297.00,291.30,777.80,0.9610,-1,-1
359,30,1145.00,337.00,66.50,157.40,1.0000,-1,-1
359,59,600.00,289.00,113.50,315.70,1.0000,-1,-1
359,69,325.00,275.00,140.10,307.40,0.9990,-1,-1
359,111,1236.00,335.00,41.40,126.00,0.9980,-1,-1
359,117,907.00,334.00,51.80,131.50,0.9980,-1,-1
359,124,1064.00,317.00,52.50,171.50,1.0000,-1,-1
359,129,503.00,334.00,40.70,119.30,0.9830,-1,-1
359,134,837.00,328.00,52.60,149.40,0.9990,-1,-1
359,143,990.00,348.00,24.20,55.70,0.9950,-1,-1
359,154,721.00,340.00,24.50,64.90,0.9850,-1,-1
359,155,542.00,330.00,44.10,132.60,1.0000,-1,-1
360,5,1723.00,290.00,309.40,796.20,0.9700,-1,-1
360,30,1142.00,338.00,64.70,157.20,1.0000,-1,-1
360,59,599.00,278.00,105.50,321.20,1.0000,-1,-1
360,69,326.00,284.00,127.90,295.60,1.0000,-1,-1
360,111,1238.00,332.00,41.60,128.40,0.9970,-1,-1
360,117,903.00,339.00,47.00,128.50,0.9960,-1,-1
360,124,1054.00,317.00,52.90,175.50,1.0000,-1,-1
360,129,502.00,319.00,53.30,147.70,0.9760,-1,-1
360,134,830.00,318.00,59.20,160.60,0.9990,-1,-1
360,143,985.00,345.00,26.00,60.40,0.9840,-1,-1
360,154,720.00,340.00,22.70,65.60,0.9950,-1,-1
360,155,544.00,325.00,43.60,143.10,0.9990,-1,-1
361,5,1733.00,302.00,299.70,783.90,0.9480,-1,-1
361,30,1146.00,336.00,66.50,159.00,1.0000,-1,-1
361,59,586.00,292.00,103.70,305.80,1.0000,-1,-1
361,69,319.00,287.00,127.10,274.60,0.9990,-1,-1
361,111,1237.00,339.00,38.50,128.20,0.9920,-1,-1
361,117,904.00,341.00,48.00,132.10,0.9970,-1,-1
361,124,1057.00,325.00,53.60,166.30,1.0000,-1,-1
361,129,494.00,330.00,47.30,128.00,0.9880,-1,-1
361,134,829.00,325.00,58.50,154.10,0.9980,-1,-1
361,143,989.00,346.00,25.00,58.80,0.9950,-1,-1
361,154,721.00,338.00,23.10,67.60,0.9900,-1,-1
361,155,545.00,328.00,33.40,130.00,0.9980,-1,-1
362,5,1724.00,296.00,320.30,800.80,0.9570,-1,-1
362,30,1134.00,332.00,71.10,167.30,1.0000,-1,-1
362,59,568.00,280.00,130.00,341.20,1.0000,-1,-1
362,69,330.00,281.00,120.80,280.60,1.0000,-1,-1
362,111,1241.00,340.00,42.00,119.10,1.0000,-1,-1
362,117,899.00,323.00,52.10,149.20,0.9910,-1,-1
362,124,1059.00,328.00,49.40,164.20,1.0000,-1,-1
362,129,484.00,334.00,49.40,119.00,0.9990,-1,-1
362,134,826.00,322.00,53.20,147.30,0.9990,-1,-1
362,143,987.00,344.00,26.50,61.20,0.9980,-1,-1
362,154,712.00,343.00,23.80,63.90,0.9990,-1,-1
362,155,539.00,328.00,40.80,136.60,0.9990,-1,-1
363,30,1144.00,339.00,60.90,157.60,1.0000,-1,-1
363,59,567.00,296.00,127.80,335.00,1.0000,-1,-1
363,69,332.00,270.00,126.10,300.00,1.0000,-1,-1
363,111,1237.00,338.00,44.10,125.30,0.9970,-1,-1
363,117,900.00,329.00,50.10,141.40,0.9940,-1,-1
363,124,1061.00,321.00,55.00,160.40,1.0000,-1,-1
363,129,473.00,325.00,45.40,134.50,0.9810,-1,-1
363,134,827.00,320.00,57.20,154.50,0.9990,-1,-1
363,143,988.00,346.00,24.80,56.90,0.9950,-1,-1
363,154,713.00,341.00,22.90,60.70,1.0000,-1,-1
363,155,537.00,334.00,34.30,129.60,0.9980,-1,-1
364,30,1135.00,343.00,63.70,147.40,1.0000,-1,-1
364,59,548.00,273.00,129.60,345.00,1.0000,-1,-1
364,69,308.00,270.00,157.80,317.60,1.0000,-1,-1
364,111,1240.00,335.00,42.80,120.10,0.9990,-1,-1
364,117,898.00,334.00,47.60,133.40,0.9960,-1,-1
364,124,1055.00,317.00,54.00,164.60,1.0000,-1,-1
364,129,479.00,330.00,47.40,123.40,0.9950,-1,-1
364,134,824.00,323.00,52.30,148.30,0.9990,-1,-1
364,138,669.00,330.00,25.50,72.60,0.9570,-1,-1
364,143,986.00,338.00,26.40,63.50,0.9950,-1,-1
364,154,710.00,339.00,24.20,65.10,0.9990,-1,-1
364,155,524.00,323.00,44.70,146.00,0.9950,-1,-1
365,30,1134.00,336.00,68.50,152.90,1.0000,-1,-1
365,59,538.00,277.00,144.50,356.80,1.0000,-1,-1
365,69,324.00,271.00,122.90,303.00,1.0000,-1,-1
365,111,1240.00,328.00,39.80,139.60,0.9970,-1,-1
365,117,900.00,330.00,48.70,133.70,0.9980,-1,-1
365,124,1064.00,318.00,50.90,165.30,1.0000,-1,-1
365,129,477.00,331.00,39.20,115.70,0.9990,-1,-1
365,134,820.00,315.00,59.90,156.10,1.0000,-1,-1
365,143,981.00,342.00,28.20,60.00,0.9860,-1,-1
365,154,708.00,339.00,24.10,62.70,1.0000,-1,-1
365,156,506.00,323.00,37.00,134.20,0.9760,-1,-1
366,30,1130.00,340.00,66.30,145.60,1.0000,-1,-1
366,59,539.00,280.00,129.20,360.80,1.0000,-1,-1
366,69,327.00,292.00,135.20,282.20,0.9990,-1,-1
366,111,1241.00,334.00,37.00,125.00,0.9970,-1,-1
366,117,895.00,330.00,53.00,143.20,0.9980,-1,-1
366,124,1063.00,315.00,52.30,169.70,1.0000,-1,-1
366,129,465.00,325.00,47.70,134.20,0.9760,-1,-1
366,134,820.00,319.00,56.40,153.60,1.0000,-1,-1
366,138,663.00,332.00,26.50,75.00,0.9740,-1,-1
366,143,980.00,343.00,27.10,58.20,0.9940,-1,-1
366,154,707.00,339.00,23.50,60.00,0.9990,-1,-1
366,156,505.00,335.00,39.40,115.00,0.9740,-1,-1
367,30,1131.00,331.00,73.00,163.60,1.0000,-1,-1
367,59,531.00,292.00,128.10,359.10,1.0000,-1,-1
367,69,313.00,276.00,150.90,306.60,0.9990,-1,-1
367,111,1248.00,335.00,42.00,121.70,0.9960,-1,-1
367,117,898.00,337.00,46.00,126.60,0.9990,-1,-1
367,124,1059.00,322.00,56.80,154.40,1.0000,-1,-1
367,129,467.00,329.00,43.30,125.00,0.9760,-1,-1
367,134,824.00,315.00,62.10,167.70,1.0000,-1,-1
367,138,663.00,334.00,26.40,77.30,0.9860,-1,-1
367,143,985.00,345.00,22.10,57.00,0.9940,-1,-1
367,154,708.00,338.00,20.80,60.90,0.9950,-1,-1
367,156,507.00,321.00,46.10,133.10,0.9590,-1,-1
368,30,1134.00,330.00,60.60,158.50,1.0000,-1,-1
368,59,541.00,281.00,112.70,354.90,1.0000,-1,-1
368,69,327.00,273.00,124.50,318.40,1.0000,-1,-1
368,111,1251.00,334.00,40.70,125.10,0.9990,-1,-1
368,117,901.00,330.00,51.10,133.00,0.9990,-1,-1
368,124,1063.00,320.00,53.60,164.70,1.0000,-1,-1
368,129,467.00,334.00,40.60,125.80,0.9680,-1,-1
368,134,821.00,316.00,53.90,159.90,1.0000,-1,-1
368,138,657.00,339.00,26.70,72.50,0.9540,-1,-1
368,143,985.00,343.00,28.80,60.80,0.9880,-1,-1
368,154,708.00,341.00,22.40,64.30,0.9990,-1,-1
368,155,518.00,321.00,41.80,142.40,0.9780,-1,-1
369,30,1138.00,331.00,67.40,143.20,0.9990,-1,-1
369,59,511.00,272.00,143.50,367.30,1.0000,-1,-1
369,69,318.00,295.00,171.20,294.00,0.9990,-1,-1
369,111,1255.00,333.00,38.20,124.70,0.9990,-1,-1
369,117,898.00,327.00,49.90,137.70,0.9940,-1,-1
369,124,1057.00,319.00,55.60,168.00,0.9980,-1,-1
369,134,816.00,314.00,64.50,167.20,0.9980,-1,-1
369,138,657.00,333.00,26.70,76.30,0.9070,-1,-1
369,154,715.00,344.00,21.70,62.50,0.9550,-1,-1
370,30,1143.00,327.00,65.30,159.10,1.0000,-1,-1
370,59,520.00,270.00,138.40,370.50,1.0000,-1,-1
370,69,310.00,273.00,143.70,306.80,0.9980,-1,-1
370,111,1255.00,328.00,37.50,122.10,0.9960,-1,-1
370,117,900.00,333.00,49.30,127.50,0.9970,-1,-1
370,124,1057.00,310.00,55.30,183.60,1.0000,-1,-1
370,129,461.00,324.00,40.60,126.00,0.9830,-1,-1
370,134,826.00,317.00,57.30,160.90,1.0000,-1,-1
370,138,666.00,337.00,26.00,71.00,0.9950,-1,-1
370,143,990.00,343.00,27.40,63.90,0.9880,-1,-1
370,152,647.00,344.00,24.40,67.30,0.9240,-1,-1
370,154,711.00,336.00,24.30,66.50,0.9920,-1,-1
370,156,499.00,326.00,40.10,135.40,0.9880,-1,-1
371,30,1151.00,327.00,64.60,163.10,1.0000,-1,-1
371,59,524.00,269.00,130.50,389.80,1.0000,-1,-1
371,69,311.00,287.00,159.60,308.10,1.0000,-1,-1
371,111,1268.00,331.00,33.40,124.90,0.9980,-1,-1
371,117,907.00,339.00,46.80,125.60,0.9990,-1,-1
371,124,1068.00,320.00,57.50,173.90,1.0000,-1,-1
371,129,464.00,330.00,43.90,119.70,0.9590,-1,-1
371,134,834.00,326.00,53.00,140.00,0.9980,-1,-1
371,138,669.00,332.00,27.00,78.50,0.9660,-1,-1
371,143,998.00,347.00,27.70,59.10,0.9910,-1,-1
371,152,655.00,343.00,24.80,63.80,0.9890,-1,-1
371,154,717.00,337.00,24.40,67.50,0.9990,-1,-1
371,156,489.00,333.00,43.10,130.30,0.9930,-1,-1
371,157,950.00,350.00,19.80,38.20,0.9100,-1,-1
372,30,1161.00,332.00,62.50,154.40,1.0000,-1,-1
372,59,512.00,258.00,134.70,395.60,1.0000,-1,-1
372,69,337.00,275.00,141.30,302.50,1.0000,-1,-1
372,117,912.00,322.00,53.60,141.10,0.9950,-1,-1
372,124,1086.00,312.00,52.10,175.50,1.0000,-1,-1
372,129,461.00,325.00,40.90,135.60,0.9240,-1,-1
372,134,836.00,323.00,52.20,140.50,0.9980,-1,-1
372,138,673.00,331.00,30.00,81.10,0.9960,-1,-1
372,143,1009.00,339.00,24.40,62.50,0.9990,-1,-1
372,152,645.00,337.00,26.90,69.60,0.9930,-1,-1
372,154,724.00,335.00,23.50,61.80,1.0000,-1,-1
372,158,1286.00,334.00,36.70,120.30,0.9960,-1,-1
373,30,1163.00,324.00,62.30,161.40,1.0000,-1,-1
373,59,516.00,280.00,138.10,382.50,1.0000,-1,-1
373,69,342.00,275.00,141.80,311.40,0.9990,-1,-1
373,117,917.00,327.00,56.00,139.90,0.9970,-1,-1
373,124,1088.00,306.00,54.10,179.90,1.0000,-1,-1
373,129,461.00,316.00,47.10,138.10,0.9850,-1,-1
373,134,834.00,311.00,56.50,156.60,0.9990,-1,-1
373,138,678.00,321.00,30.30,86.40,0.9830,-1,-1
373,143,1008.00,333.00,30.00,65.80,0.9910,-1,-1
373,152,645.00,335.00,26.50,66.20,0.9780,-1,-1
373,154,722.00,333.00,29.60,65.90,0.9880,-1,-1
373,158,1289.00,330.00,43.10,124.10,0.9960,-1,-1
373,159,665.00,334.00,25.10,69.40,0.9840,-1,-1
374,30,1166.00,336.00,57.80,148.30,1.0000,-1,-1
374,59,491.00,266.00,141.10,374.60,1.0000,-1,-1
374,69,355.00,265.00,143.80,309.80,1.0000,-1,-1
374,117,918.00,317.00,58.90,145.00,0.9990,-1,-1
374,124,1090.00,309.00,57.20,174.50,1.0000,-1,-1
374,134,845.00,319.00,54.30,144.20,0.9980,-1,-1
374,138,686.00,321.00,29.10,79.60,0.9960,-1,-1
374,143,1019.00,336.00,27.10,59.90,0.9960,-1,-1
374,152,658.00,331.00,23.00,61.30,0.9790,-1,-1
374,154,732.00,333.00,26.20,63.70,0.9980,-1,-1
374,158,1294.00,326.00,40.60,125.80,0.9890,-1,-1
374,159,672.00,331.00,27.80,68.10,0.9990,-1,-1
375,30,1174.00,323.00,60.20,159.10,0.9990,-1,-1
375,59,503.00,267.00,147.50,389.40,1.0000,-1,-1
375,69,340.00,261.00,149.90,320.30,1.0000,-1,-1
375,117,924.00,316.00,59.90,150.80,0.9980,-1,-1
375,124,1091.00,303.00,59.80,177.00,1.0000,-1,-1
375,134,840.00,308.00,58.70,151.60,0.9930,-1,-1
375,138,683.00,318.00,28.60,78.70,0.9930,-1,-1
375,143,1021.00,333.00,23.50,61.50,0.9970,-1,-1
375,152,656.00,330.00,25.10,63.50,0.9750,-1,-1
375,154,736.00,333.00,25.20,62.70,0.9990,-1,-1
375,158,1305.00,318.00,36.70,126.20,0.9860,-1,-1
375,160,976.00,335.00,18.80,43.10,0.9070,-1,-1
376,30,1175.00,321.00,60.10,155.90,0.9990,-1,-1
376,59,492.00,255.00,158.90,407.70,1.0000,-1,-1
376,69,347.00,261.00,157.30,322.30,1.0000,-1,-1
376,117,929.00,316.00,57.00,144.60,0.9990,-1,-1
376,124,1101.00,302.00,55.80,178.60,1.0000,-1,-1
376,134,845.00,307.00,54.60,158.20,0.9970,-1,-1
376,138,684.00,318.00,32.50,81.80,0.9920,-1,-1
376,143,1022.00,329.00,28.40,59.90,0.9950,-1,-1
376,152,659.00,324.00,24.50,64.50,0.9660,-1,-1
376,154,737.00,330.00,25.20,62.90,0.9990,-1,-1
376,158,1305.00,322.00,40.10,122.00,0.9980,-1,-1
377,30,1183.00,316.00,59.20,149.50,1.0000,-1,-1
377,59,477.00,264.00,144.30,387.20,1.0000,-1,-1
377,69,363.00,251.00,124.70,325.90,1.0000,-1,-1
377,117,928.00,312.00,56.00,138.40,0.9990,-1,-1
377,124,1100.00,304.00,61.30,173.90,1.0000,-1,-1
377,134,856.00,303.00,55.00,145.90,1.0000,-1,-1
377,138,694.00,314.00,26.30,77.50,0.9980,-1,-1
377,143,1032.00,320.00,27.30,60.70,0.9980,-1,-1
377,152,663.00,316.00,24.20,64.80,0.9940,-1,-1
377,154,744.00,323.00,24.60,61.50,0.9980,-1,-1
377,158,1318.00,312.00,37.00,121.30,0.9950,-1,-1
377,159,681.00,325.00,25.00,62.70,0.9790,-1,-1
378,30,1179.00,312.00,59.70,152.00,1.0000,-1,-1
378,59,465.00,241.00,163.70,405.90,1.0000,-1,-1
378,69,366.00,253.00,143.80,328.30,0.9990,-1,-1
378,117,928.00,308.00,60.20,139.80,0.9980,-1,-1
378,124,1113.00,297.00,52.10,174.10,1.0000,-1,-1
378,134,857.00,296.00,59.20,153.90,1.0000,-1,-1
378,138,693.00,306.00,29.90,78.90,0.9960,-1,-1
378,143,1035.00,319.00,27.00,62.40,0.9950,-1,-1
378,152,665.00,318.00,25.70,63.90,0.9810,-1,-1
378,154,741.00,319.00,28.00,66.70,0.9990,-1,-1
378,158,1317.00,313.00,41.60,128.70,0.9940,-1,-1
379,30,1185.00,306.00,62.30,158.60,0.9980,-1,-1
379,59,459.00,248.00,166.70,413.40,1.0000,-1,-1
379,69,358.00,263.00,142.30,316.10,0.9990,-1,-1
379,117,927.00,306.00,57.40,148.20,0.9970,-1,-1
379,124,1105.00,294.00,62.60,179.80,1.0000,-1,-1
379,134,855.00,291.00,55.70,157.20,0.9990,-1,-1
379,138,695.00,312.00,28.00,77.70,0.9980,-1,-1
379,143,1037.00,317.00,29.10,65.10,0.9980,-1,-1
379,152,670.00,318.00,23.70,67.40,0.9680,-1,-1
379,154,743.00,311.00,29.50,74.20,1.0000,-1,-1
379,158,1321.00,317.00,41.10,117.80,0.9940,-1,-1
379,161,989.00,325.00,19.50,39.40,0.9170,-1,-1
380,30,1184.00,301.00,66.90,160.30,0.9990,-1,-1
380,59,458.00,246.00,166.40,405.70,1.0000,-1,-1
380,69,367.00,255.00,135.10,332.60,0.9990,-1,-1
380,117,930.00,299.00,60.80,147.80,0.9990,-1,-1
380,124,1113.00,294.00,57.50,173.60,1.0000,-1,-1
380,134,853.00,290.00,62.40,159.00,0.9990,-1,-1
380,138,695.00,312.00,26.60,72.70,0.9970,-1,-1
380,143,1039.00,317.00,29.20,64.50,0.9990,-1,-1
380,152,670.00,319.00,24.50,62.40,0.9750,-1,-1
380,154,745.00,316.00,27.30,68.00,1.0000,-1,-1
380,158,1329.00,309.00,43.70,121.40,0.9910,-1,-1
381,30,1196.00,315.00,52.20,134.40,0.9990,-1,-1
381,59,450.00,252.00,163.20,418.20,1.0000,-1,-1
381,69,379.00,253.00,121.50,334.40,0.9990,-1,-1
381,117,932.00,308.00,57.50,148.30,1.0000,-1,-1
381,124,1123.00,303.00,53.10,159.80,1.0000,-1,-1
381,134,860.00,299.00,55.50,151.40,0.9980,-1,-1
381,138,697.00,307.00,30.10,79.80,0.9990,-1,-1
381,143,1041.00,316.00,28.10,63.30,0.9990,-1,-1
381,152,672.00,319.00,26.60,63.50,0.9750,-1,-1
381,154,745.00,318.00,27.70,64.30,0.9980,-1,-1
381,158,1332.00,316.00,45.50,118.50,0.9970,-1,-1
381,162,595.00,310.00,42.20,112.30,0.9990,-1,-1
382,30,1190.00,305.00,64.10,157.00,1.0000,-1,-1
382,59,436.00,233.00,164.00,441.80,1.0000,-1,-1
382,69,363.00,264.00,136.80,322.10,0.9980,-1,-1
382,117,944.00,306.00,55.20,143.10,1.0000,-1,-1
382,124,1123.00,292.00,52.40,178.20,1.0000,-1,-1
382,134,864.00,299.00,53.80,149.00,0.9990,-1,-1
382,138,704.00,308.00,29.90,78.70,1.0000,-1,-1
382,143,1045.00,319.00,28.10,61.40,0.9970,-1,-1
382,152,676.00,325.00,24.00,61.10,0.9930,-1,-1
382,154,744.00,316.00,29.40,67.10,0.9990,-1,-1
382,158,1343.00,315.00,43.10,116.60,0.9960,-1,-1
382,162,598.00,307.00,41.30,112.80,0.9970,-1,-1
383,30,1190.00,312.00,63.90,153.50,1.0000,-1,-1
383,59,413.00,241.00,191.10,450.50,1.0000,-1,-1
383,117,940.00,314.00,54.00,144.70,0.9990,-1,-1
383,124,1125.00,297.00,56.70,172.70,1.0000,-1,-1
383,134,860.00,298.00,57.30,153.10,0.9990,-1,-1
383,138,701.00,313.00,29.30,80.00,0.9980,-1,-1
383,143,1046.00,319.00,28.00,64.00,0.9940,-1,-1
383,152,679.00,323.00,22.60,60.20,0.9820,-1,-1
383,154,748.00,319.00,30.20,72.50,0.9920,-1,-1
383,158,1346.00,315.00,36.00,110.90,0.9930,-1,-1
383,162,598.00,305.00,40.90,115.90,0.9990,-1,-1
384,30,1195.00,318.00,59.50,145.50,1.0000,-1,-1
384,59,390.00,243.00,175.70,425.90,1.0000,-1,-1
384,117,933.00,302.00,57.10,162.10,0.9990,-1,-1
384,124,1125.00,296.00,62.00,183.60,1.0000,-1,-1
384,134,859.00,302.00,57.30,151.00,0.9990,-1,-1
384,138,700.00,315.00,28.30,79.50,0.9950,-1,-1
384,143,1046.00,325.00,27.70,58.60,0.9960,-1,-1
384,154,747.00,321.00,25.80,67.20,0.9890,-1,-1
384,158,1350.00,313.00,42.80,125.60,0.9740,-1,-1
384,159,683.00,327.00,22.00,59.40,0.9860,-1,-1
384,162,600.00,312.00,40.20,104.20,0.9950,-1,-1
384,163,571.00,316.00,40.20,132.00,0.9940,-1,-1
385,30,1198.00,312.00,57.70,157.40,1.0000,-1,-1
385,59,393.00,239.00,187.00,458.40,1.0000,-1,-1
385,117,936.00,305.00,54.70,152.00,1.0000,-1,-1
385,124,1137.00,306.00,50.80,170.50,1.0000,-1,-1
385,134,862.00,299.00,60.40,159.70,0.9990,-1,-1
385,138,705.00,312.00,28.90,81.60,0.9990,-1,-1
385,143,1051.00,325.00,28.10,60.70,0.9890,-1,-1
385,152,681.00,324.00,22.00,60.90,0.9980,-1,-1
385,154,748.00,322.00,31.60,70.80,0.9990,-1,-1
385,158,1350.00,316.00,40.80,121.90,0.9810,-1,-1
385,162,605.00,309.00,40.80,111.90,0.9990,-1,-1
385,163,577.00,309.00,43.70,150.70,0.9730,-1,-1
386,30,1187.00,310.00,66.90,162.30,1.0000,-1,-1
386,59,381.00,226.00,199.70,462.10,1.0000,-1,-1
386,117,945.00,306.00,55.30,149.90,0.9990,-1,-1
386,124,1137.00,304.00,51.30,172.90,1.0000,-1,-1
386,134,860.00,309.00,56.30,143.70,0.9990,-1,-1
386,138,704.00,313.00,30.50,86.00,0.9990,-1,-1
386,143,1051.00,325.00,27.90,63.90,0.9980,-1,-1
386,152,677.00,321.00,22.30,66.00,0.9020,-1,-1
386,154,748.00,318.00,29.90,74.80,0.9970,-1,-1
386,158,1350.00,318.00,45.40,121.40,0.9910,-1,-1
386,162,603.00,315.00,43.40,109.70,0.9970,-1,-1
386,163,566.00,316.00,51.10,137.90,0.9420,-1,-1
387,30,1199.00,319.00,54.60,150.40,1.0000,-1,-1
387,59,348.00,221.00,187.00,462.70,1.0000,-1,-1
387,117,935.00,310.00,55.70,145.40,0.9980,-1,-1
387,124,1138.00,304.00,51.80,177.80,1.0000,-1,-1
387,134,867.00,297.00,57.20,161.60,1.0000,-1,-1
387,138,703.00,319.00,27.20,79.20,0.9970,-1,-1
387,143,1054.00,328.00,29.00,62.70,0.9980,-1,-1
387,154,748.00,321.00,30.50,74.60,0.9960,-1,-1
387,158,1364.00,322.00,42.00,124.10,0.9570,-1,-1
387,159,681.00,325.00,24.80,70.00,0.9810,-1,-1
387,162,602.00,318.00,41.10,101.10,0.9970,-1,-1
387,163,568.00,317.00,43.90,144.30,0.9400,-1,-1
388,30,1191.00,325.00,66.70,153.30,1.0000,-1,-1
388,59,316.00,261.00,204.00,446.00,1.0000,-1,-1
388,117,941.00,312.00,54.60,149.10,0.9990,-1,-1
388,124,1131.00,301.00,54.70,180.50,1.0000,-1,-1
388,134,864.00,301.00,57.80,162.10,1.0000,-1,-1
388,138,703.00,315.00,28.10,80.00,0.9990,-1,-1
388,143,1053.00,322.00,30.40,68.60,0.9980,-1,-1
388,154,744.00,324.00,29.20,70.80,0.9950,-1,-1
388,158,1366.00,317.00,37.40,120.70,0.9680,-1,-1
388,159,679.00,323.00,24.10,68.10,0.9890,-1,-1
388,162,601.00,319.00,42.40,104.50,0.9970,-1,-1
388,163,570.00,316.00,45.90,146.50,0.9680,-1,-1
389,30,1187.00,323.00,63.20,148.10,1.0000,-1,-1
389,59,300.00,223.00,225.60,485.30,1.0000,-1,-1
389,117,933.00,311.00,54.20,148.60,0.9990,-1,-1
389,124,1132.00,301.00,60.30,175.40,1.0000,-1,-1
389,134,865.00,309.00,52.40,140.30,0.9990,-1,-1
389,138,699.00,318.00,29.60,78.80,0.9990,-1,-1
389,143,1051.00,328.00,28.70,65.60,0.9980,-1,-1
389,152,675.00,324.00,24.10,62.70,0.9920,-1,-1
389,154,743.00,321.00,31.40,74.00,0.9930,-1,-1
389,158,1370.00,331.00,40.20,120.90,0.9640,-1,-1
389,162,600.00,319.00,42.90,105.30,0.9950,-1,-1
389,163,571.00,305.00,44.70,154.80,0.9920,-1,-1
390,30,1181.00,313.00,68.80,161.60,0.9990,-1,-1
390,59,292.00,229.00,215.80,491.30,1.0000,-1,-1
390,117,937.00,312.00,51.80,146.10,0.9990,-1,-1
390,124,1132.00,305.00,52.20,171.80,1.0000,-1,-1
390,134,864.00,300.00,58.90,150.60,0.9990,-1,-1
390,138,698.00,309.00,30.00,85.90,0.9980,-1,-1
390,143,1052.00,322.00,28.90,64.10,0.9990,-1,-1
390,152,676.00,319.00,25.60,67.50,0.9980,-1,-1
390,154,738.00,318.00,31.40,72.90,0.9990,-1,-1
390,158,1370.00,325.00,36.60,120.20,0.9930,-1,-1
390,162,598.00,312.00,45.30,112.60,0.9960,-1,-1
390,163,565.00,308.00,42.50,163.40,0.9860,-1,-1
391,30,1185.00,317.00,62.60,148.50,0.9980,-1,-1
391,59,279.00,240.00,221.30,504.70,1.0000,-1,-1
391,117,937.00,302.00,55.30,149.20,0.9980,-1,-1
391,124,1133.00,304.00,57.30,183.70,1.0000,-1,-1
391,134,856.00,294.00,59.30,171.60,0.9990,-1,-1
391,138,699.00,308.00,28.90,85.00,0.9990,-1,-1
391,143,1049.00,323.00,29.30,65.20,0.9990,-1,-1
391,152,674.00,318.00,25.30,68.60,0.9950,-1,-1
391,154,741.00,316.00,30.60,73.10,0.9950,-1,-1
391,158,1378.00,328.00,38.50,115.10,0.9410,-1,-1
391,162,601.00,313.00,43.50,109.20,0.9970,-1,-1
391,163,565.00,306.00,42.90,168.60,0.9900,-1,-1
392,30,1185.00,312.00,62.90,155.10,1.0000,-1,-1
392,59,246.00,243.00,204.60,518.80,1.0000,-1,-1
392,117,938.00,310.00,53.00,146.20,0.9980,-1,-1
392,124,1129.00,300.00,59.50,184.40,1.0000,-1,-1
392,134,853.00,302.00,58.00,151.10,0.9980,-1,-1
392,138,697.00,311.00,29.40,81.50,0.9960,-1,-1
392,143,1048.00,324.00,29.90,64.80,0.9990,-1,-1
392,152,674.00,317.00,22.60,68.00,0.9750,-1,-1
392,154,737.00,320.00,31.30,69.80,0.9900,-1,-1
392,161,981.00,321.00,23.20,51.90,0.9180,-1,-1
392,162,602.00,311.00,43.80,113.60,0.9940,-1,-1
392,163,565.00,312.00,38.20,147.60,0.9960,-1,-1
393,30,1185.00,314.00,62.80,150.10,0.9990,-1,-1
393,59,215.00,225.00,238.70,548.10,1.0000,-1,-1
393,117,932.00,312.00,54.60,144.60,0.9980,-1,-1
393,124,1129.00,299.00,59.70,182.40,1.0000,-1,-1
393,134,852.00,297.00,59.60,160.60,0.9980,-1,-1
393,138,697.00,308.00,29.60,84.50,0.9970,-1,-1
393,143,1048.00,319.00,30.30,67.10,0.9990,-1,-1
393,152,673.00,314.00,24.40,69.10,0.9930,-1,-1
393,154,738.00,316.00,30.90,70.30,0.9900,-1,-1
393,158,1379.00,323.00,38.50,121.00,0.9240,-1,-1
393,161,980.00,319.00,23.70,51.70,0.9340,-1,-1
393,162,596.00,309.00,43.20,107.10,0.9950,-1,-1
393,163,564.00,303.00,44.60,148.20,0.9830,-1,-1
393,164,1000.00,328.00,19.30,41.00,0.9240,-1,-1
394,30,1189.00,314.00,61.20,151.30,0.9970,-1,-1
394,59,209.00,222.00,217.00,522.80,1.0000,-1,-1
394,69,376.00,264.00,117.00,311.80,0.9960,-1,-1
394,117,927.00,306.00,57.50,149.20,0.9990,-1,-1
394,124,1128.00,295.00,59.40,183.80,1.0000,-1,-1
394,134,855.00,307.00,57.60,143.70,0.9980,-1,-1
394,138,698.00,309.00,28.30,81.70,0.9960,-1,-1
394,143,1051.00,318.00,30.70,71.10,0.9990,-1,-1
394,152,674.00,319.00,23.30,67.90,0.9810,-1,-1
394,154,735.00,314.00,28.50,77.40,0.9720,-1,-1
394,161,981.00,321.00,22.20,48.60,0.9500,-1,-1
394,162,597.00,309.00,43.50,108.00,0.9960,-1,-1
394,163,567.00,316.00,38.50,134.50,0.9770,-1,-1
394,164,1001.00,328.00,19.00,40.20,0.9300,-1,-1
395,30,1187.00,313.00,54.90,143.90,0.9970,-1,-1
395,59,190.00,210.00,228.60,538.80,1.0000,-1,-1
395,69,367.00,257.00,133.90,326.80,0.9990,-1,-1
395,117,936.00,301.00,55.90,144.50,0.9980,-1,-1
395,124,1134.00,302.00,55.90,169.10,1.0000,-1,-1
395,134,854.00,298.00,61.40,159.30,0.9990,-1,-1
395,138,698.00,307.00,30.80,84.50,0.9950,-1,-1
395,143,1050.00,320.00,30.00,70.50,0.9980,-1,-1
395,152,675.00,319.00,26.20,63.10,0.9910,-1,-1
395,154,733.00,309.00,34.70,82.80,0.9820,-1,-1
395,158,1383.00,328.00,39.00,113.20,0.9840,-1,-1
395,161,981.00,321.00,22.70,51.50,0.9340,-1,-1
395,162,602.00,313.00,41.50,105.80,0.9960,-1,-1
395,163,564.00,310.00,40.00,143.70,0.9610,-1,-1
396,30,1192.00,312.00,58.50,151.80,0.9980,-1,-1
396,59,196.00,207.00,201.70,552.20,1.0000,-1,-1
396,69,345.00,242.00,152.60,344.90,1.0000,-1,-1
396,117,932.00,308.00,59.10,141.90,0.9980,-1,-1
396,124,1133.00,301.00,59.20,174.90,1.0000,-1,-1
396,134,855.00,302.00,54.50,145.00,0.9990,-1,-1
396,138,696.00,314.00,29.50,78.50,0.9900,-1,-1
396,143,1054.00,317.00,28.50,67.90,1.0000,-1,-1
396,152,673.00,316.00,25.40,66.10,0.9850,-1,-1
396,154,733.00,313.00,33.10,77.70,0.9880,-1,-1
396,162,597.00,310.00,47.10,107.50,0.9900,-1,-1
396,163,564.00,305.00,44.50,147.40,0.9800,-1,-1
397,30,1189.00,310.00,57.20,151.80,0.9980,-1,-1
397,59,181.00,204.00,212.30,585.30,1.0000,-1,-1
397,69,329.00,251.00,144.10,328.90,0.9990,-1,-1
397,117,936.00,301.00,59.00,150.90,0.9980,-1,-1
397,124,1140.00,295.00,61.70,184.40,1.0000,-1,-1
397,134,854.00,299.00,58.50,164.00,1.0000,-1,-1
397,138,701.00,310.00,27.00,75.80,0.9940,-1,-1
397,143,1056.00,318.00,31.40,66.60,0.9970,-1,-1
397,154,737.00,312.00,31.20,73.50,0.9630,-1,-1
397,159,682.00,315.00,24.40,69.30,0.9490,-1,-1
397,162,601.00,313.00,45.40,104.40,0.9940,-1,-1
397,163,558.00,304.00,48.70,155.60,0.9890,-1,-1
398,30,1199.00,315.00,58.40,153.20,1.0000,-1,-1
398,59,173.00,212.00,190.80,549.40,1.0000,-1,-1
398,69,354.00,249.00,136.80,341.20,1.0000,-1,-1
398,117,939.00,310.00,53.40,142.40,0.9990,-1,-1
398,124,1143.00,297.00,63.30,197.70,1.0000,-1,-1
398,134,859.00,298.00,55.60,161.10,0.9970,-1,-1
398,138,703.00,310.00,28.50,82.90,0.9980,-1,-1
398,143,1056.00,319.00,30.10,68.40,1.0000,-1,-1
398,154,734.00,314.00,29.20,71.40,0.9910,-1,-1
398,158,1396.00,326.00,38.50,110.20,0.9250,-1,-1
398,159,681.00,319.00,23.00,61.80,0.9810,-1,-1
398,162,608.00,311.00,42.80,113.40,0.9980,-1,-1
398,163,566.00,305.00,41.70,153.30,0.9930,-1,-1
398,164,1008.00,333.00,18.40,38.80,0.9370,-1,-1
399,30,1196.00,301.00,59.90,170.00,0.9990,-1,-1
399,59,148.00,205.00,210.30,589.30,1.0000,-1,-1
399,69,349.00,251.00,151.40,335.20,1.0000,-1,-1
399,117,943.00,309.00,55.50,143.50,0.9990,-1,-1
399,124,1141.00,295.00,63.50,189.70,0.9990,-1,-1
399,134,858.00,292.00,59.40,162.10,0.9990,-1,-1
399,138,702.00,311.00,29.40,81.70,0.9780,-1,-1
399,143,1063.00,316.00,28.20,71.10,0.9860,-1,-1
399,154,737.00,316.00,31.20,67.60,0.9780,-1,-1
399,162,613.00,308.00,41.40,104.30,0.9930,-1,-1
399,163,561.00,299.00,47.60,152.80,0.9950,-1,-1
400,30,1199.00,317.00,56.60,147.20,0.9990,-1,-1
400,59,125.00,192.00,201.40,582.00,1.0000,-1,-1
400,69,353.00,257.00,131.50,331.10,1.0000,-1,-1
400,117,941.00,306.00,56.60,143.50,0.9990,-1,-1
400,124,1149.00,300.00,55.30,173.20,1.0000,-1,-1
400,134,855.00,295.00,59.30,167.70,0.9990,-1,-1
400,138,703.00,306.00,29.20,82.00,0.9980,-1,-1
400,143,1065.00,320.00,30.20,67.00,0.9990,-1,-1
400,154,739.00,311.00,29.00,70.00,0.9900,-1,-1
400,159,687.00,308.00,28.50,74.90,0.9690,-1,-1
400,162,615.00,309.00,41.20,108.10,0.9950,-1,-1
400,163,562.00,307.00,47.30,146.90,0.9900,-1,-1
400,164,1012.00,325.00,20.70,43.60,0.9000,-1,-1
401,30,1204.00,314.00,55.80,143.20,0.9990,-1,-1
401,59,69.00,215.00,273.30,551.20,0.9990,-1,-1
401,69,333.00,255.00,151.60,337.90,0.9990,-1,-1
401,117,937.00,303.00,58.10,154.40,0.9980,-1,-1
401,124,1154.00,288.00,64.00,185.10,1.0000,-1,-1
401,134,859.00,304.00,56.60,144.50,0.9990,-1,-1
401,138,704.00,307.00,30.20,77.70,0.9690,-1,-1
401,143,1063.00,315.00,27.90,66.10,0.9900,-1,-1
401,154,740.00,304.00,32.90,75.30,0.9690,-1,-1
401,159,691.00,306.00,27.70,77.90,0.9850,-1,-1
401,161,982.00,314.00,30.90,67.40,0.9970,-1,-1
401,162,616.00,306.00,43.60,106.70,0.9990,-1,-1
401,163,560.00,298.00,49.60,154.30,0.9970,-1,-1
402,30,1209.00,306.00,56.00,143.70,1.0000,-1,-1
402,59,44.00,176.00,261.20,622.50,1.0000,-1,-1
402,69,335.00,235.00,136.50,364.40,1.0000,-1,-1
402,117,945.00,300.00,54.30,153.90,0.9990,-1,-1
402,124,1161.00,288.00,57.20,184.20,1.0000,-1,-1
402,134,866.00,287.00,57.10,159.20,0.9990,-1,-1
402,138,709.00,306.00,30.40,78.70,0.9930,-1,-1
402,143,1071.00,310.00,28.40,63.80,1.0000,-1,-1
402,154,743.00,302.00,30.10,75.70,0.9870,-1,-1
402,159,692.00,302.00,30.70,76.50,0.9700,-1,-1
402,161,988.00,308.00,27.20,70.40,0.9840,-1,-1
402,162,619.00,302.00,43.00,111.80,0.9980,-1,-1
402,163,563.00,294.00,43.20,146.30,0.9970,-1,-1
403,30,1207.00,301.00,56.80,147.90,1.0000,-1,-1
403,59,-6.00,185.00,313.90,613.10,1.0000,-1,-1
403,69,327.00,223.00,151.80,366.30,1.0000,-1,-1
403,117,947.00,296.00,54.30,148.90,0.9990,-1,-1
403,124,1155.00,287.00,60.70,180.70,0.9990,-1,-1
403,134,863.00,291.00,52.90,145.50,0.9980,-1,-1
403,143,1072.00,306.00,28.20,65.80,0.9990,-1,-1
403,154,739.00,302.00,30.30,70.40,0.9900,-1,-1
403,159,702.00,301.00,27.80,77.00,0.9940,-1,-1
403,161,988.00,307.00,27.10,63.40,0.9840,-1,-1
403,162,621.00,300.00,41.70,104.90,1.0000,-1,-1
403,163,566.00,293.00,43.60,158.10,0.9960,-1,-1
403,165,1021.00,314.00,20.00,44.20,0.9150,-1,-1
404,30,1206.00,293.00,65.70,156.40,1.0000,-1,-1
404,59,-14.00,176.00,298.80,622.30,1.0000,-1,-1
404,69,326.00,235.00,158.20,358.70,1.0000,-1,-1
404,117,947.00,294.00,52.90,147.70,0.9980,-1,-1
404,124,1165.00,287.00,53.00,177.80,1.0000,-1,-1
404,134,861.00,286.00,54.50,150.10,0.9970,-1,-1
404,138,718.00,301.00,27.00,70.40,0.9830,-1,-1
404,143,1075.00,304.00,28.90,65.80,0.9990,-1,-1
404,154,739.00,297.00,30.60,72.50,0.9890,-1,-1
404,159,699.00,303.00,28.60,68.00,0.9950,-1,-1
404,161,990.00,307.00,26.00,57.80,0.9900,-1,-1
404,162,623.00,293.00,39.30,106.00,0.9990,-1,-1
404,163,567.00,291.00,45.20,145.90,0.9940,-1,-1
405,30,1202.00,298.00,63.40,160.80,0.9990,-1,-1
405,59,-28.00,194.00,293.30,613.30,0.9990,-1,-1
405,69,316.00,235.00,167.60,365.30,1.0000,-1,-1
405,117,944.00,286.00,59.60,159.30,0.9990,-1,-1
405,124,1161.00,280.00,59.70,185.20,1.0000,-1,-1
405,134,867.00,274.00,56.00,161.50,0.9980,-1,-1
405,138,718.00,306.00,27.60,69.80,0.9860,-1,-1
405,143,1076.00,301.00,29.30,70.70,1.0000,-1,-1
405,154,741.00,295.00,30.20,76.40,0.9940,-1,-1
405,159,699.00,298.00,27.30,71.10,0.9960,-1,-1
405,162,624.00,295.00,37.20,104.80,0.9970,-1,-1
405,163,561.00,285.00,49.00,153.60,0.9960,-1,-1
405,165,1021.00,312.00,20.20,44.20,0.9510,-1,-1
406,30,1203.00,299.00,58.40,147.60,0.9990,-1,-1
406,59,-50.00,171.00,305.70,658.00,0.9960,-1,-1
406,69,320.00,244.00,150.70,348.20,1.0000,-1,-1
406,117,948.00,290.00,58.50,160.20,0.9980,-1,-1
406,124,1169.00,285.00,50.50,195.50,1.0000,-1,-1
406,134,858.00,283.00,58.20,152.30,0.9990,-1,-1
406,138,715.00,303.00,27.00,68.80,0.9880,-1,-1
406,143,1076.00,302.00,25.70,65.70,0.9990,-1,-1
406,154,739.00,298.00,27.60,68.80,0.9980,-1,-1
406,159,697.00,293.00,29.10,75.90,0.9920,-1,-1
406,162,623.00,288.00,39.40,109.20,0.9950,-1,-1
406,163,562.00,291.00,50.20,147.60,0.9960,-1,-1
406,165,1025.00,310.00,20.40,41.70,0.9310,-1,-1
407,30,1212.00,301.00,57.00,146.20,0.9980,-1,-1
407,59,-83.00,181.00,335.60,646.20,0.9700,-1,-1
407,69,304.00,218.00,172.50,377.90,1.0000,-1,-1
407,117,947.00,295.00,54.70,145.10,0.9990,-1,-1
407,124,1167.00,280.00,57.60,192.70,1.0000,-1,-1
407,134,861.00,276.00,60.10,164.90,1.0000,-1,-1
407,138,719.00,301.00,25.80,69.90,0.9640,-1,-1
407,143,1081.00,302.00,27.40,67.20,0.9990,-1,-1
407,154,739.00,293.00,29.00,72.70,0.9980,-1,-1
407,159,699.00,289.00,30.90,82.30,0.9990,-1,-1
407,161,992.00,302.00,23.90,57.90,0.9900,-1,-1
407,162,624.00,291.00,42.50,111.40,0.9980,-1,-1
407,163,565.00,287.00,45.70,149.60,0.9940,-1,-1
407,165,1023.00,310.00,18.70,39.50,0.9550,-1,-1
408,30,1204.00,299.00,59.00,146.00,0.9980,-1,-1
408,69,299.00,207.00,162.80,403.30,1.0000,-1,-1
408,117,943.00,289.00,55.10,146.80,0.9980,-1,-1
408,124,1172.00,284.00,55.00,185.50,1.0000,-1,-1
408,134,869.00,276.00,57.80,168.70,1.0000,-1,-1
408,138,718.00,306.00,25.50,67.40,0.9860,-1,-1
408,143,1077.00,298.00,30.40,74.90,1.0000,-1,-1
408,154,739.00,300.00,28.70,73.30,0.9990,-1,-1
408,159,701.00,296.00,25.00,68.50,0.9990,-1,-1
408,161,989.00,305.00,26.00,60.70,0.9910,-1,-1
408,162,626.00,292.00,43.50,114.10,0.9960,-1,-1
408,163,562.00,293.00,44.50,143.90,0.9970,-1,-1
408,165,1025.00,311.00,18.80,41.30,0.9440,-1,-1
409,30,1214.00,299.00,55.80,150.40,0.9960,-1,-1
409,69,319.00,233.00,151.10,371.80,1.0000,-1,-1
409,117,948.00,301.00,56.40,148.20,0.9910,-1,-1
409,124,1170.00,280.00,57.80,192.40,1.0000,-1,-1
409,134,868.00,278.00,57.80,169.60,1.0000,-1,-1
409,138,719.00,306.00,25.20,62.30,0.9960,-1,-1
409,143,1077.00,302.00,29.50,73.20,0.9990,-1,-1
409,154,736.00,293.00,31.60,78.00,0.9990,-1,-1
409,159,694.00,294.00,30.60,79.00,0.9990,-1,-1
409,161,991.00,306.00,27.40,64.20,0.9940,-1,-1
409,162,627.00,294.00,42.00,111.60,0.9970,-1,-1
409,163,559.00,286.00,46.20,147.40,0.9950,-1,-1
409,165,1027.00,312.00,19.20,39.40,0.9540,-1,-1
410,30,1213.00,293.00,56.30,154.10,0.9990,-1,-1
410,69,297.00,221.00,165.50,369.50,1.0000,-1,-1
410,117,940.00,296.00,61.60,147.30,0.9980,-1,-1
410,124,1171.00,270.00,59.20,212.60,1.0000,-1,-1
410,134,865.00,289.00,58.80,147.40,0.9990,-1,-1
410,138,721.00,303.00,26.20,66.00,0.9920,-1,-1
410,143,1079.00,304.00,27.10,64.90,0.9980,-1,-1
410,154,738.00,298.00,32.50,77.80,0.9940,-1,-1
410,159,699.00,289.00,32.20,84.90,0.9970,-1,-1
410,161,992.00,306.00,26.40,64.30,0.9660,-1,-1
410,162,629.00,295.00,40.30,106.70,0.9970,-1,-1
410,163,559.00,287.00,46.20,147.90,0.9950,-1,-1
410,165,1027.00,312.00,19.10,41.00,0.9540,-1,-1
411,30,1211.00,288.00,61.80,163.60,0.9970,-1,-1
411,69,302.00,216.00,178.30,392.80,1.0000,-1,-1
411,117,942.00,290.00,58.30,154.00,0.9990,-1,-1
411,124,1170.00,280.00,60.90,211.40,0.9980,-1,-1
411,134,868.00,279.00,55.60,160.00,0.9990,-1,-1
411,138,723.00,311.00,23.40,60.10,0.9850,-1,-1
411,143,1084.00,310.00,29.90,63.40,0.9990,-1,-1
411,154,736.00,294.00,32.50,81.30,0.9900,-1,-1
411,159,698.00,298.00,29.10,76.60,0.9990,-1,-1
411,161,990.00,304.00,28.10,67.80,0.9870,-1,-1
411,162,629.00,295.00,38.90,109.20,0.9960,-1,-1
411,163,559.00,294.00,44.40,140.70,0.9820,-1,-1
412,30,1205.00,300.00,63.10,166.90,0.9990,-1,-1
412,69,312.00,239.00,164.50,369.30,1.0000,-1,-1
412,117,941.00,294.00,58.80,156.70,0.9970,-1,-1
412,124,1177.00,282.00,53.90,207.20,0.9990,-1,-1
412,134,863.00,291.00,60.50,155.30,0.9990,-1,-1
412,138,720.00,315.00,24.80,60.70,0.9800,-1,-1
412,143,1085.00,313.00,26.80,71.60,0.9940,-1,-1
412,154,737.00,303.00,32.80,80.20,0.9990,-1,-1
412,159,697.00,303.00,28.60,74.00,0.9990,-1,-1
412,161,994.00,317.00,27.80,61.20,0.9910,-1,-1
412,162,632.00,309.00,37.70,104.00,0.9980,-1,-1
412,163,557.00,300.00,48.40,149.00,0.9780,-1,-1
412,165,1027.00,321.00,19.40,42.60,0.9630,-1,-1
413,30,1206.00,297.00,57.10,170.90,0.9980,-1,-1
413,69,312.00,226.00,149.10,388.60,1.0000,-1,-1
413,117,948.00,302.00,54.70,151.60,0.9990,-1,-1
413,124,1176.00,293.00,56.70,203.70,0.9990,-1,-1
413,134,869.00,290.00,57.20,158.00,0.9990,-1,-1
413,138,721.00,317.00,25.80,61.90,0.9820,-1,-1
413,143,1086.00,317.00,27.20,70.70,0.9990,-1,-1
413,154,736.00,304.00,33.20,78.80,0.9990,-1,-1
413,159,699.00,301.00,28.90,77.30,0.9990,-1,-1
413,161,996.00,313.00,26.50,63.30,0.9800,-1,-1
413,162,630.00,306.00,42.80,104.10,0.9980,-1,-1
413,163,556.00,304.00,46.30,145.60,0.9960,-1,-1
413,165,1033.00,324.00,17.00,35.30,0.9680,-1,-1
414,30,1213.00,310.00,59.30,155.70,0.9980,-1,-1
414,69,287.00,237.00,173.30,371.90,1.0000,-1,-1
414,117,950.00,300.00,56.80,152.30,0.9990,-1,-1
414,124,1189.00,293.00,52.10,207.50,1.0000,-1,-1
414,134,868.00,297.00,57.30,155.40,0.9980,-1,-1
414,138,718.00,320.00,26.60,63.30,0.9340,-1,-1
414,143,1087.00,319.00,27.50,68.00,0.9990,-1,-1
414,154,738.00,307.00,31.30,73.20,0.9980,-1,-1
414,159,694.00,301.00,31.70,79.20,0.9990,-1,-1
414,161,996.00,319.00,25.40,62.40,0.9890,-1,-1
414,162,631.00,311.00,39.90,106.00,0.9970,-1,-1
414,163,553.00,295.00,46.70,160.20,0.9980,-1,-1
414,165,1032.00,327.00,19.70,40.50,0.9660,-1,-1
415,30,1207.00,313.00,62.60,149.90,0.9990,-1,-1
415,69,285.00,243.00,176.00,377.20,1.0000,-1,-1
415,117,946.00,299.00,57.80,158.70,1.0000,-1,-1
415,124,1181.00,291.00,52.90,210.20,1.0000,-1,-1
415,134,866.00,294.00,61.80,168.10,0.9980,-1,-1
415,138,720.00,314.00,28.00,68.40,0.9240,-1,-1
415,143,1086.00,318.00,29.30,70.90,0.9980,-1,-1
415,154,735.00,311.00,31.70,75.70,0.9940,-1,-1
415,159,696.00,305.00,28.80,77.30,0.9990,-1,-1
415,161,994.00,320.00,28.60,58.70,0.9940,-1,-1
415,162,629.00,315.00,40.50,108.60,0.9980,-1,-1
415,163,558.00,307.00,44.30,159.20,0.9980,-1,-1
415,165,1030.00,330.00,19.00,41.50,0.9810,-1,-1
416,69,296.00,248.00,170.50,368.40,1.0000,-1,-1
416,117,957.00,308.00,54.60,146.70,0.9990,-1,-1
416,124,1189.00,295.00,57.70,195.60,1.0000,-1,-1
416,134,863.00,300.00,56.30,158.90,0.9990,-1,-1
416,143,1087.00,321.00,27.00,69.20,1.0000,-1,-1
416,154,738.00,316.00,27.90,71.50,0.9990,-1,-1
416,159,699.00,301.00,31.00,83.90,0.9990,-1,-1
416,162,634.00,311.00,41.70,109.40,0.9960,-1,-1
416,163,555.00,297.00,46.30,166.90,0.9940,-1,-1
416,164,1011.00,321.00,21.60,46.80,0.9330,-1,-1
416,165,1031.00,329.00,19.50,44.30,0.9580,-1,-1
416,166,261.00,294.00,60.20,158.10,0.9800,-1,-1
417,69,302.00,222.00,181.10,402.70,1.0000,-1,-1
417,117,947.00,313.00,56.80,150.60,0.9990,-1,-1
417,124,1199.00,301.00,48.00,188.40,1.0000,-1,-1
417,134,863.00,293.00,62.70,158.40,1.0000,-1,-1
417,143,1089.00,320.00,29.60,73.20,0.9980,-1,-1
417,154,732.00,315.00,30.60,72.40,0.9970,-1,-1
417,159,700.00,307.00,29.50,78.00,0.9950,-1,-1
417,161,996.00,322.00,28.30,62.30,0.9850,-1,-1
417,162,634.00,312.00,39.30,105.20,0.9960,-1,-1
417,163,554.00,303.00,47.00,156.40,0.9940,-1,-1
417,165,1032.00,327.00,18.80,41.70,0.9810,-1,-1
417,166,262.00,306.00,60.30,146.60,0.9950,-1,-1
418,69,297.00,239.00,177.80,373.80,1.0000,-1,-1
418,117,953.00,309.00,57.40,146.40,1.0000,-1,-1
418,124,1200.00,300.00,48.10,198.70,0.9990,-1,-1
418,134,871.00,292.00,56.60,169.60,0.9990,-1,-1
418,143,1089.00,324.00,26.40,65.20,1.0000,-1,-1
418,154,728.00,313.00,31.50,77.60,0.9960,-1,-1
418,159,694.00,308.00,30.90,80.30,1.0000,-1,-1
418,161,999.00,324.00,29.40,59.00,0.9700,-1,-1
418,162,635.00,312.00,41.20,104.20,0.9980,-1,-1
418,163,549.00,300.00,45.70,162.30,0.9900,-1,-1
418,165,1033.00,326.00,19.00,42.10,0.9830,-1,-1
418,166,250.00,311.00,68.60,158.10,0.9900,-1,-1
419,69,314.00,232.00,164.20,409.50,1.0000,-1,-1
419,117,949.00,308.00,57.10,147.30,1.0000,-1,-1
419,124,1196.00,297.00,55.70,198.20,1.0000,-1,-1
419,134,871.00,297.00,56.20,151.40,1.0000,-1,-1
419,143,1089.00,323.00,27.60,66.40,0.9990,-1,-1
419,154,731.00,321.00,28.40,67.60,0.9970,-1,-1
419,159,693.00,313.00,29.50,73.50,1.0000,-1,-1
419,161,997.00,320.00,29.60,66.30,0.9850,-1,-1
419,162,635.00,312.00,40.90,106.40,0.9980,-1,-1
419,163,551.00,313.00,43.50,158.20,0.9930,-1,-1
419,165,1033.00,327.00,18.20,41.00,0.9750,-1,-1
419,166,250.00,310.00,73.00,151.00,0.9960,-1,-1
420,69,309.00,246.00,167.90,399.90,1.0000,-1,-1
420,117,954.00,311.00,55.20,147.20,0.9990,-1,-1
420,124,1194.00,301.00,54.80,187.80,1.0000,-1,-1
420,134,859.00,299.00,62.70,163.10,1.0000,-1,-1
420,143,1089.00,319.00,27.30,67.50,0.9990,-1,-1
420,154,731.00,314.00,29.20,71.50,0.9960,-1,-1
420,159,694.00,316.00,28.60,70.30,1.0000,-1,-1
420,161,996.00,323.00,28.50,60.80,0.9870,-1,-1
420,162,630.00,313.00,44.10,105.50,0.9990,-1,-1
420,163,544.00,312.00,53.60,147.70,0.9970,-1,-1
420,165,1033.00,326.00,18.30,40.90,0.9720,-1,-1
420,166,243.00,316.00,60.20,152.80,0.9960,-1,-1
421,69,297.00,255.00,190.40,376.60,1.0000,-1,-1
421,117,950.00,312.00,56.50,147.60,0.9990,-1,-1
421,124,1201.00,294.00,50.90,212.70,1.0000,-1,-1
421,134,860.00,293.00,59.60,164.30,1.0000,-1,-1
421,143,1083.00,320.00,31.80,75.30,0.9990,-1,-1
421,154,730.00,318.00,30.30,76.00,0.9860,-1,-1
421,159,695.00,319.00,26.80,71.70,0.9980,-1,-1
421,161,997.00,325.00,27.80,59.10,0.9940,-1,-1
421,162,629.00,314.00,40.10,108.60,0.9990,-1,-1
421,163,544.00,315.00,43.90,159.40,0.9990,-1,-1
421,165,1031.00,330.00,18.00,39.40,0.9900,-1,-1
421,166,229.00,309.00,70.40,162.60,0.9970,-1,-1
422,69,287.00,271.00,193.90,370.80,1.0000,-1,-1
422,117,951.00,314.00,50.60,139.70,0.9990,-1,-1
422,124,1195.00,295.00,51.20,200.30,0.9990,-1,-1
422,134,855.00,309.00,60.80,148.80,1.0000,-1,-1
422,143,1088.00,321.00,32.40,75.90,0.9990,-1,-1
422,154,727.00,318.00,30.00,74.80,0.9990,-1,-1
422,159,692.00,316.00,31.10,77.90,0.9990,-1,-1
422,161,995.00,325.00,24.60,62.50,0.9830,-1,-1
422,162,635.00,321.00,38.40,102.20,0.9990,-1,-1
422,163,536.00,318.00,44.80,158.40,1.0000,-1,-1
422,165,1033.00,328.00,19.20,44.40,0.9750,-1,-1
422,166,221.00,314.00,65.40,158.70,0.9960,-1,-1
423,69,283.00,246.00,189.20,397.60,1.0000,-1,-1
423,117,949.00,318.00,55.50,153.30,0.9990,-1,-1
423,124,1195.00,294.00,52.10,208.60,1.0000,-1,-1
423,134,868.00,315.00,51.70,144.60,1.0000,-1,-1
423,143,1086.00,324.00,30.00,76.20,0.9990,-1,-1
423,154,725.00,325.00,30.50,68.90,0.9960,-1,-1
423,159,692.00,312.00,31.10,83.00,0.9990,-1,-1
423,161,998.00,327.00,25.10,64.10,0.9850,-1,-1
423,162,634.00,324.00,39.60,104.20,0.9970,-1,-1
423,163,533.00,311.00,48.70,181.50,0.9990,-1,-1
423,165,1034.00,335.00,17.10,37.30,0.9780,-1,-1
423,166,212.00,319.00,68.10,157.20,0.9970,-1,-1
424,69,299.00,245.00,170.40,410.20,1.0000,-1,-1
424,117,945.00,315.00,57.10,155.30,0.9990,-1,-1
424,124,1195.00,288.00,61.80,221.20,1.0000,-1,-1
424,134,865.00,302.00,55.50,168.40,1.0000,-1,-1
424,143,1090.00,329.00,29.20,70.00,0.9970,-1,-1
424,154,724.00,329.00,26.90,65.00,0.9980,-1,-1
424,159,693.00,318.00,29.00,73.90,0.9990,-1,-1
424,161,996.00,329.00,27.50,63.20,0.9980,-1,-1
424,162,631.00,322.00,42.00,101.50,0.9980,-1,-1
424,163,533.00,319.00,44.90,154.40,0.9990,-1,-1
424,165,1033.00,333.00,16.80,38.80,0.9390,-1,-1
424,166,201.00,311.00,74.90,163.10,0.9940,-1,-1
425,69,294.00,262.00,179.10,401.20,1.0000,-1,-1
425,117,950.00,314.00,51.30,167.20,0.9990,-1,-1
425,124,1193.00,295.00,52.80,214.20,1.0000,-1,-1
425,134,857.00,304.00,59.30,164.80,1.0000,-1,-1
425,143,1090.00,326.00,31.20,72.80,0.9920,-1,-1
425,154,724.00,328.00,28.40,72.90,0.9940,-1,-1
425,159,691.00,328.00,26.80,73.40,0.9960,-1,-1
425,161,997.00,335.00,23.80,55.70,0.9910,-1,-1
425,162,632.00,328.00,41.30,106.20,0.9990,-1,-1
425,163,528.00,326.00,53.60,154.50,0.9970,-1,-1
425,166,207.00,331.00,65.30,151.80,0.9960,-1,-1
426,69,322.00,236.00,174.60,419.50,1.0000,-1,-1
426,117,947.00,311.00,54.50,155.30,1.0000,-1,-1
426,124,1196.00,295.00,58.50,210.90,1.0000,-1,-1
426,134,862.00,312.00,52.30,152.20,0.9980,-1,-1
426,143,1092.00,332.00,28.20,66.30,0.9990,-1,-1
426,154,728.00,324.00,30.00,79.50,0.9850,-1,-1
426,159,693.00,321.00,27.10,79.20,0.9970,-1,-1
426,161,995.00,333.00,25.50,60.90,0.9970,-1,-1
426,162,634.00,327.00,40.20,105.20,0.9960,-1,-1
426,163,526.00,331.00,47.50,148.10,0.9970,-1,-1
426,166,191.00,322.00,71.90,159.00,0.9960,-1,-1
426,167,277.00,331.00,59.70,144.50,0.9940,-1,-1
427,30,1210.00,298.00,59.70,219.40,1.0000,-1,-1
427,69,320.00,266.00,174.70,396.20,1.0000,-1,-1
427,117,947.00,316.00,60.70,158.50,0.9990,-1,-1
427,134,864.00,317.00,52.70,154.30,1.0000,-1,-1
427,143,1095.00,330.00,31.00,70.60,0.9900,-1,-1
427,154,725.00,331.00,30.40,75.60,0.9940,-1,-1
427,159,692.00,322.00,26.80,78.90,0.9840,-1,-1
427,161,995.00,332.00,27.20,65.90,0.9570,-1,-1
427,162,638.00,327.00,39.90,106.00,0.9980,-1,-1
427,163,533.00,322.00,51.40,163.00,0.9990,-1,-1
427,164,1013.00,333.00,21.00,50.10,0.9110,-1,-1
427,165,1038.00,331.00,20.60,50.20,0.9400,-1,-1
427,166,187.00,330.00,74.70,153.10,0.9990,-1,-1
427,167,255.00,336.00,70.00,151.40,0.9840,-1,-1
428,69,317.00,257.00,177.40,388.70,1.0000,-1,-1
428,117,948.00,322.00,57.10,149.40,0.9990,-1,-1
428,124,1205.00,302.00,53.40,209.90,1.0000,-1,-1
428,134,855.00,314.00,58.60,159.80,0.9990,-1,-1
428,143,1094.00,327.00,30.20,76.30,0.9870,-1,-1
428,154,728.00,329.00,30.20,76.40,0.9910,-1,-1
428,159,704.00,336.00,25.30,65.70,0.9960,-1,-1
428,161,1002.00,329.00,28.90,69.10,0.9940,-1,-1
428,162,640.00,327.00,43.60,101.50,0.9990,-1,-1
428,163,534.00,328.00,42.80,152.80,0.9970,-1,-1
428,166,177.00,325.00,83.30,156.90,0.9980,-1,-1
428,167,263.00,329.00,52.60,149.50,1.0000,-1,-1
429,30,1213.00,295.00,52.80,217.90,1.0000,-1,-1
429,69,327.00,253.00,172.70,412.00,1.0000,-1,-1
429,117,954.00,313.00,53.80,155.10,0.9980,-1,-1
429,134,863.00,308.00,56.70,165.30,1.0000,-1,-1
429,143,1101.00,331.00,30.30,66.20,0.9980,-1,-1
429,154,731.00,333.00,31.20,71.50,0.9960,-1,-1
429,159,707.00,333.00,25.40,65.70,0.9900,-1,-1
429,161,1007.00,331.00,27.30,60.30,0.9920,-1,-1
429,162,643.00,331.00,40.20,99.50,0.9970,-1,-1
429,163,534.00,328.00,44.50,154.50,0.9960,-1,-1
429,166,165.00,317.00,105.10,168.10,0.9990,-1,-1
429,167,256.00,328.00,63.90,154.20,0.9980,-1,-1
429,168,694.00,321.00,30.10,81.60,0.9680,-1,-1
430,30,1211.00,295.00,54.40,212.80,1.0000,-1,-1
430,69,330.00,257.00,187.80,401.00,1.0000,-1,-1
430,117,960.00,320.00,52.90,141.40,0.9970,-1,-1
430,134,870.00,311.00,59.30,155.30,1.0000,-1,-1
430,143,1102.00,328.00,28.80,71.10,0.9980,-1,-1
430,154,728.00,329.00,30.20,73.60,0.9980,-1,-1
430,159,710.00,331.00,24.60,66.00,0.9920,-1,-1
430,161,1010.00,334.00,25.00,57.50,0.9940,-1,-1
430,162,645.00,326.00,42.10,105.40,0.9990,-1,-1
430,163,534.00,319.00,48.00,174.80,0.9940,-1,-1
430,165,1046.00,336.00,18.70,40.70,0.9680,-1,-1
430,166,156.00,326.00,104.00,159.90,0.9980,-1,-1
430,167,246.00,327.00,67.10,160.90,1.0000,-1,-1
430,168,689.00,321.00,31.10,79.20,0.9910,-1,-1
431,30,1216.00,285.00,57.40,231.90,1.0000,-1,-1
431,69,339.00,245.00,170.20,423.90,1.0000,-1,-1
431,117,965.00,315.00,50.80,150.20,0.9980,-1,-1
431,134,862.00,308.00,55.10,153.80,1.0000,-1,-1
431,143,1099.00,320.00,29.70,75.00,0.9970,-1,-1
431,154,731.00,328.00,28.10,67.90,0.9940,-1,-1
431,159,711.00,329.00,27.00,70.90,0.9880,-1,-1
431,161,1005.00,324.00,27.80,62.20,0.9980,-1,-1
431,162,646.00,328.00,40.40,101.10,0.9990,-1,-1
431,163,527.00,321.00,54.10,169.50,0.9980,-1,-1
431,165,1043.00,332.00,19.70,43.50,0.9640,-1,-1
431,166,149.00,332.00,118.30,160.00,0.9990,-1,-1
431,167,250.00,322.00,69.10,159.30,1.0000,-1,-1
431,168,688.00,316.00,31.10,85.70,0.9770,-1,-1
432,30,1219.00,293.00,53.00,217.70,1.0000,-1,-1
432,69,338.00,252.00,173.50,412.70,1.0000,-1,-1
432,117,961.00,312.00,55.90,154.90,0.9980,-1,-1
432,134,862.00,304.00,54.00,157.90,1.0000,-1,-1
432,143,1103.00,317.00,32.20,75.00,1.0000,-1,-1
432,154,729.00,327.00,28.70,70.70,0.9960,-1,-1
432,159,711.00,323.00,27.90,74.50,0.9810,-1,-1
432,161,1004.00,323.00,30.40,67.10,0.9880,-1,-1
432,162,646.00,319.00,43.30,105.50,0.9990,-1,-1
432,163,528.00,318.00,48.90,176.80,0.9990,-1,-1
432,165,1042.00,327.00,20.70,47.10,0.9660,-1,-1
432,166,142.00,328.00,99.90,161.90,0.9970,-1,-1
432,167,229.00,323.00,75.60,148.60,0.9980,-1,-1
432,168,684.00,322.00,28.80,75.50,0.9840,-1,-1
433,69,333.00,235.00,171.40,412.10,1.0000,-1,-1
433,117,953.00,305.00,55.10,151.90,0.9990,-1,-1
433,124,1209.00,287.00,53.60,221.70,1.0000,-1,-1
433,134,861.00,303.00,57.70,157.60,1.0000,-1,-1
433,138,717.00,321.00,28.40,73.30,0.9940,-1,-1
433,143,1101.00,317.00,29.90,74.40,1.0000,-1,-1
433,154,733.00,326.00,28.20,70.10,0.9550,-1,-1
433,161,1005.00,323.00,25.30,63.00,0.9970,-1,-1
433,162,645.00,321.00,42.40,104.00,1.0000,-1,-1
433,163,521.00,320.00,48.50,177.70,0.9980,-1,-1
433,164,1022.00,326.00,19.50,44.80,0.9640,-1,-1
433,165,1044.00,326.00,18.30,40.80,0.9800,-1,-1
433,166,127.00,324.00,106.30,163.50,0.9980,-1,-1
433,167,229.00,325.00,70.50,148.30,0.9990,-1,-1
433,168,685.00,319.00,28.00,79.60,0.9940,-1,-1
434,30,1219.00,290.00,52.50,211.30,1.0000,-1,-1
434,69,320.00,253.00,208.60,416.30,1.0000,-1,-1
434,117,958.00,315.00,53.90,152.30,1.0000,-1,-1
434,134,859.00,300.00,58.60,159.10,1.0000,-1,-1
434,143,1097.00,319.00,31.40,74.60,1.0000,-1,-1
434,154,731.00,328.00,22.80,61.30,0.9750,-1,-1
434,159,714.00,326.00,27.50,70.20,0.9990,-1,-1
434,161,1003.00,324.00,25.80,62.00,0.9880,-1,-1
434,162,639.00,322.00,43.60,107.10,0.9990,-1,-1
434,163,519.00,316.00,49.20,177.40,0.9980,-1,-1
434,165,1041.00,328.00,18.50,40.70,0.9900,-1,-1
434,166,122.00,328.00,92.20,154.60,0.9990,-1,-1
434,167,217.00,318.00,73.30,157.00,0.9980,-1,-1
434,168,678.00,316.00,34.20,83.90,0.9940,-1,-1
435,30,1219.00,293.00,47.20,216.80,1.0000,-1,-1
435,69,320.00,248.00,207.70,401.10,1.0000,-1,-1
435,117,954.00,311.00,55.70,151.60,1.0000,-1,-1
435,124,1192.00,315.00,50.60,151.10,0.9430,-1,-1
435,134,857.00,306.00,56.40,154.30,1.0000,-1,-1
435,143,1100.00,315.00,28.80,76.40,0.9960,-1,-1
435,154,726.00,324.00,24.10,71.30,0.9570,-1,-1
435,159,710.00,319.00,28.30,75.70,0.9980,-1,-1
435,161,997.00,322.00,28.10,65.40,0.9940,-1,-1
435,162,640.00,323.00,42.40,107.40,0.9990,-1,-1
435,163,516.00,311.00,48.30,179.50,0.9930,-1,-1
435,165,1041.00,329.00,20.00,42.60,0.9910,-1,-1
435,166,112.00,315.00,96.70,165.40,0.9980,-1,-1
435,167,215.00,319.00,72.30,151.60,1.0000,-1,-1
435,168,674.00,315.00,33.60,85.80,0.9950,-1,-1
436,30,1202.00,283.00,64.50,217.40,1.0000,-1,-1
436,69,329.00,253.00,207.80,407.10,1.0000,-1,-1
436,117,946.00,303.00,59.40,158.00,1.0000,-1,-1
436,134,854.00,304.00,56.80,152.50,0.9990,-1,-1
436,138,714.00,322.00,29.20,73.90,0.9960,-1,-1
436,143,1097.00,315.00,33.20,77.90,0.9970,-1,-1
436,161,998.00,318.00,30.90,65.20,0.9930,-1,-1
436,162,638.00,320.00,44.10,108.90,0.9990,-1,-1
436,163,514.00,315.00,49.50,181.80,0.9450,-1,-1
436,165,1034.00,323.00,23.30,46.80,0.9750,-1,-1
436,166,101.00,324.00,85.80,169.10,0.9980,-1,-1
436,167,214.00,319.00,58.80,138.90,1.0000,-1,-1
436,168,670.00,315.00,34.10,90.30,0.9910,-1,-1
437,30,1197.00,284.00,65.20,218.10,1.0000,-1,-1
437,69,317.00,233.00,208.50,438.40,1.0000,-1,-1
437,117,942.00,308.00,55.60,152.90,0.9960,-1,-1
437,134,849.00,308.00,54.50,152.60,1.0000,-1,-1
437,143,1096.00,320.00,32.10,69.30,0.9990,-1,-1
437,154,724.00,323.00,24.90,68.10,0.9820,-1,-1
437,159,701.00,321.00,31.80,77.20,0.9990,-1,-1
437,161,995.00,320.00,29.50,68.40,0.9960,-1,-1
437,162,630.00,315.00,45.70,118.20,0.9970,-1,-1
437,163,500.00,312.00,53.10,178.70,0.9990,-1,-1
437,165,1033.00,328.00,18.80,41.90,0.9950,-1,-1
437,166,87.00,317.00,81.50,163.00,0.9960,-1,-1
437,167,188.00,318.00,83.70,158.60,1.0000,-1,-1
437,168,663.00,312.00,35.00,92.50,0.9980,-1,-1
438,30,1209.00,288.00,65.30,223.30,1.0000,-1,-1
438,69,315.00,238.00,233.30,428.40,1.0000,-1,-1
438,117,945.00,311.00,56.60,148.30,0.9990,-1,-1
438,134,851.00,308.00,56.90,153.70,0.9990,-1,-1
438,138,717.00,323.00,27.10,70.90,0.9930,-1,-1
438,143,1089.00,324.00,33.20,69.50,0.9980,-1,-1
438,159,701.00,325.00,29.40,69.60,0.9980,-1,-1
438,161,996.00,325.00,26.60,62.70,0.9960,-1,-1
438,162,629.00,325.00,41.80,101.00,0.9990,-1,-1
438,165,1029.00,326.00,19.50,46.40,0.9670,-1,-1
438,166,76.00,313.00,83.60,172.90,0.9980,-1,-1
438,167,191.00,323.00,78.50,152.20,1.0000,-1,-1
438,168,655.00,318.00,34.90,80.10,0.9980,-1,-1
439,30,1194.00,291.00,62.40,214.80,0.9990,-1,-1
439,69,309.00,228.00,230.40,463.80,1.0000,-1,-1
439,117,943.00,319.00,51.50,147.90,1.0000,-1,-1
439,134,843.00,306.00,55.80,151.70,0.9990,-1,-1
439,138,719.00,329.00,23.70,64.20,0.9810,-1,-1
439,143,1090.00,320.00,31.00,73.90,0.9960,-1,-1
439,159,696.00,328.00,29.30,70.90,0.9950,-1,-1
439,161,995.00,328.00,24.70,60.90,0.9920,-1,-1
439,162,628.00,325.00,40.20,100.50,0.9950,-1,-1
439,165,1030.00,333.00,19.10,40.70,0.9670,-1,-1
439,166,68.00,319.00,89.20,166.40,0.9970,-1,-1
439,167,179.00,323.00,79.00,148.00,0.9990,-1,-1
439,168,655.00,320.00,34.90,84.00,0.9980,-1,-1
440,30,1208.00,287.00,56.40,237.00,0.9990,-1,-1
440,69,322.00,245.00,210.10,406.90,1.0000,-1,-1
440,117,933.00,312.00,56.80,156.20,1.0000,-1,-1
440,134,836.00,311.00,57.30,154.40,0.9990,-1,-1
440,138,715.00,329.00,25.50,65.60,0.9620,-1,-1
440,143,1088.00,325.00,29.50,69.60,0.9940,-1,-1
440,159,697.00,329.00,29.10,70.50,0.9970,-1,-1
440,161,987.00,329.00,29.80,67.50,0.9900,-1,-1
440,162,623.00,328.00,42.70,102.90,0.9980,-1,-1
440,165,1027.00,331.00,19.20,47.30,0.9900,-1,-1
440,166,51.00,320.00,85.30,171.70,0.9980,-1,-1
440,167,172.00,325.00,70.70,156.00,1.0000,-1,-1
440,168,656.00,315.00,33.30,84.40,0.9960,-1,-1
441,69,330.00,244.00,208.80,425.40,1.0000,-1,-1
441,117,932.00,313.00,57.20,153.20,1.0000,-1,-1
441,124,1192.00,295.00,58.60,215.20,1.0000,-1,-1
441,134,842.00,314.00,59.20,162.10,0.9990,-1,-1
441,138,716.00,337.00,23.20,55.80,0.9930,-1,-1
441,143,1087.00,326.00,33.70,76.00,0.9980,-1,-1
441,159,693.00,329.00,27.90,72.50,1.0000,-1,-1
441,161,988.00,331.00,26.40,63.70,0.9900,-1,-1
441,162,624.00,332.00,41.60,97.90,0.9990,-1,-1
441,165,1026.00,336.00,21.10,46.40,0.9890,-1,-1
441,166,32.00,324.00,113.80,172.80,0.9990,-1,-1
441,167,167.00,319.00,68.20,151.40,1.0000,-1,-1
441,168,647.00,317.00,37.00,92.60,0.9960,-1,-1
442,30,1198.00,295.00,62.10,233.50,1.0000,-1,-1
442,69,310.00,265.00,207.30,417.00,1.0000,-1,-1
442,117,930.00,319.00,56.00,159.90,0.9990,-1,-1
442,134,836.00,311.00,57.60,170.00,1.0000,-1,-1
442,138,707.00,334.00,24.80,66.80,0.9900,-1,-1
442,143,1086.00,331.00,29.10,73.60,0.9970,-1,-1
442,159,687.00,332.00,28.90,73.50,0.9990,-1,-1
442,161,984.00,341.00,24.70,58.30,0.9920,-1,-1
442,162,621.00,333.00,38.70,101.90,0.9970,-1,-1
442,165,1020.00,335.00,22.00,49.00,0.9640,-1,-1
442,166,18.00,333.00,108.40,163.00,0.9930,-1,-1
442,167,148.00,329.00,82.80,149.70,0.9970,-1,-1
442,168,646.00,325.00,32.90,85.30,0.9630,-1,-1
443,30,1208.00,297.00,48.00,224.90,0.9990,-1,-1
443,69,337.00,257.00,186.80,445.10,1.0000,-1,-1
443,117,931.00,315.00,57.00,157.20,0.9990,-1,-1
443,124,1176.00,310.00,58.50,199.80,0.9970,-1,-1
443,134,837.00,315.00,54.80,162.00,1.0000,-1,-1
443,138,708.00,341.00,23.00,58.70,0.9910,-1,-1
443,143,1083.00,337.00,32.60,65.70,0.9940,-1,-1
443,159,682.00,335.00,29.40,72.80,1.0000,-1,-1
443,161,981.00,334.00,27.10,63.60,0.9840,-1,-1
443,162,615.00,330.00,41.40,103.70,0.9990,-1,-1
443,165,1020.00,340.00,20.80,46.60,0.9960,-1,-1
443,166,11.00,324.00,109.40,177.90,0.9980,-1,-1
443,167,144.00,329.00,69.20,159.90,1.0000,-1,-1
443,169,1001.00,343.00,17.40,40.70,0.9110,-1,-1
444,30,1195.00,303.00,60.20,228.20,1.0000,-1,-1
444,69,323.00,233.00,184.50,469.50,1.0000,-1,-1
444,117,929.00,320.00,55.50,156.00,0.9990,-1,-1
444,124,1168.00,306.00,50.80,180.30,0.9160,-1,-1
444,134,830.00,316.00,54.60,167.00,1.0000,-1,-1
444,138,706.00,342.00,25.00,62.10,0.9950,-1,-1
444,143,1078.00,333.00,32.80,73.70,0.9990,-1,-1
444,159,677.00,334.00,31.00,73.80,0.9990,-1,-1
444,161,977.00,339.00,27.50,62.00,0.9690,-1,-1
444,162,612.00,337.00,41.60,101.80,1.0000,-1,-1
444,165,1019.00,343.00,21.40,45.10,0.9960,-1,-1
444,166,-1.00,319.00,102.40,180.60,0.9940,-1,-1
444,167,134.00,328.00,75.00,165.20,0.9990,-1,-1
445,30,1205.00,294.00,50.60,233.40,0.9960,-1,-1
445,69,314.00,234.00,223.90,429.20,1.0000,-1,-1
445,117,927.00,326.00,54.50,152.50,0.9990,-1,-1
445,124,1169.00,310.00,64.80,194.60,0.9990,-1,-1
445,134,826.00,317.00,61.10,165.10,1.0000,-1,-1
445,138,698.00,338.00,25.70,65.50,0.9930,-1,-1
445,143,1078.00,335.00,30.70,73.80,0.9980,-1,-1
445,159,673.00,336.00,30.00,68.50,1.0000,-1,-1
445,161,974.00,334.00,27.50,68.50,0.9950,-1,-1
445,162,609.00,330.00,40.00,107.30,0.9980,-1,-1
445,165,1016.00,338.00,22.00,48.10,0.9570,-1,-1
445,166,-6.00,330.00,93.60,169.20,0.9980,-1,-1
445,167,127.00,330.00,76.80,155.10,0.9980,-1,-1
446,30,1193.00,306.00,56.90,223.90,0.9990,-1,-1
446,69,319.00,250.00,205.90,443.50,1.0000,-1,-1
446,117,924.00,325.00,49.30,141.00,1.0000,-1,-1
446,124,1162.00,312.00,56.30,175.50,0.9960,-1,-1
446,134,819.00,320.00,57.60,163.40,1.0000,-1,-1
446,138,700.00,340.00,24.00,63.00,0.9910,-1,-1
446,143,1074.00,332.00,32.50,77.00,0.9950,-1,-1
446,159,672.00,335.00,26.40,68.20,1.0000,-1,-1
446,161,971.00,335.00,29.40,68.60,0.9920,-1,-1
446,162,609.00,330.00,41.60,109.50,0.9990,-1,-1
446,165,1012.00,344.00,18.30,41.30,0.9550,-1,-1
446,166,-8.00,329.00,70.10,173.70,0.9730,-1,-1
446,167,123.00,337.00,73.00,154.40,0.9980,-1,-1
447,30,1193.00,295.00,59.00,237.40,0.9990,-1,-1
447,69,321.00,236.00,208.80,463.20,1.0000,-1,-1
447,117,916.00,327.00,52.90,149.40,0.9990,-1,-1
447,124,1160.00,306.00,56.90,182.50,0.9950,-1,-1
447,134,814.00,319.00,55.30,163.30,1.0000,-1,-1
447,138,688.00,336.00,26.30,65.70,0.9920,-1,-1
447,143,1073.00,334.00,30.60,70.60,0.9970,-1,-1
447,159,665.00,339.00,28.30,73.40,1.0000,-1,-1
447,161,968.00,336.00,25.70,61.20,0.9950,-1,-1
447,162,601.00,327.00,41.70,103.20,1.0000,-1,-1
447,167,107.00,329.00,65.50,154.40,0.9980,-1,-1
447,169,1005.00,344.00,19.10,42.40,0.9810,-1,-1
448,30,1180.00,296.00,66.20,226.30,1.0000,-1,-1
448,69,322.00,250.00,215.70,450.20,1.0000,-1,-1
448,117,915.00,324.00,57.90,156.90,0.9990,-1,-1
448,134,811.00,313.00,61.80,172.20,1.0000,-1,-1
448,138,688.00,338.00,24.90,67.70,0.9970,-1,-1
448,143,1068.00,333.00,32.70,73.70,0.9980,-1,-1
448,159,660.00,338.00,29.50,72.40,1.0000,-1,-1
448,161,967.00,336.00,29.30,66.60,0.9880,-1,-1
448,162,597.00,330.00,41.50,104.60,1.0000,-1,-1
448,167,104.00,343.00,65.60,141.40,0.9960,-1,-1
448,169,1003.00,338.00,21.20,48.10,0.9910,-1,-1
449,30,1192.00,291.00,63.20,235.40,0.9990,-1,-1
449,69,317.00,246.00,193.60,446.20,1.0000,-1,-1
449,117,913.00,323.00,52.70,146.60,0.9990,-1,-1
449,124,1154.00,311.00,59.60,165.30,0.9950,-1,-1
449,134,808.00,316.00,59.20,164.50,1.0000,-1,-1
449,138,684.00,336.00,26.90,63.80,0.9930,-1,-1
449,143,1065.00,333.00,32.30,75.90,0.9980,-1,-1
449,159,658.00,337.00,26.80,69.50,1.0000,-1,-1
449,161,965.00,337.00,25.00,61.90,0.9980,-1,-1
449,162,600.00,336.00,39.30,99.30,0.9990,-1,-1
449,167,95.00,328.00,75.20,166.70,0.9980,-1,-1
449,169,1000.00,338.00,22.20,50.10,0.9860,-1,-1
450,30,1186.00,303.00,59.70,230.80,0.9990,-1,-1
450,69,339.00,251.00,192.40,447.10,1.0000,-1,-1
450,117,907.00,329.00,56.80,147.80,1.0000,-1,-1
450,124,1152.00,317.00,53.30,158.40,0.9930,-1,-1
450,134,806.00,317.00,60.00,166.00,1.0000,-1,-1
450,138,689.00,333.00,28.20,71.70,0.9680,-1,-1
450,143,1067.00,334.00,32.80,68.50,0.9980,-1,-1
450,159,658.00,333.00,29.90,75.90,1.0000,-1,-1
450,161,964.00,339.00,29.20,60.90,0.9960,-1,-1
450,162,597.00,326.00,43.50,104.90,0.9990,-1,-1
450,167,93.00,347.00,70.70,146.50,0.9960,-1,-1
450,169,1005.00,340.00,22.50,48.90,0.9580,-1,-1
451,30,1189.00,306.00,59.50,223.50,0.9990,-1,-1
451,69,328.00,237.00,202.60,446.50,1.0000,-1,-1
451,117,914.00,333.00,53.40,150.70,1.0000,-1,-1
451,124,1137.00,329.00,61.50,147.70,0.9940,-1,-1
451,134,804.00,319.00,58.40,159.80,0.9990,-1,-1
451,138,684.00,344.00,21.70,59.20,0.9860,-1,-1
451,143,1065.00,333.00,32.90,77.20,0.9980,-1,-1
451,159,654.00,340.00,28.70,69.00,1.0000,-1,-1
451,161,962.00,340.00,25.40,62.90,0.9840,-1,-1
451,162,594.00,333.00,39.10,109.40,0.9990,-1,-1
451,167,80.00,331.00,75.20,157.20,0.9960,-1,-1
451,169,999.00,343.00,21.10,46.80,0.9900,-1,-1
452,30,1187.00,301.00,67.90,229.90,1.0000,-1,-1
452,69,321.00,248.00,215.30,443.70,1.0000,-1,-1
452,117,912.00,328.00,53.60,150.70,0.9990,-1,-1
452,124,1135.00,315.00,65.00,159.40,0.9980,-1,-1
452,134,808.00,324.00,48.90,152.90,0.9990,-1,-1
452,138,683.00,346.00,23.60,60.60,0.9770,-1,-1
452,143,1070.00,333.00,30.30,74.20,0.9920,-1,-1
452,159,654.00,340.00,29.00,68.40,0.9960,-1,-1
452,161,961.00,335.00,27.70,67.50,0.9990,-1,-1
452,162,596.00,337.00,40.00,94.90,1.0000,-1,-1
452,167,76.00,340.00,62.10,154.50,0.9940,-1,-1
452,169,1005.00,344.00,20.30,43.80,0.9460,-1,-1
453,30,1189.00,307.00,66.80,227.70,0.9990,-1,-1
453,69,311.00,253.00,226.40,441.20,1.0000,-1,-1
453,117,913.00,336.00,51.20,147.40,1.0000,-1,-1
453,124,1131.00,327.00,67.00,157.60,0.9970,-1,-1
453,134,808.00,318.00,59.40,166.50,0.9990,-1,-1
453,138,687.00,345.00,25.30,70.80,0.9880,-1,-1
453,143,1067.00,336.00,33.10,76.30,0.9960,-1,-1
453,159,655.00,344.00,28.30,72.90,0.9870,-1,-1
453,161,960.00,343.00,25.70,64.50,0.9980,-1,-1
453,162,598.00,333.00,41.60,107.00,0.9990,-1,-1
453,167,66.00,339.00,62.90,150.90,0.9890,-1,-1
453,169,1002.00,349.00,19.60,44.20,0.9200,-1,-1
454,30,1190.00,297.00,70.00,245.70,0.9990,-1,-1
454,69,326.00,242.00,214.10,479.60,1.0000,-1,-1
454,117,913.00,335.00,56.10,152.20,0.9990,-1,-1
454,124,1139.00,339.00,59.80,135.00,0.9950,-1,-1
454,134,807.00,323.00,58.90,162.60,0.9990,-1,-1
454,138,694.00,348.00,23.60,65.00,0.9640,-1,-1
454,143,1074.00,338.00,33.10,75.10,0.9970,-1,-1
454,159,654.00,344.00,30.40,73.60,0.9960,-1,-1
454,161,966.00,343.00,27.20,61.50,0.9990,-1,-1
454,162,601.00,340.00,41.60,99.40,0.9980,-1,-1
454,167,67.00,348.00,62.00,146.90,0.9980,-1,-1
454,169,1007.00,349.00,21.70,46.60,0.9450,-1,-1
455,30,1201.00,294.00,76.60,257.00,0.9990,-1,-1
455,69,320.00,237.00,236.10,473.90,1.0000,-1,-1
455,117,912.00,326.00,60.60,161.90,0.9990,-1,-1
455,124,1137.00,327.00,65.10,158.60,0.9990,-1,-1
455,134,798.00,324.00,60.70,163.70,1.0000,-1,-1
455,138,689.00,349.00,26.70,63.10,0.9850,-1,-1
455,143,1072.00,341.00,32.40,70.00,0.9920,-1,-1
455,159,671.00,344.00,26.20,70.40,0.9440,-1,-1
455,161,965.00,345.00,28.40,63.70,0.9960,-1,-1
455,162,600.00,337.00,42.20,105.40,0.9990,-1,-1
455,167,65.00,350.00,63.00,150.80,0.9980,-1,-1
455,168,653.00,343.00,29.40,75.70,0.9970,-1,-1
455,169,1010.00,347.00,20.60,48.70,0.9880,-1,-1
456,30,1214.00,294.00,68.90,241.40,0.9760,-1,-1
456,69,324.00,259.00,209.70,469.00,1.0000,-1,-1
456,117,913.00,330.00,56.60,156.20,0.9980,-1,-1
456,124,1144.00,344.00,57.00,132.80,0.9990,-1,-1
456,134,807.00,325.00,52.20,159.10,1.0000,-1,-1
456,138,695.00,352.00,25.50,58.20,0.9750,-1,-1
456,143,1075.00,338.00,33.30,76.30,0.9990,-1,-1
456,159,674.00,349.00,25.80,63.20,0.9580,-1,-1
456,161,973.00,343.00,26.40,62.00,0.9990,-1,-1
456,162,606.00,339.00,39.10,100.20,0.9990,-1,-1
456,167,58.00,346.00,71.40,153.60,0.9940,-1,-1
456,168,656.00,347.00,29.60,72.20,0.9950,-1,-1
456,169,1013.00,349.00,20.90,46.00,0.9710,-1,-1
456,170,1187.00,309.00,62.30,233.00,0.9990,-1,-1
457,69,321.00,260.00,234.00,463.20,1.0000,-1,-1
457,117,925.00,331.00,57.80,155.70,1.0000,-1,-1
457,124,1145.00,338.00,62.10,145.20,0.9970,-1,-1
457,134,814.00,326.00,56.10,162.10,0.9990,-1,-1
457,138,697.00,349.00,26.70,62.30,0.9940,-1,-1
457,143,1079.00,337.00,33.90,78.60,0.9990,-1,-1
457,161,973.00,345.00,28.60,62.50,0.9970,-1,-1
457,162,610.00,342.00,39.40,102.40,0.9990,-1,-1
457,167,54.00,340.00,75.20,154.70,0.9980,-1,-1
457,168,663.00,346.00,29.20,68.40,0.9910,-1,-1
457,169,1016.00,351.00,20.30,45.90,0.9750,-1,-1
457,170,1193.00,304.00,73.00,239.80,1.0000,-1,-1
458,69,321.00,243.00,228.30,490.80,1.0000,-1,-1
458,117,919.00,330.00,56.20,150.50,1.0000,-1,-1
458,124,1145.00,336.00,59.10,133.90,0.9990,-1,-1
458,134,811.00,330.00,53.90,146.30,0.9990,-1,-1
458,138,698.00,349.00,25.00,65.60,0.9870,-1,-1
458,143,1082.00,337.00,34.60,79.40,0.9970,-1,-1
458,159,680.00,349.00,24.70,62.50,0.9940,-1,-1
458,161,974.00,342.00,29.50,67.30,0.9920,-1,-1
458,162,616.00,337.00,38.20,104.20,1.0000,-1,-1
458,167,48.00,339.00,67.80,158.70,0.9980,-1,-1
458,168,655.00,349.00,28.30,71.20,0.9910,-1,-1
458,169,1019.00,351.00,19.40,45.20,0.9660,-1,-1
458,170,1200.00,298.00,69.60,249.00,1.0000,-1,-1
459,69,323.00,249.00,237.50,471.70,1.0000,-1,-1
459,117,917.00,325.00,58.10,157.20,0.9990,-1,-1
459,124,1143.00,335.00,56.00,137.90,0.9990,-1,-1
459,134,814.00,318.00,54.90,159.10,0.9990,-1,-1
459,138,698.00,351.00,24.50,62.40,0.9960,-1,-1
459,143,1081.00,339.00,32.30,71.90,1.0000,-1,-1
459,159,675.00,345.00,27.20,68.10,0.9980,-1,-1
459,161,976.00,347.00,24.90,57.70,0.9890,-1,-1
459,162,613.00,338.00,38.60,100.10,1.0000,-1,-1
459,167,38.00,341.00,78.40,157.70,0.9980,-1,-1
459,168,658.00,344.00,29.20,74.40,0.9880,-1,-1
459,169,1020.00,350.00,20.60,44.60,0.9720,-1,-1
459,170,1200.00,297.00,70.00,236.50,1.0000,-1,-1
459,171,989.00,345.00,24.10,48.20,0.9600,-1,-1
460,69,331.00,255.00,210.80,481.30,1.0000,-1,-1
460,117,928.00,324.00,52.10,159.30,0.9990,-1,-1
460,124,1146.00,333.00,53.20,140.80,0.9990,-1,-1
460,134,808.00,312.00,62.80,169.80,1.0000,-1,-1
460,138,703.00,343.00,24.80,69.20,0.9930,-1,-1
460,143,1088.00,334.00,31.50,78.00,0.9990,-1,-1
460,159,679.00,344.00,25.70,68.40,0.9930,-1,-1
460,161,977.00,341.00,26.20,60.50,0.9890,-1,-1
460,162,613.00,334.00,40.10,108.40,1.0000,-1,-1
460,167,37.00,341.00,74.20,147.80,0.9920,-1,-1
460,168,655.00,340.00,28.40,72.80,0.9950,-1,-1
460,169,1023.00,347.00,20.30,45.60,0.9410,-1,-1
460,170,1204.00,294.00,73.90,243.40,1.0000,-1,-1
461,69,346.00,235.00,203.20,485.70,1.0000,-1,-1
461,117,923.00,329.00,55.40,142.50,1.0000,-1,-1
461,124,1144.00,320.00,66.00,152.40,0.9980,-1,-1
461,134,812.00,310.00,60.20,175.40,1.0000,-1,-1
461,138,702.00,343.00,24.50,66.10,0.9970,-1,-1
461,143,1086.00,335.00,34.60,75.60,1.0000,-1,-1
461,159,677.00,346.00,25.10,66.30,0.9920,-1,-1
461,161,978.00,340.00,27.70,62.60,0.9970,-1,-1
461,162,616.00,336.00,40.70,108.20,1.0000,-1,-1
461,167,28.00,334.00,79.50,159.30,0.9950,-1,-1
461,168,656.00,342.00,29.50,71.40,0.9990,-1,-1
461,169,1019.00,343.00,20.50,47.10,0.9660,-1,-1
461,170,1201.00,301.00,75.70,235.90,1.0000,-1,-1
461,171,997.00,338.00,19.40,48.20,0.9670,-1,-1
462,69,315.00,241.00,222.30,480.70,1.0000,-1,-1
462,117,917.00,317.00,58.30,157.10,1.0000,-1,-1
462,124,1144.00,329.00,60.80,139.80,0.9980,-1,-1
462,134,814.00,320.00,62.00,157.30,0.9990,-1,-1
462,138,702.00,348.00,23.90,62.20,0.9920,-1,-1
462,143,1087.00,335.00,33.50,75.90,1.0000,-1,-1
462,159,681.00,341.00,23.60,62.30,0.9960,-1,-1
462,161,978.00,343.00,26.60,56.70,0.9970,-1,-1
462,162,616.00,337.00,40.40,108.20,1.0000,-1,-1
462,167,18.00,336.00,80.50,149.60,0.9950,-1,-1
462,168,657.00,340.00,28.90,73.10,1.0000,-1,-1
462,169,1023.00,342.00,20.80,46.70,0.9760,-1,-1
462,170,1194.00,305.00,65.40,231.00,1.0000,-1,-1
462,171,995.00,337.00,21.40,49.70,0.9740,-1,-1
462,172,597.00,333.00,35.50,85.60,0.9900,-1,-1
463,30,1218.00,279.00,74.30,266.00,0.9990,-1,-1
463,69,341.00,244.00,203.80,456.80,1.0000,-1,-1
463,117,923.00,324.00,55.10,151.80,0.9990,-1,-1
463,124,1144.00,322.00,59.80,149.00,0.9970,-1,-1
463,134,817.00,318.00,53.30,155.00,0.9990,-1,-1
463,138,699.00,342.00,25.60,66.40,0.9970,-1,-1
463,143,1088.00,329.00,34.40,75.20,0.9980,-1,-1
463,159,680.00,341.00,24.40,64.30,0.9860,-1,-1
463,161,977.00,336.00,28.70,63.80,0.9960,-1,-1
463,162,613.00,332.00,40.90,111.00,0.9990,-1,-1
463,167,15.00,333.00,74.80,166.00,1.0000,-1,-1
463,168,650.00,336.00,29.40,71.90,0.9980,-1,-1
463,169,1023.00,338.00,21.90,48.90,0.9860,-1,-1
463,170,1192.00,304.00,65.90,222.40,1.0000,-1,-1
463,171,998.00,338.00,19.30,48.00,0.9960,-1,-1
464,30,1229.00,292.00,62.20,246.80,0.9760,-1,-1
464,69,316.00,255.00,213.50,443.50,1.0000,-1,-1
464,117,918.00,323.00,56.60,152.80,0.9990,-1,-1
464,124,1143.00,325.00,60.10,150.90,0.9980,-1,-1
464,134,817.00,312.00,55.00,162.70,0.9990,-1,-1
464,138,703.00,344.00,24.30,64.90,0.9990,-1,-1
464,143,1090.00,327.00,32.70,82.10,0.9990,-1,-1
464,159,682.00,346.00,24.20,59.90,0.9870,-1,-1
464,161,978.00,337.00,28.60,67.10,0.9940,-1,-1
464,162,613.00,332.00,41.50,111.10,0.9990,-1,-1
464,167,10.00,331.00,73.60,153.00,0.9980,-1,-1
464,168,652.00,338.00,31.90,72.80,0.9980,-1,-1
464,169,1022.00,342.00,19.80,48.00,0.9860,-1,-1
464,170,1193.00,292.00,65.20,241.10,1.0000,-1,-1
464,171,997.00,334.00,21.30,51.40,0.9980,-1,-1
464,172,592.00,331.00,39.30,95.20,0.9860,-1,-1
465,30,1228.00,295.00,65.00,231.40,0.9940,-1,-1
465,69,330.00,257.00,202.50,455.60,1.0000,-1,-1
465,117,924.00,336.00,52.00,146.90,1.0000,-1,-1
465,124,1147.00,320.00,61.40,154.10,0.9980,-1,-1
465,134,817.00,317.00,56.80,162.90,0.9990,-1,-1
465,138,702.00,343.00,23.70,62.70,0.9980,-1,-1
465,143,1088.00,334.00,34.20,77.40,0.9980,-1,-1
465,159,682.00,340.00,26.20,69.50,0.9890,-1,-1
465,161,978.00,339.00,28.60,60.20,0.9920,-1,-1
465,162,615.00,339.00,43.20,105.50,0.9990,-1,-1
465,167,6.00,336.00,69.60,155.60,0.9980,-1,-1
465,168,653.00,336.00,28.20,76.30,0.9980,-1,-1
465,169,1025.00,341.00,20.20,45.90,0.9930,-1,-1
465,170,1191.00,294.00,65.00,244.90,1.0000,-1,-1
465,171,996.00,333.00,22.40,52.50,0.9350,-1,-1
466,30,1220.00,287.00,68.30,259.00,0.9990,-1,-1
466,69,334.00,252.00,207.60,461.80,1.0000,-1,-1
466,117,923.00,328.00,49.60,145.00,1.0000,-1,-1
466,124,1142.00,327.00,56.70,144.50,0.9980,-1,-1
466,134,818.00,315.00,58.40,165.30,0.9990,-1,-1
466,138,704.00,341.00,24.00,64.20,0.9970,-1,-1
466,143,1088.00,333.00,34.80,74.90,0.9990,-1,-1
466,159,685.00,346.00,24.10,64.00,0.9880,-1,-1
466,161,979.00,340.00,26.40,62.80,0.9950,-1,-1
466,162,618.00,337.00,42.60,103.70,0.9990,-1,-1
466,167,5.00,344.00,75.00,157.00,0.9980,-1,-1
466,168,654.00,338.00,30.10,76.90,0.9970,-1,-1
466,169,1026.00,339.00,20.60,45.60,0.9830,-1,-1
466,171,995.00,338.00,21.70,48.80,0.9970,-1,-1
466,172,599.00,336.00,34.60,82.20,0.9800,-1,-1
467,69,306.00,236.00,223.30,483.20,1.0000,-1,-1
467,117,921.00,327.00,53.70,149.70,0.9990,-1,-1
467,124,1143.00,324.00,58.50,146.90,0.9990,-1,-1
467,134,811.00,321.00,53.80,158.10,0.9960,-1,-1
467,138,701.00,341.00,25.30,64.30,0.9890,-1,-1
467,143,1088.00,327.00,34.20,87.10,0.9960,-1,-1
467,159,682.00,340.00,27.10,62.70,0.9940,-1,-1
467,161,978.00,337.00,27.50,65.40,0.9900,-1,-1
467,162,617.00,333.00,40.20,99.60,0.9980,-1,-1
467,166,-1.00,330.00,62.40,165.40,0.9850,-1,-1
467,168,649.00,339.00,33.10,72.20,0.9830,-1,-1
467,169,1025.00,341.00,19.70,43.30,0.9660,-1,-1
467,170,1201.00,303.00,71.30,229.30,0.9990,-1,-1
467,171,993.00,338.00,21.80,51.90,0.9940,-1,-1
467,172,595.00,332.00,37.10,87.00,0.9040,-1,-1
468,30,1220.00,293.00,74.00,248.80,1.0000,-1,-1
468,69,312.00,240.00,180.50,490.70,1.0000,-1,-1
468,117,923.00,335.00,49.80,142.90,1.0000,-1,-1
468,124,1141.00,333.00,60.10,136.40,0.9980,-1,-1
468,134,815.00,319.00,60.20,167.10,0.9990,-1,-1
468,138,704.00,349.00,26.10,60.70,0.9970,-1,-1
468,143,1090.00,331.00,37.60,88.10,0.9970,-1,-1
468,159,684.00,342.00,25.00,68.60,0.9890,-1,-1
468,161,982.00,335.00,29.90,69.80,0.9970,-1,-1
468,162,614.00,334.00,42.80,109.60,0.9990,-1,-1
468,166,-7.00,332.00,72.10,157.60,0.9960,-1,-1
468,168,648.00,341.00,29.40,67.90,0.9990,-1,-1
468,169,1025.00,347.00,19.00,41.40,0.9820,-1,-1
468,172,595.00,337.00,34.30,86.30,0.9980,-1,-1
469,30,1214.00,284.00,85.40,266.20,0.9990,-1,-1
469,69,312.00,257.00,186.30,468.00,1.0000,-1,-1
469,117,918.00,326.00,53.70,153.80,0.9990,-1,-1
469,124,1145.00,334.00,54.20,134.20,0.9990,-1,-1
469,134,816.00,320.00,58.90,169.00,0.9990,-1,-1
469,138,704.00,350.00,24.60,62.10,0.9920,-1,-1
469,143,1090.00,336.00,37.00,84.90,1.0000,-1,-1
469,159,683.00,344.00,24.00,63.20,0.9880,-1,-1
469,161,978.00,340.00,27.20,66.20,0.9890,-1,-1
469,162,614.00,341.00,39.80,109.00,0.9980,-1,-1
469,166,-6.00,340.00,51.20,162.70,0.9190,-1,-1
469,168,644.00,341.00,33.80,77.50,0.9990,-1,-1
469,169,1026.00,347.00,20.20,45.50,0.9660,-1,-1
469,170,1195.00,317.00,68.50,219.70,1.0000,-1,-1
469,171,996.00,344.00,20.40,50.20,0.9730,-1,-1
469,172,590.00,339.00,39.20,83.30,0.9990,-1,-1
470,30,1228.00,286.00,77.00,270.50,0.9850,-1,-1
470,69,301.00,231.00,211.40,515.80,1.0000,-1,-1
470,117,922.00,328.00,54.90,155.90,0.9990,-1,-1
470,124,1142.00,329.00,63.60,149.70,0.9980,-1,-1
470,134,806.00,316.00,59.00,172.40,0.9980,-1,-1
470,138,701.00,344.00,26.80,66.90,0.9970,-1,-1
470,143,1092.00,336.00,34.30,79.90,0.9990,-1,-1
470,159,683.00,344.00,24.90,65.50,0.9880,-1,-1
470,161,976.00,341.00,28.50,68.10,0.9990,-1,-1
470,162,616.00,339.00,41.50,109.30,0.9990,-1,-1
470,168,642.00,341.00,32.70,77.80,0.9870,-1,-1
470,169,1025.00,346.00,19.80,45.20,0.9630,-1,-1
470,170,1204.00,309.00,65.40,231.30,0.9990,-1,-1
470,171,996.00,341.00,21.10,52.50,0.9830,-1,-1
470,172,593.00,342.00,32.40,82.40,0.9860,-1,-1
471,30,1226.00,280.00,83.60,289.00,0.9010,-1,-1
471,69,303.00,248.00,203.80,491.10,1.0000,-1,-1
471,117,921.00,328.00,54.90,160.10,0.9990,-1,-1
471,124,1140.00,330.00,64.80,150.40,0.9990,-1,-1
471,134,811.00,318.00,57.50,167.20,0.9990,-1,-1
471,138,702.00,342.00,28.20,65.50,0.9950,-1,-1
471,143,1093.00,333.00,33.70,90.40,0.9970,-1,-1
471,159,677.00,347.00,27.30,65.60,0.9900,-1,-1
471,161,977.00,341.00,28.10,65.40,0.9980,-1,-1
471,162,615.00,342.00,41.50,110.40,1.0000,-1,-1
471,168,643.00,344.00,28.90,69.30,0.9560,-1,-1
471,169,1025.00,352.00,19.50,42.30,0.9890,-1,-1
471,170,1199.00,309.00,73.70,226.50,1.0000,-1,-1
471,171,996.00,343.00,18.70,48.90,0.9910,-1,-1
471,172,593.00,342.00,32.70,78.90,0.9980,-1,-1
472,30,1217.00,299.00,75.30,256.90,0.9990,-1,-1
472,69,295.00,263.00,197.70,471.10,1.0000,-1,-1
472,117,918.00,336.00,52.30,140.90,1.0000,-1,-1
472,124,1136.00,333.00,62.60,144.70,1.0000,-1,-1
472,134,808.00,319.00,61.60,167.00,1.0000,-1,-1
472,138,702.00,352.00,22.40,57.00,0.9990,-1,-1
472,143,1092.00,339.00,33.80,80.30,1.0000,-1,-1
472,159,678.00,344.00,26.20,68.80,0.9960,-1,-1
472,161,977.00,347.00,27.60,62.20,0.9950,-1,-1
472,162,615.00,339.00,39.60,106.50,0.9990,-1,-1
472,168,640.00,338.00,30.80,81.50,0.9780,-1,-1
472,169,1026.00,352.00,21.40,41.90,0.9900,-1,-1
472,170,1190.00,312.00,69.40,224.90,1.0000,-1,-1
472,171,999.00,342.00,19.30,48.50,0.9920,-1,-1
472,172,591.00,339.00,31.90,82.40,0.9990,-1,-1
473,30,1213.00,296.00,88.80,268.30,0.9990,-1,-1
473,69,276.00,265.00,198.70,463.80,1.0000,-1,-1
473,117,910.00,327.00,55.50,161.40,0.9990,-1,-1
473,124,1129.00,337.00,60.50,146.20,0.9990,-1,-1
473,134,805.00,321.00,60.90,162.10,0.9990,-1,-1
473,138,698.00,347.00,24.90,60.80,0.9970,-1,-1
473,143,1086.00,340.00,33.30,79.60,0.9990,-1,-1
473,159,677.00,344.00,24.10,65.20,0.9890,-1,-1
473,161,970.00,343.00,29.40,65.40,1.0000,-1,-1
473,162,611.00,343.00,40.50,108.30,0.9990,-1,-1
473,169,1020.00,345.00,20.90,48.10,0.9910,-1,-1
473,170,1190.00,309.00,71.40,237.00,1.0000,-1,-1
473,171,992.00,345.00,19.70,49.80,0.9920,-1,-1
473,172,584.00,333.00,35.40,88.60,0.9960,-1,-1
474,30,1228.00,285.00,66.60,274.80,0.9960,-1,-1
474,69,277.00,255.00,213.50,490.60,1.0000,-1,-1
474,117,912.00,328.00,57.00,154.40,1.0000,-1,-1
474,124,1131.00,326.00,62.00,158.50,0.9990,-1,-1
474,134,802.00,323.00,61.50,169.80,0.9990,-1,-1
474,138,693.00,348.00,24.80,64.40,0.9960,-1,-1
474,143,1084.00,336.00,34.90,87.20,0.9990,-1,-1
474,159,672.00,344.00,24.30,66.40,0.9900,-1,-1
474,161,971.00,345.00,28.40,62.20,0.9990,-1,-1
474,162,607.00,338.00,39.90,112.90,0.9980,-1,-1
474,169,1021.00,350.00,20.50,42.30,0.9790,-1,-1
474,170,1190.00,314.00,70.90,236.00,1.0000,-1,-1
474,171,989.00,340.00,20.40,54.50,0.9270,-1,-1
474,172,580.00,335.00,34.40,81.80,0.9960,-1,-1
475,30,1231.00,303.00,66.20,256.30,0.9990,-1,-1
475,69,258.00,248.00,248.20,494.80,1.0000,-1,-1
475,117,913.00,335.00,52.80,148.70,1.0000,-1,-1
475,124,1130.00,338.00,60.90,142.40,0.9990,-1,-1
475,134,797.00,318.00,60.50,172.90,1.0000,-1,-1
475,138,692.00,346.00,27.40,67.10,0.9960,-1,-1
475,143,1085.00,334.00,35.90,85.90,0.9990,-1,-1
475,159,673.00,347.00,23.20,69.20,0.9940,-1,-1
475,161,968.00,346.00,30.50,65.90,0.9910,-1,-1
475,162,609.00,343.00,39.00,110.50,1.0000,-1,-1
475,169,1018.00,346.00,20.80,46.90,0.9780,-1,-1
475,170,1196.00,310.00,71.10,234.60,1.0000,-1,-1
475,171,991.00,344.00,21.10,51.20,0.9970,-1,-1
475,172,578.00,332.00,34.60,88.30,0.9970,-1,-1
476,30,1213.00,302.00,70.80,250.70,1.0000,-1,-1
476,69,257.00,242.00,236.10,494.40,1.0000,-1,-1
476,117,915.00,327.00,56.00,158.80,1.0000,-1,-1
476,124,1128.00,328.00,60.60,155.80,0.9990,-1,-1
476,134,800.00,316.00,54.90,171.40,1.0000,-1,-1
476,138,696.00,350.00,22.00,60.20,0.9990,-1,-1
476,143,1088.00,334.00,34.50,90.40,1.0000,-1,-1
476,159,673.00,343.00,23.10,67.70,0.9940,-1,-1
476,161,969.00,343.00,28.70,68.10,0.9990,-1,-1
476,162,611.00,338.00,40.10,113.10,1.0000,-1,-1
476,169,1015.00,349.00,20.80,45.10,0.9870,-1,-1
476,171,989.00,341.00,20.70,50.00,0.9940,-1,-1
476,172,581.00,333.00,35.60,88.60,0.9940,-1,-1
477,30,1213.00,294.00,64.90,266.80,0.9990,-1,-1
477,69,252.00,240.00,240.30,512.10,1.0000,-1,-1
477,117,913.00,337.00,49.70,143.60,1.0000,-1,-1
477,124,1127.00,332.00,58.80,146.10,0.9990,-1,-1
477,134,794.00,318.00,54.60,169.60,1.0000,-1,-1
477,138,694.00,346.00,25.00,67.20,0.9980,-1,-1
477,143,1088.00,339.00,33.80,83.80,0.9990,-1,-1
477,159,669.00,342.00,26.80,69.70,0.9920,-1,-1
477,161,968.00,347.00,30.90,65.50,0.9990,-1,-1
477,162,603.00,347.00,48.80,104.90,1.0000,-1,-1
477,169,1016.00,349.00,22.00,48.90,0.9880,-1,-1
477,171,990.00,340.00,21.60,55.00,0.9990,-1,-1
477,172,580.00,340.00,31.40,78.80,0.9880,-1,-1
478,30,1216.00,296.00,78.80,278.00,0.9990,-1,-1
478,69,242.00,231.00,246.30,527.80,1.0000,-1,-1
478,117,910.00,342.00,54.60,146.60,0.9990,-1,-1
478,124,1123.00,336.00,64.90,147.20,0.9990,-1,-1
478,134,792.00,321.00,61.50,166.10,1.0000,-1,-1
478,138,693.00,350.00,25.70,67.10,0.9990,-1,-1
478,143,1084.00,336.00,38.50,87.80,0.9980,-1,-1
478,159,669.00,350.00,26.70,68.30,0.9820,-1,-1
478,161,967.00,349.00,26.10,63.20,0.9970,-1,-1
478,162,609.00,344.00,40.00,107.80,0.9990,-1,-1
478,169,1017.00,356.00,19.20,44.50,0.9530,-1,-1
478,171,987.00,348.00,22.70,53.90,0.9820,-1,-1
478,172,571.00,341.00,39.50,87.50,0.9060,-1,-1
479,30,1214.00,299.00,88.10,273.10,0.9990,-1,-1
479,69,248.00,246.00,246.40,520.10,1.0000,-1,-1
479,117,913.00,345.00,47.00,136.90,0.9980,-1,-1
479,124,1124.00,337.00,56.80,148.50,0.9950,-1,-1
479,134,788.00,335.00,59.40,160.70,0.9980,-1,-1
479,138,697.00,349.00,25.80,67.00,0.9580,-1,-1
479,143,1086.00,342.00,33.90,85.60,0.9970,-1,-1
479,161,970.00,343.00,25.80,66.10,0.9630,-1,-1
479,162,604.00,344.00,43.30,105.90,0.9810,-1,-1
479,171,984.00,347.00,23.30,55.20,0.9750,-1,-1
479,172,575.00,351.00,28.90,72.40,0.9860,-1,-1
480,30,1225.00,299.00,72.10,269.10,0.9990,-1,-1
480,69,252.00,265.00,231.80,476.80,1.0000,-1,-1
480,117,914.00,335.00,53.90,154.40,1.0000,-1,-1
480,124,1121.00,332.00,62.40,162.70,0.9980,-1,-1
480,134,792.00,318.00,61.70,177.80,0.9990,-1,-1
480,138,689.00,354.00,25.10,62.70,0.9880,-1,-1
480,143,1089.00,348.00,33.20,78.00,0.9790,-1,-1
480,159,672.00,352.00,24.20,65.90,0.9370,-1,-1
480,161,968.00,354.00,26.80,63.30,0.9930,-1,-1
480,162,610.00,350.00,37.60,107.20,1.0000,-1,-1
480,169,1016.00,355.00,21.30,48.20,0.9720,-1,-1
480,171,990.00,350.00,23.70,52.10,0.9410,-1,-1
481,30,1226.00,308.00,67.80,258.40,0.9990,-1,-1
481,69,239.00,263.00,247.60,494.80,1.0000,-1,-1
481,117,910.00,330.00,60.80,155.90,0.9990,-1,-1
481,124,1121.00,341.00,58.20,141.10,0.9990,-1,-1
481,134,793.00,330.00,61.50,169.40,0.9990,-1,-1
481,138,695.00,355.00,23.80,57.60,0.9660,-1,-1
481,143,1089.00,350.00,35.20,71.40,0.9980,-1,-1
481,159,676.00,350.00,26.50,72.40,0.9600,-1,-1
481,161,970.00,351.00,28.30,62.70,0.9960,-1,-1
481,162,615.00,346.00,37.50,108.50,0.9990,-1,-1
481,169,1023.00,355.00,20.80,46.20,0.9620,-1,-1
481,171,991.00,347.00,21.80,55.00,0.9990,-1,-1
482,30,1213.00,311.00,70.80,254.90,0.9990,-1,-1
482,69,243.00,242.00,242.60,520.50,1.0000,-1,-1
482,117,916.00,343.00,54.10,143.50,0.9990,-1,-1
482,124,1127.00,342.00,54.60,142.20,1.0000,-1,-1
482,134,798.00,323.00,60.00,165.30,0.9990,-1,-1
482,138,699.00,355.00,23.90,67.60,0.9480,-1,-1
482,143,1093.00,344.00,38.60,85.10,0.9990,-1,-1
482,159,683.00,353.00,22.50,58.50,0.9380,-1,-1
482,161,979.00,353.00,27.00,62.80,0.9980,-1,-1
482,162,622.00,348.00,40.90,108.90,0.9980,-1,-1
482,169,1026.00,355.00,21.70,45.60,0.9650,-1,-1
483,30,1231.00,317.00,63.30,247.80,0.9990,-1,-1
483,69,228.00,257.00,258.30,516.60,1.0000,-1,-1
483,117,913.00,338.00,54.90,153.10,0.9980,-1,-1
483,124,1127.00,341.00,54.90,151.30,0.9990,-1,-1
483,134,798.00,329.00,59.60,162.20,0.9990,-1,-1
483,138,700.00,353.00,26.30,64.70,0.9910,-1,-1
483,143,1095.00,344.00,36.50,84.30,0.9960,-1,-1
483,159,681.00,355.00,23.20,64.00,0.9920,-1,-1
483,161,977.00,351.00,29.60,66.00,1.0000,-1,-1
483,162,626.00,352.00,38.40,103.80,1.0000,-1,-1
483,169,1030.00,356.00,21.00,47.90,0.9220,-1,-1
483,171,998.00,349.00,21.90,53.20,0.9770,-1,-1
484,30,1219.00,312.00,82.00,245.80,1.0000,-1,-1
484,69,242.00,252.00,242.30,538.10,1.0000,-1,-1
484,117,916.00,336.00,53.10,150.30,0.9990,-1,-1
484,124,1126.00,341.00,64.00,144.30,0.9980,-1,-1
484,134,800.00,329.00,60.60,165.60,1.0000,-1,-1
484,138,705.00,353.00,27.70,64.60,0.9880,-1,-1
484,143,1104.00,341.00,35.30,86.50,0.9980,-1,-1
484,159,687.00,355.00,23.00,62.60,0.9900,-1,-1
484,161,986.00,351.00,27.30,65.10,0.9990,-1,-1
484,162,630.00,349.00,41.50,107.60,1.0000,-1,-1
484,169,1031.00,353.00,20.40,45.20,0.9430,-1,-1
484,171,1006.00,351.00,17.80,47.40,0.9800,-1,-1
485,30,1258.00,302.00,76.60,272.10,0.9640,-1,-1
485,69,242.00,258.00,221.70,510.10,1.0000,-1,-1
485,117,920.00,337.00,58.80,150.40,0.9990,-1,-1
485,124,1130.00,334.00,66.70,153.60,1.0000,-1,-1
485,134,808.00,315.00,64.50,183.30,1.0000,-1,-1
485,138,708.00,352.00,27.10,67.00,0.9990,-1,-1
485,143,1105.00,340.00,37.60,83.90,0.9990,-1,-1
485,159,687.00,351.00,24.10,68.20,0.9900,-1,-1
485,161,984.00,352.00,28.30,60.40,0.9980,-1,-1
485,162,633.00,345.00,37.80,108.40,0.9990,-1,-1
485,169,1037.00,347.00,23.40,51.50,0.9320,-1,-1
485,170,1220.00,299.00,75.70,253.20,0.9990,-1,-1
485,171,1005.00,345.00,20.40,55.90,0.9690,-1,-1
486,30,1245.00,285.00,80.60,283.30,0.9990,-1,-1
486,69,219.00,267.00,255.80,520.10,1.0000,-1,-1
486,117,919.00,334.00,54.90,151.00,0.9990,-1,-1
486,124,1123.00,333.00,67.20,151.00,0.9990,-1,-1
486,134,802.00,329.00,61.20,166.60,1.0000,-1,-1
486,138,707.00,353.00,25.20,61.50,0.9970,-1,-1
486,143,1103.00,333.00,36.80,93.90,0.9950,-1,-1
486,159,686.00,342.00,26.30,72.20,0.9820,-1,-1
486,161,985.00,348.00,29.10,62.80,0.9990,-1,-1
486,162,632.00,343.00,38.80,111.10,1.0000,-1,-1
486,169,1037.00,350.00,20.90,50.60,0.9240,-1,-1
486,171,1004.00,343.00,22.90,57.10,0.9570,-1,-1
487,30,1241.00,296.00,75.00,259.90,0.9990,-1,-1
487,69,225.00,267.00,238.10,512.70,1.0000,-1,-1
487,117,919.00,322.00,55.70,159.60,0.9990,-1,-1
487,124,1136.00,337.00,61.30,146.10,0.9990,-1,-1
487,134,803.00,322.00,59.40,164.50,1.0000,-1,-1
487,138,712.00,349.00,25.10,67.00,0.9900,-1,-1
487,143,1105.00,332.00,35.00,89.40,0.9950,-1,-1
487,159,690.00,347.00,26.10,67.50,0.9780,-1,-1
487,161,987.00,344.00,25.80,64.10,0.9960,-1,-1
487,162,635.00,341.00,37.80,110.60,1.0000,-1,-1
487,169,1041.00,349.00,21.10,45.50,0.9670,-1,-1
487,171,1006.00,345.00,22.20,51.00,0.9980,-1,-1
488,30,1247.00,286.00,68.30,281.30,0.9990,-1,-1
488,69,207.00,264.00,262.00,530.10,1.0000,-1,-1
488,117,919.00,324.00,56.60,158.60,0.9980,-1,-1
488,124,1130.00,335.00,58.30,142.50,1.0000,-1,-1
488,134,811.00,313.00,56.70,179.40,1.0000,-1,-1
488,138,713.00,348.00,24.80,63.00,1.0000,-1,-1
488,143,1113.00,329.00,32.70,91.00,0.9920,-1,-1
488,159,694.00,344.00,24.30,64.70,0.9780,-1,-1
488,161,991.00,343.00,26.50,62.30,0.9980,-1,-1
488,162,634.00,336.00,41.40,115.20,1.0000,-1,-1
488,169,1040.00,347.00,22.20,44.90,0.9470,-1,-1
488,171,1011.00,342.00,22.80,48.40,0.9980,-1,-1
489,30,1241.00,288.00,76.40,271.60,0.9990,-1,-1
489,69,213.00,259.00,259.40,519.20,1.0000,-1,-1
489,117,917.00,337.00,55.30,147.00,0.9990,-1,-1
489,124,1138.00,326.00,55.10,150.30,1.0000,-1,-1
489,134,813.00,321.00,59.60,165.60,0.9990,-1,-1
489,138,715.00,349.00,24.30,63.50,0.9990,-1,-1
489,143,1116.00,336.00,32.40,79.70,0.9990,-1,-1
489,159,696.00,344.00,26.60,68.50,0.9870,-1,-1
489,161,990.00,343.00,27.00,61.80,0.9990,-1,-1
489,162,636.00,338.00,40.60,109.70,1.0000,-1,-1
489,169,1043.00,347.00,18.90,42.40,0.9220,-1,-1
489,171,1012.00,339.00,17.70,51.20,0.9930,-1,-1
490,30,1252.00,297.00,92.40,260.70,1.0000,-1,-1
490,69,198.00,255.00,247.20,549.30,1.0000,-1,-1
490,117,916.00,333.00,58.60,149.60,0.9980,-1,-1
490,124,1139.00,328.00,58.70,146.30,1.0000,-1,-1
490,134,812.00,316.00,57.90,174.30,0.9990,-1,-1
490,138,720.00,347.00,25.10,65.00,0.9980,-1,-1
490,143,1119.00,331.00,33.50,85.20,0.9970,-1,-1
490,159,696.00,341.00,26.70,66.90,0.9940,-1,-1
490,161,998.00,344.00,27.20,59.80,0.9920,-1,-1
490,162,641.00,342.00,39.70,110.00,1.0000,-1,-1
490,169,1043.00,345.00,20.90,45.80,0.9720,-1,-1
490,171,1019.00,343.00,19.50,49.80,0.9760,-1,-1
490,173,621.00,336.00,31.50,78.00,0.9650,-1,-1
491,30,1257.00,298.00,93.40,277.20,1.0000,-1,-1
491,69,187.00,268.00,282.70,532.10,1.0000,-1,-1
491,117,919.00,330.00,61.50,156.00,0.9990,-1,-1
491,124,1144.00,327.00,58.70,141.90,0.9990,-1,-1
491,134,817.00,324.00,56.40,169.60,0.9990,-1,-1
491,138,718.00,345.00,25.80,64.70,0.9950,-1,-1
491,143,1118.00,332.00,39.00,90.80,0.9990,-1,-1
491,159,697.00,339.00,26.80,71.50,0.9860,-1,-1
491,161,996.00,341.00,26.10,67.10,0.9930,-1,-1
491,162,645.00,344.00,37.60,104.70,1.0000,-1,-1
491,169,1047.00,348.00,21.60,44.90,0.9820,-1,-1
491,171,1017.00,342.00,20.80,48.30,1.0000,-1,-1
491,173,626.00,338.00,28.90,76.40,0.9960,-1,-1
492,30,1260.00,272.00,88.90,296.00,1.0000,-1,-1
492,69,213.00,275.00,256.40,531.00,1.0000,-1,-1
492,117,915.00,336.00,48.90,147.00,0.9990,-1,-1
492,124,1143.00,328.00,61.30,145.10,1.0000,-1,-1
492,134,813.00,313.00,62.00,173.40,0.9990,-1,-1
492,138,718.00,352.00,26.40,61.20,0.9990,-1,-1
492,143,1124.00,333.00,33.00,92.80,0.9950,-1,-1
492,159,703.00,343.00,23.60,69.40,0.9940,-1,-1
492,161,998.00,344.00,27.00,64.50,0.9960,-1,-1
492,162,646.00,340.00,43.80,111.30,0.9990,-1,-1
492,169,1044.00,346.00,21.50,48.80,0.9720,-1,-1
492,171,1019.00,343.00,21.30,47.40,0.9970,-1,-1
492,173,628.00,348.00,31.60,71.60,0.9980,-1,-1
493,30,1274.00,289.00,84.30,282.80,1.0000,-1,-1
493,69,194.00,277.00,255.60,531.20,1.0000,-1,-1
493,117,918.00,324.00,54.80,150.60,0.9980,-1,-1
493,124,1142.00,329.00,60.00,147.90,0.9980,-1,-1
493,134,816.00,327.00,61.20,167.70,1.0000,-1,-1
493,138,724.00,351.00,22.90,60.60,0.9970,-1,-1
493,159,705.00,350.00,24.30,63.60,0.9930,-1,-1
493,161,1001.00,344.00,28.40,68.00,0.9970,-1,-1
493,162,652.00,342.00,41.30,110.20,0.9990,-1,-1
493,169,1050.00,351.00,21.60,46.90,0.9800,-1,-1
493,171,1021.00,345.00,23.50,49.70,0.9970,-1,-1
493,173,623.00,348.00,32.00,75.70,0.9990,-1,-1
494,30,1288.00,295.00,84.30,291.80,0.9970,-1,-1
494,69,194.00,267.00,257.70,550.00,1.0000,-1,-1
494,117,918.00,325.00,56.70,151.00,0.9950,-1,-1
494,124,1151.00,339.00,57.40,140.20,0.9990,-1,-1
494,134,822.00,320.00,60.50,171.00,0.9990,-1,-1
494,138,725.00,349.00,28.60,72.30,0.9960,-1,-1
494,143,1127.00,335.00,39.70,97.20,0.9610,-1,-1
494,159,706.00,350.00,24.90,66.30,0.9940,-1,-1
494,161,999.00,347.00,30.00,65.10,0.9990,-1,-1
494,162,652.00,345.00,42.00,109.60,0.9990,-1,-1
494,169,1056.00,352.00,21.50,45.50,0.9650,-1,-1
494,170,1254.00,304.00,75.30,270.00,0.9990,-1,-1
494,171,1023.00,344.00,22.40,57.80,0.9720,-1,-1
494,173,625.00,346.00,32.00,74.20,0.9950,-1,-1
495,30,1277.00,292.00,83.40,279.70,0.9990,-1,-1
495,69,172.00,269.00,299.00,552.10,1.0000,-1,-1
495,117,919.00,330.00,58.90,156.10,0.9980,-1,-1
495,124,1143.00,338.00,64.10,150.60,1.0000,-1,-1
495,134,820.00,319.00,63.30,181.00,1.0000,-1,-1
495,138,726.00,353.00,24.50,60.30,0.9960,-1,-1
495,159,711.00,349.00,22.80,66.00,0.9890,-1,-1
495,161,1005.00,347.00,31.30,69.70,0.9970,-1,-1
495,162,655.00,346.00,39.40,110.80,0.9990,-1,-1
495,169,1054.00,352.00,22.10,47.90,0.9650,-1,-1
495,171,1029.00,349.00,20.30,51.10,0.9980,-1,-1
495,173,628.00,350.00,33.70,75.90,0.9930,-1,-1
496,30,1270.00,287.00,80.70,294.60,1.0000,-1,-1
496,69,174.00,265.00,268.90,562.30,1.0000,-1,-1
496,117,923.00,336.00,52.50,146.50,0.9990,-1,-1
496,124,1152.00,336.00,53.50,149.20,1.0000,-1,-1
496,134,821.00,324.00,60.50,175.50,0.9990,-1,-1
496,138,729.00,352.00,26.50,65.70,0.9900,-1,-1
496,143,1132.00,341.00,37.30,85.90,0.9830,-1,-1
496,159,710.00,347.00,25.50,66.60,0.9820,-1,-1
496,161,1004.00,346.00,28.80,65.30,1.0000,-1,-1
496,162,657.00,342.00,42.10,113.00,0.9980,-1,-1
496,169,1055.00,350.00,22.70,50.40,0.9220,-1,-1
496,171,1025.00,347.00,22.10,53.00,0.9490,-1,-1
496,173,627.00,345.00,32.10,80.90,0.9940,-1,-1
497,30,1267.00,304.00,79.70,288.70,0.9990,-1,-1
497,69,161.00,274.00,269.30,569.10,1.0000,-1,-1
497,117,921.00,330.00,51.50,154.90,0.9990,-1,-1
497,124,1151.00,331.00,57.40,159.00,1.0000,-1,-1
497,134,820.00,325.00,61.60,165.70,0.9990,-1,-1
497,138,727.00,354.00,26.10,67.30,0.9980,-1,-1
497,143,1128.00,337.00,41.40,96.50,0.9930,-1,-1
497,159,710.00,354.00,24.90,66.10,0.9970,-1,-1
497,161,1004.00,353.00,30.00,65.80,1.0000,-1,-1
497,162,656.00,345.00,42.10,110.10,0.9990,-1,-1
497,169,1059.00,355.00,21.00,45.80,0.9270,-1,-1
497,171,1030.00,349.00,23.20,55.00,0.9970,-1,-1
497,173,624.00,354.00,32.60,69.60,0.9930,-1,-1
498,30,1272.00,302.00,78.50,285.40,1.0000,-1,-1
498,69,167.00,262.00,262.20,562.30,1.0000,-1,-1
498,117,924.00,330.00,47.60,151.80,0.9990,-1,-1
498,124,1149.00,335.00,62.10,150.40,1.0000,-1,-1
498,134,824.00,319.00,60.10,171.00,1.0000,-1,-1
498,138,732.00,350.00,26.30,67.60,0.9930,-1,-1
498,159,714.00,349.00,24.10,64.80,0.9880,-1,-1
498,161,1008.00,347.00,30.00,65.70,0.9990,-1,-1
498,162,663.00,344.00,41.70,103.30,1.0000,-1,-1
498,169,1062.00,351.00,18.70,46.50,0.9250,-1,-1
498,171,1033.00,344.00,22.80,54.80,0.9870,-1,-1
498,173,625.00,347.00,30.30,70.80,0.9730,-1,-1
499,30,1288.00,281.00,85.70,306.10,1.0000,-1,-1
499,69,163.00,262.00,262.90,561.00,1.0000,-1,-1
499,117,922.00,330.00,50.90,159.20,0.9980,-1,-1
499,124,1151.00,339.00,58.90,142.40,1.0000,-1,-1
499,134,824.00,325.00,62.60,167.80,0.9990,-1,-1
499,138,732.00,353.00,23.40,61.00,0.9890,-1,-1
499,159,715.00,346.00,23.50,65.50,0.9980,-1,-1
499,161,1009.00,346.00,28.20,65.50,1.0000,-1,-1
499,162,664.00,342.00,40.90,112.10,1.0000,-1,-1
499,169,1061.00,353.00,21.10,47.00,0.9830,-1,-1
499,171,1033.00,345.00,22.80,55.70,0.9890,-1,-1
499,173,627.00,353.00,32.10,69.90,0.9970,-1,-1
500,30,1286.00,277.00,94.10,308.60,1.0000,-1,-1
500,69,137.00,258.00,283.00,607.50,1.0000,-1,-1
500,117,918.00,333.00,48.00,146.60,0.9990,-1,-1
500,124,1154.00,340.00,57.70,139.40,1.0000,-1,-1
500,134,827.00,325.00,58.40,169.10,1.0000,-1,-1
500,138,736.00,349.00,23.60,64.80,0.9900,-1,-1
500,159,715.00,343.00,23.50,68.10,0.9950,-1,-1
500,161,1008.00,344.00,30.30,67.20,1.0000,-1,-1
500,162,661.00,335.00,41.90,110.00,1.0000,-1,-1
500,169,1060.00,350.00,22.20,50.20,0.9830,-1,-1
500,171,1035.00,342.00,21.70,54.30,0.9990,-1,-1
500,173,622.00,351.00,31.00,63.70,0.9920,-1,-1
501,30,1308.00,289.00,85.70,300.80,0.9980,-1,-1
501,69,144.00,280.00,281.00,550.80,1.0000,-1,-1
501,117,921.00,327.00,52.60,158.30,0.9990,-1,-1
501,124,1150.00,334.00,60.40,150.70,1.0000,-1,-1
501,134,823.00,317.00,63.30,172.20,0.9990,-1,-1
501,138,734.00,344.00,23.90,59.40,0.9930,-1,-1
501,159,714.00,345.00,26.30,67.60,0.9930,-1,-1
501,161,1010.00,342.00,27.90,66.70,0.9990,-1,-1
501,162,671.00,334.00,37.70,117.30,1.0000,-1,-1
501,169,1062.00,345.00,23.20,50.20,0.9610,-1,-1
501,170,1270.00,296.00,84.60,264.90,1.0000,-1,-1
501,171,1039.00,340.00,23.80,56.50,0.9970,-1,-1
501,173,623.00,339.00,33.00,76.90,0.9880,-1,-1
502,30,1311.00,271.00,89.40,308.60,0.9880,-1,-1
502,69,126.00,269.00,280.90,582.40,1.0000,-1,-1
502,117,920.00,324.00,52.00,152.80,0.9990,-1,-1
502,124,1145.00,332.00,67.00,147.90,1.0000,-1,-1
502,134,818.00,319.00,63.10,168.50,0.9990,-1,-1
502,138,732.00,343.00,27.40,66.70,0.9960,-1,-1
502,159,717.00,342.00,26.30,67.90,0.9920,-1,-1
502,161,1009.00,338.00,30.40,73.00,0.9990,-1,-1
502,162,668.00,339.00,35.20,103.90,0.9990,-1,-1
502,169,1064.00,345.00,21.30,46.40,0.9840,-1,-1
502,170,1273.00,295.00,85.70,267.00,1.0000,-1,-1
502,171,1040.00,340.00,20.00,54.80,0.9970,-1,-1
502,173,622.00,345.00,33.70,68.60,0.9960,-1,-1
503,69,134.00,270.00,269.10,590.50,1.0000,-1,-1
503,117,915.00,319.00,53.80,162.30,0.9950,-1,-1
503,124,1148.00,324.00,59.50,151.60,0.9990,-1,-1
503,134,820.00,307.00,68.50,174.90,1.0000,-1,-1
503,138,737.00,343.00,24.30,62.60,0.9930,-1,-1
503,159,716.00,341.00,25.10,64.60,0.9920,-1,-1
503,161,1011.00,338.00,30.00,68.40,0.9950,-1,-1
503,162,668.00,336.00,42.40,114.80,0.9950,-1,-1
503,169,1063.00,344.00,21.60,50.20,0.9830,-1,-1
503,170,1267.00,277.00,97.10,287.40,1.0000,-1,-1
503,171,1036.00,340.00,22.90,55.30,0.9980,-1,-1
503,173,623.00,343.00,31.40,68.70,0.9930,-1,-1
504,30,1308.00,279.00,79.80,311.00,0.9990,-1,-1
504,69,108.00,249.00,304.20,612.90,1.0000,-1,-1
504,117,915.00,312.00,55.00,164.80,0.9940,-1,-1
504,124,1146.00,324.00,61.20,153.10,1.0000,-1,-1
504,134,826.00,305.00,60.40,177.40,1.0000,-1,-1
504,138,735.00,341.00,27.90,62.70,0.9980,-1,-1
504,159,719.00,338.00,24.80,59.30,0.9650,-1,-1
504,161,1016.00,337.00,26.30,67.50,1.0000,-1,-1
504,162,669.00,333.00,42.70,112.00,1.0000,-1,-1
504,169,1068.00,342.00,22.10,49.20,0.9870,-1,-1
504,171,1038.00,335.00,24.00,57.30,0.9990,-1,-1
504,173,622.00,340.00,33.20,71.40,0.9990,-1,-1
505,30,1307.00,282.00,78.80,287.80,0.9990,-1,-1
505,69,93.00,244.00,320.60,617.90,1.0000,-1,-1
505,117,915.00,325.00,54.00,153.30,0.9990,-1,-1
505,124,1147.00,324.00,58.70,149.60,1.0000,-1,-1
505,134,822.00,319.00,63.90,161.20,0.9990,-1,-1
505,138,737.00,344.00,24.90,62.00,0.9950,-1,-1
505,159,719.00,343.00,22.30,63.40,0.9520,-1,-1
505,161,1012.00,340.00,28.60,63.90,1.0000,-1,-1
505,162,674.00,334.00,40.80,108.60,1.0000,-1,-1
505,169,1064.00,342.00,22.10,51.60,0.9750,-1,-1
505,171,1040.00,340.00,21.30,55.40,0.9990,-1,-1
505,173,619.00,341.00,35.40,72.10,0.9980,-1,-1
506,30,1300.00,270.00,93.20,323.40,0.9990,-1,-1
506,69,72.00,257.00,301.80,586.70,1.0000,-1,-1
506,117,913.00,319.00,54.40,156.20,0.9980,-1,-1
506,124,1146.00,329.00,63.70,143.10,1.0000,-1,-1
506,134,816.00,307.00,61.10,171.50,1.0000,-1,-1
506,138,738.00,343.00,25.40,62.10,0.9980,-1,-1
506,159,717.00,340.00,27.70,64.90,0.9270,-1,-1
506,161,1014.00,340.00,27.00,61.20,1.0000,-1,-1
506,162,672.00,332.00,39.20,111.50,1.0000,-1,-1
506,169,1068.00,343.00,22.70,47.10,0.9830,-1,-1
506,171,1041.00,335.00,21.70,56.80,0.9940,-1,-1
506,173,621.00,338.00,35.00,74.80,0.9960,-1,-1
506,174,343.00,322.00,72.20,252.10,0.9920,-1,-1
507,30,1309.00,258.00,83.80,325.10,0.9980,-1,-1
507,69,77.00,239.00,320.30,633.90,1.0000,-1,-1
507,117,914.00,326.00,55.00,137.20,0.9540,-1,-1
507,124,1145.00,312.00,61.70,160.10,0.9980,-1,-1
507,134,823.00,313.00,62.20,173.90,0.9980,-1,-1
507,138,743.00,337.00,25.30,67.60,0.9790,-1,-1
507,161,1013.00,334.00,31.40,68.10,0.9990,-1,-1
507,162,674.00,330.00,40.30,113.90,0.9720,-1,-1
507,171,1038.00,334.00,22.60,55.10,0.9180,-1,-1
507,173,621.00,337.00,29.10,66.80,0.9850,-1,-1
508,30,1325.00,257.00,95.90,347.40,0.9970,-1,-1
508,69,72.00,254.00,312.00,621.50,1.0000,-1,-1
508,117,915.00,321.00,57.10,160.50,0.9960,-1,-1
508,124,1148.00,322.00,59.90,150.70,1.0000,-1,-1
508,134,824.00,318.00,62.90,171.70,0.9990,-1,-1
508,138,741.00,344.00,27.30,65.60,0.9250,-1,-1
508,159,722.00,339.00,25.50,68.10,0.9950,-1,-1
508,161,1021.00,340.00,26.90,67.00,1.0000,-1,-1
508,162,680.00,334.00,40.00,106.50,1.0000,-1,-1
508,169,1073.00,339.00,23.50,52.80,0.9590,-1,-1
508,170,1284.00,298.00,90.50,275.30,0.9990,-1,-1
508,171,1043.00,337.00,21.40,52.70,0.9980,-1,-1
508,173,621.00,340.00,33.60,67.50,0.9940,-1,-1
509,30,1315.00,269.00,90.90,314.70,0.9990,-1,-1
509,69,61.00,227.00,309.20,667.60,1.0000,-1,-1
509,117,918.00,310.00,54.70,161.80,0.9960,-1,-1
509,124,1153.00,325.00,63.50,138.30,0.9990,-1,-1
509,134,827.00,313.00,61.80,164.90,0.9990,-1,-1
509,138,753.00,337.00,26.70,69.10,0.9690,-1,-1
509,159,729.00,339.00,25.90,66.20,0.9800,-1,-1
509,161,1024.00,334.00,28.10,69.70,1.0000,-1,-1
509,162,683.00,333.00,38.20,106.50,0.9990,-1,-1
509,169,1073.00,339.00,23.00,51.10,0.9470,-1,-1
509,171,1046.00,332.00,25.50,62.40,0.9930,-1,-1
509,173,625.00,338.00,32.20,66.50,0.9960,-1,-1
509,174,333.00,312.00,79.60,265.80,0.9920,-1,-1
510,30,1307.00,281.00,89.40,288.30,0.9990,-1,-1
510,69,40.00,230.00,333.10,674.10,1.0000,-1,-1
510,117,916.00,324.00,54.50,147.00,0.9960,-1,-1
510,124,1159.00,322.00,56.30,149.00,1.0000,-1,-1
510,134,833.00,307.00,59.90,164.20,0.9990,-1,-1
510,138,752.00,337.00,26.70,68.90,0.9960,-1,-1
510,159,729.00,335.00,25.50,69.50,0.9800,-1,-1
510,161,1025.00,333.00,30.50,67.10,1.0000,-1,-1
510,162,685.00,329.00,41.20,111.20,0.9990,-1,-1
510,169,1080.00,338.00,23.00,49.10,0.9730,-1,-1
510,171,1049.00,334.00,22.60,51.50,0.9990,-1,-1
510,173,628.00,332.00,31.40,74.20,0.9980,-1,-1
510,174,341.00,318.00,69.60,248.20,0.9850,-1,-1
511,30,1323.00,270.00,108.20,325.60,0.9990,-1,-1
511,69,34.00,244.00,335.90,669.60,1.0000,-1,-1
511,117,926.00,321.00,50.20,147.90,0.9970,-1,-1
511,124,1159.00,316.00,62.00,154.40,1.0000,-1,-1
511,134,828.00,300.00,59.50,175.60,1.0000,-1,-1
511,138,753.00,337.00,26.80,68.10,0.9860,-1,-1
511,159,732.00,341.00,25.10,63.70,0.9870,-1,-1
511,161,1027.00,331.00,28.90,69.90,0.9990,-1,-1
511,162,695.00,331.00,40.90,110.10,1.0000,-1,-1
511,169,1083.00,340.00,19.80,45.30,0.9780,-1,-1
511,171,1053.00,329.00,25.40,60.20,0.9970,-1,-1
511,173,627.00,335.00,31.10,74.10,1.0000,-1,-1
511,174,338.00,306.00,75.30,263.10,0.9920,-1,-1
512,30,1353.00,261.00,94.60,324.20,0.9990,-1,-1
512,69,41.00,256.00,341.40,650.90,1.0000,-1,-1
512,117,922.00,321.00,55.60,155.10,0.9990,-1,-1
512,124,1167.00,326.00,58.70,132.10,1.0000,-1,-1
512,134,836.00,312.00,59.00,159.10,1.0000,-1,-1
512,138,757.00,333.00,26.10,66.40,0.9900,-1,-1
512,159,736.00,334.00,25.00,65.40,0.9700,-1,-1
512,161,1033.00,329.00,26.90,65.40,0.9990,-1,-1
512,162,698.00,328.00,38.50,108.50,0.9990,-1,-1
512,169,1090.00,331.00,21.40,52.30,0.9610,-1,-1
512,170,1304.00,282.00,88.30,287.50,0.9990,-1,-1
512,171,1060.00,327.00,22.70,53.50,0.9950,-1,-1
512,173,628.00,326.00,38.00,80.50,0.9970,-1,-1
512,174,343.00,310.00,83.00,243.50,0.9710,-1,-1
513,30,1343.00,258.00,98.20,344.30,0.9990,-1,-1
513,69,15.00,245.00,347.90,667.60,1.0000,-1,-1
513,117,923.00,314.00,55.40,156.90,0.9980,-1,-1
513,124,1170.00,314.00,60.10,142.00,1.0000,-1,-1
513,134,838.00,300.00,56.40,169.20,1.0000,-1,-1
513,138,760.00,330.00,24.50,63.60,0.9940,-1,-1
513,159,739.00,326.00,26.50,68.80,0.9920,-1,-1
513,161,1035.00,327.00,28.90,66.10,0.9990,-1,-1
513,162,702.00,325.00,39.30,103.10,1.0000,-1,-1
513,169,1088.00,330.00,21.40,50.90,0.9610,-1,-1
513,170,1310.00,278.00,86.90,289.80,0.9990,-1,-1
513,171,1058.00,325.00,24.50,60.30,0.9900,-1,-1
513,173,632.00,330.00,30.00,69.80,0.9990,-1,-1
513,174,335.00,317.00,80.20,265.60,0.9950,-1,-1
514,30,1348.00,251.00,94.60,343.60,1.0000,-1,-1
514,69,13.00,234.00,337.70,679.40,1.0000,-1,-1
514,117,924.00,307.00,60.90,161.50,0.9990,-1,-1
514,124,1172.00,315.00,56.00,138.30,1.0000,-1,-1
514,134,842.00,290.00,58.70,180.40,1.0000,-1,-1
514,138,763.00,326.00,24.40,66.90,0.9940,-1,-1
514,159,743.00,326.00,24.00,66.60,0.9960,-1,-1
514,161,1041.00,321.00,26.70,64.20,0.9990,-1,-1
514,162,700.00,316.00,40.70,107.80,0.9990,-1,-1
514,169,1095.00,324.00,21.80,48.70,0.9770,-1,-1
514,171,1067.00,321.00,23.80,52.10,0.9940,-1,-1
514,173,631.00,319.00,33.10,75.50,1.0000,-1,-1
514,174,344.00,297.00,62.00,300.80,0.9850,-1,-1
515,30,1350.00,248.00,97.30,333.80,0.9990,-1,-1
515,69,14.00,237.00,341.90,661.50,1.0000,-1,-1
515,117,919.00,307.00,60.50,155.60,0.9980,-1,-1
515,124,1175.00,315.00,54.00,139.20,0.9990,-1,-1
515,134,839.00,291.00,60.90,179.80,0.9980,-1,-1
515,138,767.00,321.00,24.70,64.50,0.9960,-1,-1
515,159,740.00,320.00,27.10,68.00,0.9970,-1,-1
515,161,1040.00,319.00,27.80,63.90,1.0000,-1,-1
515,162,707.00,317.00,34.80,102.80,1.0000,-1,-1
515,169,1096.00,320.00,21.00,54.50,0.9670,-1,-1
515,171,1067.00,319.00,20.10,54.30,0.9930,-1,-1
515,173,635.00,321.00,32.90,70.70,0.9990,-1,-1
515,174,346.00,301.00,72.90,270.00,0.9930,-1,-1
516,30,1365.00,237.00,75.10,349.40,0.9990,-1,-1
516,69,12.00,230.00,333.10,689.70,1.0000,-1,-1
516,117,920.00,306.00,59.10,150.90,0.9990,-1,-1
516,124,1170.00,302.00,57.10,141.90,1.0000,-1,-1
516,134,839.00,289.00,61.40,179.90,0.9990,-1,-1
516,138,768.00,324.00,27.10,64.20,0.9930,-1,-1
516,159,743.00,320.00,24.10,63.10,0.9960,-1,-1
516,161,1040.00,320.00,26.30,61.70,0.9990,-1,-1
516,162,707.00,312.00,36.50,106.40,1.0000,-1,-1
516,169,1095.00,321.00,20.30,49.60,0.9620,-1,-1
516,170,1324.00,257.00,81.00,298.40,0.9970,-1,-1
516,171,1067.00,312.00,22.80,58.50,0.9990,-1,-1
516,173,635.00,322.00,28.90,62.80,0.9990,-1,-1
516,174,340.00,288.00,71.00,265.20,0.9820,-1,-1
517,30,1368.00,250.00,99.90,359.10,0.9940,-1,-1
517,69,8.00,230.00,345.50,697.30,1.0000,-1,-1
517,117,919.00,305.00,52.70,146.30,0.9990,-1,-1
517,124,1181.00,306.00,57.20,135.30,1.0000,-1,-1
517,134,836.00,289.00,62.80,176.10,0.9990,-1,-1
517,138,769.00,315.00,26.10,67.80,0.9980,-1,-1
517,159,748.00,315.00,26.20,66.00,0.9970,-1,-1
517,161,1042.00,316.00,28.20,62.70,1.0000,-1,-1
517,162,710.00,311.00,36.80,110.10,0.9980,-1,-1
517,169,1096.00,318.00,19.90,47.70,0.9750,-1,-1
517,170,1345.00,257.00,76.70,319.00,0.9990,-1,-1
517,171,1064.00,313.00,24.20,60.00,0.9980,-1,-1
517,173,632.00,318.00,30.20,71.40,1.0000,-1,-1
517,174,335.00,297.00,84.00,281.80,0.9940,-1,-1
518,30,1355.00,246.00,96.60,333.60,0.9990,-1,-1
518,69,-8.00,223.00,338.20,689.90,0.9990,-1,-1
518,117,916.00,303.00,57.80,155.50,0.9970,-1,-1
518,124,1172.00,299.00,64.50,150.20,0.9990,-1,-1
518,134,838.00,292.00,61.20,172.00,0.9990,-1,-1
518,138,772.00,322.00,24.10,63.10,0.9850,-1,-1
518,159,747.00,318.00,23.30,63.70,0.9940,-1,-1
518,161,1041.00,312.00,28.60,70.00,0.9990,-1,-1
518,162,715.00,312.00,37.30,105.10,0.9980,-1,-1
518,169,1099.00,314.00,23.00,53.70,0.9690,-1,-1
518,171,1069.00,313.00,23.50,57.80,0.9950,-1,-1
518,173,628.00,315.00,34.10,75.50,0.9990,-1,-1
518,174,334.00,290.00,74.20,279.40,0.9960,-1,-1
519,30,1361.00,237.00,101.40,368.10,0.9990,-1,-1
519,69,-19.00,212.00,349.40,707.40,0.9990,-1,-1
519,117,915.00,296.00,62.10,164.10,0.9990,-1,-1
519,124,1173.00,301.00,59.90,140.90,1.0000,-1,-1
519,134,845.00,285.00,58.00,176.70,0.9990,-1,-1
519,138,770.00,315.00,26.20,70.90,0.9960,-1,-1
519,159,749.00,316.00,25.70,66.50,0.9860,-1,-1
519,161,1046.00,311.00,28.20,69.00,1.0000,-1,-1
519,162,713.00,313.00,35.80,103.80,0.9990,-1,-1
519,169,1101.00,319.00,20.80,49.40,0.9360,-1,-1
519,171,1069.00,311.00,23.60,58.20,0.9980,-1,-1
519,173,631.00,314.00,33.30,70.90,0.9990,-1,-1
519,174,322.00,282.00,84.30,269.50,0.9970,-1,-1
520,30,1377.00,240.00,96.20,361.80,0.9990,-1,-1
520,69,-29.00,237.00,338.50,688.00,0.9970,-1,-1
520,117,913.00,299.00,59.40,161.10,0.9980,-1,-1
520,124,1182.00,300.00,61.50,151.30,1.0000,-1,-1
520,134,844.00,291.00,57.50,169.50,0.9990,-1,-1
520,138,766.00,318.00,27.30,68.10,0.9960,-1,-1
520,159,751.00,314.00,25.60,69.20,0.9950,-1,-1
520,161,1040.00,319.00,30.50,66.40,0.9970,-1,-1
520,162,714.00,314.00,38.60,102.80,0.9990,-1,-1
520,169,1100.00,317.00,20.80,52.20,0.9530,-1,-1
520,170,1336.00,261.00,91.30,319.50,0.9990,-1,-1
520,171,1071.00,316.00,21.40,52.50,0.9990,-1,-1
520,173,629.00,314.00,34.70,79.40,0.9940,-1,-1
520,174,315.00,285.00,99.30,272.60,0.9980,-1,-1
521,30,1369.00,246.00,86.50,362.90,1.0000,-1,-1
521,69,-34.00,235.00,355.80,715.90,0.9970,-1,-1
521,117,914.00,305.00,53.10,149.20,0.9960,-1,-1
521,124,1178.00,304.00,56.90,149.60,0.9990,-1,-1
521,134,842.00,284.00,55.60,185.60,0.9990,-1,-1
521,138,768.00,320.00,26.30,64.70,0.9980,-1,-1
521,159,750.00,318.00,25.30,65.90,0.9970,-1,-1
521,161,1045.00,316.00,26.90,69.60,0.9970,-1,-1
521,162,713.00,313.00,40.70,110.10,0.9990,-1,-1
521,169,1096.00,322.00,20.00,47.50,0.9470,-1,-1
521,171,1070.00,310.00,25.30,62.70,0.9990,-1,-1
521,173,629.00,315.00,31.60,70.60,0.9920,-1,-1
521,174,302.00,283.00,107.60,302.80,0.9520,-1,-1
521,175,331.00,306.00,60.60,257.10,0.9990,-1,-1
522,30,1377.00,254.00,89.50,334.10,0.9990,-1,-1
522,69,-50.00,221.00,349.80,747.90,0.9920,-1,-1
522,117,915.00,302.00,53.50,156.90,0.9970,-1,-1
522,124,1169.00,308.00,58.00,146.70,0.9950,-1,-1
522,134,842.00,286.00,58.00,176.70,0.9990,-1,-1
522,138,766.00,321.00,24.10,68.00,0.9820,-1,-1
522,159,748.00,327.00,24.70,58.70,0.9890,-1,-1
522,161,1045.00,315.00,27.20,66.30,0.9990,-1,-1
522,162,708.00,309.00,40.20,107.40,0.9950,-1,-1
522,169,1097.00,321.00,20.30,48.40,0.9120,-1,-1
522,170,1327.00,262.00,94.50,316.70,0.9950,-1,-1
522,171,1066.00,314.00,21.90,53.50,0.9880,-1,-1
522,173,622.00,321.00,32.90,73.80,0.9940,-1,-1
522,174,310.00,277.00,92.30,287.10,0.9970,-1,-1
523,30,1367.00,230.00,100.60,372.30,0.9990,-1,-1
523,69,-53.00,241.00,329.10,706.50,0.9870,-1,-1
523,117,910.00,301.00,53.90,157.70,1.0000,-1,-1
523,124,1169.00,308.00,52.80,147.00,1.0000,-1,-1
523,134,830.00,286.00,67.10,184.00,1.0000,-1,-1
523,138,768.00,323.00,23.40,63.70,0.9880,-1,-1
523,159,747.00,318.00,27.30,71.50,0.9960,-1,-1
523,161,1041.00,320.00,29.40,68.20,0.9990,-1,-1
523,162,713.00,312.00,35.60,106.40,0.9970,-1,-1
523,169,1096.00,328.00,19.30,45.80,0.9670,-1,-1
523,171,1066.00,315.00,24.20,64.30,0.9960,-1,-1
523,173,618.00,319.00,32.70,74.50,0.9970,-1,-1
523,174,302.00,312.00,90.10,257.50,0.9990,-1,-1
523,176,271.00,308.00,30.40,81.70,0.9790,-1,-1
524,30,1379.00,236.00,92.50,379.10,0.9980,-1,-1
524,69,-57.00,228.00,321.60,784.80,0.9600,-1,-1
524,117,899.00,300.00,59.30,159.70,0.9990,-1,-1
524,124,1163.00,299.00,63.50,159.00,1.0000,-1,-1
524,134,830.00,288.00,61.80,176.10,0.9990,-1,-1
524,138,761.00,323.00,26.60,65.90,0.9980,-1,-1
524,161,1036.00,321.00,27.30,70.40,0.9980,-1,-1
524,162,710.00,313.00,38.10,107.50,0.9970,-1,-1
524,169,1091.00,325.00,21.90,53.50,0.9700,-1,-1
524,170,1335.00,273.00,92.80,310.30,0.9990,-1,-1
524,171,1067.00,323.00,22.40,49.40,0.9630,-1,-1
524,173,612.00,327.00,30.80,62.90,0.9920,-1,-1
524,174,298.00,301.00,103.50,293.30,0.9990,-1,-1
524,176,262.00,313.00,29.30,82.00,0.9570,-1,-1
525,30,1372.00,251.00,97.20,353.00,0.9990,-1,-1
525,69,-48.00,211.00,313.20,823.20,0.9360,-1,-1
525,117,902.00,299.00,55.10,168.50,0.9990,-1,-1
525,124,1159.00,306.00,64.20,144.50,0.9990,-1,-1
525,134,827.00,291.00,70.20,180.60,0.9980,-1,-1
525,138,760.00,322.00,27.80,67.50,0.9840,-1,-1
525,159,741.00,323.00,27.10,68.40,0.9580,-1,-1
525,161,1037.00,320.00,27.50,66.30,0.9980,-1,-1
525,162,710.00,314.00,39.90,105.70,0.9980,-1,-1
525,169,1091.00,326.00,22.50,51.70,0.9440,-1,-1
525,171,1064.00,320.00,20.80,52.40,0.9740,-1,-1
525,173,608.00,313.00,38.70,81.60,0.9930,-1,-1
525,174,291.00,291.00,103.50,298.30,0.9970,-1,-1
526,30,1365.00,237.00,103.60,371.90,1.0000,-1,-1
526,117,896.00,306.00,57.30,165.30,0.9980,-1,-1
526,124,1160.00,311.00,63.80,145.80,1.0000,-1,-1
526,134,827.00,290.00,57.30,173.10,1.0000,-1,-1
526,138,758.00,322.00,24.70,69.90,0.9960,-1,-1
526,159,740.00,324.00,23.40,70.60,0.9890,-1,-1
526,161,1036.00,322.00,29.10,67.90,0.9970,-1,-1
526,162,703.00,316.00,42.00,109.40,0.9990,-1,-1
526,169,1091.00,323.00,21.80,52.10,0.9610,-1,-1
526,171,1058.00,318.00,22.90,59.50,0.9920,-1,-1
526,173,609.00,325.00,31.00,64.90,0.9940,-1,-1
526,174,275.00,292.00,112.00,286.60,0.9990,-1,-1
526,176,253.00,307.00,29.80,86.00,0.9890,-1,-1
527,30,1361.00,244.00,96.20,352.20,1.0000,-1,-1
527,117,899.00,307.00,55.80,158.00,1.0000,-1,-1
527,124,1157.00,311.00,62.10,144.10,1.0000,-1,-1
527,134,829.00,284.00,55.50,180.80,1.0000,-1,-1
527,138,755.00,326.00,26.90,66.50,0.9980,-1,-1
527,159,735.00,323.00,26.10,66.10,0.9970,-1,-1
527,161,1032.00,318.00,28.10,69.20,0.9990,-1,-1
527,162,703.00,312.00,40.50,110.20,0.9990,-1,-1
527,169,1085.00,320.00,22.70,51.30,0.9660,-1,-1
527,171,1062.00,322.00,20.20,54.10,0.9950,-1,-1
527,173,600.00,316.00,34.00,79.40,0.9970,-1,-1
527,174,281.00,294.00,101.30,287.10,1.0000,-1,-1
528,30,1363.00,233.00,111.30,384.40,0.9990,-1,-1
528,117,888.00,305.00,58.10,157.70,0.9990,-1,-1
528,124,1149.00,306.00,56.50,141.00,1.0000,-1,-1
528,134,812.00,291.00,60.90,174.60,1.0000,-1,-1
528,138,749.00,319.00,26.80,65.80,0.9960,-1,-1
528,159,729.00,318.00,24.70,67.60,0.9630,-1,-1
528,161,1022.00,318.00,28.10,65.00,1.0000,-1,-1
528,162,697.00,308.00,38.40,111.80,0.9980,-1,-1
528,169,1079.00,318.00,20.40,48.00,0.9630,-1,-1
528,170,1323.00,239.00,102.30,335.50,0.9990,-1,-1
528,171,1053.00,311.00,22.40,61.50,0.9890,-1,-1
528,173,594.00,314.00,35.50,77.00,0.9630,-1,-1
528,174,263.00,289.00,106.60,290.10,0.9990,-1,-1
529,30,1375.00,229.00,97.10,374.80,0.9990,-1,-1
529,117,883.00,307.00,55.70,161.50,1.0000,-1,-1
529,124,1145.00,300.00,59.50,147.70,0.9990,-1,-1
529,134,803.00,290.00,63.80,168.60,1.0000,-1,-1
529,138,746.00,319.00,23.90,64.70,0.9960,-1,-1
529,159,723.00,314.00,27.50,71.20,0.9780,-1,-1
529,161,1019.00,315.00,27.90,64.30,0.9990,-1,-1
529,162,696.00,310.00,39.00,108.70,1.0000,-1,-1
529,169,1073.00,314.00,21.80,51.70,0.9790,-1,-1
529,170,1329.00,258.00,97.10,315.50,0.9990,-1,-1
529,171,1047.00,309.00,25.40,64.10,0.9650,-1,-1
529,173,583.00,299.00,36.90,82.30,0.9340,-1,-1
529,174,242.00,277.00,128.10,300.80,0.9990,-1,-1
530,30,1355.00,229.00,107.00,390.30,0.9990,-1,-1
530,117,878.00,299.00,57.50,161.70,1.0000,-1,-1
530,124,1141.00,296.00,54.70,141.80,1.0000,-1,-1
530,134,802.00,292.00,61.40,170.90,1.0000,-1,-1
530,138,742.00,323.00,23.90,56.30,0.9890,-1,-1
530,161,1012.00,308.00,32.60,73.00,1.0000,-1,-1
530,162,692.00,307.00,40.50,109.50,0.9970,-1,-1
530,169,1069.00,314.00,23.20,53.70,0.9740,-1,-1
530,170,1317.00,267.00,94.40,329.40,0.9990,-1,-1
530,171,1045.00,306.00,25.30,65.00,0.9960,-1,-1
530,173,585.00,305.00,33.30,76.80,0.9210,-1,-1
530,174,234.00,304.00,113.10,281.00,1.0000,-1,-1
531,30,1356.00,217.00,117.60,406.30,1.0000,-1,-1
531,117,878.00,307.00,52.60,147.70,1.0000,-1,-1
531,124,1134.00,299.00,58.00,140.20,1.0000,-1,-1
531,134,792.00,291.00,61.40,163.20,1.0000,-1,-1
531,138,737.00,319.00,22.90,63.60,0.9890,-1,-1
531,161,1011.00,308.00,28.20,68.70,0.9980,-1,-1
531,162,689.00,308.00,42.40,109.30,1.0000,-1,-1
531,169,1067.00,314.00,24.00,53.20,0.9680,-1,-1
531,171,1041.00,306.00,22.20,60.10,0.9960,-1,-1
531,173,583.00,305.00,33.50,80.90,0.9030,-1,-1
531,174,235.00,288.00,117.80,281.60,0.9990,-1,-1
531,177,657.00,307.00,21.30,42.60,0.9450,-1,-1
532,30,1368.00,223.00,107.80,403.20,1.0000,-1,-1
532,117,874.00,299.00,50.40,154.50,0.9990,-1,-1
532,124,1134.00,293.00,60.30,151.80,0.9990,-1,-1
532,134,788.00,290.00,61.30,173.60,1.0000,-1,-1
532,138,734.00,318.00,25.70,62.50,0.9950,-1,-1
532,161,1006.00,313.00,30.40,71.20,1.0000,-1,-1
532,162,688.00,310.00,36.50,106.50,0.9980,-1,-1
532,169,1063.00,318.00,21.10,50.00,0.9690,-1,-1
532,170,1319.00,245.00,96.70,326.10,0.9990,-1,-1
532,171,1039.00,308.00,23.10,61.10,0.9820,-1,-1
532,174,226.00,292.00,109.00,292.10,0.9980,-1,-1
533,30,1346.00,221.00,104.70,389.30,1.0000,-1,-1
533,117,865.00,306.00,58.80,154.20,1.0000,-1,-1
533,124,1131.00,296.00,61.20,151.20,0.9990,-1,-1
533,134,785.00,285.00,62.30,173.20,0.9990,-1,-1
533,159,728.00,318.00,26.80,65.70,0.9980,-1,-1
533,161,1006.00,313.00,29.20,66.40,0.9990,-1,-1
533,162,685.00,314.00,40.40,106.90,1.0000,-1,-1
533,169,1057.00,316.00,24.00,55.50,0.9920,-1,-1
533,171,1033.00,308.00,23.30,61.90,0.9960,-1,-1
533,174,210.00,294.00,98.60,295.90,0.9990,-1,-1
534,30,1349.00,230.00,113.70,379.10,1.0000,-1,-1
534,117,869.00,305.00,47.20,141.40,0.9990,-1,-1
534,124,1126.00,301.00,59.40,144.90,0.9980,-1,-1
534,134,781.00,292.00,59.80,171.40,0.9990,-1,-1
534,161,1003.00,309.00,30.50,70.30,1.0000,-1,-1
534,162,681.00,307.00,40.60,109.60,0.9970,-1,-1
534,169,1057.00,314.00,21.90,50.70,0.9510,-1,-1
534,171,1033.00,313.00,20.40,56.80,0.9670,-1,-1
534,174,208.00,302.00,109.00,279.00,0.9990,-1,-1
534,178,1155.00,295.00,47.20,104.80,0.9980,-1,-1
535,30,1365.00,223.00,100.10,394.90,0.9990,-1,-1
535,117,862.00,303.00,57.50,146.60,0.9980,-1,-1
535,124,1123.00,301.00,56.60,143.10,0.9980,-1,-1
535,134,773.00,289.00,58.90,170.90,0.9990,-1,-1
535,159,725.00,323.00,22.10,62.90,0.9970,-1,-1
535,161,1000.00,309.00,31.80,69.70,0.9930,-1,-1
535,162,677.00,311.00,38.90,107.10,1.0000,-1,-1
535,169,1053.00,319.00,21.10,51.10,0.9920,-1,-1
535,170,1305.00,236.00,109.40,344.70,0.9980,-1,-1
535,171,1034.00,313.00,20.90,49.60,0.9430,-1,-1
535,174,190.00,282.00,99.00,277.00,0.9990,-1,-1
536,30,1366.00,220.00,104.00,400.90,1.0000,-1,-1
536,117,860.00,289.00,58.40,171.10,0.9990,-1,-1
536,124,1127.00,299.00,56.70,141.00,0.9980,-1,-1
536,134,776.00,287.00,59.70,167.30,0.9990,-1,-1
536,159,726.00,314.00,27.30,70.20,0.9560,-1,-1
536,161,1002.00,308.00,31.60,65.90,0.9980,-1,-1
536,162,682.00,309.00,40.90,108.30,0.9990,-1,-1
536,169,1053.00,313.00,24.10,52.20,0.9610,-1,-1
536,170,1314.00,247.00,89.40,336.80,0.9900,-1,-1
536,171,1029.00,313.00,22.10,52.50,0.9890,-1,-1
536,174,177.00,273.00,110.10,305.80,0.9980,-1,-1
537,30,1369.00,233.00,100.40,387.70,0.9990,-1,-1
537,117,860.00,296.00,58.00,160.50,0.9990,-1,-1
537,124,1124.00,298.00,58.70,144.30,0.9970,-1,-1
537,134,779.00,285.00,63.30,175.20,1.0000,-1,-1
537,159,725.00,315.00,27.50,71.90,0.9930,-1,-1
537,161,1003.00,309.00,30.20,68.50,1.0000,-1,-1
537,162,684.00,310.00,39.50,106.00,1.0000,-1,-1
537,169,1056.00,314.00,21.90,52.50,0.9910,-1,-1
537,170,1328.00,253.00,94.80,320.40,0.9990,-1,-1
537,171,1029.00,308.00,23.40,63.80,0.9890,-1,-1
537,174,170.00,300.00,104.00,289.50,0.9990,-1,-1
538,30,1372.00,215.00,101.60,420.30,0.9930,-1,-1
538,117,860.00,299.00,49.80,151.30,1.0000,-1,-1
538,124,1125.00,289.00,56.10,144.00,0.9980,-1,-1
538,134,768.00,270.00,64.30,186.60,0.9980,-1,-1
538,159,725.00,308.00,26.20,70.40,0.9760,-1,-1
538,161,994.00,305.00,29.70,67.20,0.9980,-1,-1
538,162,684.00,300.00,36.00,112.50,0.9980,-1,-1
538,169,1054.00,310.00,23.50,52.50,0.9720,-1,-1
538,170,1322.00,236.00,108.80,351.40,0.9990,-1,-1
538,171,1033.00,305.00,21.30,58.30,0.9910,-1,-1
538,174,171.00,275.00,105.20,326.10,0.9980,-1,-1
538,178,1157.00,301.00,46.00,105.40,0.9990,-1,-1
539,30,1377.00,206.00,89.50,415.20,0.9990,-1,-1
539,117,855.00,292.00,58.00,157.10,1.0000,-1,-1
539,124,1125.00,303.00,51.30,134.00,0.9990,-1,-1
539,134,771.00,277.00,59.20,177.30,0.9990,-1,-1
539,159,726.00,310.00,26.00,67.50,0.9790,-1,-1
539,161,1000.00,302.00,30.30,71.50,0.9980,-1,-1
539,162,683.00,301.00,42.40,107.50,1.0000,-1,-1
539,169,1055.00,307.00,22.90,53.00,0.9690,-1,-1
539,170,1326.00,234.00,91.20,356.80,0.9990,-1,-1
539,171,1033.00,305.00,19.70,56.10,0.9970,-1,-1
539,174,167.00,290.00,107.80,295.40,0.9970,-1,-1
539,178,1159.00,296.00,44.60,110.90,0.9980,-1,-1
539,179,641.00,302.00,19.90,42.40,0.9710,-1,-1
540,30,1386.00,205.00,110.20,425.90,0.9990,-1,-1
540,117,854.00,288.00,56.30,162.50,1.0000,-1,-1
540,124,1114.00,286.00,62.90,154.10,0.9990,-1,-1
540,134,770.00,275.00,64.20,180.90,0.9990,-1,-1
540,159,729.00,310.00,24.70,65.00,0.9900,-1,-1
540,161,1002.00,300.00,30.80,71.50,0.9990,-1,-1
540,162,684.00,296.00,42.10,113.40,1.0000,-1,-1
540,169,1054.00,306.00,23.20,54.10,0.9760,-1,-1
540,170,1339.00,226.00,95.90,352.40,0.9990,-1,-1
540,171,1031.00,301.00,20.90,56.90,0.9980,-1,-1
540,174,162.00,293.00,94.90,303.60,0.9990,-1,-1
540,178,1156.00,295.00,45.50,102.50,0.9870,-1,-1
540,179,641.00,302.00,21.70,46.70,0.9620,-1,-1
541,30,1375.00,208.00,97.80,400.70,0.9990,-1,-1
541,117,851.00,289.00,58.40,155.10,1.0000,-1,-1
541,124,1120.00,280.00,62.40,148.60,0.9990,-1,-1
541,134,772.00,275.00,57.30,167.80,1.0000,-1,-1
541,159,726.00,308.00,24.60,66.70,0.9880,-1,-1
541,161,1001.00,298.00,28.40,71.10,0.9980,-1,-1
541,162,682.00,294.00,40.20,111.90,0.9980,-1,-1
541,169,1053.00,301.00,24.00,55.30,0.9840,-1,-1
541,170,1323.00,236.00,87.50,344.50,0.9870,-1,-1
541,171,1033.00,298.00,21.20,60.80,0.9960,-1,-1
541,174,156.00,285.00,98.20,306.80,0.9990,-1,-1
541,178,1161.00,294.00,45.10,110.30,0.9970,-1,-1
541,179,643.00,299.00,23.40,47.90,0.9500,-1,-1
542,30,1368.00,205.00,110.60,422.40,0.9990,-1,-1
542,117,855.00,286.00,56.40,156.00,1.0000,-1,-1
542,124,1128.00,276.00,58.60,152.50,0.9990,-1,-1
542,134,773.00,274.00,61.00,165.70,1.0000,-1,-1
542,159,729.00,303.00,26.30,67.80,0.9790,-1,-1
542,161,1001.00,299.00,27.70,68.80,0.9990,-1,-1
542,162,685.00,295.00,40.70,109.00,1.0000,-1,-1
542,169,1054.00,301.00,23.50,53.30,0.9850,-1,-1
542,171,1034.00,291.00,20.30,63.80,0.9990,-1,-1
542,174,163.00,282.00,102.00,302.30,0.9990,-1,-1
542,178,1164.00,281.00,47.70,115.20,0.9780,-1,-1
542,179,640.00,294.00,23.20,48.50,0.9550,-1,-1
542,180,900.00,313.00,43.90,102.40,0.9860,-1,-1
543,30,1371.00,206.00,113.30,416.20,1.0000,-1,-1
543,117,851.00,278.00,57.80,155.10,1.0000,-1,-1
543,124,1119.00,284.00,55.70,133.40,0.9990,-1,-1
543,134,760.00,268.00,63.20,168.50,1.0000,-1,-1
543,159,727.00,297.00,27.60,68.80,0.9370,-1,-1
543,161,1001.00,295.00,28.30,68.20,0.9990,-1,-1
543,162,685.00,287.00,41.30,113.90,0.9980,-1,-1
543,169,1054.00,293.00,23.80,54.20,0.9850,-1,-1
543,171,1031.00,289.00,25.50,62.10,0.9980,-1,-1
543,173,593.00,292.00,25.20,54.20,0.9450,-1,-1
543,174,139.00,259.00,108.40,336.40,0.9990,-1,-1
543,178,1161.00,283.00,46.70,106.10,0.9970,-1,-1
543,179,640.00,289.00,22.10,48.60,0.9490,-1,-1
543,181,612.00,296.00,20.80,49.50,0.9580,-1,-1
544,30,1389.00,192.00,109.20,425.10,1.0000,-1,-1
544,117,846.00,277.00,58.00,162.00,0.9990,-1,-1
544,124,1124.00,287.00,56.70,140.80,0.9990,-1,-1
544,134,766.00,266.00,61.30,171.60,1.0000,-1,-1
544,159,726.00,298.00,25.80,67.60,0.9830,-1,-1
544,161,999.00,290.00,29.20,70.60,0.9990,-1,-1
544,162,681.00,284.00,42.10,110.70,0.9980,-1,-1
544,169,1051.00,286.00,26.10,65.10,0.9770,-1,-1
544,170,1338.00,214.00,95.60,354.10,0.9990,-1,-1
544,171,1030.00,290.00,20.80,58.60,0.9960,-1,-1
544,173,594.00,292.00,25.10,57.10,0.9630,-1,-1
544,174,133.00,256.00,104.40,332.20,0.9990,-1,-1
544,178,1160.00,277.00,47.90,113.80,0.9960,-1,-1
544,179,640.00,288.00,20.90,45.90,0.9780,-1,-1
544,181,611.00,293.00,22.20,48.40,0.9590,-1,-1
545,30,1374.00,203.00,110.80,414.10,1.0000,-1,-1
545,117,842.00,282.00,59.00,154.60,1.0000,-1,-1
545,124,1115.00,279.00,58.60,137.30,1.0000,-1,-1
545,134,767.00,270.00,64.40,168.50,1.0000,-1,-1
545,159,729.00,294.00,26.70,69.30,0.9860,-1,-1
545,161,1000.00,286.00,32.10,69.90,0.9980,-1,-1
545,162,687.00,284.00,41.50,118.60,0.9970,-1,-1
545,169,1052.00,285.00,27.00,64.50,0.9560,-1,-1
545,171,1029.00,286.00,21.40,62.10,0.9920,-1,-1
545,173,593.00,286.00,26.70,58.10,0.9600,-1,-1
545,174,126.00,261.00,98.40,336.40,1.0000,-1,-1
545,178,1156.00,271.00,56.10,116.40,0.9970,-1,-1
545,179,639.00,287.00,22.00,48.00,0.9830,-1,-1
545,181,612.00,291.00,21.60,53.70,0.9750,-1,-1
545,182,210.00,287.00,36.00,88.70,0.9990,-1,-1
546,30,1381.00,215.00,102.60,397.10,0.9990,-1,-1
546,117,841.00,278.00,59.70,162.80,1.0000,-1,-1
546,124,1116.00,278.00,58.70,147.10,1.0000,-1,-1
546,134,766.00,268.00,64.20,171.30,1.0000,-1,-1
546,159,726.00,295.00,28.00,68.20,0.9880,-1,-1
546,161,997.00,285.00,30.30,71.30,0.9990,-1,-1
546,162,683.00,285.00,44.90,117.00,0.9990,-1,-1
546,169,1054.00,286.00,24.50,60.90,0.9340,-1,-1
546,171,1033.00,287.00,20.10,60.10,0.9990,-1,-1
546,173,596.00,288.00,24.40,53.80,0.9780,-1,-1
546,174,120.00,257.00,100.50,325.10,1.0000,-1,-1
546,178,1165.00,275.00,46.50,117.50,1.0000,-1,-1
546,179,639.00,287.00,21.50,46.90,0.9810,-1,-1
546,181,612.00,290.00,21.90,55.30,0.9820,-1,-1
546,182,212.00,292.00,32.00,89.00,0.9510,-1,-1
547,30,1396.00,193.00,117.20,413.00,0.9990,-1,-1
547,117,841.00,279.00,56.50,158.50,1.0000,-1,-1
547,124,1113.00,281.00,61.80,146.30,1.0000,-1,-1
547,134,763.00,261.00,65.60,180.50,1.0000,-1,-1
547,159,727.00,298.00,26.50,63.70,0.9950,-1,-1
547,161,1000.00,289.00,31.00,66.50,0.9980,-1,-1
547,162,687.00,291.00,40.70,111.60,0.9990,-1,-1
547,169,1056.00,291.00,24.10,60.20,0.9740,-1,-1
547,170,1340.00,230.00,105.00,354.10,0.9980,-1,-1
547,171,1033.00,286.00,20.90,59.90,0.9940,-1,-1
547,173,594.00,290.00,24.30,53.70,0.9880,-1,-1
547,174,111.00,262.00,104.10,349.70,0.9990,-1,-1
547,178,1157.00,277.00,53.00,112.50,0.9990,-1,-1
547,179,638.00,290.00,21.60,47.80,0.9760,-1,-1
547,181,613.00,295.00,23.20,51.20,0.9660,-1,-1
547,182,211.00,286.00,35.20,92.80,0.9740,-1,-1
548,30,1400.00,201.00,114.30,420.10,0.9990,-1,-1
548,117,839.00,275.00,58.70,166.50,1.0000,-1,-1
548,124,1122.00,288.00,51.90,136.20,0.9990,-1,-1
548,134,760.00,268.00,69.20,181.00,1.0000,-1,-1
548,159,725.00,296.00,26.60,71.20,0.9950,-1,-1
548,161,1000.00,294.00,29.80,67.50,0.9980,-1,-1
548,162,685.00,291.00,42.80,114.70,0.9980,-1,-1
548,169,1056.00,293.00,24.90,55.50,0.9910,-1,-1
548,170,1340.00,222.00,104.80,365.80,0.9980,-1,-1
548,171,1031.00,290.00,22.30,60.30,0.9960,-1,-1
548,173,594.00,294.00,25.10,54.20,0.9840,-1,-1
548,174,113.00,272.00,98.10,325.80,0.9990,-1,-1
548,178,1159.00,281.00,53.30,111.50,0.9990,-1,-1
548,179,638.00,295.00,21.60,47.00,0.9470,-1,-1
548,181,610.00,299.00,21.50,45.50,0.9800,-1,-1
548,182,204.00,295.00,31.00,78.40,0.9940,-1,-1
549,30,1403.00,204.00,113.80,426.10,0.9990,-1,-1
549,117,836.00,285.00,59.40,155.80,1.0000,-1,-1
549,124,1112.00,288.00,54.00,141.50,0.9960,-1,-1
549,134,762.00,259.00,63.80,187.20,1.0000,-1,-1
549,161,996.00,291.00,31.10,69.90,0.9940,-1,-1
549,162,686.00,290.00,41.50,108.70,0.9960,-1,-1
549,169,1055.00,297.00,23.80,56.20,0.9440,-1,-1
549,170,1351.00,199.00,106.30,389.30,0.9990,-1,-1
549,171,1030.00,288.00,23.40,63.60,0.9930,-1,-1
549,173,589.00,297.00,26.30,55.00,0.9820,-1,-1
549,174,108.00,259.00,113.00,360.00,0.9990,-1,-1
549,178,1165.00,278.00,46.70,111.00,0.9990,-1,-1
549,179,637.00,298.00,22.00,43.80,0.9560,-1,-1
549,181,609.00,294.00,24.10,54.90,0.9780,-1,-1
550,30,1399.00,217.00,114.80,430.20,0.9990,-1,-1
550,117,834.00,275.00,59.90,164.80,1.0000,-1,-1
550,124,1115.00,273.00,54.70,148.70,0.9990,-1,-1
550,134,767.00,268.00,57.10,172.70,1.0000,-1,-1
550,161,1002.00,295.00,28.40,71.80,0.9990,-1,-1
550,162,686.00,291.00,43.10,115.90,0.9980,-1,-1
550,169,1060.00,295.00,24.70,56.80,0.9710,-1,-1
550,170,1356.00,225.00,98.70,350.60,0.9990,-1,-1
550,171,1034.00,295.00,21.90,61.20,0.9930,-1,-1
550,173,596.00,295.00,24.50,54.60,0.9850,-1,-1
550,174,100.00,285.00,102.90,325.70,0.9990,-1,-1
550,178,1169.00,282.00,48.80,113.10,0.9990,-1,-1
550,179,638.00,294.00,24.20,52.10,0.9910,-1,-1
550,181,613.00,296.00,22.70,53.70,0.9870,-1,-1
550,182,204.00,289.00,32.10,84.80,0.9960,-1,-1
551,30,1412.00,190.00,108.20,447.60,1.0000,-1,-1
551,117,837.00,280.00,60.40,147.70,1.0000,-1,-1
551,124,1123.00,283.00,51.80,143.90,1.0000,-1,-1
551,134,767.00,268.00,58.10,179.20,0.9990,-1,-1
551,159,731.00,301.00,24.90,66.60,0.9130,-1,-1
551,161,1000.00,291.00,32.80,73.10,0.9980,-1,-1
551,162,687.00,286.00,43.60,119.90,0.9990,-1,-1
551,169,1059.00,294.00,24.10,55.90,0.9530,-1,-1
551,170,1350.00,224.00,111.50,366.70,0.9990,-1,-1
551,171,1034.00,293.00,21.00,61.80,0.9850,-1,-1
551,173,596.00,294.00,27.10,54.50,0.9750,-1,-1
551,174,93.00,274.00,105.60,338.80,1.0000,-1,-1
551,178,1166.00,278.00,54.10,117.00,0.9980,-1,-1
551,179,634.00,297.00,20.10,43.60,0.9470,-1,-1
551,181,610.00,298.00,21.10,47.00,0.9820,-1,-1
551,182,201.00,293.00,33.20,89.90,0.9770,-1,-1
552,30,1418.00,199.00,123.40,426.60,0.9990,-1,-1
552,117,840.00,286.00,56.20,157.70,1.0000,-1,-1
552,124,1123.00,286.00,52.20,136.00,0.9990,-1,-1
552,134,767.00,268.00,62.40,174.20,1.0000,-1,-1
552,161,998.00,295.00,28.70,67.30,0.9990,-1,-1
552,162,689.00,294.00,43.70,112.40,1.0000,-1,-1
552,169,1057.00,299.00,23.00,54.30,0.9330,-1,-1
552,170,1368.00,216.00,95.20,379.40,0.9990,-1,-1
552,171,1030.00,296.00,22.50,56.20,0.9760,-1,-1
552,173,591.00,299.00,24.90,51.10,0.9610,-1,-1
552,174,81.00,256.00,124.60,390.40,0.9990,-1,-1
552,178,1171.00,275.00,52.70,127.90,0.9980,-1,-1
552,179,640.00,296.00,22.30,49.90,0.9800,-1,-1
552,181,612.00,302.00,20.60,48.50,0.9830,-1,-1
552,182,196.00,297.00,32.70,83.60,0.9970,-1,-1
553,30,1412.00,199.00,125.20,435.60,0.9990,-1,-1
553,117,834.00,286.00,54.30,153.90,1.0000,-1,-1
553,124,1118.00,284.00,56.50,140.00,1.0000,-1,-1
553,134,764.00,273.00,56.60,165.00,0.9990,-1,-1
553,159,724.00,301.00,26.10,62.90,0.9820,-1,-1
553,161,994.00,296.00,30.50,67.60,0.9990,-1,-1
553,162,686.00,289.00,41.80,117.40,1.0000,-1,-1
553,169,1057.00,293.00,25.40,58.00,0.9670,-1,-1
553,170,1355.00,231.00,112.70,376.80,0.9940,-1,-1
553,171,1030.00,292.00,22.80,56.10,0.9880,-1,-1
553,173,587.00,295.00,26.80,54.60,0.9960,-1,-1
553,174,73.00,264.00,93.80,356.80,0.9990,-1,-1
553,178,1163.00,275.00,56.10,122.10,1.0000,-1,-1
553,179,632.00,297.00,21.60,45.20,0.9780,-1,-1
553,181,608.00,295.00,24.70,56.60,0.9920,-1,-1
553,182,189.00,292.00,33.30,91.80,0.9960,-1,-1
554,30,1414.00,190.00,121.70,448.20,0.9990,-1,-1
554,117,837.00,286.00,51.30,151.70,1.0000,-1,-1
554,124,1116.00,279.00,59.00,144.70,1.0000,-1,-1
554,134,758.00,264.00,62.00,173.70,1.0000,-1,-1
554,159,725.00,302.00,26.40,60.70,0.9470,-1,-1
554,161,995.00,292.00,28.60,67.20,0.9990,-1,-1
554,162,685.00,287.00,40.90,116.50,1.0000,-1,-1
554,169,1054.00,292.00,24.00,56.20,0.9650,-1,-1
554,170,1362.00,233.00,110.20,360.90,0.9990,-1,-1
554,171,1032.00,287.00,21.70,61.20,0.9760,-1,-1
554,173,591.00,293.00,26.50,57.00,0.9970,-1,-1
554,174,66.00,260.00,107.80,379.20,0.9990,-1,-1
554,178,1171.00,276.00,51.90,126.90,0.9960,-1,-1
554,179,635.00,289.00,21.40,46.80,0.9830,-1,-1
554,181,606.00,297.00,24.50,53.80,0.9860,-1,-1
554,182,185.00,296.00,36.50,83.70,0.9970,-1,-1
555,30,1430.00,202.00,121.30,440.40,0.9990,-1,-1
555,117,831.00,270.00,56.30,174.40,1.0000,-1,-1
555,124,1116.00,281.00,59.90,146.90,1.0000,-1,-1
555,134,756.00,270.00,62.10,168.10,1.0000,-1,-1
555,159,727.00,297.00,28.40,62.90,0.9350,-1,-1
555,161,995.00,291.00,29.70,70.10,0.9990,-1,-1
555,162,689.00,289.00,41.70,114.10,1.0000,-1,-1
555,169,1057.00,294.00,24.40,55.40,0.9650,-1,-1
555,170,1367.00,208.00,107.40,402.30,0.9980,-1,-1
555,171,1033.00,285.00,22.40,63.10,0.9880,-1,-1
555,173,590.00,292.00,25.80,54.30,0.9940,-1,-1
555,174,52.00,283.00,115.80,361.70,0.9990,-1,-1
555,178,1168.00,272.00,52.70,119.90,0.9980,-1,-1
555,179,636.00,287.00,23.60,53.00,0.9920,-1,-1
555,181,606.00,297.00,23.80,52.40,0.9730,-1,-1
555,182,183.00,285.00,36.40,103.00,0.9980,-1,-1
556,30,1434.00,203.00,113.40,448.80,0.9990,-1,-1
556,117,834.00,270.00,52.60,162.70,0.9990,-1,-1
556,124,1113.00,269.00,58.50,156.80,0.9990,-1,-1
556,134,756.00,267.00,61.90,170.70,1.0000,-1,-1
556,159,726.00,298.00,25.60,59.80,0.9170,-1,-1
556,161,999.00,282.00,28.90,71.70,0.9990,-1,-1
556,162,684.00,284.00,43.70,114.70,1.0000,-1,-1
556,169,1054.00,292.00,23.70,58.90,0.9560,-1,-1
556,170,1369.00,209.00,117.50,398.80,0.9980,-1,-1
556,171,1030.00,283.00,22.40,62.10,0.9870,-1,-1
556,173,588.00,293.00,25.60,55.50,0.9760,-1,-1
556,174,50.00,268.00,115.80,374.70,0.9990,-1,-1
556,178,1166.00,274.00,52.60,113.10,0.9970,-1,-1
556,179,637.00,291.00,19.40,40.20,0.9480,-1,-1
556,181,603.00,294.00,21.10,51.80,0.9880,-1,-1
556,182,179.00,290.00,37.20,100.20,1.0000,-1,-1
557,30,1424.00,204.00,122.90,436.80,0.9990,-1,-1
557,117,834.00,278.00,53.40,150.80,0.9990,-1,-1
557,124,1104.00,282.00,57.80,141.40,1.0000,-1,-1
557,134,750.00,265.00,61.00,175.80,1.0000,-1,-1
557,159,723.00,295.00,27.50,64.10,0.9070,-1,-1
557,161,992.00,290.00,28.70,64.90,1.0000,-1,-1
557,162,685.00,286.00,41.30,114.60,1.0000,-1,-1
557,169,1055.00,293.00,22.00,51.00,0.9790,-1,-1
557,170,1363.00,194.00,112.90,403.60,0.9980,-1,-1
557,171,1028.00,288.00,22.50,56.30,0.9590,-1,-1
557,173,585.00,293.00,23.70,50.20,0.9900,-1,-1
557,174,32.00,255.00,110.50,369.80,0.9970,-1,-1
557,178,1168.00,268.00,55.60,115.00,0.9960,-1,-1
557,179,627.00,291.00,22.00,48.10,0.9720,-1,-1
557,181,603.00,295.00,20.60,47.70,0.9710,-1,-1
557,182,173.00,286.00,39.00,103.10,1.0000,-1,-1
558,30,1437.00,174.00,127.50,487.10,0.9990,-1,-1
558,117,831.00,278.00,53.60,153.80,1.0000,-1,-1
558,124,1111.00,278.00,57.30,137.70,1.0000,-1,-1
558,134,752.00,262.00,62.40,177.00,1.0000,-1,-1
558,159,720.00,293.00,27.50,68.80,0.9350,-1,-1
558,161,990.00,283.00,31.20,68.90,1.0000,-1,-1
558,162,683.00,286.00,44.00,109.70,1.0000,-1,-1
558,169,1053.00,286.00,24.40,60.60,0.9640,-1,-1
558,170,1381.00,182.00,107.90,424.50,0.9980,-1,-1
558,171,1029.00,285.00,21.10,59.20,0.9790,-1,-1
558,173,580.00,292.00,24.20,48.80,0.9880,-1,-1
558,174,31.00,265.00,113.60,378.90,0.9990,-1,-1
558,178,1167.00,262.00,54.00,125.80,0.9980,-1,-1
558,179,626.00,287.00,21.50,47.50,0.9740,-1,-1
558,181,602.00,294.00,23.20,49.70,0.9840,-1,-1
558,182,169.00,290.00,35.50,91.40,0.9990,-1,-1
559,30,1435.00,196.00,125.70,455.70,0.9990,-1,-1
559,117,828.00,277.00,56.90,164.20,0.9990,-1,-1
559,124,1111.00,281.00,54.60,136.00,1.0000,-1,-1
559,134,747.00,267.00,61.90,174.70,0.9990,-1,-1
559,159,721.00,301.00,29.30,65.80,0.9300,-1,-1
559,161,993.00,286.00,29.60,71.30,1.0000,-1,-1
559,162,683.00,284.00,45.70,115.90,1.0000,-1,-1
559,169,1050.00,289.00,25.40,56.70,0.9840,-1,-1
559,170,1376.00,200.00,116.00,402.60,0.9990,-1,-1
559,171,1026.00,290.00,22.50,57.50,0.9840,-1,-1
559,173,578.00,291.00,28.40,57.50,0.9950,-1,-1
559,174,38.00,263.00,103.30,364.50,0.9980,-1,-1
559,178,1165.00,273.00,62.80,119.30,0.9990,-1,-1
559,179,629.00,289.00,22.20,49.40,0.9870,-1,-1
559,180,887.00,304.00,49.40,106.00,0.9980,-1,-1
559,181,598.00,295.00,24.00,52.10,0.9950,-1,-1
559,182,164.00,292.00,39.20,96.30,0.9990,-1,-1
560,30,1429.00,180.00,131.50,477.90,1.0000,-1,-1
560,117,823.00,287.00,51.80,156.00,1.0000,-1,-1
560,124,1112.00,274.00,56.80,145.30,0.9990,-1,-1
560,134,743.00,267.00,61.80,173.70,1.0000,-1,-1
560,161,993.00,291.00,29.70,69.10,0.9990,-1,-1
560,162,685.00,289.00,41.60,116.40,1.0000,-1,-1
560,169,1050.00,292.00,25.20,57.40,0.9680,-1,-1
560,170,1372.00,199.00,112.20,439.40,0.9980,-1,-1
560,171,1029.00,294.00,20.40,57.40,0.9720,-1,-1
560,173,579.00,299.00,25.30,47.90,0.9920,-1,-1
560,174,13.00,262.00,110.60,386.00,0.9950,-1,-1
560,178,1172.00,281.00,50.10,113.90,0.9980,-1,-1
560,179,624.00,293.00,23.70,48.20,0.9850,-1,-1
560,180,888.00,302.00,48.20,107.70,0.9980,-1,-1
560,181,601.00,299.00,21.40,49.70,0.9810,-1,-1
560,182,163.00,292.00,40.40,99.30,0.9980,-1,-1
561,30,1450.00,175.00,126.80,475.30,0.9990,-1,-1
561,117,823.00,279.00,54.60,159.70,1.0000,-1,-1
561,124,1111.00,280.00,54.50,139.10,0.9990,-1,-1
561,134,742.00,266.00,64.10,181.70,1.0000,-1,-1
561,161,992.00,290.00,30.00,70.00,1.0000,-1,-1
561,162,684.00,291.00,42.30,112.20,1.0000,-1,-1
561,169,1047.00,294.00,24.30,54.80,0.9420,-1,-1
561,170,1385.00,201.00,115.10,406.80,0.9990,-1,-1
561,171,1028.00,292.00,22.00,57.70,0.9580,-1,-1
561,173,579.00,296.00,26.10,54.40,0.9660,-1,-1
561,174,7.00,270.00,98.80,370.20,0.9980,-1,-1
561,178,1175.00,274.00,45.40,124.80,0.9980,-1,-1
561,179,627.00,293.00,24.80,49.00,0.9550,-1,-1
561,181,597.00,301.00,23.00,51.10,0.9960,-1,-1
561,182,160.00,295.00,36.70,98.50,0.9980,-1,-1
561,183,88.00,272.00,56.70,135.60,0.9950,-1,-1
562,30,1439.00,169.00,131.10,497.30,0.9980,-1,-1
562,117,824.00,282.00,53.50,165.80,1.0000,-1,-1
562,124,1105.00,280.00,56.40,146.90,0.9990,-1,-1
562,134,735.00,273.00,58.10,175.10,0.9990,-1,-1
562,161,996.00,296.00,28.90,65.20,1.0000,-1,-1
562,162,688.00,296.00,38.60,107.20,0.9990,-1,-1
562,170,1392.00,203.00,106.40,402.00,0.9980,-1,-1
562,171,1028.00,295.00,20.70,55.40,0.9810,-1,-1
562,173,578.00,298.00,24.90,53.60,0.9220,-1,-1
562,174,-0.00,274.00,111.40,384.40,0.9980,-1,-1
562,178,1171.00,283.00,49.40,123.40,0.9990,-1,-1
562,179,622.00,295.00,27.50,51.50,0.9340,-1,-1
562,181,596.00,301.00,23.00,51.90,0.9800,-1,-1
562,182,152.00,292.00,40.70,104.80,0.9890,-1,-1
563,30,1444.00,173.00,141.50,515.90,0.9990,-1,-1
563,117,832.00,293.00,51.60,152.70,0.9990,-1,-1
563,124,1111.00,289.00,53.00,141.10,1.0000,-1,-1
563,134,735.00,269.00,67.20,188.00,0.9940,-1,-1
563,161,999.00,298.00,33.20,75.10,1.0000,-1,-1
563,162,692.00,298.00,44.60,110.30,1.0000,-1,-1
563,170,1386.00,215.00,113.90,423.70,0.9970,-1,-1
563,171,1032.00,299.00,23.00,60.70,0.9800,-1,-1
563,173,585.00,307.00,27.20,54.10,0.9930,-1,-1
563,174,0.00,276.00,103.00,397.20,0.9970,-1,-1
563,178,1181.00,289.00,57.00,115.00,0.9990,-1,-1
563,179,628.00,303.00,26.40,53.00,0.9700,-1,-1
563,181,603.00,308.00,22.70,51.00,0.9760,-1,-1
563,182,157.00,296.00,44.80,102.20,0.9920,-1,-1
563,183,75.00,283.00,71.20,136.50,0.9920,-1,-1
564,30,1472.00,170.00,136.50,512.90,0.9990,-1,-1
564,117,831.00,286.00,59.30,159.80,1.0000,-1,-1
564,124,1117.00,292.00,57.00,148.70,0.9990,-1,-1
564,134,746.00,284.00,56.40,167.50,0.9990,-1,-1
564,161,1002.00,299.00,31.50,74.70,0.9960,-1,-1
564,162,694.00,299.00,45.30,114.50,1.0000,-1,-1
564,170,1398.00,202.00,131.40,436.00,0.9970,-1,-1
564,171,1037.00,297.00,22.90,62.90,0.9690,-1,-1
564,173,590.00,310.00,26.80,53.90,0.9970,-1,-1
564,174,-4.00,281.00,109.00,383.40,0.9990,-1,-1
564,178,1182.00,281.00,61.00,127.90,0.9990,-1,-1
564,179,635.00,306.00,22.70,46.10,0.9740,-1,-1
564,181,608.00,310.00,24.50,55.00,0.9750,-1,-1
564,182,163.00,308.00,39.10,101.30,0.9990,-1,-1
564,183,76.00,292.00,70.10,134.10,0.9770,-1,-1
564,184,1066.00,300.00,25.10,57.20,0.9300,-1,-1
565,30,1480.00,171.00,120.40,502.20,0.9990,-1,-1
565,117,841.00,291.00,50.00,156.50,1.0000,-1,-1
565,124,1116.00,291.00,64.50,143.40,0.9990,-1,-1
565,134,746.00,279.00,65.80,175.80,0.9990,-1,-1
565,161,1009.00,302.00,31.30,70.80,0.9850,-1,-1
565,162,700.00,299.00,46.10,115.50,0.9980,-1,-1
565,170,1401.00,187.00,121.00,460.60,0.9980,-1,-1
565,171,1042.00,300.00,21.80,56.40,0.9420,-1,-1
565,173,596.00,313.00,23.70,48.50,0.9860,-1,-1
565,174,-5.00,282.00,101.50,399.70,0.9980,-1,-1
565,178,1183.00,288.00,68.10,125.80,0.9970,-1,-1
565,179,638.00,305.00,21.80,45.70,0.9550,-1,-1
565,181,616.00,308.00,21.10,51.10,0.9760,-1,-1
565,182,166.00,300.00,44.50,101.70,0.9990,-1,-1
565,183,75.00,291.00,72.60,132.50,0.9520,-1,-1
565,184,1068.00,306.00,23.10,55.20,0.9030,-1,-1
566,30,1474.00,177.00,127.00,525.00,0.9990,-1,-1
566,117,834.00,290.00,68.30,155.80,1.0000,-1,-1
566,124,1123.00,290.00,54.00,139.80,1.0000,-1,-1
566,134,746.00,281.00,63.50,167.40,0.9990,-1,-1
566,161,1013.00,304.00,31.30,70.30,1.0000,-1,-1
566,162,704.00,298.00,45.20,115.90,0.9970,-1,-1
566,169,1047.00,304.00,22.70,63.40,0.9640,-1,-1
566,170,1407.00,204.00,123.40,438.20,0.9990,-1,-1
566,173,595.00,310.00,27.70,52.20,0.9950,-1,-1
566,174,-1.00,284.00,102.90,398.20,0.9970,-1,-1
566,178,1191.00,289.00,60.90,127.90,0.9990,-1,-1
566,179,645.00,311.00,23.30,48.60,0.9630,-1,-1
566,181,618.00,314.00,23.10,50.60,0.9760,-1,-1
566,182,170.00,308.00,40.50,92.80,0.9970,-1,-1
566,183,74.00,287.00,80.30,140.50,0.9960,-1,-1
567,30,1497.00,194.00,131.20,509.50,0.9990,-1,-1
567,117,843.00,294.00,52.10,150.20,0.9990,-1,-1
567,124,1130.00,291.00,56.90,150.70,1.0000,-1,-1
567,134,754.00,285.00,61.00,167.20,0.9980,-1,-1
567,161,1018.00,301.00,30.80,73.20,1.0000,-1,-1
567,162,707.00,301.00,48.10,117.90,0.9980,-1,-1
567,169,1052.00,300.00,22.00,59.80,0.9660,-1,-1
567,170,1424.00,205.00,113.50,441.30,0.9990,-1,-1
567,173,601.00,312.00,25.80,50.50,0.9930,-1,-1
567,174,-2.00,272.00,98.10,400.00,0.9970,-1,-1
567,178,1198.00,285.00,61.80,136.60,0.9990,-1,-1
567,179,646.00,306.00,23.70,47.80,0.9490,-1,-1
567,181,623.00,312.00,22.80,52.60,0.9600,-1,-1
567,182,174.00,307.00,42.10,97.50,0.9880,-1,-1
567,183,76.00,286.00,77.10,135.20,0.9850,-1,-1
568,30,1504.00,196.00,125.80,511.50,1.0000,-1,-1
568,117,852.00,292.00,55.80,154.70,1.0000,-1,-1
568,124,1120.00,280.00,65.00,158.20,1.0000,-1,-1
568,134,759.00,278.00,57.40,171.10,0.9990,-1,-1
568,161,1020.00,296.00,34.10,74.50,1.0000,-1,-1
568,162,716.00,297.00,46.50,118.90,0.9900,-1,-1
568,169,1060.00,303.00,21.40,56.30,0.9520,-1,-1
568,170,1431.00,201.00,136.30,441.90,0.9990,-1,-1
568,173,606.00,307.00,22.80,53.80,0.9880,-1,-1
568,174,-5.00,280.00,97.90,397.90,0.9960,-1,-1
568,178,1204.00,287.00,68.40,129.30,1.0000,-1,-1
568,179,652.00,307.00,21.30,43.00,0.9690,-1,-1
568,181,629.00,312.00,24.00,53.00,0.9760,-1,-1
568,182,171.00,295.00,38.80,115.10,0.9950,-1,-1
568,183,75.00,290.00,65.60,132.70,0.9840,-1,-1
568,185,125.00,302.00,35.00,104.20,0.9980,-1,-1
568,186,1082.00,309.00,22.70,49.70,0.9620,-1,-1
569,30,1514.00,204.00,128.50,494.40,1.0000,-1,-1
569,117,850.00,290.00,54.90,165.40,1.0000,-1,-1
569,124,1128.00,285.00,64.70,145.70,1.0000,-1,-1
569,134,754.00,277.00,66.70,176.10,0.9990,-1,-1
569,161,1026.00,298.00,30.20,72.70,0.9990,-1,-1
569,162,720.00,300.00,40.70,115.00,0.9980,-1,-1
569,169,1064.00,300.00,20.80,57.10,0.9840,-1,-1
569,170,1436.00,196.00,137.50,459.30,0.9990,-1,-1
569,173,609.00,307.00,26.20,55.80,0.9710,-1,-1
569,174,-4.00,276.00,97.50,382.50,0.9970,-1,-1
569,178,1207.00,280.00,63.80,138.10,1.0000,-1,-1
569,179,647.00,304.00,24.10,50.00,0.9660,-1,-1
569,181,629.00,311.00,22.50,48.90,0.9080,-1,-1
569,182,172.00,307.00,36.80,95.00,0.9970,-1,-1
569,183,85.00,293.00,55.60,135.10,0.9960,-1,-1
569,186,1085.00,306.00,21.90,54.80,0.9760,-1,-1
570,30,1508.00,173.00,138.50,529.60,1.0000,-1,-1
570,117,853.00,282.00,53.20,167.20,1.0000,-1,-1
570,124,1141.00,293.00,55.50,134.40,1.0000,-1,-1
570,134,759.00,282.00,60.10,160.50,0.9990,-1,-1
570,161,1028.00,294.00,33.70,71.20,1.0000,-1,-1
570,162,724.00,297.00,44.60,117.50,0.9970,-1,-1
570,169,1062.00,296.00,25.30,61.00,0.9660,-1,-1
570,170,1449.00,193.00,115.10,457.00,0.9980,-1,-1
570,173,613.00,307.00,24.50,51.20,0.9780,-1,-1
570,174,-3.00,280.00,104.30,389.00,0.9960,-1,-1
570,178,1215.00,277.00,58.90,133.70,0.9990,-1,-1
570,179,650.00,303.00,19.90,44.70,0.9670,-1,-1
570,181,630.00,311.00,23.70,45.70,0.9770,-1,-1
570,182,175.00,302.00,34.00,95.80,0.9960,-1,-1
570,183,70.00,284.00,76.10,137.30,0.9870,-1,-1
570,186,1088.00,299.00,23.50,55.60,0.9020,-1,-1
570,187,660.00,299.00,25.40,49.80,0.9530,-1,-1
571,30,1513.00,176.00,157.80,548.80,1.0000,-1,-1
571,117,855.00,286.00,55.30,173.60,1.0000,-1,-1
571,124,1136.00,288.00,57.10,138.30,1.0000,-1,-1
571,134,758.00,274.00,62.90,171.30,0.9990,-1,-1
571,161,1030.00,301.00,29.40,68.30,0.9990,-1,-1
571,162,725.00,294.00,44.40,121.80,0.9920,-1,-1
571,169,1064.00,297.00,24.80,58.00,0.9790,-1,-1
571,170,1445.00,191.00,126.00,458.60,0.9990,-1,-1
571,173,613.00,303.00,26.80,52.90,0.9910,-1,-1
571,174,-6.00,270.00,103.10,402.10,0.9950,-1,-1
571,178,1216.00,281.00,57.80,123.60,0.9990,-1,-1
571,179,657.00,306.00,18.60,41.00,0.9770,-1,-1
571,181,632.00,309.00,23.80,45.50,0.9740,-1,-1
571,182,171.00,302.00,40.10,98.50,0.9980,-1,-1
571,183,65.00,289.00,80.20,139.10,0.9950,-1,-1
571,186,1091.00,297.00,21.90,58.50,0.9290,-1,-1
571,187,661.00,299.00,26.00,55.00,0.9520,-1,-1
572,30,1534.00,186.00,145.50,533.80,1.0000,-1,-1
572,117,847.00,286.00,58.80,169.90,1.0000,-1,-1
572,124,1138.00,287.00,56.70,138.00,1.0000,-1,-1
572,134,762.00,273.00,61.30,179.80,0.9990,-1,-1
572,161,1033.00,295.00,29.70,69.90,1.0000,-1,-1
572,162,725.00,294.00,42.70,115.70,0.9940,-1,-1
572,169,1067.00,299.00,23.60,57.30,0.9660,-1,-1
572,170,1464.00,197.00,116.20,444.90,0.9990,-1,-1
572,173,610.00,302.00,24.80,55.10,0.9860,-1,-1
572,174,-10.00,281.00,106.80,404.10,0.9900,-1,-1
572,178,1225.00,276.00,58.00,128.80,1.0000,-1,-1
572,179,657.00,302.00,23.20,45.80,0.9680,-1,-1
572,181,634.00,307.00,23.20,52.60,0.9790,-1,-1
572,182,171.00,300.00,36.80,93.40,0.9980,-1,-1
572,183,68.00,287.00,72.00,134.10,0.9980,-1,-1
572,185,123.00,299.00,40.40,105.50,0.9940,-1,-1
572,186,1093.00,303.00,21.70,51.10,0.9350,-1,-1
573,30,1534.00,170.00,159.60,560.70,1.0000,-1,-1
573,117,854.00,287.00,55.30,158.00,1.0000,-1,-1
573,124,1133.00,277.00,58.20,149.10,1.0000,-1,-1
573,134,769.00,268.00,61.30,176.20,0.9980,-1,-1
573,161,1033.00,299.00,29.90,68.90,0.9990,-1,-1
573,162,726.00,295.00,44.50,113.40,0.9960,-1,-1
573,170,1474.00,215.00,131.30,461.40,1.0000,-1,-1
573,173,615.00,301.00,25.30,55.80,0.9940,-1,-1
573,174,-11.00,272.00,96.60,383.20,0.9470,-1,-1
573,178,1229.00,275.00,68.40,141.80,0.9990,-1,-1
573,179,659.00,300.00,21.10,46.70,0.9800,-1,-1
573,181,635.00,309.00,20.80,48.20,0.9820,-1,-1
573,182,168.00,304.00,39.30,92.30,0.9970,-1,-1
573,183,61.00,289.00,73.40,128.20,0.9990,-1,-1
573,184,1069.00,297.00,26.40,66.60,0.9630,-1,-1
573,185,121.00,303.00,38.30,103.80,0.9950,-1,-1
573,186,1096.00,302.00,23.20,52.50,0.9660,-1,-1
573,188,924.00,312.00,50.90,112.20,0.9140,-1,-1
574,30,1548.00,173.00,145.60,554.40,1.0000,-1,-1
574,117,849.00,291.00,60.40,160.50,1.0000,-1,-1
574,124,1137.00,285.00,63.40,150.10,1.0000,-1,-1
574,134,771.00,274.00,56.40,179.00,0.9970,-1,-1
574,161,1036.00,297.00,28.80,68.50,1.0000,-1,-1
574,162,730.00,298.00,42.10,109.00,0.9890,-1,-1
574,170,1476.00,202.00,120.40,453.10,0.9990,-1,-1
574,173,617.00,305.00,24.70,53.40,0.9830,-1,-1
574,178,1231.00,283.00,63.60,134.90,0.9990,-1,-1
574,179,658.00,300.00,23.00,49.30,0.9820,-1,-1
574,181,636.00,305.00,22.60,53.90,0.9370,-1,-1
574,182,163.00,296.00,41.50,104.60,0.9980,-1,-1
574,183,67.00,291.00,48.40,123.70,0.9990,-1,-1
574,184,1070.00,297.00,23.70,61.70,0.9550,-1,-1
574,185,117.00,308.00,37.40,98.50,0.9900,-1,-1
574,186,1098.00,302.00,25.90,59.80,0.9720,-1,-1
574,188,925.00,307.00,51.20,119.70,0.9240,-1,-1
575,30,1560.00,177.00,158.70,572.20,1.0000,-1,-1
575,117,853.00,285.00,58.90,162.80,1.0000,-1,-1
575,124,1139.00,284.00,60.20,148.70,1.0000,-1,-1
575,134,770.00,281.00,59.50,172.90,0.9960,-1,-1
575,161,1038.00,302.00,29.20,68.40,1.0000,-1,-1
575,162,731.00,299.00,46.20,107.70,0.9760,-1,-1
575,170,1481.00,188.00,122.20,490.80,0.9990,-1,-1
575,173,618.00,306.00,26.30,56.10,0.9960,-1,-1
575,178,1236.00,285.00,60.10,127.90,0.9990,-1,-1
575,181,637.00,309.00,22.70,48.60,0.9440,-1,-1
575,182,165.00,299.00,42.10,103.10,0.9990,-1,-1
575,183,71.00,291.00,49.20,131.60,1.0000,-1,-1
575,184,1071.00,295.00,23.60,65.60,0.9520,-1,-1
575,185,126.00,311.00,35.60,93.30,0.9920,-1,-1
575,186,1096.00,302.00,25.70,62.00,0.9750,-1,-1
575,187,660.00,307.00,23.10,45.70,0.9810,-1,-1
576,30,1567.00,195.00,146.90,546.40,1.0000,-1,-1
576,117,851.00,287.00,57.40,165.00,1.0000,-1,-1
576,124,1144.00,295.00,53.40,137.40,1.0000,-1,-1
576,134,768.00,281.00,63.50,175.40,0.9950,-1,-1
576,161,1036.00,303.00,29.60,67.90,1.0000,-1,-1
576,162,736.00,293.00,42.60,116.80,0.9730,-1,-1
576,170,1491.00,202.00,122.60,457.10,0.9990,-1,-1
576,173,619.00,309.00,24.20,51.50,0.9970,-1,-1
576,178,1240.00,287.00,56.60,125.90,0.9990,-1,-1
576,179,656.00,301.00,24.50,50.20,0.9830,-1,-1
576,181,638.00,312.00,21.40,49.90,0.9490,-1,-1
576,182,166.00,306.00,39.50,103.00,0.9930,-1,-1
576,183,55.00,288.00,61.00,131.70,1.0000,-1,-1
576,184,1072.00,303.00,21.40,61.50,0.9870,-1,-1
576,185,119.00,310.00,34.00,91.10,0.9990,-1,-1
576,186,1098.00,301.00,28.50,65.90,0.9620,-1,-1
576,187,670.00,303.00,23.70,49.70,0.9260,-1,-1
577,30,1564.00,187.00,143.80,556.30,1.0000,-1,-1
577,117,852.00,292.00,55.20,159.40,0.9990,-1,-1
577,124,1139.00,291.00,56.20,138.20,0.9990,-1,-1
577,134,762.00,288.00,69.60,175.10,0.9940,-1,-1
577,161,1036.00,305.00,32.30,72.30,1.0000,-1,-1
577,162,735.00,302.00,34.40,110.40,0.9800,-1,-1
577,170,1492.00,206.00,129.30,468.10,0.9990,-1,-1
577,173,615.00,312.00,27.40,52.00,0.9330,-1,-1
577,178,1235.00,292.00,63.90,135.40,0.9980,-1,-1
577,181,633.00,317.00,21.60,46.70,0.9420,-1,-1
577,182,152.00,300.00,42.20,103.60,0.9440,-1,-1
577,183,52.00,297.00,49.50,124.10,0.9710,-1,-1
577,184,1071.00,307.00,22.10,58.80,0.9540,-1,-1
577,185,111.00,300.00,38.40,109.80,0.9070,-1,-1
577,186,1098.00,311.00,24.80,56.90,0.9280,-1,-1
578,30,1570.00,171.00,164.80,587.60,1.0000,-1,-1
578,117,849.00,295.00,55.40,169.10,1.0000,-1,-1
578,124,1143.00,308.00,56.10,141.80,1.0000,-1,-1
578,134,769.00,283.00,57.60,179.70,0.9970,-1,-1
578,161,1040.00,309.00,29.10,74.50,0.9980,-1,-1
578,162,733.00,302.00,41.50,118.40,0.9930,-1,-1
578,170,1496.00,213.00,125.70,473.80,0.9980,-1,-1
578,173,616.00,318.00,23.60,48.00,0.9910,-1,-1
578,178,1243.00,299.00,51.40,130.00,0.9990,-1,-1
578,181,637.00,313.00,25.20,54.90,0.9770,-1,-1
578,182,156.00,305.00,39.60,101.80,0.9950,-1,-1
578,183,39.00,290.00,72.30,139.00,0.9980,-1,-1
578,184,1076.00,309.00,25.10,69.10,0.9470,-1,-1
578,185,111.00,307.00,35.70,103.60,0.9840,-1,-1
578,186,1103.00,316.00,24.90,58.00,0.9680,-1,-1
578,187,667.00,311.00,24.00,46.30,0.9340,-1,-1
579,30,1568.00,180.00,173.80,603.10,1.0000,-1,-1
579,117,844.00,305.00,57.20,156.30,0.9990,-1,-1
579,124,1143.00,308.00,51.50,135.90,0.9990,-1,-1
579,134,758.00,281.00,66.40,190.30,0.9980,-1,-1
579,161,1034.00,313.00,32.10,71.30,1.0000,-1,-1
579,162,734.00,308.00,42.70,106.00,0.9630,-1,-1
579,170,1508.00,231.00,133.80,455.70,1.0000,-1,-1
579,173,613.00,316.00,28.50,55.10,0.9720,-1,-1
579,178,1235.00,296.00,63.30,134.40,1.0000,-1,-1
579,182,142.00,302.00,46.30,99.30,0.9800,-1,-1
579,183,40.00,281.00,68.00,140.20,0.9890,-1,-1
579,184,1076.00,319.00,23.00,60.70,0.9540,-1,-1
579,185,108.00,300.00,38.50,112.50,0.9830,-1,-1
579,186,1099.00,320.00,22.90,52.10,0.9070,-1,-1
580,30,1586.00,207.00,160.90,572.50,1.0000,-1,-1
580,117,846.00,304.00,54.60,158.50,0.9990,-1,-1
580,124,1143.00,306.00,50.60,135.30,1.0000,-1,-1
580,134,755.00,291.00,62.40,172.00,0.9990,-1,-1
580,161,1037.00,318.00,28.30,64.60,0.9990,-1,-1
580,162,732.00,309.00,42.50,110.10,0.9820,-1,-1
580,170,1510.00,228.00,125.50,464.40,1.0000,-1,-1
580,173,612.00,317.00,26.80,48.10,0.9900,-1,-1
580,178,1242.00,294.00,62.00,137.90,1.0000,-1,-1
580,179,656.00,314.00,20.50,42.80,0.9440,-1,-1
580,181,635.00,317.00,24.90,50.90,0.9660,-1,-1
580,182,143.00,301.00,42.40,105.10,1.0000,-1,-1
580,183,33.00,294.00,62.20,132.30,0.9960,-1,-1
580,184,1075.00,314.00,23.90,61.10,0.9020,-1,-1
580,185,100.00,310.00,36.70,91.60,1.0000,-1,-1
580,186,1098.00,314.00,24.70,61.80,0.9540,-1,-1
581,30,1572.00,192.00,186.30,594.90,1.0000,-1,-1
581,117,842.00,308.00,53.70,150.80,0.9990,-1,-1
581,124,1136.00,303.00,57.80,151.50,1.0000,-1,-1
581,134,758.00,293.00,62.50,167.00,0.9990,-1,-1
581,161,1034.00,317.00,31.70,68.80,0.9990,-1,-1
581,162,729.00,299.00,43.20,119.20,0.9940,-1,-1
581,170,1495.00,215.00,149.20,489.60,1.0000,-1,-1
581,173,612.00,317.00,24.70,50.90,0.9960,-1,-1
581,178,1237.00,296.00,60.50,142.80,1.0000,-1,-1
581,179,655.00,312.00,24.40,49.70,0.9390,-1,-1
581,181,632.00,318.00,23.90,51.80,0.9940,-1,-1
581,182,138.00,297.00,46.80,110.10,1.0000,-1,-1
581,183,25.00,296.00,66.00,130.00,0.9980,-1,-1
581,184,1071.00,315.00,22.60,61.90,0.9230,-1,-1
581,185,96.00,304.00,42.10,104.10,0.9990,-1,-1
581,186,1100.00,316.00,23.50,57.20,0.9670,-1,-1
582,30,1585.00,192.00,160.40,606.10,1.0000,-1,-1
582,117,840.00,310.00,50.10,149.80,1.0000,-1,-1
582,124,1136.00,300.00,58.10,144.90,0.9990,-1,-1
582,134,755.00,298.00,60.70,161.90,0.9980,-1,-1
582,161,1029.00,316.00,29.90,70.80,1.0000,-1,-1
582,162,730.00,311.00,41.60,108.60,0.9780,-1,-1
582,170,1507.00,204.00,135.80,506.90,1.0000,-1,-1
582,173,608.00,315.00,24.40,52.50,0.9960,-1,-1
582,178,1243.00,300.00,58.70,140.40,1.0000,-1,-1
582,179,651.00,312.00,21.40,48.10,0.9940,-1,-1
582,181,627.00,316.00,22.70,53.10,0.9980,-1,-1
582,182,133.00,295.00,42.60,109.00,1.0000,-1,-1
582,183,16.00,289.00,62.50,136.80,0.9950,-1,-1
582,184,1066.00,315.00,25.70,63.20,0.9730,-1,-1
582,185,78.00,299.00,53.30,105.20,1.0000,-1,-1
582,186,1095.00,318.00,22.40,56.50,0.9710,-1,-1
582,187,662.00,312.00,24.10,48.50,0.9750,-1,-1
583,30,1597.00,174.00,159.50,638.30,1.0000,-1,-1
583,117,838.00,294.00,54.20,165.70,1.0000,-1,-1
583,124,1134.00,304.00,59.80,140.80,1.0000,-1,-1
583,134,755.00,277.00,59.60,184.90,0.9990,-1,-1
583,161,1029.00,310.00,30.70,70.30,0.9990,-1,-1
583,162,728.00,301.00,45.70,119.70,0.9910,-1,-1
583,170,1513.00,218.00,136.70,492.80,1.0000,-1,-1
583,173,602.00,309.00,25.60,55.60,0.9970,-1,-1
583,178,1238.00,299.00,61.60,147.30,1.0000,-1,-1
583,179,642.00,308.00,24.00,47.50,0.9870,-1,-1
583,181,624.00,317.00,21.40,45.60,0.9970,-1,-1
583,182,121.00,293.00,43.00,109.80,1.0000,-1,-1
583,183,-1.00,273.00,73.30,147.60,0.9970,-1,-1
583,184,1064.00,307.00,24.40,67.30,0.9460,-1,-1
583,185,75.00,298.00,42.90,105.70,0.9960,-1,-1
583,186,1091.00,312.00,25.10,58.60,0.9680,-1,-1
583,187,656.00,311.00,20.50,46.50,0.9640,-1,-1
583,188,927.00,321.00,47.10,119.90,0.9770,-1,-1
584,30,1600.00,168.00,155.60,641.40,1.0000,-1,-1
584,117,836.00,302.00,61.90,160.00,1.0000,-1,-1
584,124,1131.00,298.00,63.50,144.50,1.0000,-1,-1
584,134,744.00,290.00,61.00,174.30,0.9970,-1,-1
584,161,1022.00,310.00,32.00,67.40,1.0000,-1,-1
584,170,1495.00,210.00,155.30,522.90,1.0000,-1,-1
584,173,601.00,314.00,24.60,50.60,0.9970,-1,-1
584,178,1234.00,295.00,57.90,145.60,1.0000,-1,-1
584,179,639.00,308.00,24.70,49.00,0.9890,-1,-1
584,181,623.00,312.00,25.20,54.30,0.9950,-1,-1
584,182,115.00,291.00,44.90,109.60,1.0000,-1,-1
584,183,-7.00,281.00,66.40,139.30,0.9910,-1,-1
584,184,1060.00,316.00,25.50,61.20,0.9470,-1,-1
584,185,68.00,300.00,42.40,101.10,0.9960,-1,-1
584,186,1090.00,314.00,25.50,59.10,0.9670,-1,-1
584,187,652.00,309.00,24.20,45.30,0.9460,-1,-1
585,30,1594.00,168.00,194.20,630.50,1.0000,-1,-1
585,117,831.00,294.00,57.30,165.50,0.9990,-1,-1
585,124,1134.00,298.00,62.20,139.90,1.0000,-1,-1
585,134,743.00,289.00,60.80,166.60,0.9980,-1,-1
585,161,1023.00,311.00,31.40,70.80,0.9990,-1,-1
585,162,720.00,310.00,39.20,95.70,0.9630,-1,-1
585,170,1516.00,207.00,144.00,528.70,1.0000,-1,-1
585,173,600.00,310.00,25.80,55.10,0.9970,-1,-1
585,178,1243.00,294.00,50.20,142.10,0.9990,-1,-1
585,179,645.00,307.00,25.00,50.50,0.9740,-1,-1
585,181,620.00,313.00,21.50,49.50,0.9930,-1,-1
585,182,111.00,291.00,44.90,108.70,1.0000,-1,-1
585,183,-8.00,284.00,60.70,132.50,0.9960,-1,-1
585,184,1062.00,314.00,23.30,65.10,0.9690,-1,-1
585,185,68.00,302.00,36.10,97.40,0.9770,-1,-1
585,186,1090.00,317.00,24.90,59.00,0.9630,-1,-1
586,30,1607.00,185.00,183.10,611.30,1.0000,-1,-1
586,117,826.00,295.00,56.00,169.10,0.9990,-1,-1
586,124,1131.00,302.00,59.30,144.30,1.0000,-1,-1
586,134,741.00,283.00,66.20,173.20,0.9980,-1,-1
586,161,1021.00,314.00,30.40,66.20,1.0000,-1,-1
586,162,720.00,308.00,40.60,98.80,0.9040,-1,-1
586,170,1524.00,212.00,133.90,529.20,1.0000,-1,-1
586,173,598.00,312.00,22.60,48.70,0.9990,-1,-1
586,178,1242.00,297.00,56.10,145.80,0.9990,-1,-1
586,179,645.00,302.00,24.90,49.90,0.9760,-1,-1
586,181,618.00,309.00,24.00,55.60,0.9980,-1,-1
586,182,110.00,299.00,41.70,98.50,1.0000,-1,-1
586,184,1063.00,313.00,24.00,64.80,0.9300,-1,-1
586,185,61.00,294.00,40.50,110.00,0.9990,-1,-1
586,186,1088.00,313.00,26.50,60.00,0.9630,-1,-1
586,189,705.00,310.00,29.70,63.00,0.9090,-1,-1
587,30,1616.00,185.00,163.00,644.20,1.0000,-1,-1
587,117,831.00,297.00,57.60,162.00,0.9990,-1,-1
587,124,1133.00,303.00,54.10,143.40,1.0000,-1,-1
587,134,738.00,290.00,64.60,172.90,0.9980,-1,-1
587,161,1022.00,313.00,32.20,67.10,1.0000,-1,-1
587,170,1519.00,211.00,138.50,514.90,0.9990,-1,-1
587,173,595.00,314.00,28.20,53.70,0.9980,-1,-1
587,178,1244.00,293.00,63.40,150.80,0.9990,-1,-1
587,179,648.00,306.00,24.30,48.80,0.9530,-1,-1
587,181,616.00,314.00,22.90,51.00,0.9880,-1,-1
587,182,103.00,300.00,44.10,101.60,0.9990,-1,-1
587,184,1061.00,316.00,24.00,62.70,0.9450,-1,-1
587,185,57.00,298.00,38.80,106.50,0.9640,-1,-1
587,186,1089.00,320.00,25.20,59.10,0.9270,-1,-1
587,189,705.00,309.00,30.60,67.50,0.9330,-1,-1
588,30,1623.00,181.00,161.80,649.80,1.0000,-1,-1
588,117,825.00,299.00,59.80,167.50,0.9990,-1,-1
588,124,1124.00,305.00,60.40,147.60,1.0000,-1,-1
588,134,733.00,287.00,65.10,181.70,0.9990,-1,-1
588,161,1018.00,313.00,31.80,68.10,1.0000,-1,-1
588,170,1540.00,191.00,150.70,554.00,1.0000,-1,-1
588,173,598.00,315.00,24.20,52.20,0.9960,-1,-1
588,178,1246.00,305.00,58.30,139.20,0.9980,-1,-1
588,181,615.00,321.00,22.30,46.70,0.9760,-1,-1
588,182,96.00,301.00,44.40,107.00,1.0000,-1,-1
588,184,1060.00,318.00,26.10,64.90,0.9630,-1,-1
588,185,52.00,297.00,38.50,114.00,0.9950,-1,-1
588,186,1088.00,324.00,24.90,58.80,0.9190,-1,-1
588,190,632.00,312.00,25.30,48.10,0.9940,-1,-1
589,30,1640.00,191.00,162.60,650.40,1.0000,-1,-1
589,117,828.00,299.00,58.30,164.00,0.9980,-1,-1
589,124,1130.00,312.00,55.80,139.80,1.0000,-1,-1
589,134,734.00,290.00,65.00,176.10,0.9980,-1,-1
589,161,1022.00,318.00,32.10,74.40,1.0000,-1,-1
589,170,1534.00,208.00,161.20,547.40,1.0000,-1,-1
589,173,598.00,319.00,24.20,51.00,0.9990,-1,-1
589,178,1242.00,305.00,64.30,147.60,0.9970,-1,-1
589,179,646.00,315.00,23.90,44.80,0.9590,-1,-1
589,181,620.00,325.00,22.40,49.90,0.9840,-1,-1
589,182,95.00,293.00,48.10,118.90,1.0000,-1,-1
589,184,1062.00,324.00,23.40,63.10,0.9520,-1,-1
589,185,50.00,302.00,38.30,108.70,1.0000,-1,-1
589,186,1089.00,329.00,23.60,53.80,0.9590,-1,-1
589,189,706.00,321.00,32.20,65.70,0.9480,-1,-1
590,30,1643.00,176.00,173.40,683.50,1.0000,-1,-1
590,117,833.00,300.00,54.80,163.70,0.9990,-1,-1
590,124,1122.00,313.00,63.20,140.10,0.9990,-1,-1
590,134,740.00,292.00,60.50,168.90,0.9970,-1,-1
590,161,1023.00,316.00,30.70,73.00,1.0000,-1,-1
590,170,1539.00,226.00,172.50,541.40,1.0000,-1,-1
590,173,600.00,317.00,25.50,57.20,0.9870,-1,-1
590,178,1253.00,302.00,63.10,151.00,0.9980,-1,-1
590,181,617.00,320.00,25.10,56.70,0.9820,-1,-1
590,182,97.00,297.00,43.50,111.90,0.9960,-1,-1
590,185,48.00,307.00,38.20,98.70,0.9920,-1,-1
590,186,1093.00,328.00,21.80,53.90,0.9190,-1,-1
591,30,1643.00,165.00,195.50,672.40,0.9990,-1,-1
591,117,834.00,306.00,52.60,163.30,0.9990,-1,-1
591,124,1124.00,311.00,56.90,143.80,1.0000,-1,-1
591,134,737.00,289.00,67.80,186.80,0.9990,-1,-1
591,161,1030.00,320.00,32.00,71.10,1.0000,-1,-1
591,170,1552.00,210.00,171.00,543.70,1.0000,-1,-1
591,173,602.00,320.00,27.00,57.10,0.9980,-1,-1
591,178,1249.00,308.00,59.20,146.40,0.9990,-1,-1
591,179,643.00,318.00,21.30,47.60,0.9800,-1,-1
591,181,621.00,321.00,23.50,56.80,0.9810,-1,-1
591,182,100.00,305.00,40.80,109.70,1.0000,-1,-1
591,184,1065.00,320.00,26.50,68.60,0.9630,-1,-1
591,185,48.00,301.00,44.40,121.10,0.9960,-1,-1
591,186,1097.00,331.00,26.10,57.70,0.9110,-1,-1
591,189,714.00,327.00,28.10,59.60,0.9860,-1,-1
592,30,1652.00,184.00,182.80,673.40,1.0000,-1,-1
592,117,839.00,302.00,58.90,177.70,0.9990,-1,-1
592,124,1125.00,312.00,67.30,146.20,1.0000,-1,-1
592,134,739.00,292.00,65.10,174.70,0.9990,-1,-1
592,161,1030.00,323.00,29.70,69.90,1.0000,-1,-1
592,170,1551.00,210.00,160.30,555.80,1.0000,-1,-1
592,173,601.00,321.00,25.80,53.50,0.9960,-1,-1
592,178,1243.00,300.00,78.30,162.90,0.9980,-1,-1
592,179,642.00,323.00,20.10,43.50,0.9800,-1,-1
592,181,621.00,320.00,24.90,58.60,0.9910,-1,-1
592,182,91.00,311.00,41.30,107.10,1.0000,-1,-1
592,184,1065.00,328.00,24.40,61.70,0.9720,-1,-1
592,185,41.00,304.00,41.50,107.10,1.0000,-1,-1
592,186,1095.00,327.00,27.20,59.40,0.9350,-1,-1
592,187,656.00,321.00,20.60,45.60,0.9720,-1,-1
592,189,710.00,326.00,27.40,57.70,0.9870,-1,-1
593,30,1667.00,187.00,182.70,686.50,1.0000,-1,-1
593,117,829.00,311.00,57.40,161.30,0.9990,-1,-1
593,124,1126.00,315.00,59.20,142.60,1.0000,-1,-1
593,134,737.00,295.00,68.10,176.90,1.0000,-1,-1
593,161,1028.00,321.00,35.20,72.10,1.0000,-1,-1
593,170,1553.00,225.00,177.50,552.00,1.0000,-1,-1
593,173,602.00,327.00,23.30,54.30,0.9990,-1,-1
593,178,1257.00,300.00,65.60,157.20,0.9980,-1,-1
593,179,639.00,324.00,23.40,44.70,0.9410,-1,-1
593,181,624.00,330.00,22.90,51.10,0.9880,-1,-1
593,182,88.00,309.00,41.90,103.50,1.0000,-1,-1
593,184,1068.00,327.00,25.40,64.00,0.9450,-1,-1
593,185,41.00,307.00,40.10,114.00,0.9970,-1,-1
593,186,1101.00,334.00,26.00,55.20,0.9440,-1,-1
593,187,655.00,321.00,21.50,47.10,0.9880,-1,-1
593,188,922.00,345.00,44.60,101.60,0.9860,-1,-1
593,189,710.00,330.00,29.80,60.20,0.9810,-1,-1
594,30,1690.00,156.00,183.10,719.60,1.0000,-1,-1
594,117,830.00,307.00,56.60,166.30,1.0000,-1,-1
594,124,1129.00,315.00,63.00,148.70,0.9990,-1,-1
594,134,742.00,298.00,60.00,174.30,1.0000,-1,-1
594,161,1032.00,325.00,31.80,69.30,1.0000,-1,-1
594,170,1573.00,197.00,182.00,598.40,1.0000,-1,-1
594,173,604.00,324.00,23.40,52.80,0.9980,-1,-1
594,178,1254.00,309.00,67.70,153.80,0.9990,-1,-1
594,179,642.00,322.00,24.10,51.30,0.9640,-1,-1
594,181,623.00,330.00,22.10,50.80,0.9910,-1,-1
594,182,86.00,308.00,43.20,111.20,1.0000,-1,-1
594,184,1066.00,324.00,25.30,69.40,0.9470,-1,-1
594,185,35.00,311.00,44.70,106.60,1.0000,-1,-1
594,186,1099.00,333.00,27.10,59.70,0.9250,-1,-1
594,187,657.00,321.00,24.10,53.40,0.9860,-1,-1
594,188,920.00,343.00,48.50,112.30,0.9850,-1,-1
594,189,713.00,330.00,27.50,58.10,0.9910,-1,-1
595,30,1697.00,166.00,183.00,735.70,1.0000,-1,-1
595,117,832.00,312.00,51.80,163.90,0.9980,-1,-1
595,124,1129.00,315.00,63.40,143.10,1.0000,-1,-1
595,134,742.00,300.00,59.80,177.10,1.0000,-1,-1
595,161,1028.00,324.00,30.00,75.50,1.0000,-1,-1
595,170,1588.00,205.00,161.10,571.70,1.0000,-1,-1
595,173,600.00,324.00,25.90,60.00,0.9990,-1,-1
595,178,1262.00,313.00,61.80,151.70,1.0000,-1,-1
595,179,637.00,324.00,25.40,46.90,0.9490,-1,-1
595,181,624.00,330.00,21.80,53.00,0.9960,-1,-1
595,182,80.00,305.00,50.40,113.70,1.0000,-1,-1
595,184,1067.00,328.00,23.10,64.50,0.9340,-1,-1
595,185,31.00,311.00,47.10,111.20,1.0000,-1,-1
595,186,1098.00,336.00,24.70,60.30,0.9360,-1,-1
595,187,654.00,324.00,22.10,47.60,0.9790,-1,-1
595,189,711.00,331.00,28.70,59.00,0.9890,-1,-1
596,30,1700.00,182.00,195.60,699.10,1.0000,-1,-1
596,117,826.00,312.00,57.90,166.90,0.9990,-1,-1
596,124,1129.00,311.00,63.70,143.90,1.0000,-1,-1
596,134,739.00,299.00,65.40,180.50,1.0000,-1,-1
596,161,1027.00,329.00,29.50,70.10,1.0000,-1,-1
596,170,1603.00,207.00,166.20,590.90,1.0000,-1,-1
596,173,603.00,327.00,24.20,55.50,0.9980,-1,-1
596,178,1257.00,308.00,66.00,154.60,0.9990,-1,-1
596,179,637.00,325.00,23.90,51.10,0.9490,-1,-1
596,181,625.00,330.00,22.90,49.80,0.9950,-1,-1
596,182,77.00,314.00,44.60,111.10,1.0000,-1,-1
596,184,1069.00,333.00,24.60,64.30,0.9360,-1,-1
596,185,32.00,318.00,39.60,109.90,0.9980,-1,-1
596,186,1099.00,336.00,25.90,54.90,0.9600,-1,-1
596,187,654.00,322.00,25.10,56.60,0.9810,-1,-1
596,188,921.00,340.00,46.40,113.90,0.9720,-1,-1
596,189,716.00,330.00,28.10,60.60,0.9650,-1,-1
597,30,1707.00,146.00,191.50,776.10,1.0000,-1,-1
597,117,820.00,311.00,64.00,164.10,0.9990,-1,-1
597,124,1135.00,307.00,69.00,154.90,0.9990,-1,-1
597,134,736.00,292.00,67.30,194.90,1.0000,-1,-1
597,161,1031.00,330.00,27.30,64.20,1.0000,-1,-1
597,170,1600.00,207.00,183.70,602.80,1.0000,-1,-1
597,173,603.00,324.00,27.50,56.00,0.9970,-1,-1
597,178,1264.00,312.00,64.30,148.20,1.0000,-1,-1
597,181,625.00,329.00,26.30,54.30,0.9960,-1,-1
597,182,77.00,311.00,47.00,114.50,1.0000,-1,-1
597,184,1070.00,330.00,23.30,60.60,0.9620,-1,-1
597,185,26.00,319.00,43.00,109.30,1.0000,-1,-1
597,186,1099.00,330.00,26.50,63.20,0.9230,-1,-1
597,187,655.00,321.00,25.00,55.70,0.9830,-1,-1
597,189,713.00,332.00,32.20,62.40,0.9830,-1,-1
598,30,1704.00,167.00,217.90,762.70,1.0000,-1,-1
598,117,821.00,320.00,60.00,165.60,1.0000,-1,-1
598,124,1137.00,322.00,60.10,144.90,1.0000,-1,-1
598,134,739.00,302.00,61.90,182.80,1.0000,-1,-1
598,161,1034.00,333.00,30.00,67.30,1.0000,-1,-1
598,170,1597.00,219.00,190.90,607.90,1.0000,-1,-1
598,173,603.00,331.00,26.10,56.90,0.9960,-1,-1
598,178,1262.00,313.00,76.10,151.50,1.0000,-1,-1
598,179,639.00,330.00,23.90,49.20,0.9660,-1,-1
598,181,625.00,337.00,23.90,45.60,0.9990,-1,-1
598,182,76.00,314.00,47.50,116.20,0.9990,-1,-1
598,184,1071.00,336.00,23.90,62.20,0.9540,-1,-1
598,185,23.00,319.00,40.70,111.70,0.9910,-1,-1
598,186,1101.00,345.00,25.70,53.80,0.9330,-1,-1
598,187,651.00,327.00,25.30,48.00,0.9870,-1,-1
598,188,923.00,346.00,47.10,113.80,0.9470,-1,-1
598,189,715.00,338.00,30.70,62.00,0.9760,-1,-1
599,30,1745.00,172.00,193.40,784.60,0.9990,-1,-1
599,117,819.00,325.00,57.70,155.50,1.0000,-1,-1
599,124,1143.00,316.00,58.40,144.80,1.0000,-1,-1
599,134,745.00,303.00,59.10,178.60,1.0000,-1,-1
599,161,1032.00,332.00,31.20,71.00,0.9990,-1,-1
599,170,1606.00,196.00,205.90,658.70,1.0000,-1,-1
599,173,607.00,330.00,24.60,53.40,0.9960,-1,-1
599,178,1267.00,314.00,72.80,153.30,1.0000,-1,-1
599,179,641.00,330.00,24.80,48.70,0.9920,-1,-1
599,181,626.00,338.00,22.50,51.40,0.9930,-1,-1
599,182,75.00,318.00,48.60,116.40,0.9990,-1,-1
599,184,1072.00,334.00,24.90,62.50,0.9640,-1,-1
599,185,20.00,320.00,46.40,110.80,0.9990,-1,-1
599,186,1104.00,343.00,25.20,57.90,0.9340,-1,-1
599,187,656.00,329.00,23.10,54.10,0.9650,-1,-1
599,188,926.00,345.00,46.90,115.70,0.9910,-1,-1
599,189,718.00,338.00,32.30,62.10,0.9610,-1,-1
600,30,1747.00,152.00,218.50,794.70,0.9980,-1,-1
600,117,829.00,322.00,60.40,174.90,0.9990,-1,-1
600,124,1141.00,325.00,53.70,143.80,0.9990,-1,-1
600,134,743.00,311.00,69.50,172.20,1.0000,-1,-1
600,161,1038.00,335.00,31.70,72.50,0.9990,-1,-1
600,170,1627.00,214.00,193.90,616.00,1.0000,-1,-1
600,173,606.00,337.00,25.00,56.90,0.9980,-1,-1
600,178,1269.00,319.00,69.00,147.20,0.9990,-1,-1
600,179,644.00,336.00,23.80,48.10,0.9630,-1,-1
600,181,632.00,346.00,21.40,45.80,0.9960,-1,-1
600,182,72.00,323.00,49.40,114.00,0.9990,-1,-1
600,184,1075.00,340.00,25.50,65.40,0.9740,-1,-1
600,185,23.00,327.00,39.70,110.20,1.0000,-1,-1
600,187,657.00,335.00,23.50,47.80,0.9910,-1,-1
600,188,923.00,348.00,53.80,121.50,0.9060,-1,-1
600,189,718.00,344.00,32.20,56.30,0.9830,-1,-1
601,30,1776.00,172.00,203.80,787.10,0.9840,-1,-1
601,117,834.00,325.00,59.80,168.20,0.9980,-1,-1
601,124,1134.00,319.00,61.80,155.80,1.0000,-1,-1
601,134,752.00,312.00,61.60,178.20,1.0000,-1,-1
601,161,1042.00,339.00,28.90,69.40,0.9990,-1,-1
601,170,1632.00,195.00,221.00,647.30,1.0000,-1,-1
601,173,609.00,343.00,21.00,53.20,0.9910,-1,-1
601,178,1269.00,325.00,78.90,157.50,1.0000,-1,-1
601,179,644.00,343.00,22.10,50.50,0.9930,-1,-1
601,181,632.00,346.00,22.40,47.30,0.9920,-1,-1
601,182,71.00,328.00,46.70,112.60,1.0000,-1,-1
601,184,1076.00,344.00,27.20,58.80,0.9630,-1,-1
601,185,22.00,329.00,40.90,110.40,1.0000,-1,-1
601,186,1107.00,350.00,24.60,57.30,0.9180,-1,-1
601,187,659.00,338.00,24.00,44.40,0.9800,-1,-1
601,189,723.00,347.00,30.10,55.80,0.9820,-1,-1
602,117,835.00,330.00,56.50,161.00,0.9990,-1,-1
602,124,1139.00,330.00,60.20,147.50,1.0000,-1,-1
602,134,746.00,312.00,65.40,178.60,1.0000,-1,-1
602,161,1040.00,341.00,30.70,72.60,0.9990,-1,-1
602,170,1661.00,202.00,200.80,668.30,1.0000,-1,-1
602,173,609.00,340.00,25.60,59.90,0.9930,-1,-1
602,178,1284.00,317.00,67.90,169.00,1.0000,-1,-1
602,179,650.00,340.00,23.80,48.50,0.9750,-1,-1
602,181,635.00,347.00,24.70,47.60,0.9920,-1,-1
602,182,71.00,333.00,46.70,117.20,0.9980,-1,-1
602,184,1080.00,347.00,24.30,59.00,0.9140,-1,-1
602,185,14.00,339.00,52.70,101.90,1.0000,-1,-1
602,186,1113.00,348.00,24.00,56.40,0.9640,-1,-1
602,187,664.00,337.00,23.30,50.20,0.9660,-1,-1
602,189,726.00,347.00,29.10,54.00,0.9550,-1,-1
603,117,834.00,335.00,58.50,169.20,1.0000,-1,-1
603,124,1148.00,340.00,53.50,139.50,0.9990,-1,-1
603,134,750.00,327.00,70.90,176.50,1.0000,-1,-1
603,161,1044.00,345.00,31.20,73.90,0.9990,-1,-1
603,170,1680.00,211.00,209.20,655.40,1.0000,-1,-1
603,173,613.00,348.00,29.50,59.70,0.9850,-1,-1
603,178,1287.00,330.00,74.60,165.50,1.0000,-1,-1
603,179,646.00,347.00,24.70,48.40,0.9280,-1,-1
603,181,638.00,359.00,22.60,51.80,0.9740,-1,-1
603,182,68.00,327.00,50.90,125.40,0.9690,-1,-1
603,184,1084.00,350.00,23.00,62.80,0.9670,-1,-1
603,185,20.00,341.00,35.30,108.50,0.9980,-1,-1
603,186,1117.00,357.00,24.60,58.90,0.9680,-1,-1
603,189,728.00,354.00,27.50,55.60,0.9740,-1,-1
604,117,834.00,335.00,60.30,172.20,1.0000,-1,-1
604,124,1156.00,337.00,58.90,147.40,1.0000,-1,-1
604,134,756.00,326.00,65.90,179.00,1.0000,-1,-1
604,161,1044.00,351.00,31.50,69.10,1.0000,-1,-1
604,170,1689.00,225.00,214.50,658.10,1.0000,-1,-1
604,173,619.00,351.00,23.00,56.80,0.9930,-1,-1
604,178,1290.00,334.00,80.10,156.40,1.0000,-1,-1
604,179,655.00,349.00,25.70,49.70,0.9620,-1,-1
604,181,642.00,358.00,23.60,49.60,0.9970,-1,-1
604,182,68.00,340.00,43.50,114.00,1.0000,-1,-1
604,184,1088.00,355.00,24.70,58.20,0.9720,-1,-1
604,185,18.00,343.00,39.40,111.80,0.9960,-1,-1
604,186,1121.00,362.00,25.40,54.50,0.9810,-1,-1
604,189,731.00,361.00,31.30,54.70,0.9810,-1,-1
605,117,836.00,333.00,56.10,170.40,1.0000,-1,-1
605,124,1155.00,344.00,53.40,133.70,0.9990,-1,-1
605,134,759.00,331.00,64.20,174.70,1.0000,-1,-1
605,161,1049.00,355.00,30.80,71.30,0.9940,-1,-1
605,170,1682.00,222.00,216.90,652.70,1.0000,-1,-1
605,173,621.00,362.00,22.80,48.60,0.9930,-1,-1
605,178,1298.00,325.00,68.70,169.90,1.0000,-1,-1
605,179,657.00,353.00,25.50,49.00,0.9640,-1,-1
605,181,644.00,359.00,21.80,50.80,0.9940,-1,-1
605,182,66.00,336.00,45.00,118.40,0.9990,-1,-1
605,184,1090.00,358.00,22.70,58.90,0.9650,-1,-1
605,185,19.00,347.00,40.20,107.30,0.9970,-1,-1
605,186,1121.00,361.00,25.50,57.80,0.9480,-1,-1
605,187,672.00,351.00,23.40,48.30,0.9160,-1,-1
605,189,731.00,362.00,32.60,61.50,0.9780,-1,-1
606,117,838.00,344.00,60.30,160.40,1.0000,-1,-1
606,124,1150.00,342.00,59.80,142.20,1.0000,-1,-1
606,134,761.00,317.00,66.40,194.30,1.0000,-1,-1
606,161,1049.00,358.00,30.50,72.40,1.0000,-1,-1
606,170,1693.00,207.00,225.60,683.40,1.0000,-1,-1
606,173,616.00,358.00,26.70,57.80,0.9910,-1,-1
606,178,1299.00,341.00,76.90,167.90,1.0000,-1,-1
606,181,642.00,360.00,24.50,50.60,0.9960,-1,-1
606,182,65.00,347.00,46.40,113.60,0.9970,-1,-1
606,184,1090.00,360.00,22.90,59.90,0.9730,-1,-1
606,185,16.00,356.00,42.70,105.70,0.9940,-1,-1
606,186,1120.00,364.00,27.60,62.30,0.9700,-1,-1
606,187,667.00,354.00,22.20,48.20,0.9460,-1,-1
606,189,731.00,366.00,33.10,56.80,0.9540,-1,-1
607,117,839.00,348.00,55.70,152.50,1.0000,-1,-1
607,124,1153.00,339.00,55.30,143.90,1.0000,-1,-1
607,134,759.00,326.00,62.40,185.30,1.0000,-1,-1
607,161,1051.00,354.00,29.50,71.70,0.9980,-1,-1
607,170,1699.00,211.00,247.60,694.30,1.0000,-1,-1
607,173,618.00,359.00,27.40,52.60,0.9970,-1,-1
607,178,1313.00,333.00,63.10,163.40,1.0000,-1,-1
607,179,655.00,357.00,25.20,49.00,0.9460,-1,-1
607,181,641.00,363.00,25.00,53.70,0.9950,-1,-1
607,182,63.00,349.00,44.20,111.10,0.9980,-1,-1
607,184,1087.00,364.00,25.70,56.70,0.9260,-1,-1
607,185,18.00,353.00,43.10,109.50,0.9980,-1,-1
607,186,1125.00,365.00,24.90,54.70,0.9860,-1,-1
607,188,937.00,373.00,52.10,120.90,0.9630,-1,-1
607,189,735.00,364.00,30.40,57.20,0.9810,-1,-1
608,117,839.00,350.00,59.50,158.10,1.0000,-1,-1
608,124,1148.00,348.00,60.10,137.80,1.0000,-1,-1
608,134,764.00,328.00,63.10,183.40,1.0000,-1,-1
608,161,1052.00,354.00,33.20,75.90,1.0000,-1,-1
608,170,1735.00,244.00,222.10,637.20,0.9990,-1,-1
608,173,622.00,358.00,25.20,57.90,0.9980,-1,-1
608,178,1313.00,337.00,65.40,165.00,1.0000,-1,-1
608,181,642.00,364.00,23.30,50.00,0.9960,-1,-1
608,182,55.00,343.00,50.30,119.30,1.0000,-1,-1
608,184,1094.00,361.00,25.00,60.90,0.9390,-1,-1
608,185,3.00,354.00,51.40,107.20,0.9910,-1,-1
608,186,1125.00,365.00,25.70,60.00,0.9850,-1,-1
608,187,668.00,361.00,22.90,46.60,0.9770,-1,-1
608,188,938.00,372.00,49.10,123.40,0.9160,-1,-1
608,189,734.00,365.00,32.10,62.30,0.9870,-1,-1
609,117,841.00,345.00,58.30,157.20,1.0000,-1,-1
609,124,1150.00,342.00,69.00,145.40,1.0000,-1,-1
609,134,759.00,325.00,67.80,183.10,1.0000,-1,-1
609,161,1055.00,353.00,29.70,69.80,0.9990,-1,-1
609,170,1742.00,201.00,225.50,702.50,0.9990,-1,-1
609,173,621.00,358.00,24.60,58.80,0.9980,-1,-1
609,178,1319.00,333.00,68.90,173.20,1.0000,-1,-1
609,181,646.00,361.00,24.60,51.80,0.9960,-1,-1
609,182,53.00,344.00,46.70,123.10,0.9990,-1,-1
609,184,1090.00,359.00,28.90,62.00,0.9550,-1,-1
609,185,5.00,351.00,44.00,118.00,0.9840,-1,-1
609,186,1127.00,362.00,26.50,62.10,0.9920,-1,-1
609,187,672.00,350.00,24.00,54.20,0.9950,-1,-1
609,189,732.00,364.00,31.30,59.20,0.9930,-1,-1
610,117,843.00,345.00,60.00,168.00,0.9990,-1,-1
610,124,1153.00,340.00,56.00,151.00,1.0000,-1,-1
610,134,759.00,335.00,64.70,169.90,1.0000,-1,-1
610,161,1055.00,357.00,29.20,65.10,1.0000,-1,-1
610,170,1756.00,193.00,219.60,726.20,0.9930,-1,-1
610,173,620.00,359.00,26.00,52.80,0.9980,-1,-1
610,178,1317.00,335.00,75.40,166.70,1.0000,-1,-1
610,181,650.00,362.00,22.50,49.40,0.9960,-1,-1
610,182,50.00,345.00,46.70,117.00,1.0000,-1,-1
610,184,1094.00,355.00,24.10,62.20,0.9590,-1,-1
610,185,7.00,351.00,44.30,113.40,0.9970,-1,-1
610,186,1127.00,360.00,26.60,59.00,0.9880,-1,-1
610,187,673.00,352.00,22.10,51.30,0.9870,-1,-1
610,188,940.00,373.00,50.70,117.00,0.9370,-1,-1
610,189,737.00,363.00,31.20,61.30,0.9900,-1,-1
611,117,844.00,338.00,62.90,176.00,0.9980,-1,-1
611,124,1149.00,351.00,60.00,135.90,1.0000,-1,-1
611,134,760.00,329.00,66.90,173.90,1.0000,-1,-1
611,161,1054.00,354.00,27.70,66.40,1.0000,-1,-1
611,170,1778.00,203.00,186.30,708.20,0.9700,-1,-1
611,173,621.00,354.00,25.40,54.10,0.9990,-1,-1
611,178,1319.00,330.00,77.80,169.80,0.9990,-1,-1
611,181,649.00,363.00,21.20,47.20,0.9910,-1,-1
611,182,47.00,341.00,48.80,122.80,1.0000,-1,-1
611,184,1097.00,360.00,22.60,54.10,0.9750,-1,-1
611,185,0.00,356.00,49.50,106.70,0.9860,-1,-1
611,186,1127.00,359.00,25.40,61.80,0.9690,-1,-1
611,187,670.00,350.00,26.20,54.60,0.9860,-1,-1
611,189,735.00,361.00,30.30,57.90,0.9850,-1,-1
612,30,1762.00,174.00,235.30,736.60,0.9470,-1,-1
612,117,845.00,340.00,53.20,169.60,0.9990,-1,-1
612,124,1157.00,347.00,59.90,141.30,1.0000,-1,-1
612,134,758.00,329.00,71.10,173.40,1.0000,-1,-1
612,161,1054.00,355.00,33.90,63.30,0.9990,-1,-1
612,173,623.00,353.00,24.50,56.40,0.9990,-1,-1
612,178,1316.00,330.00,80.90,172.10,1.0000,-1,-1
612,181,646.00,359.00,24.90,54.20,0.9970,-1,-1
612,182,48.00,347.00,44.20,115.30,0.9990,-1,-1
612,184,1094.00,357.00,26.60,58.30,0.9690,-1,-1
612,185,1.00,349.00,50.90,117.40,0.9980,-1,-1
612,186,1132.00,360.00,28.90,64.40,0.9800,-1,-1
612,187,667.00,346.00,24.70,55.60,0.9910,-1,-1
612,189,739.00,361.00,31.90,61.80,0.9470,-1,-1
613,117,845.00,333.00,63.90,171.10,1.0000,-1,-1
613,124,1169.00,337.00,47.20,153.70,1.0000,-1,-1
613,134,770.00,333.00,61.30,172.80,1.0000,-1,-1
613,161,1063.00,351.00,29.90,71.90,1.0000,-1,-1
613,173,628.00,354.00,26.60,59.30,0.9990,-1,-1
613,178,1327.00,320.00,76.50,178.60,1.0000,-1,-1
613,179,653.00,365.00,22.50,49.10,0.9940,-1,-1
613,182,49.00,351.00,42.30,109.70,0.9980,-1,-1
613,184,1099.00,350.00,25.90,64.90,0.9550,-1,-1
613,185,-0.00,356.00,47.50,114.70,1.0000,-1,-1
613,186,1136.00,353.00,27.30,65.10,0.9700,-1,-1
613,187,675.00,352.00,21.80,47.40,0.9800,-1,-1
613,189,740.00,359.00,33.20,62.70,0.9890,-1,-1
614,117,854.00,342.00,61.20,161.60,1.0000,-1,-1
614,124,1169.00,337.00,58.30,152.10,1.0000,-1,-1
614,134,767.00,322.00,66.90,190.40,0.9980,-1,-1
614,161,1062.00,346.00,30.00,72.30,1.0000,-1,-1
614,173,629.00,358.00,25.40,51.70,0.9980,-1,-1
614,178,1337.00,321.00,77.00,171.10,1.0000,-1,-1
614,179,657.00,361.00,20.30,44.40,0.9910,-1,-1
614,182,47.00,348.00,45.30,120.20,1.0000,-1,-1
614,184,1104.00,354.00,23.20,59.60,0.9750,-1,-1
614,185,-1.00,354.00,52.80,119.00,0.9960,-1,-1
614,186,1138.00,354.00,28.50,69.80,0.9780,-1,-1
614,187,680.00,347.00,23.60,52.70,0.9890,-1,-1
614,189,745.00,362.00,33.80,64.10,0.9890,-1,-1
615,117,855.00,342.00,60.10,164.20,1.0000,-1,-1
615,124,1159.00,337.00,63.90,148.40,1.0000,-1,-1
615,134,768.00,329.00,64.00,176.40,0.9990,-1,-1
615,161,1067.00,350.00,29.70,70.00,1.0000,-1,-1
615,173,631.00,356.00,24.10,54.60,0.9990,-1,-1
615,178,1329.00,316.00,97.30,178.00,1.0000,-1,-1
615,179,656.00,359.00,21.50,48.60,0.9920,-1,-1
615,182,47.00,353.00,45.30,111.60,0.9990,-1,-1
615,184,1106.00,354.00,26.30,64.10,0.9260,-1,-1
615,185,-2.00,348.00,54.60,126.80,0.9970,-1,-1
615,186,1140.00,357.00,26.90,64.30,0.9930,-1,-1
615,187,679.00,354.00,21.30,48.70,0.9880,-1,-1
615,189,747.00,360.00,32.20,58.00,0.9910,-1,-1
616,117,854.00,341.00,56.80,159.30,0.9980,-1,-1
616,124,1172.00,334.00,58.00,142.70,0.9980,-1,-1
616,134,770.00,328.00,64.60,173.80,0.9990,-1,-1
616,161,1072.00,350.00,29.00,71.20,0.9990,-1,-1
616,173,638.00,354.00,25.00,59.90,0.9860,-1,-1
616,178,1348.00,321.00,74.90,176.80,0.9970,-1,-1
616,179,655.00,360.00,23.60,53.40,0.9810,-1,-1
616,182,47.00,349.00,44.80,112.40,1.0000,-1,-1
616,185,-1.00,351.00,42.20,112.90,0.9950,-1,-1
616,186,1148.00,357.00,27.40,62.40,0.9380,-1,-1
616,187,674.00,355.00,23.30,51.00,0.9310,-1,-1
616,189,751.00,360.00,33.60,60.10,0.9820,-1,-1
617,117,859.00,330.00,56.50,177.80,0.9990,-1,-1
617,124,1167.00,341.00,60.50,143.10,1.0000,-1,-1
617,134,774.00,319.00,59.50,186.90,1.0000,-1,-1
617,161,1070.00,350.00,31.20,70.90,1.0000,-1,-1
617,173,635.00,357.00,26.30,54.60,0.9960,-1,-1
617,178,1345.00,323.00,81.90,179.30,1.0000,-1,-1
617,179,659.00,357.00,25.00,58.40,0.9940,-1,-1
617,182,46.00,353.00,48.10,111.20,1.0000,-1,-1
617,184,1111.00,351.00,26.90,65.80,0.9410,-1,-1
617,185,-1.00,353.00,43.00,110.00,1.0000,-1,-1
617,186,1148.00,360.00,27.70,61.10,0.9810,-1,-1
617,187,682.00,348.00,24.40,51.80,0.9540,-1,-1
617,189,752.00,364.00,34.30,60.80,0.9960,-1,-1
618,117,866.00,339.00,63.40,166.60,1.0000,-1,-1
618,124,1178.00,331.00,61.60,149.50,0.9990,-1,-1
618,134,783.00,331.00,62.60,174.30,1.0000,-1,-1
618,161,1083.00,348.00,32.60,72.70,1.0000,-1,-1
618,178,1357.00,318.00,82.90,186.70,1.0000,-1,-1
618,179,671.00,360.00,23.90,56.20,0.9940,-1,-1
618,181,646.00,360.00,25.40,56.40,0.9960,-1,-1
618,182,52.00,345.00,47.20,125.30,0.9990,-1,-1
618,184,1125.00,348.00,24.80,65.50,0.9780,-1,-1
618,185,1.00,349.00,49.10,121.60,0.9970,-1,-1
618,186,1158.00,356.00,28.20,61.50,0.9670,-1,-1
618,187,694.00,352.00,22.40,47.80,0.9490,-1,-1
618,189,757.00,354.00,36.80,71.00,0.9890,-1,-1
619,117,862.00,330.00,66.60,172.00,1.0000,-1,-1
619,124,1182.00,339.00,51.40,137.90,1.0000,-1,-1
619,134,785.00,327.00,60.60,175.20,1.0000,-1,-1
619,161,1082.00,345.00,34.40,69.30,0.9990,-1,-1
619,178,1367.00,328.00,77.40,182.50,1.0000,-1,-1
619,179,674.00,359.00,25.10,54.60,0.9800,-1,-1
619,181,646.00,357.00,26.20,56.70,0.9900,-1,-1
619,182,51.00,354.00,47.20,122.20,0.9990,-1,-1
619,184,1126.00,347.00,27.10,69.80,0.9460,-1,-1
619,185,3.00,348.00,49.20,118.10,0.9980,-1,-1
619,186,1157.00,354.00,29.60,66.00,0.9950,-1,-1
619,187,697.00,357.00,24.00,45.70,0.9370,-1,-1
619,189,759.00,361.00,35.60,60.20,0.9970,-1,-1
620,117,872.00,343.00,61.50,167.00,0.9990,-1,-1
620,124,1181.00,343.00,61.90,137.10,1.0000,-1,-1
620,134,788.00,326.00,67.90,181.80,1.0000,-1,-1
620,161,1086.00,349.00,30.60,69.50,1.0000,-1,-1
620,178,1365.00,316.00,95.30,192.90,0.9990,-1,-1
620,179,675.00,361.00,24.00,54.90,0.9910,-1,-1
620,181,655.00,360.00,25.50,55.40,0.9970,-1,-1
620,182,50.00,350.00,55.50,121.10,0.9990,-1,-1
620,184,1126.00,347.00,27.60,70.30,0.9420,-1,-1
620,185,-1.00,348.00,47.00,122.60,0.9980,-1,-1
620,186,1166.00,360.00,27.80,61.00,0.9790,-1,-1
620,187,699.00,351.00,26.10,55.30,0.9920,-1,-1
620,189,762.00,363.00,32.40,58.20,0.9990,-1,-1
621,117,870.00,336.00,65.40,174.40,1.0000,-1,-1
621,124,1177.00,336.00,62.50,149.60,1.0000,-1,-1
621,134,795.00,325.00,63.50,182.40,1.0000,-1,-1
621,161,1091.00,347.00,33.20,76.00,0.9990,-1,-1
621,178,1365.00,319.00,85.70,186.30,0.9990,-1,-1
621,179,679.00,357.00,24.50,53.70,0.9920,-1,-1
621,181,651.00,360.00,26.90,54.60,0.9910,-1,-1
621,182,49.00,353.00,55.70,117.20,0.9990,-1,-1
621,184,1132.00,347.00,28.80,68.30,0.9760,-1,-1
621,185,-2.00,352.00,50.40,116.80,1.0000,-1,-1
621,187,696.00,361.00,23.40,46.30,0.9690,-1,-1
621,189,769.00,363.00,29.50,53.00,0.9910,-1,-1
622,117,874.00,343.00,63.30,162.60,1.0000,-1,-1
622,124,1194.00,336.00,49.80,141.30,1.0000,-1,-1
622,134,798.00,332.00,64.00,177.80,1.0000,-1,-1
622,161,1093.00,349.00,30.20,68.50,0.9990,-1,-1
622,178,1365.00,319.00,90.20,185.10,1.0000,-1,-1
622,179,682.00,364.00,25.90,50.00,0.9850,-1,-1
622,181,658.00,357.00,25.30,59.10,0.9990,-1,-1
622,182,54.00,353.00,41.60,118.20,1.0000,-1,-1
622,184,1132.00,350.00,26.00,69.10,0.9240,-1,-1
622,185,-3.00,354.00,52.80,124.50,0.9980,-1,-1
622,186,1163.00,356.00,29.70,65.60,0.9970,-1,-1
622,187,702.00,356.00,22.80,52.00,0.9320,-1,-1
622,189,768.00,362.00,31.00,57.60,0.9970,-1,-1
622,191,978.00,364.00,58.10,129.40,0.9280,-1,-1
623,117,871.00,339.00,64.60,167.10,1.0000,-1,-1
623,124,1193.00,336.00,58.20,148.20,0.9990,-1,-1
623,134,795.00,329.00,62.20,178.40,1.0000,-1,-1
623,161,1096.00,353.00,31.80,66.80,0.9990,-1,-1
623,178,1387.00,319.00,77.60,182.60,0.9990,-1,-1
623,179,685.00,361.00,22.60,47.60,0.9970,-1,-1
623,181,658.00,359.00,25.20,56.40,0.9990,-1,-1
623,182,51.00,345.00,51.90,125.80,0.9990,-1,-1
623,184,1134.00,347.00,26.60,69.20,0.9790,-1,-1
623,185,-1.00,363.00,41.70,114.60,1.0000,-1,-1
623,186,1170.00,352.00,29.00,71.60,0.9930,-1,-1
623,187,706.00,352.00,24.90,55.70,0.9680,-1,-1
623,189,770.00,361.00,29.80,57.50,0.9840,-1,-1
624,117,881.00,344.00,59.70,162.70,1.0000,-1,-1
624,124,1194.00,336.00,54.30,145.30,0.9990,-1,-1
624,134,801.00,332.00,62.90,177.60,1.0000,-1,-1
624,161,1103.00,345.00,31.50,73.20,1.0000,-1,-1
624,178,1402.00,311.00,77.00,199.00,1.0000,-1,-1
624,179,687.00,360.00,23.70,53.30,0.9920,-1,-1
624,181,663.00,356.00,24.60,57.90,0.9990,-1,-1
624,182,52.00,354.00,47.70,125.70,0.9990,-1,-1
624,184,1137.00,348.00,27.40,71.80,0.9910,-1,-1
624,185,-2.00,355.00,52.40,123.50,0.9910,-1,-1
624,186,1176.00,351.00,29.20,70.40,0.9980,-1,-1
624,187,710.00,354.00,24.70,53.00,0.9600,-1,-1
624,189,776.00,362.00,32.90,56.00,0.9910,-1,-1
624,191,990.00,364.00,49.10,122.40,0.9660,-1,-1
625,117,886.00,338.00,54.30,165.10,1.0000,-1,-1
625,124,1199.00,341.00,54.80,138.30,1.0000,-1,-1
625,134,801.00,332.00,66.20,173.20,1.0000,-1,-1
625,161,1102.00,349.00,31.30,70.30,0.9990,-1,-1
625,178,1394.00,319.00,87.80,186.70,0.9990,-1,-1
625,179,688.00,362.00,23.50,54.30,0.9980,-1,-1
625,181,666.00,361.00,24.60,55.90,0.9990,-1,-1
625,182,49.00,357.00,48.30,123.00,0.9990,-1,-1
625,184,1142.00,350.00,27.80,74.20,0.9920,-1,-1
625,185,-4.00,369.00,56.10,111.80,0.9920,-1,-1
625,186,1178.00,356.00,27.30,66.20,0.9980,-1,-1
625,187,709.00,358.00,23.70,50.50,0.9760,-1,-1
625,189,776.00,361.00,32.60,58.20,0.9840,-1,-1
626,117,882.00,339.00,60.70,169.50,1.0000,-1,-1
626,124,1201.00,339.00,55.90,141.40,1.0000,-1,-1
626,134,806.00,338.00,63.20,172.80,1.0000,-1,-1
626,161,1106.00,347.00,30.10,69.00,0.9990,-1,-1
626,178,1402.00,305.00,82.40,202.70,1.0000,-1,-1
626,179,691.00,364.00,23.00,52.10,0.9990,-1,-1
626,181,669.00,358.00,26.10,56.20,0.9980,-1,-1
626,182,50.00,359.00,44.60,116.80,1.0000,-1,-1
626,184,1146.00,346.00,28.10,70.40,0.9870,-1,-1
626,185,-1.00,360.00,43.10,114.00,0.9960,-1,-1
626,186,1181.00,351.00,27.60,70.70,0.9930,-1,-1
626,187,712.00,350.00,25.20,56.50,0.9960,-1,-1
626,189,779.00,364.00,32.10,57.30,0.9950,-1,-1
626,191,998.00,365.00,47.80,125.00,0.9000,-1,-1
627,117,886.00,347.00,57.40,162.50,1.0000,-1,-1
627,124,1201.00,337.00,53.10,137.30,0.9990,-1,-1
627,134,812.00,329.00,61.10,188.30,1.0000,-1,-1
627,161,1109.00,350.00,30.90,71.70,0.9970,-1,-1
627,178,1417.00,311.00,80.30,205.90,0.9990,-1,-1
627,179,693.00,366.00,20.90,49.20,0.9950,-1,-1
627,181,670.00,358.00,25.20,56.10,0.9990,-1,-1
627,182,48.00,358.00,53.70,115.20,1.0000,-1,-1
627,184,1145.00,351.00,28.10,69.80,0.9840,-1,-1
627,185,-3.00,370.00,42.10,110.50,0.9990,-1,-1
627,186,1184.00,354.00,27.90,71.10,0.9960,-1,-1
627,187,715.00,355.00,20.80,47.20,0.9870,-1,-1
627,189,783.00,362.00,32.20,62.80,0.9920,-1,-1
627,191,995.00,371.00,47.40,121.20,0.9830,-1,-1
628,117,884.00,338.00,60.20,173.60,1.0000,-1,-1
628,124,1197.00,340.00,55.50,137.00,0.9980,-1,-1
628,134,808.00,334.00,64.70,183.30,1.0000,-1,-1
628,161,1110.00,348.00,30.00,72.30,1.0000,-1,-1
628,178,1419.00,309.00,83.30,202.50,1.0000,-1,-1
628,179,697.00,367.00,20.90,49.60,0.9930,-1,-1
628,181,668.00,356.00,27.90,62.40,0.9980,-1,-1
628,182,48.00,360.00,48.30,117.20,1.0000,-1,-1
628,184,1148.00,348.00,27.10,69.40,0.9870,-1,-1
628,185,-3.00,368.00,45.90,112.10,0.9910,-1,-1
628,186,1180.00,353.00,30.80,69.60,0.9900,-1,-1
628,187,717.00,355.00,24.20,54.60,0.9780,-1,-1
628,189,784.00,361.00,33.60,60.60,0.9980,-1,-1
628,191,997.00,371.00,53.90,122.00,0.9550,-1,-1
629,117,886.00,340.00,62.50,171.70,1.0000,-1,-1
629,124,1209.00,342.00,52.40,147.40,0.9990,-1,-1
629,134,812.00,336.00,62.40,175.10,1.0000,-1,-1
629,161,1114.00,352.00,31.70,71.60,1.0000,-1,-1
629,178,1434.00,326.00,76.00,194.90,1.0000,-1,-1
629,179,697.00,367.00,22.20,50.00,0.9940,-1,-1
629,181,673.00,359.00,28.10,63.70,0.9970,-1,-1
629,182,42.00,365.00,53.80,115.70,1.0000,-1,-1
629,184,1154.00,348.00,30.40,79.60,0.9900,-1,-1
629,185,-3.00,370.00,30.00,112.60,0.9750,-1,-1
629,186,1189.00,350.00,29.90,72.70,0.9370,-1,-1
629,187,722.00,358.00,23.60,54.10,0.9720,-1,-1
629,189,786.00,365.00,32.60,65.60,0.9880,-1,-1
629,191,1002.00,374.00,47.80,124.50,0.9860,-1,-1
630,117,888.00,348.00,59.30,163.10,0.9990,-1,-1
630,124,1207.00,343.00,58.60,142.60,0.9980,-1,-1
630,134,813.00,335.00,66.90,184.80,0.9990,-1,-1
630,161,1113.00,358.00,29.00,65.80,1.0000,-1,-1
630,178,1433.00,322.00,82.30,196.60,1.0000,-1,-1
630,179,697.00,365.00,23.80,52.20,0.9890,-1,-1
630,181,672.00,361.00,25.90,59.00,0.9960,-1,-1
630,182,41.00,364.00,52.90,117.50,0.9990,-1,-1
630,184,1153.00,354.00,25.60,75.30,0.9080,-1,-1
630,186,1192.00,350.00,25.30,78.30,0.9400,-1,-1
630,187,719.00,360.00,23.60,52.30,0.9490,-1,-1
630,189,787.00,368.00,34.00,57.70,0.9770,-1,-1
631,117,887.00,351.00,59.30,162.50,1.0000,-1,-1
631,124,1209.00,352.00,56.30,130.50,0.9990,-1,-1
631,134,818.00,339.00,58.00,180.30,1.0000,-1,-1
631,161,1117.00,360.00,29.30,71.20,1.0000,-1,-1
631,178,1438.00,321.00,73.90,205.40,1.0000,-1,-1
631,179,701.00,369.00,22.90,55.20,0.9980,-1,-1
631,181,673.00,365.00,25.30,55.50,0.9990,-1,-1
631,182,41.00,365.00,46.30,121.10,0.9990,-1,-1
631,184,1159.00,356.00,28.30,75.30,0.9740,-1,-1
631,186,1191.00,364.00,27.70,63.90,0.9940,-1,-1
631,187,719.00,367.00,21.50,45.50,0.9900,-1,-1
631,189,785.00,372.00,34.00,57.80,0.9910,-1,-1
632,117,893.00,344.00,57.80,172.00,1.0000,-1,-1
632,124,1204.00,342.00,57.70,140.70,0.9990,-1,-1
632,134,815.00,331.00,60.50,187.10,0.9990,-1,-1
632,161,1115.00,360.00,32.70,71.30,0.9990,-1,-1
632,178,1455.00,321.00,69.10,213.00,1.0000,-1,-1
632,179,699.00,370.00,21.90,52.70,0.9910,-1,-1
632,181,679.00,368.00,24.40,56.50,0.9970,-1,-1
632,182,38.00,365.00,46.00,120.20,0.9990,-1,-1
632,184,1158.00,354.00,28.40,76.30,0.9740,-1,-1
632,185,-3.00,369.00,35.50,124.80,0.9880,-1,-1
632,187,719.00,359.00,25.70,59.10,0.9790,-1,-1
632,189,788.00,367.00,32.30,60.80,0.9770,-1,-1
632,191,1003.00,375.00,54.40,118.30,0.9780,-1,-1
633,117,896.00,352.00,58.90,155.80,1.0000,-1,-1
633,124,1204.00,341.00,62.70,149.20,0.9990,-1,-1
633,134,812.00,339.00,68.70,181.50,1.0000,-1,-1
633,161,1121.00,356.00,29.90,69.00,0.9990,-1,-1
633,178,1446.00,321.00,84.10,211.50,1.0000,-1,-1
633,179,699.00,367.00,24.10,54.40,0.9900,-1,-1
633,181,675.00,366.00,25.00,58.40,0.9980,-1,-1
633,182,34.00,365.00,51.40,119.60,0.9990,-1,-1
633,184,1158.00,355.00,27.40,71.90,0.9590,-1,-1
633,187,723.00,365.00,23.00,51.50,0.9710,-1,-1
633,189,792.00,369.00,33.20,60.90,0.9890,-1,-1
634,117,892.00,348.00,55.50,154.90,1.0000,-1,-1
634,124,1205.00,346.00,57.20,139.00,0.9990,-1,-1
634,134,819.00,325.00,57.40,181.50,1.0000,-1,-1
634,161,1121.00,354.00,30.30,68.20,0.9990,-1,-1
634,178,1451.00,311.00,87.70,221.30,1.0000,-1,-1
634,179,699.00,365.00,22.40,50.60,0.9970,-1,-1
634,181,680.00,360.00,25.30,58.50,0.9990,-1,-1
634,182,25.00,362.00,49.00,127.30,0.9980,-1,-1
634,184,1159.00,355.00,28.20,74.90,0.9950,-1,-1
634,187,719.00,363.00,23.70,49.10,0.9810,-1,-1
634,189,789.00,365.00,33.60,62.30,0.9880,-1,-1
635,117,895.00,354.00,56.60,150.90,1.0000,-1,-1
635,124,1206.00,341.00,59.00,148.30,0.9990,-1,-1
635,134,822.00,334.00,63.90,179.90,1.0000,-1,-1
635,161,1120.00,352.00,33.40,71.60,1.0000,-1,-1
635,178,1455.00,314.00,85.60,209.30,0.9980,-1,-1
635,179,696.00,362.00,26.60,57.00,0.9950,-1,-1
635,181,678.00,362.00,23.30,54.30,0.9930,-1,-1
635,182,12.00,349.00,52.00,130.60,0.9990,-1,-1
635,184,1159.00,352.00,26.90,74.90,0.9660,-1,-1
635,187,721.00,357.00,24.10,51.60,0.9500,-1,-1
635,189,791.00,362.00,37.20,62.80,0.9850,-1,-1
636,117,885.00,346.00,60.90,156.10,1.0000,-1,-1
636,124,1210.00,346.00,49.20,131.40,1.0000,-1,-1
636,134,817.00,329.00,63.50,180.80,1.0000,-1,-1
636,161,1121.00,349.00,28.80,69.30,1.0000,-1,-1
636,178,1453.00,317.00,86.10,207.50,1.0000,-1,-1
636,179,695.00,363.00,21.20,49.30,0.9950,-1,-1
636,181,669.00,357.00,26.40,58.00,0.9970,-1,-1
636,182,18.00,352.00,47.50,118.60,0.9970,-1,-1
636,184,1157.00,353.00,28.60,69.80,0.9850,-1,-1
636,187,716.00,350.00,25.20,58.80,0.9930,-1,-1
636,189,787.00,356.00,34.30,65.60,0.9860,-1,-1
636,191,997.00,367.00,51.40,121.80,0.9000,-1,-1
637,117,887.00,338.00,61.50,167.10,0.9990,-1,-1
637,124,1202.00,340.00,57.00,138.30,0.9990,-1,-1
637,134,818.00,326.00,65.60,176.90,1.0000,-1,-1
637,161,1116.00,344.00,34.40,77.70,1.0000,-1,-1
637,178,1454.00,311.00,91.00,208.60,0.9990,-1,-1
637,179,692.00,353.00,26.60,58.40,0.9930,-1,-1
637,181,670.00,353.00,26.30,57.80,0.9910,-1,-1
637,182,8.00,346.00,47.40,120.50,0.9950,-1,-1
637,184,1156.00,346.00,28.20,72.60,0.9770,-1,-1
637,187,712.00,351.00,26.80,53.00,0.9920,-1,-1
637,189,784.00,360.00,36.10,63.30,0.9930,-1,-1
638,117,893.00,337.00,52.50,158.40,1.0000,-1,-1
638,124,1199.00,331.00,57.50,147.90,1.0000,-1,-1
638,134,816.00,321.00,63.20,177.80,1.0000,-1,-1
638,161,1120.00,347.00,29.20,65.10,1.0000,-1,-1
638,178,1451.00,303.00,99.20,215.70,1.0000,-1,-1
638,179,695.00,357.00,22.50,52.50,0.9940,-1,-1
638,181,670.00,350.00,27.40,59.30,0.9990,-1,-1
638,182,2.00,353.00,52.70,114.40,0.9990,-1,-1
638,184,1156.00,342.00,30.20,75.20,0.9730,-1,-1
638,187,715.00,350.00,22.70,52.00,0.9930,-1,-1
638,189,787.00,352.00,34.30,61.80,0.9940,-1,-1
639,117,889.00,337.00,55.30,161.20,1.0000,-1,-1
639,124,1192.00,331.00,54.70,147.50,1.0000,-1,-1
639,134,808.00,321.00,62.70,178.20,1.0000,-1,-1
639,161,1113.00,338.00,31.20,74.80,0.9990,-1,-1
639,178,1446.00,301.00,97.50,210.50,1.0000,-1,-1
639,179,690.00,350.00,21.80,50.50,0.9940,-1,-1
639,181,668.00,347.00,25.00,58.60,0.9970,-1,-1
639,182,-7.00,339.00,49.60,130.50,0.9540,-1,-1
639,184,1152.00,340.00,27.90,72.90,0.9830,-1,-1
639,187,711.00,343.00,24.50,51.30,0.9620,-1,-1
639,189,783.00,352.00,32.70,61.50,0.9890,-1,-1
640,117,886.00,330.00,62.80,169.20,0.9990,-1,-1
640,124,1193.00,330.00,58.00,138.80,1.0000,-1,-1
640,134,808.00,325.00,61.80,172.80,1.0000,-1,-1
640,161,1116.00,340.00,32.90,76.90,0.9990,-1,-1
640,178,1453.00,303.00,115.20,223.00,1.0000,-1,-1
640,179,690.00,351.00,22.50,49.40,0.9970,-1,-1
640,181,669.00,347.00,24.60,58.10,0.9970,-1,-1
640,182,-8.00,345.00,46.60,126.20,0.9190,-1,-1
640,184,1153.00,342.00,27.20,72.80,0.9790,-1,-1
640,187,715.00,345.00,22.10,45.70,0.9890,-1,-1
640,189,785.00,351.00,32.80,66.60,0.9960,-1,-1
641,117,889.00,326.00,58.10,171.60,1.0000,-1,-1
641,124,1191.00,325.00,61.10,144.50,1.0000,-1,-1
641,134,808.00,323.00,62.80,175.20,1.0000,-1,-1
641,161,1114.00,340.00,31.60,72.00,1.0000,-1,-1
641,178,1464.00,301.00,111.50,222.50,1.0000,-1,-1
641,179,688.00,350.00,24.40,53.60,0.9940,-1,-1
641,181,665.00,344.00,27.10,56.40,0.9960,-1,-1
641,184,1158.00,337.00,25.90,70.90,0.9750,-1,-1
641,187,710.00,342.00,24.50,53.90,0.9930,-1,-1
641,189,786.00,352.00,32.80,63.70,0.9970,-1,-1
642,117,888.00,329.00,62.40,171.10,0.9990,-1,-1
642,124,1200.00,330.00,58.60,134.80,0.9990,-1,-1
642,134,803.00,315.00,59.60,179.70,0.9990,-1,-1
642,161,1117.00,342.00,31.80,70.90,0.9990,-1,-1
642,178,1477.00,313.00,99.10,215.60,1.0000,-1,-1
642,179,687.00,352.00,23.20,51.00,0.9970,-1,-1
642,181,666.00,348.00,26.20,57.80,0.9990,-1,-1
642,184,1160.00,339.00,29.20,76.20,0.9850,-1,-1
642,187,711.00,343.00,23.80,52.90,0.9920,-1,-1
642,189,784.00,349.00,33.90,66.40,0.9980,-1,-1
643,117,891.00,342.00,54.60,146.00,0.9990,-1,-1
643,124,1194.00,330.00,56.10,138.50,0.9980,-1,-1
643,134,804.00,320.00,67.00,182.40,0.9990,-1,-1
643,161,1120.00,344.00,29.50,64.60,0.9990,-1,-1
643,178,1463.00,293.00,118.80,231.60,1.0000,-1,-1
643,179,685.00,347.00,27.00,52.90,0.9850,-1,-1
643,181,667.00,349.00,27.20,57.80,0.9980,-1,-1
643,184,1158.00,342.00,27.00,67.30,0.9580,-1,-1
643,187,712.00,347.00,27.00,51.50,0.9500,-1,-1
643,189,782.00,352.00,39.20,65.80,0.9820,-1,-1
644,117,892.00,334.00,55.10,161.20,1.0000,-1,-1
644,124,1196.00,333.00,55.80,145.20,0.9990,-1,-1
644,134,808.00,318.00,65.10,177.30,1.0000,-1,-1
644,161,1120.00,341.00,31.30,74.10,1.0000,-1,-1
644,178,1483.00,303.00,107.90,241.40,1.0000,-1,-1
644,179,689.00,355.00,22.30,47.50,0.9860,-1,-1
644,181,671.00,348.00,26.00,59.70,0.9980,-1,-1
644,184,1162.00,342.00,26.40,68.90,0.9420,-1,-1
644,187,715.00,345.00,24.80,52.50,0.9780,-1,-1
644,189,783.00,352.00,34.60,62.20,0.9930,-1,-1
645,117,894.00,338.00,61.90,163.80,1.0000,-1,-1
645,124,1200.00,330.00,64.40,153.10,0.9990,-1,-1
645,134,819.00,317.00,65.50,180.10,0.9990,-1,-1
645,161,1127.00,349.00,28.00,66.90,1.0000,-1,-1
645,178,1485.00,310.00,107.10,222.00,1.0000,-1,-1
645,179,695.00,356.00,23.30,50.70,0.9980,-1,-1
645,181,678.00,350.00,24.90,57.50,0.9990,-1,-1
645,184,1164.00,347.00,27.50,73.30,0.9850,-1,-1
645,187,713.00,346.00,25.70,56.00,0.9940,-1,-1
645,189,790.00,352.00,36.30,64.60,0.9950,-1,-1
646,117,895.00,334.00,63.10,164.70,0.9980,-1,-1
646,124,1208.00,329.00,57.60,151.20,0.9940,-1,-1
646,134,813.00,324.00,71.40,172.80,1.0000,-1,-1
646,161,1129.00,345.00,29.10,69.10,0.9990,-1,-1
646,178,1505.00,293.00,102.40,246.50,1.0000,-1,-1
646,179,699.00,347.00,25.50,54.90,0.9900,-1,-1
646,181,673.00,348.00,27.30,57.30,0.9980,-1,-1
646,184,1167.00,341.00,26.40,75.20,0.9700,-1,-1
646,189,790.00,354.00,32.70,63.90,0.9960,-1,-1
646,192,1042.00,376.00,43.10,117.00,0.9290,-1,-1
647,117,902.00,334.00,59.10,165.80,1.0000,-1,-1
647,124,1204.00,339.00,61.40,136.10,0.9990,-1,-1
647,134,815.00,317.00,73.70,185.50,1.0000,-1,-1
647,161,1131.00,343.00,31.20,74.50,1.0000,-1,-1
647,178,1516.00,297.00,101.80,241.40,1.0000,-1,-1
647,179,702.00,351.00,25.00,58.90,0.9910,-1,-1
647,181,678.00,351.00,25.80,56.40,0.9990,-1,-1
647,184,1171.00,341.00,29.80,78.30,0.9820,-1,-1
647,187,718.00,347.00,24.10,52.80,0.9950,-1,-1
647,189,794.00,355.00,32.90,61.20,0.9970,-1,-1
648,117,908.00,336.00,62.50,163.70,1.0000,-1,-1
648,124,1216.00,332.00,56.30,145.20,1.0000,-1,-1
648,134,829.00,324.00,62.60,182.40,1.0000,-1,-1
648,161,1136.00,344.00,33.10,70.80,0.9990,-1,-1
648,178,1532.00,292.00,99.40,245.70,1.0000,-1,-1
648,179,704.00,356.00,22.70,51.30,0.9970,-1,-1
648,181,681.00,346.00,27.40,58.30,0.9990,-1,-1
648,184,1178.00,342.00,27.50,75.10,0.9620,-1,-1
648,187,722.00,350.00,24.30,49.50,0.9930,-1,-1
648,189,797.00,356.00,37.60,60.00,0.9960,-1,-1
649,117,913.00,336.00,59.30,157.90,1.0000,-1,-1
649,124,1221.00,335.00,58.50,130.00,0.9990,-1,-1
649,134,831.00,320.00,70.00,178.40,1.0000,-1,-1
649,161,1141.00,346.00,29.80,68.90,0.9990,-1,-1
649,178,1532.00,300.00,124.40,236.00,0.9990,-1,-1
649,179,706.00,348.00,30.20,60.10,0.9750,-1,-1
649,181,688.00,349.00,24.30,57.20,0.9980,-1,-1
649,184,1182.00,337.00,30.70,83.10,0.9590,-1,-1
649,187,727.00,341.00,27.90,59.20,0.9790,-1,-1
649,189,801.00,347.00,34.60,65.60,0.9960,-1,-1
650,117,917.00,338.00,58.00,156.20,1.0000,-1,-1
650,124,1218.00,334.00,60.00,134.20,0.9990,-1,-1
650,134,838.00,321.00,60.20,179.50,1.0000,-1,-1
650,161,1147.00,342.00,30.00,72.20,1.0000,-1,-1
650,178,1565.00,308.00,92.70,238.80,1.0000,-1,-1
650,179,713.00,347.00,26.40,55.50,0.9990,-1,-1
650,181,688.00,346.00,27.30,61.80,0.9990,-1,-1
650,184,1189.00,339.00,28.20,70.90,0.9640,-1,-1
650,187,730.00,342.00,23.50,50.90,0.9850,-1,-1
650,189,801.00,351.00,34.60,61.00,0.9900,-1,-1
651,117,911.00,334.00,63.00,166.60,1.0000,-1,-1
651,124,1230.00,335.00,52.00,131.00,0.9980,-1,-1
651,134,840.00,323.00,65.30,170.40,1.0000,-1,-1
651,161,1148.00,341.00,31.30,71.90,0.9990,-1,-1
651,178,1578.00,296.00,89.30,257.90,0.9990,-1,-1
651,179,718.00,345.00,25.60,56.40,0.9940,-1,-1
651,181,695.00,346.00,25.80,58.00,1.0000,-1,-1
651,184,1186.00,337.00,29.40,80.30,0.9820,-1,-1
651,187,733.00,344.00,23.40,52.20,0.9970,-1,-1
651,189,810.00,349.00,32.10,59.70,0.9870,-1,-1
652,117,917.00,331.00,63.70,164.40,1.0000,-1,-1
652,124,1228.00,331.00,59.80,138.90,0.9990,-1,-1
652,134,842.00,312.00,64.20,188.40,1.0000,-1,-1
652,161,1151.00,342.00,31.30,69.20,1.0000,-1,-1
652,178,1593.00,288.00,94.60,259.10,0.9990,-1,-1
652,179,719.00,346.00,25.40,51.90,0.9940,-1,-1
652,181,699.00,342.00,25.70,62.40,1.0000,-1,-1
652,184,1193.00,333.00,28.10,77.50,0.9270,-1,-1
652,187,735.00,337.00,25.70,55.80,0.9810,-1,-1
652,189,814.00,350.00,35.50,60.70,0.9930,-1,-1
653,117,927.00,334.00,59.60,160.20,1.0000,-1,-1
653,124,1230.00,332.00,55.90,132.70,1.0000,-1,-1
653,134,847.00,315.00,68.30,191.40,0.9990,-1,-1
653,161,1158.00,339.00,31.90,74.90,0.9990,-1,-1
653,178,1589.00,295.00,116.60,273.90,1.0000,-1,-1
653,179,722.00,343.00,24.50,53.10,0.9950,-1,-1
653,181,698.00,340.00,26.80,60.40,0.9990,-1,-1
653,184,1199.00,334.00,29.00,80.30,0.9850,-1,-1
653,187,742.00,339.00,23.80,47.70,0.9780,-1,-1
653,189,815.00,344.00,36.00,65.90,0.9940,-1,-1
654,117,931.00,329.00,58.30,158.90,0.9990,-1,-1
654,124,1238.00,327.00,55.50,151.40,0.9980,-1,-1
654,134,852.00,314.00,66.90,185.60,1.0000,-1,-1
654,161,1167.00,337.00,31.80,77.70,1.0000,-1,-1
654,178,1616.00,309.00,96.00,240.50,0.9990,-1,-1
654,179,729.00,347.00,21.20,47.10,0.9850,-1,-1
654,181,708.00,341.00,27.90,61.50,0.9950,-1,-1
654,184,1206.00,343.00,30.90,73.40,0.9850,-1,-1
654,187,743.00,336.00,28.70,56.10,0.9890,-1,-1
654,189,822.00,344.00,29.70,64.50,0.9830,-1,-1
