gt_id,frame,gap,kept,before,after,sequence,camera,after_is_new,causa
69,3,1,True,18,18,MOT17-02,parada,False,mantido
20,4,1,True,19,19,MOT17-02,parada,False,mantido
8,5,1,True,13,13,MOT17-02,parada,False,mantido
69,8,2,True,18,18,MOT17-02,parada,False,mantido
26,9,2,True,12,12,MOT17-02,parada,False,mantido
26,11,1,True,12,12,MOT17-02,parada,False,mantido
69,11,1,True,18,18,MOT17-02,parada,False,mantido
20,14,1,True,19,19,MOT17-02,parada,False,mantido
31,14,3,True,21,21,MOT17-02,parada,False,mantido
39,14,0,False,15,22,MOT17-02,parada,False,troca entre vizinhos (g = 0)
69,14,1,True,18,18,MOT17-02,parada,False,mantido
36,15,3,True,23,23,MOT17-02,parada,False,mantido
31,17,2,True,21,21,MOT17-02,parada,False,mantido
69,17,1,True,18,18,MOT17-02,parada,False,mantido
69,19,1,True,18,18,MOT17-02,parada,False,mantido
20,21,1,True,19,19,MOT17-02,parada,False,mantido
69,21,1,True,18,18,MOT17-02,parada,False,mantido
31,23,3,True,21,21,MOT17-02,parada,False,mantido
69,24,2,True,18,18,MOT17-02,parada,False,mantido
20,25,2,True,19,19,MOT17-02,parada,False,mantido
8,26,9,True,13,13,MOT17-02,parada,False,mantido
36,26,10,True,23,23,MOT17-02,parada,False,mantido
69,26,1,True,18,18,MOT17-02,parada,False,mantido
31,28,4,True,21,21,MOT17-02,parada,False,mantido
36,29,1,True,23,23,MOT17-02,parada,False,mantido
69,29,1,True,18,18,MOT17-02,parada,False,mantido
39,30,1,True,22,22,MOT17-02,parada,False,mantido
20,31,0,False,19,16,MOT17-02,parada,True,troca entre vizinhos (g = 0)
69,32,2,True,18,18,MOT17-02,parada,False,mantido
20,33,0,False,16,19,MOT17-02,parada,False,troca entre vizinhos (g = 0)
39,34,3,False,22,1,MOT17-02,parada,False,perdida no coasting (1 <= g <= 20)
20,35,1,True,19,19,MOT17-02,parada,False,mantido
68,35,1,True,27,27,MOT17-02,parada,False,mantido
69,37,1,True,18,18,MOT17-02,parada,False,mantido
27,40,1,True,29,29,MOT17-02,parada,False,mantido
20,41,2,True,19,19,MOT17-02,parada,False,mantido
27,43,2,True,29,29,MOT17-02,parada,False,mantido
20,44,2,True,19,19,MOT17-02,parada,False,mantido
2,46,0,False,3,13,MOT17-02,parada,False,troca entre vizinhos (g = 0)
57,47,1,True,30,30,MOT17-02,parada,False,mantido
27,49,4,True,29,29,MOT17-02,parada,False,mantido
15,51,17,True,1,1,MOT17-02,parada,False,mantido
20,52,1,True,19,19,MOT17-02,parada,False,mantido
27,53,3,True,29,29,MOT17-02,parada,False,mantido
39,53,2,False,1,31,MOT17-02,parada,True,perdida no coasting (1 <= g <= 20)
61,53,1,True,30,30,MOT17-02,parada,False,mantido
20,54,1,True,19,19,MOT17-02,parada,False,mantido
39,54,0,False,31,1,MOT17-02,parada,False,troca entre vizinhos (g = 0)
15,55,2,True,1,1,MOT17-02,parada,False,mantido
39,55,0,False,1,31,MOT17-02,parada,False,troca entre vizinhos (g = 0)
15,57,1,True,1,1,MOT17-02,parada,False,mantido
39,57,1,True,31,31,MOT17-02,parada,False,mantido
57,60,12,True,30,30,MOT17-02,parada,False,mantido
15,61,1,True,1,1,MOT17-02,parada,False,mantido
27,63,9,True,29,29,MOT17-02,parada,False,mantido
61,63,9,True,30,30,MOT17-02,parada,False,mantido
15,64,1,True,1,1,MOT17-02,parada,False,mantido
29,68,1,True,29,29,MOT17-02,parada,False,mantido
57,68,7,True,30,30,MOT17-02,parada,False,mantido
27,69,5,True,29,29,MOT17-02,parada,False,mantido
29,71,2,False,29,37,MOT17-02,parada,True,perdida no coasting (1 <= g <= 20)
57,71,1,True,30,30,MOT17-02,parada,False,mantido
36,73,2,True,23,23,MOT17-02,parada,False,mantido
27,78,1,True,29,29,MOT17-02,parada,False,mantido
39,79,3,True,31,31,MOT17-02,parada,False,mantido
69,81,9,True,18,18,MOT17-02,parada,False,mantido
29,82,1,True,37,37,MOT17-02,parada,False,mantido
69,85,1,True,18,18,MOT17-02,parada,False,mantido
69,87,1,True,18,18,MOT17-02,parada,False,mantido
69,89,1,True,18,18,MOT17-02,parada,False,mantido
29,90,1,True,37,37,MOT17-02,parada,False,mantido
61,90,23,True,30,30,MOT17-02,parada,False,mantido
69,91,1,True,18,18,MOT17-02,parada,False,mantido
36,92,14,True,23,23,MOT17-02,parada,False,mantido
69,93,1,True,18,18,MOT17-02,parada,False,mantido
39,95,14,False,31,38,MOT17-02,parada,True,perdida no coasting (1 <= g <= 20)
69,95,1,True,18,18,MOT17-02,parada,False,mantido
36,96,3,True,23,23,MOT17-02,parada,False,mantido
69,97,1,True,18,18,MOT17-02,parada,False,mantido
19,99,1,True,39,39,MOT17-02,parada,False,mantido
36,99,1,True,23,23,MOT17-02,parada,False,mantido
23,102,2,True,4,4,MOT17-02,parada,False,mantido
36,102,2,True,23,23,MOT17-02,parada,False,mantido
59,102,43,False,32,41,MOT17-02,parada,True,morta e renascida (g > 20)
69,102,2,True,18,18,MOT17-02,parada,False,mantido
23,104,1,True,4,4,MOT17-02,parada,False,mantido
69,104,1,True,18,18,MOT17-02,parada,False,mantido
40,105,2,True,40,40,MOT17-02,parada,False,mantido
23,108,3,True,4,4,MOT17-02,parada,False,mantido
19,109,1,True,39,39,MOT17-02,parada,False,mantido
40,109,3,True,40,40,MOT17-02,parada,False,mantido
69,109,2,True,18,18,MOT17-02,parada,False,mantido
15,115,1,True,1,1,MOT17-02,parada,False,mantido
69,115,5,True,18,18,MOT17-02,parada,False,mantido
69,117,1,True,18,18,MOT17-02,parada,False,mantido
59,118,15,True,41,41,MOT17-02,parada,False,mantido
70,119,62,False,1,44,MOT17-02,parada,False,morta e renascida (g > 20)
40,121,11,False,40,45,MOT17-02,parada,True,perdida no coasting (1 <= g <= 20)
69,121,2,True,18,18,MOT17-02,parada,False,mantido
59,122,3,True,41,41,MOT17-02,parada,False,mantido
40,123,1,True,45,45,MOT17-02,parada,False,mantido
69,123,1,True,18,18,MOT17-02,parada,False,mantido
15,124,1,True,1,1,MOT17-02,parada,False,mantido
70,124,4,True,44,44,MOT17-02,parada,False,mantido
40,125,1,True,45,45,MOT17-02,parada,False,mantido
62,125,3,True,43,43,MOT17-02,parada,False,mantido
69,125,1,True,18,18,MOT17-02,parada,False,mantido
59,126,3,True,41,41,MOT17-02,parada,False,mantido
68,128,92,False,27,47,MOT17-02,parada,False,morta e renascida (g > 20)
70,128,3,False,44,15,MOT17-02,parada,False,perdida no coasting (1 <= g <= 20)
15,130,2,True,1,1,MOT17-02,parada,False,mantido
59,130,1,True,41,41,MOT17-02,parada,False,mantido
15,132,1,True,1,1,MOT17-02,parada,False,mantido
39,132,20,False,38,10,MOT17-02,parada,False,perdida no coasting (1 <= g <= 20)
68,133,1,True,47,47,MOT17-02,parada,False,mantido
69,133,1,True,18,18,MOT17-02,parada,False,mantido
59,134,2,True,41,41,MOT17-02,parada,False,mantido
69,135,1,False,18,47,MOT17-02,parada,False,perdida no coasting (1 <= g <= 20)
31,136,103,False,21,49,MOT17-02,parada,True,morta e renascida (g > 20)
40,137,11,False,45,50,MOT17-02,parada,True,perdida no coasting (1 <= g <= 20)
69,137,0,False,47,18,MOT17-02,parada,False,troca entre vizinhos (g = 0)
68,139,5,True,47,47,MOT17-02,parada,False,mantido
15,141,2,True,1,1,MOT17-02,parada,False,mantido
29,141,1,True,37,37,MOT17-02,parada,False,mantido
69,141,1,True,18,18,MOT17-02,parada,False,mantido
68,142,2,True,47,47,MOT17-02,parada,False,mantido
17,143,11,True,10,10,MOT17-02,parada,False,mantido
39,144,1,False,10,54,MOT17-02,parada,True,perdida no coasting (1 <= g <= 20)
26,145,133,False,12,56,MOT17-02,parada,True,morta e renascida (g > 20)
29,145,1,True,37,37,MOT17-02,parada,False,mantido
69,145,2,True,18,18,MOT17-02,parada,False,mantido
17,146,1,True,10,10,MOT17-02,parada,False,mantido
68,149,6,True,47,47,MOT17-02,parada,False,mantido
69,149,1,True,18,18,MOT17-02,parada,False,mantido
17,150,3,True,10,10,MOT17-02,parada,False,mantido
36,151,48,False,23,55,MOT17-02,parada,False,morta e renascida (g > 20)
62,151,4,True,43,43,MOT17-02,parada,False,mantido
23,152,43,False,4,39,MOT17-02,parada,False,morta e renascida (g > 20)
58,152,1,True,51,51,MOT17-02,parada,False,mantido
19,153,1,False,39,58,MOT17-02,parada,True,perdida no coasting (1 <= g <= 20)
19,155,1,True,58,58,MOT17-02,parada,False,mantido
58,155,2,True,51,51,MOT17-02,parada,False,mantido
62,155,2,True,43,43,MOT17-02,parada,False,mantido
69,155,1,True,18,18,MOT17-02,parada,False,mantido
17,156,3,True,10,10,MOT17-02,parada,False,mantido
68,156,1,True,47,47,MOT17-02,parada,False,mantido
18,157,1,True,14,14,MOT17-02,parada,False,mantido
29,157,1,True,37,37,MOT17-02,parada,False,mantido
17,158,1,True,10,10,MOT17-02,parada,False,mantido
68,158,1,True,47,47,MOT17-02,parada,False,mantido
18,159,0,False,14,42,MOT17-02,parada,False,troca entre vizinhos (g = 0)
19,159,3,True,58,58,MOT17-02,parada,False,mantido
59,159,1,True,41,41,MOT17-02,parada,False,mantido
37,160,1,True,53,53,MOT17-02,parada,False,mantido
68,160,1,False,47,18,MOT17-02,parada,False,perdida no coasting (1 <= g <= 20)
58,162,6,True,51,51,MOT17-02,parada,False,mantido
68,162,0,False,18,47,MOT17-02,parada,False,troca entre vizinhos (g = 0)
69,162,3,True,18,18,MOT17-02,parada,False,mantido
10,163,1,True,8,8,MOT17-02,parada,False,mantido
37,163,1,True,53,53,MOT17-02,parada,False,mantido
68,163,0,False,47,18,MOT17-02,parada,False,troca entre vizinhos (g = 0)
29,164,1,True,37,37,MOT17-02,parada,False,mantido
69,164,1,True,18,18,MOT17-02,parada,False,mantido
19,165,1,True,58,58,MOT17-02,parada,False,mantido
58,165,2,True,51,51,MOT17-02,parada,False,mantido
68,165,1,True,18,18,MOT17-02,parada,False,mantido
68,166,0,False,18,47,MOT17-02,parada,False,troca entre vizinhos (g = 0)
69,166,1,True,18,18,MOT17-02,parada,False,mantido
17,167,2,True,10,10,MOT17-02,parada,False,mantido
69,167,0,False,18,47,MOT17-02,parada,False,troca entre vizinhos (g = 0)
37,168,4,True,53,53,MOT17-02,parada,False,mantido
68,168,1,True,47,47,MOT17-02,parada,False,mantido
18,169,3,False,42,14,MOT17-02,parada,False,perdida no coasting (1 <= g <= 20)
26,169,7,True,56,56,MOT17-02,parada,False,mantido
69,169,1,False,47,18,MOT17-02,parada,False,perdida no coasting (1 <= g <= 20)
28,170,1,False,56,64,MOT17-02,parada,True,perdida no coasting (1 <= g <= 20)
58,170,4,True,51,51,MOT17-02,parada,False,mantido
37,171,2,True,53,53,MOT17-02,parada,False,mantido
68,171,1,True,47,47,MOT17-02,parada,False,mantido
15,172,1,True,1,1,MOT17-02,parada,False,mantido
17,172,1,True,10,10,MOT17-02,parada,False,mantido
19,172,4,True,58,58,MOT17-02,parada,False,mantido
28,172,1,True,64,64,MOT17-02,parada,False,mantido
39,172,0,False,54,60,MOT17-02,parada,False,troca entre vizinhos (g = 0)
69,172,1,True,18,18,MOT17-02,parada,False,mantido
26,174,2,True,56,56,MOT17-02,parada,False,mantido
26,176,1,True,56,56,MOT17-02,parada,False,mantido
39,176,1,True,60,60,MOT17-02,parada,False,mantido
18,177,7,True,14,14,MOT17-02,parada,False,mantido
17,178,1,True,10,10,MOT17-02,parada,False,mantido
29,178,1,True,37,37,MOT17-02,parada,False,mantido
37,180,1,True,53,53,MOT17-02,parada,False,mantido
29,181,1,True,37,37,MOT17-02,parada,False,mantido
29,184,2,True,37,37,MOT17-02,parada,False,mantido
14,187,0,False,2,60,MOT17-02,parada,False,troca entre vizinhos (g = 0)
39,188,11,False,60,2,MOT17-02,parada,False,perdida no coasting (1 <= g <= 20)
14,189,1,True,60,60,MOT17-02,parada,False,mantido
29,189,2,False,37,67,MOT17-02,parada,False,perdida no coasting (1 <= g <= 20)
37,190,1,True,53,53,MOT17-02,parada,False,mantido
39,190,1,True,2,2,MOT17-02,parada,False,mantido
14,191,1,True,60,60,MOT17-02,parada,False,mantido
31,191,54,False,49,69,MOT17-02,parada,True,morta e renascida (g > 20)
14,192,0,False,60,54,MOT17-02,parada,False,troca entre vizinhos (g = 0)
39,192,1,True,2,2,MOT17-02,parada,False,mantido
29,200,2,True,67,67,MOT17-02,parada,False,mantido
29,202,1,True,67,67,MOT17-02,parada,False,mantido
67,202,41,False,14,72,MOT17-02,parada,True,morta e renascida (g > 20)
26,203,1,True,56,56,MOT17-02,parada,False,mantido
67,205,2,False,72,73,MOT17-02,parada,False,perdida no coasting (1 <= g <= 20)
26,206,1,True,56,56,MOT17-02,parada,False,mantido
29,207,1,True,67,67,MOT17-02,parada,False,mantido
67,207,1,False,73,75,MOT17-02,parada,True,perdida no coasting (1 <= g <= 20)
15,208,35,False,1,75,MOT17-02,parada,False,morta e renascida (g > 20)
58,208,37,False,51,76,MOT17-02,parada,True,morta e renascida (g > 20)
40,209,71,False,50,75,MOT17-02,parada,False,morta e renascida (g > 20)
15,210,1,False,75,73,MOT17-02,parada,False,perdida no coasting (1 <= g <= 20)
29,212,1,False,67,37,MOT17-02,parada,False,perdida no coasting (1 <= g <= 20)
41,213,1,False,78,77,MOT17-02,parada,False,perdida no coasting (1 <= g <= 20)
15,215,1,True,73,73,MOT17-02,parada,False,mantido
41,215,1,False,77,78,MOT17-02,parada,False,perdida no coasting (1 <= g <= 20)
15,217,1,True,73,73,MOT17-02,parada,False,mantido
43,217,77,False,51,80,MOT17-02,parada,True,morta e renascida (g > 20)
29,218,0,False,37,67,MOT17-02,parada,False,troca entre vizinhos (g = 0)
40,219,9,False,75,81,MOT17-02,parada,True,perdida no coasting (1 <= g <= 20)
29,220,1,True,67,67,MOT17-02,parada,False,mantido
41,220,3,True,78,78,MOT17-02,parada,False,mantido
57,220,148,False,30,80,MOT17-02,parada,False,morta e renascida (g > 20)
9,221,36,False,6,82,MOT17-02,parada,True,morta e renascida (g > 20)
40,221,1,True,81,81,MOT17-02,parada,False,mantido
59,221,1,True,41,41,MOT17-02,parada,False,mantido
19,222,49,False,58,39,MOT17-02,parada,False,morta e renascida (g > 20)
37,222,16,False,53,83,MOT17-02,parada,True,perdida no coasting (1 <= g <= 20)
43,222,4,True,80,80,MOT17-02,parada,False,mantido
9,223,1,True,82,82,MOT17-02,parada,False,mantido
29,223,2,False,67,37,MOT17-02,parada,False,perdida no coasting (1 <= g <= 20)
10,225,30,False,8,85,MOT17-02,parada,True,morta e renascida (g > 20)
40,227,4,True,81,81,MOT17-02,parada,False,mantido
9,228,1,True,82,82,MOT17-02,parada,False,mantido
41,228,1,True,78,78,MOT17-02,parada,False,mantido
17,229,24,False,10,86,MOT17-02,parada,True,morta e renascida (g > 20)
39,230,1,True,2,2,MOT17-02,parada,False,mantido
14,233,25,False,54,88,MOT17-02,parada,True,morta e renascida (g > 20)
29,233,8,True,37,37,MOT17-02,parada,False,mantido
68,233,61,False,47,89,MOT17-02,parada,True,morta e renascida (g > 20)
57,234,13,True,80,80,MOT17-02,parada,False,mantido
26,235,0,False,56,67,MOT17-02,parada,False,troca entre vizinhos (g = 0)
14,236,1,True,88,88,MOT17-02,parada,False,mantido
68,236,2,False,89,18,MOT17-02,parada,False,perdida no coasting (1 <= g <= 20)
69,237,1,True,18,18,MOT17-02,parada,False,mantido
26,238,0,False,67,56,MOT17-02,parada,False,troca entre vizinhos (g = 0)
17,239,1,True,86,86,MOT17-02,parada,False,mantido
61,239,148,False,30,76,MOT17-02,parada,False,morta e renascida (g > 20)
68,239,2,True,18,18,MOT17-02,parada,False,mantido
69,240,1,True,18,18,MOT17-02,parada,False,mantido
23,241,19,False,39,93,MOT17-02,parada,True,perdida no coasting (1 <= g <= 20)
17,242,1,True,86,86,MOT17-02,parada,False,mantido
31,242,50,False,69,92,MOT17-02,parada,False,morta e renascida (g > 20)
40,244,5,True,81,81,MOT17-02,parada,False,mantido
10,245,1,True,85,85,MOT17-02,parada,False,mantido
17,245,1,True,86,86,MOT17-02,parada,False,mantido
14,246,1,True,88,88,MOT17-02,parada,False,mantido
68,246,6,False,18,89,MOT17-02,parada,False,perdida no coasting (1 <= g <= 20)
58,247,8,False,76,95,MOT17-02,parada,True,perdida no coasting (1 <= g <= 20)
10,248,1,True,85,85,MOT17-02,parada,False,mantido
14,248,1,True,88,88,MOT17-02,parada,False,mantido
68,249,2,True,89,89,MOT17-02,parada,False,mantido
40,251,6,False,81,86,MOT17-02,parada,False,perdida no coasting (1 <= g <= 20)
43,251,17,False,80,96,MOT17-02,parada,True,perdida no coasting (1 <= g <= 20)
68,251,1,True,89,89,MOT17-02,parada,False,mantido
17,253,4,True,86,86,MOT17-02,parada,False,mantido
40,254,2,False,86,88,MOT17-02,parada,False,perdida no coasting (1 <= g <= 20)
68,254,1,True,89,89,MOT17-02,parada,False,mantido
69,254,0,False,18,94,MOT17-02,parada,False,troca entre vizinhos (g = 0)
17,255,1,True,86,86,MOT17-02,parada,False,mantido
57,255,1,True,80,80,MOT17-02,parada,False,mantido
14,256,3,True,88,88,MOT17-02,parada,False,mantido
58,256,8,True,95,95,MOT17-02,parada,False,mantido
43,257,1,True,96,96,MOT17-02,parada,False,mantido
57,258,2,True,80,80,MOT17-02,parada,False,mantido
69,260,0,False,94,18,MOT17-02,parada,False,troca entre vizinhos (g = 0)
31,261,17,False,92,98,MOT17-02,parada,True,perdida no coasting (1 <= g <= 20)
58,261,4,True,95,95,MOT17-02,parada,False,mantido
17,262,6,True,86,86,MOT17-02,parada,False,mantido
39,262,31,False,2,99,MOT17-02,parada,True,morta e renascida (g > 20)
68,262,2,False,89,18,MOT17-02,parada,False,perdida no coasting (1 <= g <= 20)
68,263,0,False,18,89,MOT17-02,parada,False,troca entre vizinhos (g = 0)
69,263,1,False,18,94,MOT17-02,parada,False,perdida no coasting (1 <= g <= 20)
58,264,2,True,95,95,MOT17-02,parada,False,mantido
60,264,6,True,80,80,MOT17-02,parada,False,mantido
61,264,3,True,76,76,MOT17-02,parada,False,mantido
68,264,0,False,89,18,MOT17-02,parada,False,troca entre vizinhos (g = 0)
17,265,2,True,86,86,MOT17-02,parada,False,mantido
57,265,1,False,80,76,MOT17-02,parada,False,perdida no coasting (1 <= g <= 20)
68,265,0,False,18,89,MOT17-02,parada,False,troca entre vizinhos (g = 0)
31,266,1,True,98,98,MOT17-02,parada,False,mantido
57,266,0,False,76,80,MOT17-02,parada,False,troca entre vizinhos (g = 0)
61,266,1,True,76,76,MOT17-02,parada,False,mantido
68,266,0,False,89,18,MOT17-02,parada,False,troca entre vizinhos (g = 0)
59,267,1,True,41,41,MOT17-02,parada,False,mantido
41,268,39,False,78,90,MOT17-02,parada,False,morta e renascida (g > 20)
60,268,2,True,80,80,MOT17-02,parada,False,mantido
31,269,1,True,98,98,MOT17-02,parada,False,mantido
59,269,1,True,41,41,MOT17-02,parada,False,mantido
68,269,1,True,18,18,MOT17-02,parada,False,mantido
31,271,1,True,98,98,MOT17-02,parada,False,mantido
68,271,1,True,18,18,MOT17-02,parada,False,mantido
29,272,38,False,37,98,MOT17-02,parada,False,morta e renascida (g > 20)
31,273,1,True,98,98,MOT17-02,parada,False,mantido
40,273,18,True,88,88,MOT17-02,parada,False,mantido
59,273,3,True,41,41,MOT17-02,parada,False,mantido
29,274,1,True,98,98,MOT17-02,parada,False,mantido
58,274,0,False,95,41,MOT17-02,parada,False,troca entre vizinhos (g = 0)
62,274,118,False,43,101,MOT17-02,parada,True,morta e renascida (g > 20)
31,275,1,True,98,98,MOT17-02,parada,False,mantido
40,275,0,False,88,86,MOT17-02,parada,False,troca entre vizinhos (g = 0)
40,277,1,False,86,88,MOT17-02,parada,False,perdida no coasting (1 <= g <= 20)
62,277,1,True,101,101,MOT17-02,parada,False,mantido
68,277,3,True,18,18,MOT17-02,parada,False,mantido
28,278,4,True,64,64,MOT17-02,parada,False,mantido
29,278,3,True,98,98,MOT17-02,parada,False,mantido
68,278,0,False,18,89,MOT17-02,parada,False,troca entre vizinhos (g = 0)
69,278,1,True,94,94,MOT17-02,parada,False,mantido
68,279,0,False,89,18,MOT17-02,parada,False,troca entre vizinhos (g = 0)
15,280,62,False,73,105,MOT17-02,parada,True,morta e renascida (g > 20)
28,280,1,True,64,64,MOT17-02,parada,False,mantido
31,280,2,True,98,98,MOT17-02,parada,False,mantido
26,281,0,False,56,9,MOT17-02,parada,True,troca entre vizinhos (g = 0)
29,281,2,True,98,98,MOT17-02,parada,False,mantido
31,281,0,False,98,56,MOT17-02,parada,False,troca entre vizinhos (g = 0)
18,283,105,False,14,105,MOT17-02,parada,False,morta e renascida (g > 20)
28,283,1,True,64,64,MOT17-02,parada,False,mantido
40,283,0,False,88,103,MOT17-02,parada,True,troca entre vizinhos (g = 0)
41,283,13,False,90,106,MOT17-02,parada,True,perdida no coasting (1 <= g <= 20)
62,283,1,True,101,101,MOT17-02,parada,False,mantido
17,284,17,True,86,86,MOT17-02,parada,False,mantido
29,284,2,True,98,98,MOT17-02,parada,False,mantido
31,285,1,True,56,56,MOT17-02,parada,False,mantido
62,285,1,True,101,101,MOT17-02,parada,False,mantido
18,286,2,True,105,105,MOT17-02,parada,False,mantido
41,286,2,True,106,106,MOT17-02,parada,False,mantido
29,287,1,True,98,98,MOT17-02,parada,False,mantido
31,287,1,True,56,56,MOT17-02,parada,False,mantido
62,287,1,True,101,101,MOT17-02,parada,False,mantido
68,287,1,False,18,89,MOT17-02,parada,False,perdida no coasting (1 <= g <= 20)
14,288,16,True,88,88,MOT17-02,parada,False,mantido
26,289,1,True,9,9,MOT17-02,parada,False,mantido
29,289,1,True,98,98,MOT17-02,parada,False,mantido
38,289,6,False,97,108,MOT17-02,parada,True,perdida no coasting (1 <= g <= 20)
17,290,3,True,86,86,MOT17-02,parada,False,mantido
31,290,1,True,56,56,MOT17-02,parada,False,mantido
18,291,3,True,105,105,MOT17-02,parada,False,mantido
62,291,2,True,101,101,MOT17-02,parada,False,mantido
68,291,2,True,89,89,MOT17-02,parada,False,mantido
31,292,1,True,56,56,MOT17-02,parada,False,mantido
67,292,84,False,75,109,MOT17-02,parada,True,morta e renascida (g > 20)
15,293,11,True,105,105,MOT17-02,parada,False,mantido
18,294,1,True,105,105,MOT17-02,parada,False,mantido
29,294,0,False,98,56,MOT17-02,parada,False,troca entre vizinhos (g = 0)
62,294,2,True,101,101,MOT17-02,parada,False,mantido
29,295,0,False,56,98,MOT17-02,parada,False,troca entre vizinhos (g = 0)
31,296,3,True,56,56,MOT17-02,parada,False,mantido
17,297,6,True,86,86,MOT17-02,parada,False,mantido
18,297,2,True,105,105,MOT17-02,parada,False,mantido
68,297,1,True,89,89,MOT17-02,parada,False,mantido
17,299,1,True,86,86,MOT17-02,parada,False,mantido
68,300,2,True,89,89,MOT17-02,parada,False,mantido
18,302,4,True,105,105,MOT17-02,parada,False,mantido
28,303,14,True,64,64,MOT17-02,parada,False,mantido
29,303,1,True,98,98,MOT17-02,parada,False,mantido
57,303,35,False,80,112,MOT17-02,parada,True,morta e renascida (g > 20)
18,304,1,True,105,105,MOT17-02,parada,False,mantido
31,304,1,True,56,56,MOT17-02,parada,False,mantido
41,305,17,False,106,113,MOT17-02,parada,True,perdida no coasting (1 <= g <= 20)
29,306,1,False,98,56,MOT17-02,parada,False,perdida no coasting (1 <= g <= 20)
62,306,1,True,101,101,MOT17-02,parada,False,mantido
68,306,4,True,89,89,MOT17-02,parada,False,mantido
41,307,1,True,113,113,MOT17-02,parada,False,mantido
18,308,2,True,105,105,MOT17-02,parada,False,mantido
39,308,11,False,99,115,MOT17-02,parada,True,perdida no coasting (1 <= g <= 20)
62,308,1,True,101,101,MOT17-02,parada,False,mantido
15,309,15,False,105,116,MOT17-02,parada,True,perdida no coasting (1 <= g <= 20)
29,310,0,False,56,98,MOT17-02,parada,False,troca entre vizinhos (g = 0)
67,310,17,False,109,111,MOT17-02,parada,False,perdida no coasting (1 <= g <= 20)
31,311,5,True,56,56,MOT17-02,parada,False,mantido
44,312,31,False,87,117,MOT17-02,parada,True,morta e renascida (g > 20)
18,313,2,True,105,105,MOT17-02,parada,False,mantido
29,314,3,True,98,98,MOT17-02,parada,False,mantido
67,314,3,True,111,111,MOT17-02,parada,False,mantido
40,315,10,True,103,103,MOT17-02,parada,False,mantido
18,316,1,True,105,105,MOT17-02,parada,False,mantido
20,316,0,False,19,120,MOT17-02,parada,True,troca entre vizinhos (g = 0)
28,316,12,False,64,98,MOT17-02,parada,False,perdida no coasting (1 <= g <= 20)
37,316,93,False,83,19,MOT17-02,parada,False,morta e renascida (g > 20)
18,318,1,True,105,105,MOT17-02,parada,False,mantido
29,318,3,False,98,56,MOT17-02,parada,False,perdida no coasting (1 <= g <= 20)
44,318,3,True,117,117,MOT17-02,parada,False,mantido
62,318,1,True,101,101,MOT17-02,parada,False,mantido
28,319,2,True,98,98,MOT17-02,parada,False,mantido
40,319,3,True,103,103,MOT17-02,parada,False,mantido
15,320,9,True,116,116,MOT17-02,parada,False,mantido
18,320,1,True,105,105,MOT17-02,parada,False,mantido
67,321,4,True,111,111,MOT17-02,parada,False,mantido
28,323,2,True,98,98,MOT17-02,parada,False,mantido
18,324,3,True,105,105,MOT17-02,parada,False,mantido
44,324,1,True,117,117,MOT17-02,parada,False,mantido
18,327,1,True,105,105,MOT17-02,parada,False,mantido
28,327,3,True,98,98,MOT17-02,parada,False,mantido
56,327,1,True,121,121,MOT17-02,parada,False,mantido
42,328,73,False,90,107,MOT17-02,parada,True,morta e renascida (g > 20)
17,329,29,False,86,122,MOT17-02,parada,False,morta e renascida (g > 20)
18,329,1,True,105,105,MOT17-02,parada,False,mantido
29,330,0,False,56,98,MOT17-02,parada,False,troca entre vizinhos (g = 0)
36,330,1,True,55,55,MOT17-02,parada,False,mantido
42,330,1,True,107,107,MOT17-02,parada,False,mantido
9,331,83,False,82,124,MOT17-02,parada,True,morta e renascida (g > 20)
31,331,13,True,56,56,MOT17-02,parada,False,mantido
40,333,13,False,103,125,MOT17-02,parada,True,perdida no coasting (1 <= g <= 20)
56,333,1,True,121,121,MOT17-02,parada,False,mantido
28,334,5,True,98,98,MOT17-02,parada,False,mantido
29,335,2,False,98,56,MOT17-02,parada,False,perdida no coasting (1 <= g <= 20)
36,335,2,True,55,55,MOT17-02,parada,False,mantido
40,335,1,True,125,125,MOT17-02,parada,False,mantido
56,335,1,True,121,121,MOT17-02,parada,False,mantido
9,337,5,True,124,124,MOT17-02,parada,False,mantido
56,337,1,True,121,121,MOT17-02,parada,False,mantido
40,338,2,True,125,125,MOT17-02,parada,False,mantido
26,340,2,True,9,9,MOT17-02,parada,False,mantido
29,340,1,True,56,56,MOT17-02,parada,False,mantido
17,343,13,True,122,122,MOT17-02,parada,False,mantido
9,345,6,True,124,124,MOT17-02,parada,False,mantido
29,345,3,True,56,56,MOT17-02,parada,False,mantido
40,345,3,True,125,125,MOT17-02,parada,False,mantido
17,346,2,True,122,122,MOT17-02,parada,False,mantido
9,348,2,True,124,124,MOT17-02,parada,False,mantido
56,348,4,True,121,121,MOT17-02,parada,False,mantido
42,351,17,False,107,127,MOT17-02,parada,True,perdida no coasting (1 <= g <= 20)
9,352,3,True,124,124,MOT17-02,parada,False,mantido
26,352,11,False,9,128,MOT17-02,parada,True,perdida no coasting (1 <= g <= 20)
29,352,5,True,56,56,MOT17-02,parada,False,mantido
56,352,2,True,121,121,MOT17-02,parada,False,mantido
44,354,29,False,117,131,MOT17-02,parada,True,morta e renascida (g > 20)
42,355,3,True,127,127,MOT17-02,parada,False,mantido
17,356,9,False,122,132,MOT17-02,parada,True,perdida no coasting (1 <= g <= 20)
31,356,21,True,56,56,MOT17-02,parada,False,mantido
44,356,1,True,131,131,MOT17-02,parada,False,mantido
38,357,30,False,108,133,MOT17-02,parada,True,morta e renascida (g > 20)
40,357,8,True,125,125,MOT17-02,parada,False,mantido
56,357,1,True,121,121,MOT17-02,parada,False,mantido
27,358,1,True,29,29,MOT17-02,parada,False,mantido
26,359,6,True,128,128,MOT17-02,parada,False,mantido
28,359,24,False,98,134,MOT17-02,parada,False,morta e renascida (g > 20)
38,359,1,True,133,133,MOT17-02,parada,False,mantido
42,359,2,True,127,127,MOT17-02,parada,False,mantido
17,361,4,True,132,132,MOT17-02,parada,False,mantido
33,361,1,True,126,126,MOT17-02,parada,False,mantido
42,361,1,True,127,127,MOT17-02,parada,False,mantido
15,362,41,False,116,135,MOT17-02,parada,True,morta e renascida (g > 20)
26,362,1,True,128,128,MOT17-02,parada,False,mantido
38,363,1,True,133,133,MOT17-02,parada,False,mantido
58,364,3,True,41,41,MOT17-02,parada,False,mantido
39,365,1,True,115,115,MOT17-02,parada,False,mantido
57,365,1,True,112,112,MOT17-02,parada,False,mantido
10,366,110,False,85,122,MOT17-02,parada,False,morta e renascida (g > 20)
27,367,7,True,29,29,MOT17-02,parada,False,mantido
58,367,2,True,41,41,MOT17-02,parada,False,mantido
39,368,2,True,115,115,MOT17-02,parada,False,mantido
41,368,60,False,113,135,MOT17-02,parada,False,morta e renascida (g > 20)
40,369,10,True,125,125,MOT17-02,parada,False,mantido
15,370,2,True,135,135,MOT17-02,parada,False,mantido
26,370,1,True,128,128,MOT17-02,parada,False,mantido
29,370,16,True,56,56,MOT17-02,parada,False,mantido
44,370,1,False,131,136,MOT17-02,parada,False,perdida no coasting (1 <= g <= 20)
57,370,1,True,112,112,MOT17-02,parada,False,mantido
39,371,2,True,115,115,MOT17-02,parada,False,mantido
26,372,1,True,128,128,MOT17-02,parada,False,mantido
40,372,1,True,125,125,MOT17-02,parada,False,mantido
76,372,1,True,132,132,MOT17-02,parada,False,mantido
15,375,2,True,135,135,MOT17-02,parada,False,mantido
26,375,2,True,128,128,MOT17-02,parada,False,mantido
27,375,7,True,29,29,MOT17-02,parada,False,mantido
28,375,15,True,134,134,MOT17-02,parada,False,mantido
40,376,2,True,125,125,MOT17-02,parada,False,mantido
44,376,1,True,136,136,MOT17-02,parada,False,mantido
15,377,1,True,135,135,MOT17-02,parada,False,mantido
29,377,0,False,56,134,MOT17-02,parada,False,troca entre vizinhos (g = 0)
31,377,20,True,56,56,MOT17-02,parada,False,mantido
33,378,2,True,126,126,MOT17-02,parada,False,mantido
15,379,1,True,135,135,MOT17-02,parada,False,mantido
33,380,1,True,126,126,MOT17-02,parada,False,mantido
38,381,14,False,133,140,MOT17-02,parada,True,perdida no coasting (1 <= g <= 20)
28,382,6,True,134,134,MOT17-02,parada,False,mantido
40,382,4,True,125,125,MOT17-02,parada,False,mantido
29,383,1,False,134,56,MOT17-02,parada,False,perdida no coasting (1 <= g <= 20)
49,385,1,True,141,141,MOT17-02,parada,False,mantido
76,385,10,True,132,132,MOT17-02,parada,False,mantido
27,387,1,True,29,29,MOT17-02,parada,False,mantido
76,387,1,True,132,132,MOT17-02,parada,False,mantido
18,388,58,False,105,144,MOT17-02,parada,True,morta e renascida (g > 20)
44,388,1,True,136,136,MOT17-02,parada,False,mantido
56,388,30,False,121,145,MOT17-02,parada,True,morta e renascida (g > 20)
26,389,9,True,128,128,MOT17-02,parada,False,mantido
27,389,1,True,29,29,MOT17-02,parada,False,mantido
62,389,30,False,101,142,MOT17-02,parada,False,morta e renascida (g > 20)
18,390,1,True,144,144,MOT17-02,parada,False,mantido
44,390,1,True,136,136,MOT17-02,parada,False,mantido
58,390,22,False,41,146,MOT17-02,parada,True,morta e renascida (g > 20)
27,391,1,True,29,29,MOT17-02,parada,False,mantido
42,393,30,False,127,139,MOT17-02,parada,False,morta e renascida (g > 20)
48,394,3,True,145,145,MOT17-02,parada,False,mantido
49,394,7,True,141,141,MOT17-02,parada,False,mantido
62,394,1,True,142,142,MOT17-02,parada,False,mantido
28,395,12,True,134,134,MOT17-02,parada,False,mantido
41,396,27,False,135,147,MOT17-02,parada,True,morta e renascida (g > 20)
38,397,0,False,140,143,MOT17-02,parada,False,troca entre vizinhos (g = 0)
62,397,1,True,142,142,MOT17-02,parada,False,mantido
44,398,4,True,136,136,MOT17-02,parada,False,mantido
61,398,95,False,76,148,MOT17-02,parada,True,morta e renascida (g > 20)
38,399,0,False,143,140,MOT17-02,parada,False,troca entre vizinhos (g = 0)
38,400,0,False,140,143,MOT17-02,parada,False,troca entre vizinhos (g = 0)
40,400,17,True,125,125,MOT17-02,parada,False,mantido
38,401,0,False,143,140,MOT17-02,parada,False,troca entre vizinhos (g = 0)
41,401,3,True,147,147,MOT17-02,parada,False,mantido
18,402,4,True,144,144,MOT17-02,parada,False,mantido
38,402,0,False,140,143,MOT17-02,parada,False,troca entre vizinhos (g = 0)
44,402,2,True,136,136,MOT17-02,parada,False,mantido
26,403,13,True,128,128,MOT17-02,parada,False,mantido
42,403,8,True,139,139,MOT17-02,parada,False,mantido
17,404,42,False,132,150,MOT17-02,parada,True,morta e renascida (g > 20)
18,404,1,True,144,144,MOT17-02,parada,False,mantido
40,404,3,True,125,125,MOT17-02,parada,False,mantido
15,407,26,False,135,151,MOT17-02,parada,True,morta e renascida (g > 20)
15,409,1,True,151,151,MOT17-02,parada,False,mantido
29,410,24,False,56,134,MOT17-02,parada,False,morta e renascida (g > 20)
40,411,6,True,125,125,MOT17-02,parada,False,mantido
41,412,0,False,147,152,MOT17-02,parada,True,troca entre vizinhos (g = 0)
18,414,0,False,144,147,MOT17-02,parada,False,troca entre vizinhos (g = 0)
18,415,0,False,147,144,MOT17-02,parada,False,troca entre vizinhos (g = 0)
29,415,1,True,134,134,MOT17-02,parada,False,mantido
40,415,2,True,125,125,MOT17-02,parada,False,mantido
41,415,1,True,152,152,MOT17-02,parada,False,mantido
26,416,1,True,128,128,MOT17-02,parada,False,mantido
41,416,0,False,152,147,MOT17-02,parada,False,troca entre vizinhos (g = 0)
29,418,1,True,134,134,MOT17-02,parada,False,mantido
26,419,2,True,128,128,MOT17-02,parada,False,mantido
3,420,191,False,5,156,MOT17-02,parada,True,morta e renascida (g > 20)
15,420,1,True,151,151,MOT17-02,parada,False,mantido
27,420,28,False,29,157,MOT17-02,parada,True,morta e renascida (g > 20)
41,420,0,False,147,152,MOT17-02,parada,False,troca entre vizinhos (g = 0)
42,420,1,True,139,139,MOT17-02,parada,False,mantido
41,421,0,False,152,147,MOT17-02,parada,False,troca entre vizinhos (g = 0)
27,422,1,True,157,157,MOT17-02,parada,False,mantido
41,422,0,False,147,152,MOT17-02,parada,False,troca entre vizinhos (g = 0)
41,424,0,False,152,144,MOT17-02,parada,False,troca entre vizinhos (g = 0)
15,425,1,True,151,151,MOT17-02,parada,False,mantido
42,425,1,True,139,139,MOT17-02,parada,False,mantido
42,426,0,False,139,152,MOT17-02,parada,False,troca entre vizinhos (g = 0)
49,426,31,False,141,158,MOT17-02,parada,True,morta e renascida (g > 20)
36,427,91,False,55,156,MOT17-02,parada,False,morta e renascida (g > 20)
42,427,0,False,152,139,MOT17-02,parada,False,troca entre vizinhos (g = 0)
67,427,104,False,111,160,MOT17-02,parada,True,morta e renascida (g > 20)
3,428,6,True,156,156,MOT17-02,parada,False,mantido
18,428,4,False,144,160,MOT17-02,parada,False,perdida no coasting (1 <= g <= 20)
41,428,0,False,144,147,MOT17-02,parada,False,troca entre vizinhos (g = 0)
15,429,1,True,151,151,MOT17-02,parada,False,mantido
23,429,9,True,93,93,MOT17-02,parada,False,mantido
41,430,1,False,147,144,MOT17-02,parada,False,perdida no coasting (1 <= g <= 20)
44,430,27,False,136,161,MOT17-02,parada,True,morta e renascida (g > 20)
49,430,3,True,158,158,MOT17-02,parada,False,mantido
67,430,2,False,160,162,MOT17-02,parada,True,perdida no coasting (1 <= g <= 20)
15,431,1,True,151,151,MOT17-02,parada,False,mantido
18,431,1,True,160,160,MOT17-02,parada,False,mantido
23,431,1,True,93,93,MOT17-02,parada,False,mantido
36,431,3,True,156,156,MOT17-02,parada,False,mantido
17,432,27,False,150,163,MOT17-02,parada,False,morta e renascida (g > 20)
26,432,12,True,128,128,MOT17-02,parada,False,mantido
49,433,1,True,158,158,MOT17-02,parada,False,mantido
17,434,1,True,163,163,MOT17-02,parada,False,mantido
9,435,82,False,124,163,MOT17-02,parada,False,morta e renascida (g > 20)
15,435,3,True,151,151,MOT17-02,parada,False,mantido
17,436,1,False,163,150,MOT17-02,parada,False,perdida no coasting (1 <= g <= 20)
23,436,1,True,93,93,MOT17-02,parada,False,mantido
41,436,0,False,144,160,MOT17-02,parada,False,troca entre vizinhos (g = 0)
19,437,1,True,39,39,MOT17-02,parada,False,mantido
28,437,41,True,134,134,MOT17-02,parada,False,mantido
42,437,0,False,139,147,MOT17-02,parada,False,troca entre vizinhos (g = 0)
42,438,0,False,147,139,MOT17-02,parada,False,troca entre vizinhos (g = 0)
76,438,50,False,132,163,MOT17-02,parada,False,morta e renascida (g > 20)
17,439,2,True,150,150,MOT17-02,parada,False,mantido
23,439,2,True,93,93,MOT17-02,parada,False,mantido
38,439,2,True,143,143,MOT17-02,parada,False,mantido
42,439,0,False,139,147,MOT17-02,parada,False,troca entre vizinhos (g = 0)
19,440,1,False,39,159,MOT17-02,parada,False,perdida no coasting (1 <= g <= 20)
28,440,1,True,134,134,MOT17-02,parada,False,mantido
41,440,0,False,160,144,MOT17-02,parada,False,troca entre vizinhos (g = 0)
36,441,8,True,156,156,MOT17-02,parada,False,mantido
48,441,46,False,145,172,MOT17-02,parada,True,morta e renascida (g > 20)
67,441,10,True,162,162,MOT17-02,parada,False,mantido
3,442,12,True,156,156,MOT17-02,parada,False,mantido
15,442,5,True,151,151,MOT17-02,parada,False,mantido
16,442,2,True,159,159,MOT17-02,parada,False,mantido
32,442,1,True,114,114,MOT17-02,parada,False,mantido
36,442,0,False,156,169,MOT17-02,parada,False,troca entre vizinhos (g = 0)
42,442,0,False,147,139,MOT17-02,parada,False,troca entre vizinhos (g = 0)
19,443,1,False,159,39,MOT17-02,parada,False,perdida no coasting (1 <= g <= 20)
38,443,2,True,143,143,MOT17-02,parada,False,mantido
48,443,1,False,172,171,MOT17-02,parada,False,perdida no coasting (1 <= g <= 20)
61,444,42,False,148,173,MOT17-02,parada,True,morta e renascida (g > 20)
16,446,1,True,159,159,MOT17-02,parada,False,mantido
76,446,7,True,163,163,MOT17-02,parada,False,mantido
17,447,7,True,150,150,MOT17-02,parada,False,mantido
23,447,6,True,93,93,MOT17-02,parada,False,mantido
18,448,16,False,160,144,MOT17-02,parada,False,perdida no coasting (1 <= g <= 20)
44,448,17,True,161,161,MOT17-02,parada,False,mantido
41,449,7,False,144,162,MOT17-02,parada,False,perdida no coasting (1 <= g <= 20)
18,450,0,False,144,160,MOT17-02,parada,False,troca entre vizinhos (g = 0)
18,452,1,True,160,160,MOT17-02,parada,False,mantido
32,453,9,True,114,114,MOT17-02,parada,False,mantido
16,454,1,True,159,159,MOT17-02,parada,False,mantido
18,454,0,False,160,144,MOT17-02,parada,False,troca entre vizinhos (g = 0)
42,455,12,False,139,160,MOT17-02,parada,False,perdida no coasting (1 <= g <= 20)
44,455,5,True,161,161,MOT17-02,parada,False,mantido
34,456,5,True,130,130,MOT17-02,parada,False,mantido
36,456,1,True,169,169,MOT17-02,parada,False,mantido
38,456,12,False,143,177,MOT17-02,parada,True,perdida no coasting (1 <= g <= 20)
76,456,9,True,163,163,MOT17-02,parada,False,mantido
17,457,6,False,150,168,MOT17-02,parada,False,perdida no coasting (1 <= g <= 20)
42,457,0,False,160,144,MOT17-02,parada,False,troca entre vizinhos (g = 0)
23,458,1,True,93,93,MOT17-02,parada,False,mantido
42,458,0,False,144,160,MOT17-02,parada,False,troca entre vizinhos (g = 0)
43,458,80,False,96,181,MOT17-02,parada,True,morta e renascida (g > 20)
35,459,4,True,138,138,MOT17-02,parada,False,mantido
41,459,2,True,162,162,MOT17-02,parada,False,mantido
76,459,1,True,163,163,MOT17-02,parada,False,mantido
10,460,93,False,122,179,MOT17-02,parada,False,morta e renascida (g > 20)
16,460,5,True,159,159,MOT17-02,parada,False,mantido
29,460,40,True,134,134,MOT17-02,parada,False,mantido
42,460,0,False,160,144,MOT17-02,parada,False,troca entre vizinhos (g = 0)
18,461,6,False,144,160,MOT17-02,parada,False,perdida no coasting (1 <= g <= 20)
56,461,72,False,145,183,MOT17-02,parada,True,morta e renascida (g > 20)
16,462,1,True,159,159,MOT17-02,parada,False,mantido
9,463,26,True,163,163,MOT17-02,parada,False,mantido
16,464,1,True,159,159,MOT17-02,parada,False,mantido
26,464,3,True,128,128,MOT17-02,parada,False,mantido
27,464,40,False,157,134,MOT17-02,parada,False,morta e renascida (g > 20)
67,464,22,False,162,144,MOT17-02,parada,False,morta e renascida (g > 20)
9,465,1,True,163,163,MOT17-02,parada,False,mantido
26,465,0,False,128,184,MOT17-02,parada,False,troca entre vizinhos (g = 0)
34,465,0,False,130,126,MOT17-02,parada,False,troca entre vizinhos (g = 0)
26,466,0,False,184,128,MOT17-02,parada,False,troca entre vizinhos (g = 0)
67,466,1,True,144,144,MOT17-02,parada,False,mantido
16,467,2,True,159,159,MOT17-02,parada,False,mantido
48,467,23,False,171,192,MOT17-02,parada,True,morta e renascida (g > 20)
54,467,2,True,188,188,MOT17-02,parada,False,mantido
9,469,3,True,163,163,MOT17-02,parada,False,mantido
54,469,1,True,188,188,MOT17-02,parada,False,mantido
57,469,98,False,112,193,MOT17-02,parada,True,morta e renascida (g > 20)
44,470,14,True,161,161,MOT17-02,parada,False,mantido
48,470,2,True,192,192,MOT17-02,parada,False,mantido
56,471,6,True,183,183,MOT17-02,parada,False,mantido
61,471,23,False,173,193,MOT17-02,parada,False,morta e renascida (g > 20)
44,472,1,True,161,161,MOT17-02,parada,False,mantido
16,473,4,True,159,159,MOT17-02,parada,False,mantido
48,473,0,False,192,198,MOT17-02,parada,False,troca entre vizinhos (g = 0)
29,474,13,True,134,134,MOT17-02,parada,False,mantido
48,474,0,False,198,192,MOT17-02,parada,False,troca entre vizinhos (g = 0)
33,475,25,False,126,114,MOT17-02,parada,False,morta e renascida (g > 20)
48,475,0,False,192,198,MOT17-02,parada,False,troca entre vizinhos (g = 0)
44,476,3,True,161,161,MOT17-02,parada,False,mantido
48,476,0,False,198,192,MOT17-02,parada,False,troca entre vizinhos (g = 0)
32,478,3,False,114,199,MOT17-02,parada,True,perdida no coasting (1 <= g <= 20)
44,478,1,True,161,161,MOT17-02,parada,False,mantido
26,479,1,True,128,128,MOT17-02,parada,False,mantido
38,479,14,True,177,177,MOT17-02,parada,False,mantido
48,479,0,False,192,198,MOT17-02,parada,False,troca entre vizinhos (g = 0)
18,480,0,False,160,139,MOT17-02,parada,False,troca entre vizinhos (g = 0)
32,480,1,True,199,199,MOT17-02,parada,False,mantido
18,481,0,False,139,160,MOT17-02,parada,False,troca entre vizinhos (g = 0)
27,481,8,True,134,134,MOT17-02,parada,False,mantido
41,481,21,False,162,200,MOT17-02,parada,True,morta e renascida (g > 20)
54,481,11,True,188,188,MOT17-02,parada,False,mantido
32,483,1,True,199,199,MOT17-02,parada,False,mantido
41,483,1,True,200,200,MOT17-02,parada,False,mantido
26,484,1,True,128,128,MOT17-02,parada,False,mantido
29,484,6,True,134,134,MOT17-02,parada,False,mantido
36,485,1,True,169,169,MOT17-02,parada,False,mantido
40,485,69,False,125,201,MOT17-02,parada,True,morta e renascida (g > 20)
29,487,1,True,134,134,MOT17-02,parada,False,mantido
40,487,1,True,201,201,MOT17-02,parada,False,mantido
18,488,1,True,160,160,MOT17-02,parada,False,mantido
26,488,3,True,128,128,MOT17-02,parada,False,mantido
42,488,26,False,144,200,MOT17-02,parada,False,morta e renascida (g > 20)
40,490,1,True,201,201,MOT17-02,parada,False,mantido
43,490,30,False,181,203,MOT17-02,parada,True,morta e renascida (g > 20)
48,490,0,False,198,192,MOT17-02,parada,False,troca entre vizinhos (g = 0)
41,491,4,False,200,204,MOT17-02,parada,True,perdida no coasting (1 <= g <= 20)
48,491,0,False,192,198,MOT17-02,parada,False,troca entre vizinhos (g = 0)
38,493,2,True,177,177,MOT17-02,parada,False,mantido
43,493,1,True,203,203,MOT17-02,parada,False,mantido
10,494,1,True,179,179,MOT17-02,parada,False,mantido
42,496,0,False,200,204,MOT17-02,parada,False,troca entre vizinhos (g = 0)
49,496,61,False,158,183,MOT17-02,parada,False,morta e renascida (g > 20)
9,497,1,True,163,163,MOT17-02,parada,False,mantido
42,500,3,True,204,204,MOT17-02,parada,False,mantido
3,501,58,False,156,207,MOT17-02,parada,True,morta e renascida (g > 20)
10,503,3,False,179,163,MOT17-02,parada,False,perdida no coasting (1 <= g <= 20)
42,505,2,True,204,204,MOT17-02,parada,False,mantido
61,505,1,True,193,193,MOT17-02,parada,False,mantido
32,509,25,False,199,209,MOT17-02,parada,True,morta e renascida (g > 20)
38,509,15,False,177,210,MOT17-02,parada,True,perdida no coasting (1 <= g <= 20)
32,512,2,True,209,209,MOT17-02,parada,False,mantido
61,514,5,True,193,193,MOT17-02,parada,False,mantido
41,515,21,False,204,163,MOT17-02,parada,False,morta e renascida (g > 20)
44,515,32,False,161,212,MOT17-02,parada,True,morta e renascida (g > 20)
44,517,1,True,212,212,MOT17-02,parada,False,mantido
41,518,1,True,163,163,MOT17-02,parada,False,mantido
9,519,16,True,163,163,MOT17-02,parada,False,mantido
61,519,4,True,193,193,MOT17-02,parada,False,mantido
64,519,2,True,211,211,MOT17-02,parada,False,mantido
41,521,2,True,163,163,MOT17-02,parada,False,mantido
42,522,16,False,204,163,MOT17-02,parada,False,perdida no coasting (1 <= g <= 20)
60,525,153,False,80,211,MOT17-02,parada,False,morta e renascida (g > 20)
56,528,32,True,183,183,MOT17-02,parada,False,mantido
49,529,1,True,183,183,MOT17-02,parada,False,mantido
3,530,23,False,207,213,MOT17-02,parada,True,morta e renascida (g > 20)
43,531,1,True,203,203,MOT17-02,parada,False,mantido
41,532,10,False,163,206,MOT17-02,parada,True,perdida no coasting (1 <= g <= 20)
60,533,5,True,211,211,MOT17-02,parada,False,mantido
3,535,1,True,213,213,MOT17-02,parada,False,mantido
41,539,6,False,206,201,MOT17-02,parada,False,perdida no coasting (1 <= g <= 20)
60,541,1,True,211,211,MOT17-02,parada,False,mantido
56,543,14,False,183,215,MOT17-02,parada,True,perdida no coasting (1 <= g <= 20)
60,546,2,True,211,211,MOT17-02,parada,False,mantido
79,546,1,True,216,216,MOT17-02,parada,False,mantido
56,548,4,True,215,215,MOT17-02,parada,False,mantido
33,550,3,True,114,114,MOT17-02,parada,False,mantido
54,550,1,True,188,188,MOT17-02,parada,False,mantido
55,550,2,True,218,218,MOT17-02,parada,False,mantido
10,551,38,False,163,219,MOT17-02,parada,True,morta e renascida (g > 20)
56,551,2,True,215,215,MOT17-02,parada,False,mantido
60,551,4,True,211,211,MOT17-02,parada,False,mantido
64,551,31,False,211,214,MOT17-02,parada,False,morta e renascida (g > 20)
34,552,1,True,126,126,MOT17-02,parada,False,mantido
54,552,1,True,188,188,MOT17-02,parada,False,mantido
10,553,1,True,219,219,MOT17-02,parada,False,mantido
34,553,0,False,126,114,MOT17-02,parada,False,troca entre vizinhos (g = 0)
54,554,1,True,188,188,MOT17-02,parada,False,mantido
56,554,2,True,215,215,MOT17-02,parada,False,mantido
34,555,0,False,114,126,MOT17-02,parada,False,troca entre vizinhos (g = 0)
60,555,1,True,211,211,MOT17-02,parada,False,mantido
3,556,1,True,213,213,MOT17-02,parada,False,mantido
10,556,1,True,219,219,MOT17-02,parada,False,mantido
34,556,0,False,126,114,MOT17-02,parada,False,troca entre vizinhos (g = 0)
34,557,0,False,114,126,MOT17-02,parada,False,troca entre vizinhos (g = 0)
43,557,25,False,203,220,MOT17-02,parada,True,morta e renascida (g > 20)
54,557,1,True,188,188,MOT17-02,parada,False,mantido
3,558,1,True,213,213,MOT17-02,parada,False,mantido
60,558,1,True,211,211,MOT17-02,parada,False,mantido
33,559,7,True,114,114,MOT17-02,parada,False,mantido
41,560,1,True,201,201,MOT17-02,parada,False,mantido
54,560,1,True,188,188,MOT17-02,parada,False,mantido
3,562,3,True,213,213,MOT17-02,parada,False,mantido
56,564,8,True,215,215,MOT17-02,parada,False,mantido
9,565,44,False,163,221,MOT17-02,parada,False,morta e renascida (g > 20)
41,565,2,True,201,201,MOT17-02,parada,False,mantido
60,566,3,True,211,211,MOT17-02,parada,False,mantido
34,571,12,False,126,114,MOT17-02,parada,False,perdida no coasting (1 <= g <= 20)
60,571,1,True,211,211,MOT17-02,parada,False,mantido
33,573,2,False,114,126,MOT17-02,parada,False,perdida no coasting (1 <= g <= 20)
60,574,2,True,211,211,MOT17-02,parada,False,mantido
56,575,10,True,215,215,MOT17-02,parada,False,mantido
60,576,1,True,211,211,MOT17-02,parada,False,mantido
9,579,13,True,221,221,MOT17-02,parada,False,mantido
56,580,1,True,215,215,MOT17-02,parada,False,mantido
33,581,1,True,126,126,MOT17-02,parada,False,mantido
56,584,1,True,215,215,MOT17-02,parada,False,mantido
60,584,1,True,211,211,MOT17-02,parada,False,mantido
56,586,1,True,215,215,MOT17-02,parada,False,mantido
60,586,1,True,211,211,MOT17-02,parada,False,mantido
56,589,2,True,215,215,MOT17-02,parada,False,mantido
60,589,2,True,211,211,MOT17-02,parada,False,mantido
17,590,97,False,168,225,MOT17-02,parada,True,morta e renascida (g > 20)
60,594,2,True,211,211,MOT17-02,parada,False,mantido
56,595,4,True,215,215,MOT17-02,parada,False,mantido
17,597,2,False,225,226,MOT17-02,parada,True,perdida no coasting (1 <= g <= 20)
56,597,1,True,215,215,MOT17-02,parada,False,mantido
60,597,1,True,211,211,MOT17-02,parada,False,mantido
72,2,1,True,35,35,MOT17-04,parada,False,mantido
71,4,1,True,31,31,MOT17-04,parada,False,mantido
72,4,1,True,35,35,MOT17-04,parada,False,mantido
73,5,1,True,34,34,MOT17-04,parada,False,mantido
78,6,1,True,33,33,MOT17-04,parada,False,mantido
83,7,1,True,32,32,MOT17-04,parada,False,mantido
91,11,1,True,16,16,MOT17-04,parada,False,mantido
83,12,1,True,32,32,MOT17-04,parada,False,mantido
67,13,1,True,4,4,MOT17-04,parada,False,mantido
68,13,1,True,26,26,MOT17-04,parada,False,mantido
71,13,1,True,31,31,MOT17-04,parada,False,mantido
72,13,1,True,35,35,MOT17-04,parada,False,mantido
69,14,1,True,22,22,MOT17-04,parada,False,mantido
67,16,1,True,4,4,MOT17-04,parada,False,mantido
68,16,1,True,26,26,MOT17-04,parada,False,mantido
66,17,1,True,13,13,MOT17-04,parada,False,mantido
69,18,1,True,22,22,MOT17-04,parada,False,mantido
78,19,1,True,33,33,MOT17-04,parada,False,mantido
83,19,1,True,32,32,MOT17-04,parada,False,mantido
83,21,1,True,32,32,MOT17-04,parada,False,mantido
67,24,7,True,4,4,MOT17-04,parada,False,mantido
67,26,1,True,4,4,MOT17-04,parada,False,mantido
91,27,3,True,16,16,MOT17-04,parada,False,mantido
78,29,7,True,33,33,MOT17-04,parada,False,mantido
91,29,1,True,16,16,MOT17-04,parada,False,mantido
83,31,9,False,32,21,MOT17-04,parada,False,perdida no coasting (1 <= g <= 20)
78,34,1,True,33,33,MOT17-04,parada,False,mantido
78,37,2,True,33,33,MOT17-04,parada,False,mantido
78,40,2,True,33,33,MOT17-04,parada,False,mantido
89,46,43,False,36,8,MOT17-04,parada,False,morta e renascida (g > 20)
78,47,1,True,33,33,MOT17-04,parada,False,mantido
85,47,1,False,8,39,MOT17-04,parada,True,perdida no coasting (1 <= g <= 20)
71,53,14,True,31,31,MOT17-04,parada,False,mantido
89,53,1,True,8,8,MOT17-04,parada,False,mantido
84,55,2,True,27,27,MOT17-04,parada,False,mantido
89,56,1,True,8,8,MOT17-04,parada,False,mantido
91,57,27,False,16,18,MOT17-04,parada,False,morta e renascida (g > 20)
61,60,1,True,6,6,MOT17-04,parada,False,mantido
63,60,2,True,7,7,MOT17-04,parada,False,mantido
88,62,5,True,18,18,MOT17-04,parada,False,mantido
66,63,10,False,13,30,MOT17-04,parada,False,perdida no coasting (1 <= g <= 20)
70,63,0,False,30,40,MOT17-04,parada,True,troca entre vizinhos (g = 0)
78,63,2,True,33,33,MOT17-04,parada,False,mantido
60,78,10,True,5,5,MOT17-04,parada,False,mantido
91,79,17,False,18,42,MOT17-04,parada,True,perdida no coasting (1 <= g <= 20)
91,81,1,True,42,42,MOT17-04,parada,False,mantido
78,83,1,True,33,33,MOT17-04,parada,False,mantido
91,84,1,True,42,42,MOT17-04,parada,False,mantido
74,86,1,True,24,24,MOT17-04,parada,False,mantido
91,87,1,True,42,42,MOT17-04,parada,False,mantido
91,98,1,True,42,42,MOT17-04,parada,False,mantido
69,101,82,False,22,26,MOT17-04,parada,False,morta e renascida (g > 20)
70,103,1,True,40,40,MOT17-04,parada,False,mantido
60,107,4,True,5,5,MOT17-04,parada,False,mantido
91,107,7,True,42,42,MOT17-04,parada,False,mantido
68,108,7,True,26,26,MOT17-04,parada,False,mantido
69,110,2,False,26,43,MOT17-04,parada,True,perdida no coasting (1 <= g <= 20)
60,111,3,True,5,5,MOT17-04,parada,False,mantido
69,112,1,True,43,43,MOT17-04,parada,False,mantido
70,112,1,True,40,40,MOT17-04,parada,False,mantido
60,113,1,True,5,5,MOT17-04,parada,False,mantido
68,113,0,False,26,43,MOT17-04,parada,False,troca entre vizinhos (g = 0)
69,114,1,True,43,43,MOT17-04,parada,False,mantido
68,116,2,False,43,44,MOT17-04,parada,True,perdida no coasting (1 <= g <= 20)
60,117,1,True,5,5,MOT17-04,parada,False,mantido
69,118,1,False,43,44,MOT17-04,parada,False,perdida no coasting (1 <= g <= 20)
70,119,2,True,40,40,MOT17-04,parada,False,mantido
66,120,1,True,30,30,MOT17-04,parada,False,mantido
60,121,2,True,5,5,MOT17-04,parada,False,mantido
69,121,0,False,44,43,MOT17-04,parada,False,troca entre vizinhos (g = 0)
70,122,1,True,40,40,MOT17-04,parada,False,mantido
78,122,3,True,33,33,MOT17-04,parada,False,mantido
69,123,0,False,43,44,MOT17-04,parada,False,troca entre vizinhos (g = 0)
82,124,93,False,21,45,MOT17-04,parada,True,morta e renascida (g > 20)
60,125,2,True,5,5,MOT17-04,parada,False,mantido
66,125,1,True,30,30,MOT17-04,parada,False,mantido
69,125,0,False,44,43,MOT17-04,parada,False,troca entre vizinhos (g = 0)
82,126,1,True,45,45,MOT17-04,parada,False,mantido
68,127,9,True,44,44,MOT17-04,parada,False,mantido
69,128,1,True,43,43,MOT17-04,parada,False,mantido
68,129,1,True,44,44,MOT17-04,parada,False,mantido
69,130,1,True,43,43,MOT17-04,parada,False,mantido
96,131,128,False,37,46,MOT17-04,parada,True,morta e renascida (g > 20)
68,132,2,True,44,44,MOT17-04,parada,False,mantido
80,133,11,False,38,47,MOT17-04,parada,True,perdida no coasting (1 <= g <= 20)
82,133,2,True,45,45,MOT17-04,parada,False,mantido
96,133,1,True,46,46,MOT17-04,parada,False,mantido
69,134,2,True,43,43,MOT17-04,parada,False,mantido
68,135,1,True,44,44,MOT17-04,parada,False,mantido
65,136,1,True,19,19,MOT17-04,parada,False,mantido
69,137,2,True,43,43,MOT17-04,parada,False,mantido
78,137,1,True,33,33,MOT17-04,parada,False,mantido
65,138,1,True,19,19,MOT17-04,parada,False,mantido
65,140,1,True,19,19,MOT17-04,parada,False,mantido
69,142,0,False,43,44,MOT17-04,parada,False,troca entre vizinhos (g = 0)
91,142,32,False,42,49,MOT17-04,parada,True,morta e renascida (g > 20)
63,143,3,False,7,19,MOT17-04,parada,False,perdida no coasting (1 <= g <= 20)
96,143,4,True,46,46,MOT17-04,parada,False,mantido
68,144,7,False,44,43,MOT17-04,parada,False,perdida no coasting (1 <= g <= 20)
69,145,1,True,44,44,MOT17-04,parada,False,mantido
68,146,1,True,43,43,MOT17-04,parada,False,mantido
91,146,3,True,49,49,MOT17-04,parada,False,mantido
63,147,0,False,19,7,MOT17-04,parada,False,troca entre vizinhos (g = 0)
65,147,4,True,19,19,MOT17-04,parada,False,mantido
84,147,1,True,27,27,MOT17-04,parada,False,mantido
88,147,1,True,18,18,MOT17-04,parada,False,mantido
96,148,1,True,46,46,MOT17-04,parada,False,mantido
65,149,1,True,19,19,MOT17-04,parada,False,mantido
69,149,3,True,44,44,MOT17-04,parada,False,mantido
84,149,1,True,27,27,MOT17-04,parada,False,mantido
63,152,1,True,7,7,MOT17-04,parada,False,mantido
84,152,1,True,27,27,MOT17-04,parada,False,mantido
84,154,1,True,27,27,MOT17-04,parada,False,mantido
84,156,1,True,27,27,MOT17-04,parada,False,mantido
91,156,9,True,49,49,MOT17-04,parada,False,mantido
88,157,1,True,18,18,MOT17-04,parada,False,mantido
84,159,2,True,27,27,MOT17-04,parada,False,mantido
88,161,0,False,18,49,MOT17-04,parada,False,troca entre vizinhos (g = 0)
88,163,0,False,49,18,MOT17-04,parada,False,troca entre vizinhos (g = 0)
98,163,1,True,51,51,MOT17-04,parada,False,mantido
118,166,1,True,50,50,MOT17-04,parada,False,mantido
91,167,10,True,49,49,MOT17-04,parada,False,mantido
78,168,2,True,33,33,MOT17-04,parada,False,mantido
98,170,1,True,51,51,MOT17-04,parada,False,mantido
91,173,5,True,49,49,MOT17-04,parada,False,mantido
68,176,26,False,43,53,MOT17-04,parada,True,morta e renascida (g > 20)
78,176,3,True,33,33,MOT17-04,parada,False,mantido
91,177,2,True,49,49,MOT17-04,parada,False,mantido
69,179,2,True,44,44,MOT17-04,parada,False,mantido
78,179,2,True,33,33,MOT17-04,parada,False,mantido
91,179,1,True,49,49,MOT17-04,parada,False,mantido
69,181,1,True,44,44,MOT17-04,parada,False,mantido
78,181,1,True,33,33,MOT17-04,parada,False,mantido
85,182,6,True,39,39,MOT17-04,parada,False,mantido
68,183,2,True,53,53,MOT17-04,parada,False,mantido
78,183,1,True,33,33,MOT17-04,parada,False,mantido
91,183,1,True,49,49,MOT17-04,parada,False,mantido
69,184,1,True,44,44,MOT17-04,parada,False,mantido
68,186,2,True,53,53,MOT17-04,parada,False,mantido
85,186,3,True,39,39,MOT17-04,parada,False,mantido
91,186,1,True,49,49,MOT17-04,parada,False,mantido
85,188,1,True,39,39,MOT17-04,parada,False,mantido
91,189,1,True,49,49,MOT17-04,parada,False,mantido
69,190,1,True,44,44,MOT17-04,parada,False,mantido
84,191,1,True,27,27,MOT17-04,parada,False,mantido
86,192,1,True,28,28,MOT17-04,parada,False,mantido
118,192,1,True,50,50,MOT17-04,parada,False,mantido
91,193,1,True,49,49,MOT17-04,parada,False,mantido
86,194,1,True,28,28,MOT17-04,parada,False,mantido
85,195,5,True,39,39,MOT17-04,parada,False,mantido
68,197,4,True,53,53,MOT17-04,parada,False,mantido
86,197,2,True,28,28,MOT17-04,parada,False,mantido
89,197,12,True,8,8,MOT17-04,parada,False,mantido
91,197,2,True,49,49,MOT17-04,parada,False,mantido
84,198,6,True,27,27,MOT17-04,parada,False,mantido
85,198,2,True,39,39,MOT17-04,parada,False,mantido
68,199,1,True,53,53,MOT17-04,parada,False,mantido
69,200,1,True,44,44,MOT17-04,parada,False,mantido
86,200,1,True,28,28,MOT17-04,parada,False,mantido
89,200,1,True,8,8,MOT17-04,parada,False,mantido
68,201,1,True,53,53,MOT17-04,parada,False,mantido
84,201,1,True,27,27,MOT17-04,parada,False,mantido
75,202,10,False,23,54,MOT17-04,parada,True,perdida no coasting (1 <= g <= 20)
3,207,4,True,2,2,MOT17-04,parada,False,mantido
68,207,3,True,53,53,MOT17-04,parada,False,mantido
91,207,9,True,49,49,MOT17-04,parada,False,mantido
3,210,2,True,2,2,MOT17-04,parada,False,mantido
91,213,4,True,49,49,MOT17-04,parada,False,mantido
68,214,5,True,53,53,MOT17-04,parada,False,mantido
69,215,1,True,44,44,MOT17-04,parada,False,mantido
88,216,1,False,18,49,MOT17-04,parada,False,perdida no coasting (1 <= g <= 20)
68,217,2,True,53,53,MOT17-04,parada,False,mantido
88,217,0,False,49,18,MOT17-04,parada,False,troca entre vizinhos (g = 0)
91,217,1,True,49,49,MOT17-04,parada,False,mantido
68,218,0,False,53,44,MOT17-04,parada,False,troca entre vizinhos (g = 0)
87,219,1,True,25,25,MOT17-04,parada,False,mantido
91,223,1,True,49,49,MOT17-04,parada,False,mantido
87,225,1,True,25,25,MOT17-04,parada,False,mantido
3,226,2,True,2,2,MOT17-04,parada,False,mantido
69,227,10,False,44,53,MOT17-04,parada,False,perdida no coasting (1 <= g <= 20)
87,228,1,True,25,25,MOT17-04,parada,False,mantido
3,229,2,True,2,2,MOT17-04,parada,False,mantido
69,229,1,True,53,53,MOT17-04,parada,False,mantido
87,230,1,True,25,25,MOT17-04,parada,False,mantido
91,230,5,True,49,49,MOT17-04,parada,False,mantido
69,231,1,True,53,53,MOT17-04,parada,False,mantido
98,231,1,True,51,51,MOT17-04,parada,False,mantido
123,232,1,True,55,55,MOT17-04,parada,False,mantido
91,233,2,True,49,49,MOT17-04,parada,False,mantido
3,235,3,True,2,2,MOT17-04,parada,False,mantido
87,235,4,True,25,25,MOT17-04,parada,False,mantido
98,236,1,True,51,51,MOT17-04,parada,False,mantido
68,237,2,True,44,44,MOT17-04,parada,False,mantido
75,238,15,False,54,56,MOT17-04,parada,True,perdida no coasting (1 <= g <= 20)
68,240,2,True,44,44,MOT17-04,parada,False,mantido
75,241,2,True,56,56,MOT17-04,parada,False,mantido
91,241,7,True,49,49,MOT17-04,parada,False,mantido
123,247,0,False,55,52,MOT17-04,parada,False,troca entre vizinhos (g = 0)
68,248,1,True,44,44,MOT17-04,parada,False,mantido
87,248,12,False,25,49,MOT17-04,parada,False,perdida no coasting (1 <= g <= 20)
74,249,20,False,24,57,MOT17-04,parada,True,perdida no coasting (1 <= g <= 20)
87,250,1,True,49,49,MOT17-04,parada,False,mantido
123,250,0,False,52,55,MOT17-04,parada,False,troca entre vizinhos (g = 0)
89,251,26,False,8,59,MOT17-04,parada,True,morta e renascida (g > 20)
122,251,5,True,52,52,MOT17-04,parada,False,mantido
78,252,2,True,33,33,MOT17-04,parada,False,mantido
123,252,1,True,55,55,MOT17-04,parada,False,mantido
123,257,3,True,55,55,MOT17-04,parada,False,mantido
106,258,3,True,60,60,MOT17-04,parada,False,mantido
123,259,1,True,55,55,MOT17-04,parada,False,mantido
106,260,1,True,60,60,MOT17-04,parada,False,mantido
123,262,1,True,55,55,MOT17-04,parada,False,mantido
106,263,1,True,60,60,MOT17-04,parada,False,mantido
122,263,1,True,52,52,MOT17-04,parada,False,mantido
95,266,15,True,58,58,MOT17-04,parada,False,mantido
106,269,1,True,60,60,MOT17-04,parada,False,mantido
94,270,8,True,58,58,MOT17-04,parada,False,mantido
94,273,1,True,58,58,MOT17-04,parada,False,mantido
68,275,2,True,44,44,MOT17-04,parada,False,mantido
123,276,13,False,55,61,MOT17-04,parada,True,perdida no coasting (1 <= g <= 20)
68,279,1,True,44,44,MOT17-04,parada,False,mantido
140,281,5,True,29,29,MOT17-04,parada,False,mantido
68,282,1,True,44,44,MOT17-04,parada,False,mantido
69,283,1,True,53,53,MOT17-04,parada,False,mantido
140,284,2,True,29,29,MOT17-04,parada,False,mantido
68,285,1,True,44,44,MOT17-04,parada,False,mantido
68,288,2,True,44,44,MOT17-04,parada,False,mantido
123,288,10,True,61,61,MOT17-04,parada,False,mantido
123,291,2,True,61,61,MOT17-04,parada,False,mantido
68,292,3,True,44,44,MOT17-04,parada,False,mantido
68,295,2,True,44,44,MOT17-04,parada,False,mantido
123,296,1,True,61,61,MOT17-04,parada,False,mantido
95,297,29,True,58,58,MOT17-04,parada,False,mantido
93,298,1,True,17,17,MOT17-04,parada,False,mantido
68,299,1,True,44,44,MOT17-04,parada,False,mantido
123,300,2,True,61,61,MOT17-04,parada,False,mantido
68,301,1,True,44,44,MOT17-04,parada,False,mantido
78,302,1,True,33,33,MOT17-04,parada,False,mantido
92,302,0,False,1,17,MOT17-04,parada,False,troca entre vizinhos (g = 0)
93,302,0,False,17,58,MOT17-04,parada,False,troca entre vizinhos (g = 0)
96,302,153,False,46,1,MOT17-04,parada,False,morta e renascida (g > 20)
123,302,1,True,61,61,MOT17-04,parada,False,mantido
68,304,1,True,44,44,MOT17-04,parada,False,mantido
95,306,8,False,58,62,MOT17-04,parada,True,perdida no coasting (1 <= g <= 20)
93,307,1,True,58,58,MOT17-04,parada,False,mantido
74,308,2,True,57,57,MOT17-04,parada,False,mantido
89,309,15,False,59,64,MOT17-04,parada,True,perdida no coasting (1 <= g <= 20)
121,310,1,True,63,63,MOT17-04,parada,False,mantido
74,311,2,True,57,57,MOT17-04,parada,False,mantido
93,313,2,True,58,58,MOT17-04,parada,False,mantido
122,313,1,True,52,52,MOT17-04,parada,False,mantido
78,315,1,True,33,33,MOT17-04,parada,False,mantido
68,316,2,True,44,44,MOT17-04,parada,False,mantido
95,316,9,True,62,62,MOT17-04,parada,False,mantido
123,317,1,True,61,61,MOT17-04,parada,False,mantido
140,317,32,True,29,29,MOT17-04,parada,False,mantido
68,318,1,True,44,44,MOT17-04,parada,False,mantido
89,320,6,True,64,64,MOT17-04,parada,False,mantido
94,320,39,False,58,15,MOT17-04,parada,False,morta e renascida (g > 20)
68,322,1,True,44,44,MOT17-04,parada,False,mantido
93,322,8,True,58,58,MOT17-04,parada,False,mantido
121,322,1,True,63,63,MOT17-04,parada,False,mantido
92,323,1,True,17,17,MOT17-04,parada,False,mantido
140,323,5,True,29,29,MOT17-04,parada,False,mantido
74,324,12,False,57,65,MOT17-04,parada,True,perdida no coasting (1 <= g <= 20)
90,324,4,True,15,15,MOT17-04,parada,False,mantido
94,324,0,False,15,62,MOT17-04,parada,False,troca entre vizinhos (g = 0)
140,325,1,True,29,29,MOT17-04,parada,False,mantido
68,328,1,True,44,44,MOT17-04,parada,False,mantido
99,328,1,True,41,41,MOT17-04,parada,False,mantido
92,329,0,False,17,58,MOT17-04,parada,False,troca entre vizinhos (g = 0)
121,330,1,True,63,63,MOT17-04,parada,False,mantido
93,334,11,True,58,58,MOT17-04,parada,False,mantido
99,334,2,True,41,41,MOT17-04,parada,False,mantido
92,335,1,False,58,17,MOT17-04,parada,False,perdida no coasting (1 <= g <= 20)
93,336,1,True,58,58,MOT17-04,parada,False,mantido
83,337,1,True,21,21,MOT17-04,parada,False,mantido
92,337,1,True,17,17,MOT17-04,parada,False,mantido
68,339,1,True,44,44,MOT17-04,parada,False,mantido
69,342,2,False,53,44,MOT17-04,parada,False,perdida no coasting (1 <= g <= 20)
68,343,1,True,44,44,MOT17-04,parada,False,mantido
140,343,17,True,29,29,MOT17-04,parada,False,mantido
69,344,1,False,44,53,MOT17-04,parada,False,perdida no coasting (1 <= g <= 20)
68,346,1,True,44,44,MOT17-04,parada,False,mantido
123,346,3,True,61,61,MOT17-04,parada,False,mantido
140,346,1,True,29,29,MOT17-04,parada,False,mantido
93,347,10,True,58,58,MOT17-04,parada,False,mantido
78,348,1,True,33,33,MOT17-04,parada,False,mantido
92,348,1,True,17,17,MOT17-04,parada,False,mantido
98,349,3,True,51,51,MOT17-04,parada,False,mantido
140,349,2,True,29,29,MOT17-04,parada,False,mantido
92,350,0,False,17,58,MOT17-04,parada,False,troca entre vizinhos (g = 0)
92,351,0,False,58,17,MOT17-04,parada,False,troca entre vizinhos (g = 0)
97,351,5,True,66,66,MOT17-04,parada,False,mantido
140,351,1,True,29,29,MOT17-04,parada,False,mantido
93,353,5,True,58,58,MOT17-04,parada,False,mantido
92,354,1,True,17,17,MOT17-04,parada,False,mantido
97,354,2,True,66,66,MOT17-04,parada,False,mantido
93,356,1,True,58,58,MOT17-04,parada,False,mantido
82,357,11,True,45,45,MOT17-04,parada,False,mantido
119,357,1,True,67,67,MOT17-04,parada,False,mantido
97,358,1,True,66,66,MOT17-04,parada,False,mantido
140,359,6,True,29,29,MOT17-04,parada,False,mantido
93,363,5,True,58,58,MOT17-04,parada,False,mantido
98,363,13,True,51,51,MOT17-04,parada,False,mantido
125,365,1,True,68,68,MOT17-04,parada,False,mantido
140,365,5,True,29,29,MOT17-04,parada,False,mantido
68,366,1,True,44,44,MOT17-04,parada,False,mantido
98,367,3,True,51,51,MOT17-04,parada,False,mantido
98,369,1,True,51,51,MOT17-04,parada,False,mantido
125,369,3,True,68,68,MOT17-04,parada,False,mantido
140,371,5,True,29,29,MOT17-04,parada,False,mantido
98,373,3,True,51,51,MOT17-04,parada,False,mantido
93,376,12,True,58,58,MOT17-04,parada,False,mantido
140,376,4,True,29,29,MOT17-04,parada,False,mantido
125,377,2,True,68,68,MOT17-04,parada,False,mantido
98,378,4,True,51,51,MOT17-04,parada,False,mantido
93,380,2,True,58,58,MOT17-04,parada,False,mantido
98,381,2,True,51,51,MOT17-04,parada,False,mantido
124,382,3,True,69,69,MOT17-04,parada,False,mantido
68,383,1,True,44,44,MOT17-04,parada,False,mantido
98,383,1,True,51,51,MOT17-04,parada,False,mantido
140,384,7,True,29,29,MOT17-04,parada,False,mantido
124,385,1,True,69,69,MOT17-04,parada,False,mantido
98,386,1,True,51,51,MOT17-04,parada,False,mantido
66,387,1,True,30,30,MOT17-04,parada,False,mantido
119,387,1,True,67,67,MOT17-04,parada,False,mantido
92,388,0,False,17,58,MOT17-04,parada,False,troca entre vizinhos (g = 0)
96,388,85,False,1,17,MOT17-04,parada,False,morta e renascida (g > 20)
96,390,1,True,17,17,MOT17-04,parada,False,mantido
62,391,3,True,11,11,MOT17-04,parada,False,mantido
68,391,1,True,44,44,MOT17-04,parada,False,mantido
5,392,1,True,70,70,MOT17-04,parada,False,mantido
5,394,1,True,70,70,MOT17-04,parada,False,mantido
68,395,2,True,44,44,MOT17-04,parada,False,mantido
119,395,7,True,67,67,MOT17-04,parada,False,mantido
69,398,1,True,53,53,MOT17-04,parada,False,mantido
68,399,1,True,44,44,MOT17-04,parada,False,mantido
90,399,1,True,15,15,MOT17-04,parada,False,mantido
96,399,1,True,17,17,MOT17-04,parada,False,mantido
118,401,4,True,50,50,MOT17-04,parada,False,mantido
106,402,4,True,60,60,MOT17-04,parada,False,mantido
96,403,1,True,17,17,MOT17-04,parada,False,mantido
118,403,1,True,50,50,MOT17-04,parada,False,mantido
69,405,1,True,53,53,MOT17-04,parada,False,mantido
90,407,1,True,15,15,MOT17-04,parada,False,mantido
69,408,2,True,53,53,MOT17-04,parada,False,mantido
96,408,2,True,17,17,MOT17-04,parada,False,mantido
67,410,1,True,4,4,MOT17-04,parada,False,mantido
96,410,1,True,17,17,MOT17-04,parada,False,mantido
90,411,1,True,15,15,MOT17-04,parada,False,mantido
140,411,26,True,29,29,MOT17-04,parada,False,mantido
96,412,1,True,17,17,MOT17-04,parada,False,mantido
119,412,9,True,67,67,MOT17-04,parada,False,mantido
68,414,1,True,44,44,MOT17-04,parada,False,mantido
74,414,1,True,65,65,MOT17-04,parada,False,mantido
78,415,1,True,33,33,MOT17-04,parada,False,mantido
96,415,2,True,17,17,MOT17-04,parada,False,mantido
95,416,99,True,62,62,MOT17-04,parada,False,mantido
118,416,1,True,50,50,MOT17-04,parada,False,mantido
140,417,5,True,29,29,MOT17-04,parada,False,mantido
69,418,1,True,53,53,MOT17-04,parada,False,mantido
94,418,2,True,62,62,MOT17-04,parada,False,mantido
78,420,1,True,33,33,MOT17-04,parada,False,mantido
92,420,0,False,58,17,MOT17-04,parada,False,troca entre vizinhos (g = 0)
95,420,2,False,62,58,MOT17-04,parada,False,perdida no coasting (1 <= g <= 20)
90,421,3,True,15,15,MOT17-04,parada,False,mantido
67,422,1,True,4,4,MOT17-04,parada,False,mantido
74,422,1,True,65,65,MOT17-04,parada,False,mantido
93,422,41,True,58,58,MOT17-04,parada,False,mantido
94,422,1,True,62,62,MOT17-04,parada,False,mantido
96,422,2,True,17,17,MOT17-04,parada,False,mantido
66,424,36,False,30,73,MOT17-04,parada,True,morta e renascida (g > 20)
105,424,3,True,72,72,MOT17-04,parada,False,mantido
78,425,1,True,33,33,MOT17-04,parada,False,mantido
90,425,2,True,15,15,MOT17-04,parada,False,mantido
119,425,5,True,67,67,MOT17-04,parada,False,mantido
66,426,1,True,73,73,MOT17-04,parada,False,mantido
106,428,23,False,60,75,MOT17-04,parada,True,morta e renascida (g > 20)
78,429,2,True,33,33,MOT17-04,parada,False,mantido
111,429,1,True,74,74,MOT17-04,parada,False,mantido
67,431,5,True,4,4,MOT17-04,parada,False,mantido
111,431,1,True,74,74,MOT17-04,parada,False,mantido
140,431,13,True,29,29,MOT17-04,parada,False,mantido
106,433,1,True,75,75,MOT17-04,parada,False,mantido
96,434,1,True,17,17,MOT17-04,parada,False,mantido
90,436,9,True,15,15,MOT17-04,parada,False,mantido
78,437,1,True,33,33,MOT17-04,parada,False,mantido
71,438,1,True,31,31,MOT17-04,parada,False,mantido
118,438,1,True,50,50,MOT17-04,parada,False,mantido
120,438,13,False,71,67,MOT17-04,parada,False,perdida no coasting (1 <= g <= 20)
119,440,2,True,67,67,MOT17-04,parada,False,mantido
66,441,1,True,73,73,MOT17-04,parada,False,mantido
71,441,1,True,31,31,MOT17-04,parada,False,mantido
90,441,4,True,15,15,MOT17-04,parada,False,mantido
78,442,3,True,33,33,MOT17-04,parada,False,mantido
94,442,1,True,62,62,MOT17-04,parada,False,mantido
71,444,1,True,31,31,MOT17-04,parada,False,mantido
94,444,1,True,62,62,MOT17-04,parada,False,mantido
76,445,1,True,3,3,MOT17-04,parada,False,mantido
90,445,1,True,15,15,MOT17-04,parada,False,mantido
94,446,1,True,62,62,MOT17-04,parada,False,mantido
78,447,1,True,33,33,MOT17-04,parada,False,mantido
92,449,27,False,17,58,MOT17-04,parada,False,morta e renascida (g > 20)
96,450,1,True,17,17,MOT17-04,parada,False,mantido
94,451,1,True,62,62,MOT17-04,parada,False,mantido
118,451,1,True,50,50,MOT17-04,parada,False,mantido
69,452,1,True,53,53,MOT17-04,parada,False,mantido
120,452,12,False,67,63,MOT17-04,parada,False,perdida no coasting (1 <= g <= 20)
121,452,0,False,63,76,MOT17-04,parada,True,troca entre vizinhos (g = 0)
69,457,1,True,53,53,MOT17-04,parada,False,mantido
119,457,1,True,67,67,MOT17-04,parada,False,mantido
71,459,1,True,31,31,MOT17-04,parada,False,mantido
119,459,1,True,67,67,MOT17-04,parada,False,mantido
69,460,1,True,53,53,MOT17-04,parada,False,mantido
119,463,3,True,67,67,MOT17-04,parada,False,mantido
121,464,11,False,76,50,MOT17-04,parada,False,perdida no coasting (1 <= g <= 20)
78,466,1,True,33,33,MOT17-04,parada,False,mantido
118,466,2,False,50,76,MOT17-04,parada,False,perdida no coasting (1 <= g <= 20)
121,468,1,True,50,50,MOT17-04,parada,False,mantido
96,473,2,True,17,17,MOT17-04,parada,False,mantido
97,473,1,True,66,66,MOT17-04,parada,False,mantido
78,474,2,True,33,33,MOT17-04,parada,False,mantido
80,475,1,True,47,47,MOT17-04,parada,False,mantido
96,475,1,True,17,17,MOT17-04,parada,False,mantido
96,479,2,True,17,17,MOT17-04,parada,False,mantido
90,480,4,True,15,15,MOT17-04,parada,False,mantido
71,481,1,True,31,31,MOT17-04,parada,False,mantido
78,481,1,True,33,33,MOT17-04,parada,False,mantido
93,481,32,True,58,58,MOT17-04,parada,False,mantido
96,481,1,True,17,17,MOT17-04,parada,False,mantido
66,483,40,False,73,77,MOT17-04,parada,True,morta e renascida (g > 20)
89,484,14,False,64,78,MOT17-04,parada,True,perdida no coasting (1 <= g <= 20)
90,485,3,True,15,15,MOT17-04,parada,False,mantido
92,486,5,False,58,17,MOT17-04,parada,False,perdida no coasting (1 <= g <= 20)
71,487,2,True,31,31,MOT17-04,parada,False,mantido
89,487,2,True,78,78,MOT17-04,parada,False,mantido
96,488,3,True,17,17,MOT17-04,parada,False,mantido
94,493,2,True,62,62,MOT17-04,parada,False,mantido
96,493,1,True,17,17,MOT17-04,parada,False,mantido
95,494,73,False,58,62,MOT17-04,parada,False,morta e renascida (g > 20)
96,495,1,True,17,17,MOT17-04,parada,False,mantido
95,497,1,True,62,62,MOT17-04,parada,False,mantido
95,501,3,True,62,62,MOT17-04,parada,False,mantido
74,503,1,True,65,65,MOT17-04,parada,False,mantido
96,505,1,True,17,17,MOT17-04,parada,False,mantido
71,506,1,True,31,31,MOT17-04,parada,False,mantido
96,509,1,True,17,17,MOT17-04,parada,False,mantido
87,514,1,True,49,49,MOT17-04,parada,False,mantido
96,514,1,True,17,17,MOT17-04,parada,False,mantido
69,516,0,False,53,79,MOT17-04,parada,True,troca entre vizinhos (g = 0)
87,516,1,True,49,49,MOT17-04,parada,False,mantido
69,517,0,False,79,53,MOT17-04,parada,False,troca entre vizinhos (g = 0)
65,519,1,True,19,19,MOT17-04,parada,False,mantido
71,519,1,True,31,31,MOT17-04,parada,False,mantido
96,519,3,True,17,17,MOT17-04,parada,False,mantido
74,520,16,True,65,65,MOT17-04,parada,False,mantido
69,521,0,False,53,79,MOT17-04,parada,False,troca entre vizinhos (g = 0)
75,521,1,True,56,56,MOT17-04,parada,False,mantido
96,521,1,True,17,17,MOT17-04,parada,False,mantido
97,521,1,True,66,66,MOT17-04,parada,False,mantido
75,522,0,False,56,65,MOT17-04,parada,False,troca entre vizinhos (g = 0)
65,523,2,True,19,19,MOT17-04,parada,False,mantido
96,523,1,True,17,17,MOT17-04,parada,False,mantido
74,524,3,False,65,56,MOT17-04,parada,False,perdida no coasting (1 <= g <= 20)
88,525,3,True,18,18,MOT17-04,parada,False,mantido
71,526,1,True,31,31,MOT17-04,parada,False,mantido
80,526,1,True,47,47,MOT17-04,parada,False,mantido
96,526,1,True,17,17,MOT17-04,parada,False,mantido
80,527,0,False,47,18,MOT17-04,parada,False,troca entre vizinhos (g = 0)
74,530,0,False,56,65,MOT17-04,parada,False,troca entre vizinhos (g = 0)
91,530,287,False,49,47,MOT17-04,parada,False,morta e renascida (g > 20)
74,532,0,False,65,56,MOT17-04,parada,False,troca entre vizinhos (g = 0)
88,532,6,True,18,18,MOT17-04,parada,False,mantido
125,532,2,True,68,68,MOT17-04,parada,False,mantido
74,533,0,False,56,65,MOT17-04,parada,False,troca entre vizinhos (g = 0)
88,533,0,False,18,47,MOT17-04,parada,False,troca entre vizinhos (g = 0)
74,535,0,False,65,56,MOT17-04,parada,False,troca entre vizinhos (g = 0)
87,535,4,True,49,49,MOT17-04,parada,False,mantido
96,536,5,True,17,17,MOT17-04,parada,False,mantido
71,538,2,True,31,31,MOT17-04,parada,False,mantido
74,539,0,False,56,65,MOT17-04,parada,False,troca entre vizinhos (g = 0)
125,539,4,True,68,68,MOT17-04,parada,False,mantido
87,540,1,True,49,49,MOT17-04,parada,False,mantido
74,541,0,False,65,56,MOT17-04,parada,False,troca entre vizinhos (g = 0)
82,541,1,True,45,45,MOT17-04,parada,False,mantido
125,541,1,True,68,68,MOT17-04,parada,False,mantido
71,542,1,True,31,31,MOT17-04,parada,False,mantido
80,543,12,False,18,80,MOT17-04,parada,True,perdida no coasting (1 <= g <= 20)
82,544,1,True,45,45,MOT17-04,parada,False,mantido
88,544,0,False,47,18,MOT17-04,parada,False,troca entre vizinhos (g = 0)
74,545,0,False,56,65,MOT17-04,parada,False,troca entre vizinhos (g = 0)
88,545,0,False,18,47,MOT17-04,parada,False,troca entre vizinhos (g = 0)
71,546,1,True,31,31,MOT17-04,parada,False,mantido
74,546,0,False,65,56,MOT17-04,parada,False,troca entre vizinhos (g = 0)
125,546,3,True,68,68,MOT17-04,parada,False,mantido
74,547,0,False,56,65,MOT17-04,parada,False,troca entre vizinhos (g = 0)
82,547,2,True,45,45,MOT17-04,parada,False,mantido
88,547,0,False,47,18,MOT17-04,parada,False,troca entre vizinhos (g = 0)
74,548,0,False,65,56,MOT17-04,parada,False,troca entre vizinhos (g = 0)
95,548,2,True,62,62,MOT17-04,parada,False,mantido
65,549,1,True,19,19,MOT17-04,parada,False,mantido
74,549,0,False,56,65,MOT17-04,parada,False,troca entre vizinhos (g = 0)
75,550,26,False,65,81,MOT17-04,parada,True,morta e renascida (g > 20)
90,552,3,True,15,15,MOT17-04,parada,False,mantido
65,553,1,True,19,19,MOT17-04,parada,False,mantido
74,553,0,False,65,56,MOT17-04,parada,False,troca entre vizinhos (g = 0)
88,553,0,False,18,47,MOT17-04,parada,False,troca entre vizinhos (g = 0)
125,554,7,True,68,68,MOT17-04,parada,False,mantido
74,555,0,False,56,65,MOT17-04,parada,False,troca entre vizinhos (g = 0)
88,555,0,False,47,18,MOT17-04,parada,False,troca entre vizinhos (g = 0)
90,555,2,True,15,15,MOT17-04,parada,False,mantido
96,555,18,True,17,17,MOT17-04,parada,False,mantido
74,556,0,False,65,56,MOT17-04,parada,False,troca entre vizinhos (g = 0)
88,556,0,False,18,47,MOT17-04,parada,False,troca entre vizinhos (g = 0)
94,556,62,True,62,62,MOT17-04,parada,False,mantido
75,557,6,True,81,81,MOT17-04,parada,False,mantido
125,557,2,True,68,68,MOT17-04,parada,False,mantido
88,558,0,False,47,18,MOT17-04,parada,False,troca entre vizinhos (g = 0)
88,559,0,False,18,47,MOT17-04,parada,False,troca entre vizinhos (g = 0)
74,561,0,False,56,65,MOT17-04,parada,False,troca entre vizinhos (g = 0)
91,561,29,False,47,18,MOT17-04,parada,False,morta e renascida (g > 20)
88,562,1,True,47,47,MOT17-04,parada,False,mantido
63,563,1,True,7,7,MOT17-04,parada,False,mantido
74,564,0,False,65,56,MOT17-04,parada,False,troca entre vizinhos (g = 0)
90,564,8,True,15,15,MOT17-04,parada,False,mantido
92,565,77,False,17,58,MOT17-04,parada,False,morta e renascida (g > 20)
96,565,8,True,17,17,MOT17-04,parada,False,mantido
88,566,0,False,47,18,MOT17-04,parada,False,troca entre vizinhos (g = 0)
91,567,5,False,18,47,MOT17-04,parada,False,perdida no coasting (1 <= g <= 20)
82,568,20,True,45,45,MOT17-04,parada,False,mantido
88,568,1,True,18,18,MOT17-04,parada,False,mantido
91,569,1,True,47,47,MOT17-04,parada,False,mantido
88,570,1,True,18,18,MOT17-04,parada,False,mantido
88,572,0,False,18,47,MOT17-04,parada,False,troca entre vizinhos (g = 0)
90,572,7,True,15,15,MOT17-04,parada,False,mantido
74,573,0,False,56,65,MOT17-04,parada,False,troca entre vizinhos (g = 0)
95,573,18,True,62,62,MOT17-04,parada,False,mantido
74,574,0,False,65,56,MOT17-04,parada,False,troca entre vizinhos (g = 0)
80,574,1,True,80,80,MOT17-04,parada,False,mantido
88,574,0,False,47,18,MOT17-04,parada,False,troca entre vizinhos (g = 0)
91,575,5,True,47,47,MOT17-04,parada,False,mantido
74,576,0,False,56,65,MOT17-04,parada,False,troca entre vizinhos (g = 0)
90,576,3,True,15,15,MOT17-04,parada,False,mantido
80,577,1,True,80,80,MOT17-04,parada,False,mantido
88,577,2,True,18,18,MOT17-04,parada,False,mantido
90,578,1,True,15,15,MOT17-04,parada,False,mantido
63,579,15,True,7,7,MOT17-04,parada,False,mantido
80,580,1,True,80,80,MOT17-04,parada,False,mantido
88,580,0,False,18,47,MOT17-04,parada,False,troca entre vizinhos (g = 0)
125,580,22,False,68,18,MOT17-04,parada,False,morta e renascida (g > 20)
94,581,9,False,62,15,MOT17-04,parada,False,perdida no coasting (1 <= g <= 20)
95,582,1,True,62,62,MOT17-04,parada,False,mantido
90,584,5,True,15,15,MOT17-04,parada,False,mantido
120,584,2,True,63,63,MOT17-04,parada,False,mantido
80,585,4,True,80,80,MOT17-04,parada,False,mantido
95,585,1,True,62,62,MOT17-04,parada,False,mantido
133,586,1,True,83,83,MOT17-04,parada,False,mantido
80,587,1,True,80,80,MOT17-04,parada,False,mantido
94,587,4,True,15,15,MOT17-04,parada,False,mantido
95,588,1,True,62,62,MOT17-04,parada,False,mantido
120,588,3,True,63,63,MOT17-04,parada,False,mantido
133,588,1,True,83,83,MOT17-04,parada,False,mantido
80,589,1,True,80,80,MOT17-04,parada,False,mantido
2,590,13,True,9,9,MOT17-04,parada,False,mantido
132,590,3,True,82,82,MOT17-04,parada,False,mantido
94,591,1,True,15,15,MOT17-04,parada,False,mantido
133,591,1,True,83,83,MOT17-04,parada,False,mantido
80,592,1,True,80,80,MOT17-04,parada,False,mantido
132,592,1,True,82,82,MOT17-04,parada,False,mantido
94,593,0,False,15,62,MOT17-04,parada,False,troca entre vizinhos (g = 0)
94,594,0,False,62,15,MOT17-04,parada,False,troca entre vizinhos (g = 0)
95,595,4,True,62,62,MOT17-04,parada,False,mantido
99,597,1,True,41,41,MOT17-04,parada,False,mantido
80,598,1,True,80,80,MOT17-04,parada,False,mantido
94,598,1,True,15,15,MOT17-04,parada,False,mantido
132,598,3,True,82,82,MOT17-04,parada,False,mantido
94,599,0,False,15,62,MOT17-04,parada,False,troca entre vizinhos (g = 0)
97,599,6,True,66,66,MOT17-04,parada,False,mantido
99,599,1,True,41,41,MOT17-04,parada,False,mantido
80,600,1,True,80,80,MOT17-04,parada,False,mantido
94,601,0,False,62,15,MOT17-04,parada,False,troca entre vizinhos (g = 0)
97,603,2,True,66,66,MOT17-04,parada,False,mantido
94,604,0,False,15,62,MOT17-04,parada,False,troca entre vizinhos (g = 0)
90,606,21,True,15,15,MOT17-04,parada,False,mantido
99,606,1,True,41,41,MOT17-04,parada,False,mantido
97,607,3,True,66,66,MOT17-04,parada,False,mantido
120,607,16,True,63,63,MOT17-04,parada,False,mantido
94,608,2,True,62,62,MOT17-04,parada,False,mantido
97,609,1,True,66,66,MOT17-04,parada,False,mantido
90,610,2,True,15,15,MOT17-04,parada,False,mantido
93,610,45,False,58,84,MOT17-04,parada,True,morta e renascida (g > 20)
80,611,4,False,80,41,MOT17-04,parada,False,perdida no coasting (1 <= g <= 20)
90,612,1,True,15,15,MOT17-04,parada,False,mantido
99,612,1,True,41,41,MOT17-04,parada,False,mantido
132,612,1,True,82,82,MOT17-04,parada,False,mantido
92,613,2,True,58,58,MOT17-04,parada,False,mantido
80,615,3,False,41,80,MOT17-04,parada,False,perdida no coasting (1 <= g <= 20)
92,616,1,True,58,58,MOT17-04,parada,False,mantido
119,616,1,True,67,67,MOT17-04,parada,False,mantido
120,616,8,True,63,63,MOT17-04,parada,False,mantido
74,617,1,True,65,65,MOT17-04,parada,False,mantido
93,617,0,False,84,58,MOT17-04,parada,False,troca entre vizinhos (g = 0)
99,617,2,True,41,41,MOT17-04,parada,False,mantido
92,618,1,True,58,58,MOT17-04,parada,False,mantido
93,618,0,False,58,84,MOT17-04,parada,False,troca entre vizinhos (g = 0)
119,619,1,True,67,67,MOT17-04,parada,False,mantido
80,621,1,True,80,80,MOT17-04,parada,False,mantido
80,623,1,True,80,80,MOT17-04,parada,False,mantido
119,623,1,True,67,67,MOT17-04,parada,False,mantido
119,625,1,True,67,67,MOT17-04,parada,False,mantido
80,628,4,True,80,80,MOT17-04,parada,False,mantido
80,630,1,True,80,80,MOT17-04,parada,False,mantido
119,632,6,True,67,67,MOT17-04,parada,False,mantido
141,632,1,True,29,29,MOT17-04,parada,False,mantido
90,634,2,True,15,15,MOT17-04,parada,False,mantido
133,634,1,True,83,83,MOT17-04,parada,False,mantido
90,638,1,True,15,15,MOT17-04,parada,False,mantido
131,639,5,True,85,85,MOT17-04,parada,False,mantido
90,641,1,True,15,15,MOT17-04,parada,False,mantido
92,645,1,True,58,58,MOT17-04,parada,False,mantido
90,647,2,True,15,15,MOT17-04,parada,False,mantido
131,649,1,True,85,85,MOT17-04,parada,False,mantido
90,651,2,True,15,15,MOT17-04,parada,False,mantido
131,652,2,True,85,85,MOT17-04,parada,False,mantido
92,653,6,True,58,58,MOT17-04,parada,False,mantido
92,655,1,True,58,58,MOT17-04,parada,False,mantido
80,666,35,False,80,88,MOT17-04,parada,True,morta e renascida (g > 20)
92,667,11,True,58,58,MOT17-04,parada,False,mantido
93,668,1,True,84,84,MOT17-04,parada,False,mantido
80,672,5,True,88,88,MOT17-04,parada,False,mantido
92,672,4,True,58,58,MOT17-04,parada,False,mantido
93,674,2,True,84,84,MOT17-04,parada,False,mantido
90,675,1,True,15,15,MOT17-04,parada,False,mantido
80,676,1,True,88,88,MOT17-04,parada,False,mantido
92,677,3,True,58,58,MOT17-04,parada,False,mantido
93,678,1,True,84,84,MOT17-04,parada,False,mantido
80,679,2,True,88,88,MOT17-04,parada,False,mantido
93,681,0,False,84,58,MOT17-04,parada,False,troca entre vizinhos (g = 0)
80,682,2,True,88,88,MOT17-04,parada,False,mantido
131,682,26,False,85,89,MOT17-04,parada,True,morta e renascida (g > 20)
92,683,5,False,58,84,MOT17-04,parada,False,perdida no coasting (1 <= g <= 20)
93,684,1,True,58,58,MOT17-04,parada,False,mantido
92,686,2,True,84,84,MOT17-04,parada,False,mantido
80,687,2,True,88,88,MOT17-04,parada,False,mantido
93,687,1,True,58,58,MOT17-04,parada,False,mantido
92,690,3,True,84,84,MOT17-04,parada,False,mantido
93,691,1,True,58,58,MOT17-04,parada,False,mantido
99,691,1,True,41,41,MOT17-04,parada,False,mantido
92,692,1,True,84,84,MOT17-04,parada,False,mantido
80,693,2,True,88,88,MOT17-04,parada,False,mantido
99,694,1,True,41,41,MOT17-04,parada,False,mantido
93,696,4,True,58,58,MOT17-04,parada,False,mantido
99,697,1,True,41,41,MOT17-04,parada,False,mantido
96,699,133,False,17,58,MOT17-04,parada,False,morta e renascida (g > 20)
90,701,1,True,15,15,MOT17-04,parada,False,mantido
93,705,8,True,58,58,MOT17-04,parada,False,mantido
133,705,1,True,83,83,MOT17-04,parada,False,mantido
92,706,1,True,84,84,MOT17-04,parada,False,mantido
78,707,1,True,33,33,MOT17-04,parada,False,mantido
93,709,2,True,58,58,MOT17-04,parada,False,mantido
92,710,1,True,84,84,MOT17-04,parada,False,mantido
78,711,1,True,33,33,MOT17-04,parada,False,mantido
92,712,1,True,84,84,MOT17-04,parada,False,mantido
92,715,1,True,84,84,MOT17-04,parada,False,mantido
92,721,1,True,84,84,MOT17-04,parada,False,mantido
92,723,1,True,84,84,MOT17-04,parada,False,mantido
92,727,1,True,84,84,MOT17-04,parada,False,mantido
92,736,1,True,84,84,MOT17-04,parada,False,mantido
78,737,1,True,33,33,MOT17-04,parada,False,mantido
134,744,132,True,82,82,MOT17-04,parada,False,mantido
78,746,1,True,33,33,MOT17-04,parada,False,mantido
95,748,150,False,62,15,MOT17-04,parada,False,morta e renascida (g > 20)
78,749,2,True,33,33,MOT17-04,parada,False,mantido
90,749,1,True,15,15,MOT17-04,parada,False,mantido
95,753,4,True,15,15,MOT17-04,parada,False,mantido
80,754,2,True,88,88,MOT17-04,parada,False,mantido
90,754,1,True,15,15,MOT17-04,parada,False,mantido
92,754,1,True,84,84,MOT17-04,parada,False,mantido
78,755,1,True,33,33,MOT17-04,parada,False,mantido
95,756,2,True,15,15,MOT17-04,parada,False,mantido
78,758,2,True,33,33,MOT17-04,parada,False,mantido
91,758,181,False,47,90,MOT17-04,parada,True,morta e renascida (g > 20)
90,759,3,True,15,15,MOT17-04,parada,False,mantido
95,760,1,True,15,15,MOT17-04,parada,False,mantido
78,761,2,True,33,33,MOT17-04,parada,False,mantido
80,761,1,True,88,88,MOT17-04,parada,False,mantido
78,763,1,True,33,33,MOT17-04,parada,False,mantido
78,767,2,True,33,33,MOT17-04,parada,False,mantido
92,767,3,True,84,84,MOT17-04,parada,False,mantido
80,771,1,True,88,88,MOT17-04,parada,False,mantido
92,772,1,True,84,84,MOT17-04,parada,False,mantido
80,773,1,True,88,88,MOT17-04,parada,False,mantido
91,776,17,True,90,90,MOT17-04,parada,False,mantido
78,777,1,True,33,33,MOT17-04,parada,False,mantido
88,777,1,True,47,47,MOT17-04,parada,False,mantido
108,778,1,True,92,92,MOT17-04,parada,False,mantido
91,779,2,True,90,90,MOT17-04,parada,False,mantido
88,780,1,True,47,47,MOT17-04,parada,False,mantido
80,781,1,True,88,88,MOT17-04,parada,False,mantido
108,781,2,True,92,92,MOT17-04,parada,False,mantido
88,782,0,False,47,90,MOT17-04,parada,False,troca entre vizinhos (g = 0)
78,783,1,True,33,33,MOT17-04,parada,False,mantido
88,783,0,False,90,47,MOT17-04,parada,False,troca entre vizinhos (g = 0)
108,783,1,True,92,92,MOT17-04,parada,False,mantido
78,785,1,True,33,33,MOT17-04,parada,False,mantido
88,785,0,False,47,90,MOT17-04,parada,False,troca entre vizinhos (g = 0)
108,785,1,True,92,92,MOT17-04,parada,False,mantido
88,786,0,False,90,47,MOT17-04,parada,False,troca entre vizinhos (g = 0)
91,786,6,True,90,90,MOT17-04,parada,False,mantido
92,788,2,True,84,84,MOT17-04,parada,False,mantido
92,790,1,True,84,84,MOT17-04,parada,False,mantido
74,793,168,False,65,81,MOT17-04,parada,False,morta e renascida (g > 20)
90,793,33,True,15,15,MOT17-04,parada,False,mantido
95,793,0,False,15,90,MOT17-04,parada,False,troca entre vizinhos (g = 0)
78,794,2,True,33,33,MOT17-04,parada,False,mantido
93,795,1,False,58,84,MOT17-04,parada,False,perdida no coasting (1 <= g <= 20)
75,796,3,True,81,81,MOT17-04,parada,False,mantido
78,796,1,True,33,33,MOT17-04,parada,False,mantido
80,796,1,True,88,88,MOT17-04,parada,False,mantido
92,797,2,True,84,84,MOT17-04,parada,False,mantido
93,797,0,False,84,58,MOT17-04,parada,False,troca entre vizinhos (g = 0)
108,797,10,True,92,92,MOT17-04,parada,False,mantido
91,798,10,False,90,93,MOT17-04,parada,True,perdida no coasting (1 <= g <= 20)
80,800,2,True,88,88,MOT17-04,parada,False,mantido
92,801,1,True,84,84,MOT17-04,parada,False,mantido
78,802,1,True,33,33,MOT17-04,parada,False,mantido
108,803,1,True,92,92,MOT17-04,parada,False,mantido
74,804,8,True,81,81,MOT17-04,parada,False,mantido
75,805,1,True,81,81,MOT17-04,parada,False,mantido
74,807,2,True,81,81,MOT17-04,parada,False,mantido
75,807,0,False,81,95,MOT17-04,parada,True,troca entre vizinhos (g = 0)
92,807,1,True,84,84,MOT17-04,parada,False,mantido
108,807,3,True,92,92,MOT17-04,parada,False,mantido
75,809,1,True,95,95,MOT17-04,parada,False,mantido
78,809,1,True,33,33,MOT17-04,parada,False,mantido
108,809,1,True,92,92,MOT17-04,parada,False,mantido
74,812,1,True,81,81,MOT17-04,parada,False,mantido
91,812,13,True,93,93,MOT17-04,parada,False,mantido
126,812,2,True,94,94,MOT17-04,parada,False,mantido
108,813,2,True,92,92,MOT17-04,parada,False,mantido
94,815,3,True,62,62,MOT17-04,parada,False,mantido
78,819,4,True,33,33,MOT17-04,parada,False,mantido
75,820,8,True,95,95,MOT17-04,parada,False,mantido
74,821,1,True,81,81,MOT17-04,parada,False,mantido
78,822,2,True,33,33,MOT17-04,parada,False,mantido
108,822,4,True,92,92,MOT17-04,parada,False,mantido
78,824,1,True,33,33,MOT17-04,parada,False,mantido
91,824,11,True,93,93,MOT17-04,parada,False,mantido
92,824,7,True,84,84,MOT17-04,parada,False,mantido
108,824,1,True,92,92,MOT17-04,parada,False,mantido
126,825,10,False,94,90,MOT17-04,parada,False,perdida no coasting (1 <= g <= 20)
75,826,5,True,95,95,MOT17-04,parada,False,mantido
92,826,1,True,84,84,MOT17-04,parada,False,mantido
74,827,1,True,81,81,MOT17-04,parada,False,mantido
78,828,2,True,33,33,MOT17-04,parada,False,mantido
75,830,3,True,95,95,MOT17-04,parada,False,mantido
74,831,1,True,81,81,MOT17-04,parada,False,mantido
95,831,6,False,90,93,MOT17-04,parada,False,perdida no coasting (1 <= g <= 20)
75,832,1,True,95,95,MOT17-04,parada,False,mantido
78,832,1,True,33,33,MOT17-04,parada,False,mantido
91,832,1,True,93,93,MOT17-04,parada,False,mantido
74,834,2,True,81,81,MOT17-04,parada,False,mantido
90,834,40,False,15,62,MOT17-04,parada,False,morta e renascida (g > 20)
75,835,1,True,95,95,MOT17-04,parada,False,mantido
108,835,10,True,92,92,MOT17-04,parada,False,mantido
78,836,3,True,33,33,MOT17-04,parada,False,mantido
74,837,2,True,81,81,MOT17-04,parada,False,mantido
78,838,1,True,33,33,MOT17-04,parada,False,mantido
68,839,1,True,44,44,MOT17-04,parada,False,mantido
74,841,3,True,81,81,MOT17-04,parada,False,mantido
75,842,1,True,95,95,MOT17-04,parada,False,mantido
68,843,1,True,44,44,MOT17-04,parada,False,mantido
94,843,9,True,62,62,MOT17-04,parada,False,mantido
95,845,13,False,93,90,MOT17-04,parada,False,perdida no coasting (1 <= g <= 20)
75,846,1,True,95,95,MOT17-04,parada,False,mantido
117,846,1,True,97,97,MOT17-04,parada,False,mantido
68,847,2,True,44,44,MOT17-04,parada,False,mantido
91,847,9,False,93,47,MOT17-04,parada,False,perdida no coasting (1 <= g <= 20)
68,850,1,True,44,44,MOT17-04,parada,False,mantido
126,850,5,False,90,93,MOT17-04,parada,False,perdida no coasting (1 <= g <= 20)
74,851,5,True,81,81,MOT17-04,parada,False,mantido
93,851,1,False,58,84,MOT17-04,parada,False,perdida no coasting (1 <= g <= 20)
90,852,9,True,62,62,MOT17-04,parada,False,mantido
92,852,1,True,84,84,MOT17-04,parada,False,mantido
93,852,0,False,84,58,MOT17-04,parada,False,troca entre vizinhos (g = 0)
74,853,1,True,81,81,MOT17-04,parada,False,mantido
78,853,13,True,33,33,MOT17-04,parada,False,mantido
94,853,1,False,62,99,MOT17-04,parada,True,perdida no coasting (1 <= g <= 20)
68,854,3,True,44,44,MOT17-04,parada,False,mantido
75,854,1,True,95,95,MOT17-04,parada,False,mantido
74,856,2,True,81,81,MOT17-04,parada,False,mantido
93,858,1,True,58,58,MOT17-04,parada,False,mantido
126,858,7,False,93,47,MOT17-04,parada,False,perdida no coasting (1 <= g <= 20)
75,859,2,True,95,95,MOT17-04,parada,False,mantido
91,859,1,False,47,93,MOT17-04,parada,False,perdida no coasting (1 <= g <= 20)
78,860,1,True,33,33,MOT17-04,parada,False,mantido
88,860,13,True,47,47,MOT17-04,parada,False,mantido
74,862,3,True,81,81,MOT17-04,parada,False,mantido
91,862,2,True,93,93,MOT17-04,parada,False,mantido
92,862,1,True,84,84,MOT17-04,parada,False,mantido
126,862,3,True,47,47,MOT17-04,parada,False,mantido
75,863,1,True,95,95,MOT17-04,parada,False,mantido
90,863,3,True,62,62,MOT17-04,parada,False,mantido
68,864,5,True,44,44,MOT17-04,parada,False,mantido
103,864,2,True,98,98,MOT17-04,parada,False,mantido
74,865,2,True,81,81,MOT17-04,parada,False,mantido
91,865,1,True,93,93,MOT17-04,parada,False,mantido
88,866,4,False,47,93,MOT17-04,parada,False,perdida no coasting (1 <= g <= 20)
68,867,1,True,44,44,MOT17-04,parada,False,mantido
90,867,3,True,62,62,MOT17-04,parada,False,mantido
126,867,1,True,47,47,MOT17-04,parada,False,mantido
117,868,1,True,97,97,MOT17-04,parada,False,mantido
78,869,3,True,33,33,MOT17-04,parada,False,mantido
126,869,1,True,47,47,MOT17-04,parada,False,mantido
90,871,1,True,62,62,MOT17-04,parada,False,mantido
94,871,16,True,99,99,MOT17-04,parada,False,mantido
68,872,2,True,44,44,MOT17-04,parada,False,mantido
91,872,6,True,93,93,MOT17-04,parada,False,mantido
92,872,3,True,84,84,MOT17-04,parada,False,mantido
88,873,1,False,93,101,MOT17-04,parada,True,perdida no coasting (1 <= g <= 20)
74,874,6,True,81,81,MOT17-04,parada,False,mantido
78,874,4,True,33,33,MOT17-04,parada,False,mantido
90,874,1,True,62,62,MOT17-04,parada,False,mantido
94,874,1,True,99,99,MOT17-04,parada,False,mantido
68,875,1,True,44,44,MOT17-04,parada,False,mantido
75,875,1,True,95,95,MOT17-04,parada,False,mantido
78,876,1,True,33,33,MOT17-04,parada,False,mantido
91,878,3,True,93,93,MOT17-04,parada,False,mantido
74,879,4,True,81,81,MOT17-04,parada,False,mantido
78,879,2,True,33,33,MOT17-04,parada,False,mantido
94,879,1,True,99,99,MOT17-04,parada,False,mantido
75,880,1,True,95,95,MOT17-04,parada,False,mantido
91,880,1,True,93,93,MOT17-04,parada,False,mantido
92,880,1,True,84,84,MOT17-04,parada,False,mantido
68,881,2,True,44,44,MOT17-04,parada,False,mantido
88,882,2,True,101,101,MOT17-04,parada,False,mantido
74,888,7,True,81,81,MOT17-04,parada,False,mantido
132,889,145,True,82,82,MOT17-04,parada,False,mantido
74,896,7,True,81,81,MOT17-04,parada,False,mantido
75,898,2,True,95,95,MOT17-04,parada,False,mantido
102,898,1,True,102,102,MOT17-04,parada,False,mantido
74,899,1,True,81,81,MOT17-04,parada,False,mantido
75,900,1,True,95,95,MOT17-04,parada,False,mantido
78,900,6,True,33,33,MOT17-04,parada,False,mantido
74,902,2,True,81,81,MOT17-04,parada,False,mantido
127,902,1,True,103,103,MOT17-04,parada,False,mantido
75,904,2,True,95,95,MOT17-04,parada,False,mantido
78,904,3,True,33,33,MOT17-04,parada,False,mantido
74,905,1,True,81,81,MOT17-04,parada,False,mantido
78,907,2,True,33,33,MOT17-04,parada,False,mantido
127,908,5,True,103,103,MOT17-04,parada,False,mantido
78,911,2,True,33,33,MOT17-04,parada,False,mantido
68,912,2,True,44,44,MOT17-04,parada,False,mantido
90,916,1,True,62,62,MOT17-04,parada,False,mantido
75,917,12,True,95,95,MOT17-04,parada,False,mantido
74,918,1,True,81,81,MOT17-04,parada,False,mantido
68,920,1,True,44,44,MOT17-04,parada,False,mantido
127,920,1,True,103,103,MOT17-04,parada,False,mantido
94,922,42,False,99,105,MOT17-04,parada,True,morta e renascida (g > 20)
128,922,3,True,104,104,MOT17-04,parada,False,mantido
78,923,3,True,33,33,MOT17-04,parada,False,mantido
94,926,1,True,105,105,MOT17-04,parada,False,mantido
128,926,1,True,104,104,MOT17-04,parada,False,mantido
74,929,0,False,81,95,MOT17-04,parada,False,troca entre vizinhos (g = 0)
78,929,4,True,33,33,MOT17-04,parada,False,mantido
74,930,0,False,95,81,MOT17-04,parada,False,troca entre vizinhos (g = 0)
75,932,14,True,95,95,MOT17-04,parada,False,mantido
74,933,1,True,81,81,MOT17-04,parada,False,mantido
68,934,13,True,44,44,MOT17-04,parada,False,mantido
75,934,1,True,95,95,MOT17-04,parada,False,mantido
128,934,1,True,104,104,MOT17-04,parada,False,mantido
74,935,1,True,81,81,MOT17-04,parada,False,mantido
74,936,0,False,81,95,MOT17-04,parada,False,troca entre vizinhos (g = 0)
134,936,47,False,82,106,MOT17-04,parada,True,morta e renascida (g > 20)
128,938,1,True,104,104,MOT17-04,parada,False,mantido
106,939,1,True,75,75,MOT17-04,parada,False,mantido
78,940,1,True,33,33,MOT17-04,parada,False,mantido
74,941,0,False,95,81,MOT17-04,parada,False,troca entre vizinhos (g = 0)
75,943,8,True,95,95,MOT17-04,parada,False,mantido
74,944,1,True,81,81,MOT17-04,parada,False,mantido
75,945,1,True,95,95,MOT17-04,parada,False,mantido
78,945,1,True,33,33,MOT17-04,parada,False,mantido
106,945,3,True,75,75,MOT17-04,parada,False,mantido
74,946,1,True,81,81,MOT17-04,parada,False,mantido
78,947,1,True,33,33,MOT17-04,parada,False,mantido
94,947,4,True,105,105,MOT17-04,parada,False,mantido
94,949,1,True,105,105,MOT17-04,parada,False,mantido
106,949,1,True,75,75,MOT17-04,parada,False,mantido
93,951,1,True,58,58,MOT17-04,parada,False,mantido
74,952,0,False,81,95,MOT17-04,parada,False,troca entre vizinhos (g = 0)
92,953,2,True,84,84,MOT17-04,parada,False,mantido
74,956,0,False,95,81,MOT17-04,parada,False,troca entre vizinhos (g = 0)
78,956,6,True,33,33,MOT17-04,parada,False,mantido
74,958,0,False,81,95,MOT17-04,parada,False,troca entre vizinhos (g = 0)
93,958,1,True,58,58,MOT17-04,parada,False,mantido
68,959,24,False,44,79,MOT17-04,parada,False,morta e renascida (g > 20)
69,960,1,True,79,79,MOT17-04,parada,False,mantido
74,960,0,False,95,81,MOT17-04,parada,False,troca entre vizinhos (g = 0)
92,961,2,True,84,84,MOT17-04,parada,False,mantido
74,962,0,False,81,95,MOT17-04,parada,False,troca entre vizinhos (g = 0)
93,962,1,True,58,58,MOT17-04,parada,False,mantido
78,963,2,True,33,33,MOT17-04,parada,False,mantido
131,963,1,True,89,89,MOT17-04,parada,False,mantido
68,964,4,True,79,79,MOT17-04,parada,False,mantido
74,964,0,False,95,81,MOT17-04,parada,False,troca entre vizinhos (g = 0)
75,964,18,True,95,95,MOT17-04,parada,False,mantido
92,964,2,True,84,84,MOT17-04,parada,False,mantido
131,965,1,True,89,89,MOT17-04,parada,False,mantido
75,966,1,True,95,95,MOT17-04,parada,False,mantido
74,967,1,True,81,81,MOT17-04,parada,False,mantido
93,967,3,True,58,58,MOT17-04,parada,False,mantido
105,967,2,True,72,72,MOT17-04,parada,False,mantido
78,969,5,True,33,33,MOT17-04,parada,False,mantido
117,969,1,True,97,97,MOT17-04,parada,False,mantido
75,970,2,True,95,95,MOT17-04,parada,False,mantido
92,970,3,True,84,84,MOT17-04,parada,False,mantido
78,972,2,True,33,33,MOT17-04,parada,False,mantido
90,972,2,True,62,62,MOT17-04,parada,False,mantido
74,974,3,True,81,81,MOT17-04,parada,False,mantido
117,974,3,True,97,97,MOT17-04,parada,False,mantido
131,975,2,True,89,89,MOT17-04,parada,False,mantido
88,976,1,True,101,101,MOT17-04,parada,False,mantido
106,976,2,True,75,75,MOT17-04,parada,False,mantido
78,978,5,True,33,33,MOT17-04,parada,False,mantido
88,978,1,True,101,101,MOT17-04,parada,False,mantido
117,978,3,True,97,97,MOT17-04,parada,False,mantido
69,979,16,True,79,79,MOT17-04,parada,False,mantido
131,979,1,True,89,89,MOT17-04,parada,False,mantido
75,981,3,True,95,95,MOT17-04,parada,False,mantido
78,982,3,True,33,33,MOT17-04,parada,False,mantido
106,982,4,True,75,75,MOT17-04,parada,False,mantido
92,983,4,True,84,84,MOT17-04,parada,False,mantido
68,984,5,True,79,79,MOT17-04,parada,False,mantido
69,984,0,False,79,101,MOT17-04,parada,False,troca entre vizinhos (g = 0)
93,984,1,True,58,58,MOT17-04,parada,False,mantido
106,984,1,True,75,75,MOT17-04,parada,False,mantido
69,985,0,False,101,79,MOT17-04,parada,False,troca entre vizinhos (g = 0)
78,985,1,True,33,33,MOT17-04,parada,False,mantido
88,985,6,True,101,101,MOT17-04,parada,False,mantido
68,986,1,False,79,107,MOT17-04,parada,True,perdida no coasting (1 <= g <= 20)
92,986,1,True,84,84,MOT17-04,parada,False,mantido
74,987,2,True,81,81,MOT17-04,parada,False,mantido
93,987,1,True,58,58,MOT17-04,parada,False,mantido
105,987,1,True,72,72,MOT17-04,parada,False,mantido
127,987,3,True,103,103,MOT17-04,parada,False,mantido
129,988,1,True,103,103,MOT17-04,parada,False,mantido
68,990,1,True,107,107,MOT17-04,parada,False,mantido
88,990,1,True,101,101,MOT17-04,parada,False,mantido
68,992,1,True,107,107,MOT17-04,parada,False,mantido
74,992,1,True,81,81,MOT17-04,parada,False,mantido
78,992,6,True,33,33,MOT17-04,parada,False,mantido
105,992,3,True,72,72,MOT17-04,parada,False,mantido
69,993,1,True,79,79,MOT17-04,parada,False,mantido
74,994,1,True,81,81,MOT17-04,parada,False,mantido
78,996,2,True,33,33,MOT17-04,parada,False,mantido
115,997,3,True,108,108,MOT17-04,parada,False,mantido
127,999,11,False,103,109,MOT17-04,parada,True,perdida no coasting (1 <= g <= 20)
78,1000,3,True,33,33,MOT17-04,parada,False,mantido
129,1001,1,True,103,103,MOT17-04,parada,False,mantido
69,1003,1,True,79,79,MOT17-04,parada,False,mantido
74,1005,1,True,81,81,MOT17-04,parada,False,mantido
78,1007,6,True,33,33,MOT17-04,parada,False,mantido
69,1008,4,True,79,79,MOT17-04,parada,False,mantido
74,1010,3,True,81,81,MOT17-04,parada,False,mantido
78,1012,1,True,33,33,MOT17-04,parada,False,mantido
98,1012,2,True,51,51,MOT17-04,parada,False,mantido
68,1013,1,True,107,107,MOT17-04,parada,False,mantido
90,1013,1,True,62,62,MOT17-04,parada,False,mantido
90,1017,2,True,62,62,MOT17-04,parada,False,mantido
129,1018,1,True,103,103,MOT17-04,parada,False,mantido
74,1019,8,True,81,81,MOT17-04,parada,False,mantido
87,1019,1,True,49,49,MOT17-04,parada,False,mantido
90,1021,1,True,62,62,MOT17-04,parada,False,mantido
129,1022,1,True,103,103,MOT17-04,parada,False,mantido
78,1023,3,True,33,33,MOT17-04,parada,False,mantido
69,1025,1,True,79,79,MOT17-04,parada,False,mantido
78,1026,2,True,33,33,MOT17-04,parada,False,mantido
91,1027,145,False,93,101,MOT17-04,parada,False,morta e renascida (g > 20)
117,1027,1,True,97,97,MOT17-04,parada,False,mantido
78,1028,1,True,33,33,MOT17-04,parada,False,mantido
95,1028,1,True,90,90,MOT17-04,parada,False,mantido
74,1029,2,True,81,81,MOT17-04,parada,False,mantido
88,1029,2,True,101,101,MOT17-04,parada,False,mantido
129,1029,6,True,103,103,MOT17-04,parada,False,mantido
130,1030,1,True,103,103,MOT17-04,parada,False,mantido
74,1031,1,True,81,81,MOT17-04,parada,False,mantido
91,1031,2,False,101,90,MOT17-04,parada,False,perdida no coasting (1 <= g <= 20)
78,1032,1,True,33,33,MOT17-04,parada,False,mantido
88,1032,1,True,101,101,MOT17-04,parada,False,mantido
95,1032,1,True,90,90,MOT17-04,parada,False,mantido
129,1035,5,False,103,110,MOT17-04,parada,True,perdida no coasting (1 <= g <= 20)
74,1037,2,True,81,81,MOT17-04,parada,False,mantido
130,1037,1,True,103,103,MOT17-04,parada,False,mantido
78,1038,3,True,33,33,MOT17-04,parada,False,mantido
90,1040,1,True,62,62,MOT17-04,parada,False,mantido
129,1040,3,True,110,110,MOT17-04,parada,False,mantido
78,1042,1,True,33,33,MOT17-04,parada,False,mantido
129,1042,1,True,110,110,MOT17-04,parada,False,mantido
69,1043,2,True,79,79,MOT17-04,parada,False,mantido
74,1044,5,True,81,81,MOT17-04,parada,False,mantido
130,1044,2,True,103,103,MOT17-04,parada,False,mantido
78,1045,2,True,33,33,MOT17-04,parada,False,mantido
90,1045,1,True,62,62,MOT17-04,parada,False,mantido
117,1045,17,False,97,111,MOT17-04,parada,True,perdida no coasting (1 <= g <= 20)
74,1048,3,True,81,81,MOT17-04,parada,False,mantido
87,1048,1,True,49,49,MOT17-04,parada,False,mantido
130,1049,1,True,103,103,MOT17-04,parada,False,mantido
14,1,0,False,4,3,MOT17-05,movel,False,troca entre vizinhos (g = 0)
14,2,0,False,3,4,MOT17-05,movel,False,troca entre vizinhos (g = 0)
4,4,0,False,6,3,MOT17-05,movel,False,troca entre vizinhos (g = 0)
14,4,0,False,4,7,MOT17-05,movel,True,troca entre vizinhos (g = 0)
4,5,0,False,3,4,MOT17-05,movel,False,troca entre vizinhos (g = 0)
3,6,0,False,5,6,MOT17-05,movel,False,troca entre vizinhos (g = 0)
3,7,0,False,6,3,MOT17-05,movel,False,troca entre vizinhos (g = 0)
6,13,0,False,9,10,MOT17-05,movel,True,troca entre vizinhos (g = 0)
3,14,0,False,3,11,MOT17-05,movel,True,troca entre vizinhos (g = 0)
14,19,1,False,7,8,MOT17-05,movel,False,perdida no coasting (1 <= g <= 20)
4,20,1,True,4,4,MOT17-05,movel,False,mantido
6,20,1,True,10,10,MOT17-05,movel,False,mantido
14,21,1,True,8,8,MOT17-05,movel,False,mantido
5,28,8,False,7,16,MOT17-05,movel,False,perdida no coasting (1 <= g <= 20)
117,28,11,False,13,17,MOT17-05,movel,True,perdida no coasting (1 <= g <= 20)
14,29,7,False,8,16,MOT17-05,movel,False,perdida no coasting (1 <= g <= 20)
4,30,9,False,4,8,MOT17-05,movel,False,perdida no coasting (1 <= g <= 20)
5,31,2,True,16,16,MOT17-05,movel,False,mantido
14,31,0,False,16,13,MOT17-05,movel,False,troca entre vizinhos (g = 0)
5,32,0,False,16,13,MOT17-05,movel,False,troca entre vizinhos (g = 0)
14,32,0,False,13,15,MOT17-05,movel,False,troca entre vizinhos (g = 0)
4,33,0,False,8,16,MOT17-05,movel,False,troca entre vizinhos (g = 0)
4,35,0,False,16,13,MOT17-05,movel,False,troca entre vizinhos (g = 0)
5,35,0,False,13,15,MOT17-05,movel,False,troca entre vizinhos (g = 0)
14,35,0,False,15,17,MOT17-05,movel,False,troca entre vizinhos (g = 0)
6,37,13,False,10,18,MOT17-05,movel,True,perdida no coasting (1 <= g <= 20)
117,37,8,False,17,19,MOT17-05,movel,True,perdida no coasting (1 <= g <= 20)
117,44,6,True,19,19,MOT17-05,movel,False,mantido
6,46,5,True,18,18,MOT17-05,movel,False,mantido
117,48,3,True,19,19,MOT17-05,movel,False,mantido
117,49,0,False,19,20,MOT17-05,movel,False,troca entre vizinhos (g = 0)
2,53,1,True,21,21,MOT17-05,movel,False,mantido
2,57,2,True,21,21,MOT17-05,movel,False,mantido
2,59,1,True,21,21,MOT17-05,movel,False,mantido
2,67,3,True,21,21,MOT17-05,movel,False,mantido
9,73,2,True,22,22,MOT17-05,movel,False,mantido
107,74,1,True,23,23,MOT17-05,movel,False,mantido
2,75,1,True,21,21,MOT17-05,movel,False,mantido
9,75,1,True,22,22,MOT17-05,movel,False,mantido
107,76,1,True,23,23,MOT17-05,movel,False,mantido
9,77,1,True,22,22,MOT17-05,movel,False,mantido
9,80,1,True,22,22,MOT17-05,movel,False,mantido
117,84,33,False,20,24,MOT17-05,movel,True,morta e renascida (g > 20)
2,86,1,True,21,21,MOT17-05,movel,False,mantido
107,86,9,True,23,23,MOT17-05,movel,False,mantido
2,88,1,True,21,21,MOT17-05,movel,False,mantido
107,88,1,True,23,23,MOT17-05,movel,False,mantido
9,90,8,True,22,22,MOT17-05,movel,False,mantido
107,91,1,True,23,23,MOT17-05,movel,False,mantido
9,92,1,True,22,22,MOT17-05,movel,False,mantido
107,93,1,True,23,23,MOT17-05,movel,False,mantido
9,94,1,True,22,22,MOT17-05,movel,False,mantido
10,94,1,True,25,25,MOT17-05,movel,False,mantido
107,97,2,True,23,23,MOT17-05,movel,False,mantido
107,100,1,True,23,23,MOT17-05,movel,False,mantido
9,102,1,True,22,22,MOT17-05,movel,False,mantido
107,106,4,True,23,23,MOT17-05,movel,False,mantido
107,113,2,True,23,23,MOT17-05,movel,False,mantido
107,119,5,True,23,23,MOT17-05,movel,False,mantido
107,122,1,False,23,22,MOT17-05,movel,False,perdida no coasting (1 <= g <= 20)
9,127,14,True,22,22,MOT17-05,movel,False,mantido
107,128,1,False,22,23,MOT17-05,movel,False,perdida no coasting (1 <= g <= 20)
9,129,1,True,22,22,MOT17-05,movel,False,mantido
107,130,1,True,23,23,MOT17-05,movel,False,mantido
107,131,0,False,23,22,MOT17-05,movel,False,troca entre vizinhos (g = 0)
2,137,2,True,21,21,MOT17-05,movel,False,mantido
107,138,0,False,22,23,MOT17-05,movel,False,troca entre vizinhos (g = 0)
2,139,1,True,21,21,MOT17-05,movel,False,mantido
9,140,10,True,22,22,MOT17-05,movel,False,mantido
9,145,0,False,22,23,MOT17-05,movel,False,troca entre vizinhos (g = 0)
9,146,0,False,23,22,MOT17-05,movel,False,troca entre vizinhos (g = 0)
107,147,7,True,23,23,MOT17-05,movel,False,mantido
2,148,1,True,21,21,MOT17-05,movel,False,mantido
9,148,1,True,22,22,MOT17-05,movel,False,mantido
2,153,1,True,21,21,MOT17-05,movel,False,mantido
140,153,10,True,26,26,MOT17-05,movel,False,mantido
14,159,118,False,17,29,MOT17-05,movel,True,morta e renascida (g > 20)
107,159,11,True,23,23,MOT17-05,movel,False,mantido
14,161,1,True,29,29,MOT17-05,movel,False,mantido
14,163,1,True,29,29,MOT17-05,movel,False,mantido
107,164,2,True,23,23,MOT17-05,movel,False,mantido
14,166,1,True,29,29,MOT17-05,movel,False,mantido
107,172,7,True,23,23,MOT17-05,movel,False,mantido
140,173,7,True,26,26,MOT17-05,movel,False,mantido
8,177,9,True,28,28,MOT17-05,movel,False,mantido
12,177,7,True,27,27,MOT17-05,movel,False,mantido
14,177,7,True,29,29,MOT17-05,movel,False,mantido
140,177,3,True,26,26,MOT17-05,movel,False,mantido
107,181,8,True,23,23,MOT17-05,movel,False,mantido
14,185,1,True,29,29,MOT17-05,movel,False,mantido
14,190,2,True,29,29,MOT17-05,movel,False,mantido
107,195,3,True,23,23,MOT17-05,movel,False,mantido
14,196,2,True,29,29,MOT17-05,movel,False,mantido
107,199,1,True,23,23,MOT17-05,movel,False,mantido
14,200,1,True,29,29,MOT17-05,movel,False,mantido
12,204,6,False,27,30,MOT17-05,movel,False,perdida no coasting (1 <= g <= 20)
14,204,1,True,29,29,MOT17-05,movel,False,mantido
14,210,1,True,29,29,MOT17-05,movel,False,mantido
14,213,1,True,29,29,MOT17-05,movel,False,mantido
14,216,2,True,29,29,MOT17-05,movel,False,mantido
14,234,1,True,29,29,MOT17-05,movel,False,mantido
16,235,1,False,31,29,MOT17-05,movel,False,perdida no coasting (1 <= g <= 20)
151,238,2,False,32,34,MOT17-05,movel,True,perdida no coasting (1 <= g <= 20)
15,254,16,False,32,39,MOT17-05,movel,True,perdida no coasting (1 <= g <= 20)
125,256,1,True,1,1,MOT17-05,movel,False,mantido
20,263,8,False,37,35,MOT17-05,movel,False,perdida no coasting (1 <= g <= 20)
2,265,4,True,21,21,MOT17-05,movel,False,mantido
29,276,4,False,41,43,MOT17-05,movel,True,perdida no coasting (1 <= g <= 20)
20,277,0,False,35,31,MOT17-05,movel,False,troca entre vizinhos (g = 0)
2,278,8,True,21,21,MOT17-05,movel,False,mantido
2,279,0,False,21,35,MOT17-05,movel,False,troca entre vizinhos (g = 0)
125,279,18,False,1,45,MOT17-05,movel,True,perdida no coasting (1 <= g <= 20)
2,280,0,False,35,41,MOT17-05,movel,False,troca entre vizinhos (g = 0)
29,282,4,False,43,44,MOT17-05,movel,False,perdida no coasting (1 <= g <= 20)
28,283,7,False,41,43,MOT17-05,movel,False,perdida no coasting (1 <= g <= 20)
25,284,19,False,29,46,MOT17-05,movel,True,perdida no coasting (1 <= g <= 20)
2,285,0,False,41,35,MOT17-05,movel,False,troca entre vizinhos (g = 0)
29,285,1,True,44,44,MOT17-05,movel,False,mantido
2,286,0,False,35,21,MOT17-05,movel,False,troca entre vizinhos (g = 0)
26,286,18,False,29,47,MOT17-05,movel,True,perdida no coasting (1 <= g <= 20)
28,287,0,False,43,41,MOT17-05,movel,False,troca entre vizinhos (g = 0)
30,287,5,False,44,43,MOT17-05,movel,False,perdida no coasting (1 <= g <= 20)
25,288,0,False,46,47,MOT17-05,movel,False,troca entre vizinhos (g = 0)
2,289,1,False,21,42,MOT17-05,movel,True,perdida no coasting (1 <= g <= 20)
26,289,2,False,47,1,MOT17-05,movel,False,perdida no coasting (1 <= g <= 20)
30,289,0,False,43,41,MOT17-05,movel,False,troca entre vizinhos (g = 0)
30,290,0,False,41,35,MOT17-05,movel,False,troca entre vizinhos (g = 0)
2,291,1,False,42,48,MOT17-05,movel,True,perdida no coasting (1 <= g <= 20)
30,291,0,False,35,21,MOT17-05,movel,False,troca entre vizinhos (g = 0)
29,292,2,True,44,44,MOT17-05,movel,False,mantido
2,294,1,False,48,50,MOT17-05,movel,True,perdida no coasting (1 <= g <= 20)
25,297,0,False,47,1,MOT17-05,movel,False,troca entre vizinhos (g = 0)
28,298,10,False,41,48,MOT17-05,movel,False,perdida no coasting (1 <= g <= 20)
32,299,1,True,51,51,MOT17-05,movel,False,mantido
28,300,1,True,48,48,MOT17-05,movel,False,mantido
29,301,8,False,44,52,MOT17-05,movel,True,perdida no coasting (1 <= g <= 20)
1,306,5,True,2,2,MOT17-05,movel,False,mantido
2,308,10,True,50,50,MOT17-05,movel,False,mantido
38,309,6,True,51,51,MOT17-05,movel,False,mantido
31,310,13,False,49,43,MOT17-05,movel,False,perdida no coasting (1 <= g <= 20)
36,310,1,True,35,35,MOT17-05,movel,False,mantido
123,310,1,True,47,47,MOT17-05,movel,False,mantido
37,311,0,False,53,52,MOT17-05,movel,False,troca entre vizinhos (g = 0)
31,313,2,True,43,43,MOT17-05,movel,False,mantido
38,313,3,True,51,51,MOT17-05,movel,False,mantido
36,320,0,False,35,42,MOT17-05,movel,False,troca entre vizinhos (g = 0)
2,322,8,False,50,54,MOT17-05,movel,True,perdida no coasting (1 <= g <= 20)
31,322,8,False,43,41,MOT17-05,movel,False,perdida no coasting (1 <= g <= 20)
34,322,0,False,41,35,MOT17-05,movel,False,troca entre vizinhos (g = 0)
35,322,15,False,43,55,MOT17-05,movel,True,perdida no coasting (1 <= g <= 20)
31,325,2,True,41,41,MOT17-05,movel,False,mantido
35,327,0,False,55,51,MOT17-05,movel,False,troca entre vizinhos (g = 0)
41,328,5,False,21,59,MOT17-05,movel,True,perdida no coasting (1 <= g <= 20)
31,329,1,True,41,41,MOT17-05,movel,False,mantido
33,331,12,True,42,42,MOT17-05,movel,False,mantido
31,333,2,True,41,41,MOT17-05,movel,False,mantido
38,333,6,True,51,51,MOT17-05,movel,False,mantido
47,337,0,False,58,60,MOT17-05,movel,True,troca entre vizinhos (g = 0)
41,338,8,False,59,41,MOT17-05,movel,False,perdida no coasting (1 <= g <= 20)
31,342,6,False,41,59,MOT17-05,movel,False,perdida no coasting (1 <= g <= 20)
42,342,14,True,57,57,MOT17-05,movel,False,mantido
31,346,0,False,59,42,MOT17-05,movel,False,troca entre vizinhos (g = 0)
41,350,7,False,41,59,MOT17-05,movel,False,perdida no coasting (1 <= g <= 20)
44,362,8,False,64,67,MOT17-05,movel,True,perdida no coasting (1 <= g <= 20)
42,371,0,False,57,64,MOT17-05,movel,False,troca entre vizinhos (g = 0)
47,371,23,False,60,68,MOT17-05,movel,True,morta e renascida (g > 20)
49,381,1,True,69,69,MOT17-05,movel,False,mantido
48,386,1,False,70,69,MOT17-05,movel,False,perdida no coasting (1 <= g <= 20)
49,386,0,False,69,73,MOT17-05,movel,True,troca entre vizinhos (g = 0)
48,387,0,False,69,73,MOT17-05,movel,False,troca entre vizinhos (g = 0)
49,389,2,False,73,74,MOT17-05,movel,True,perdida no coasting (1 <= g <= 20)
47,390,0,False,68,76,MOT17-05,movel,True,troca entre vizinhos (g = 0)
145,390,0,False,75,77,MOT17-05,movel,True,troca entre vizinhos (g = 0)
145,393,2,False,77,78,MOT17-05,movel,True,perdida no coasting (1 <= g <= 20)
49,395,2,True,74,74,MOT17-05,movel,False,mantido
145,395,1,False,78,79,MOT17-05,movel,True,perdida no coasting (1 <= g <= 20)
48,398,3,False,73,74,MOT17-05,movel,False,perdida no coasting (1 <= g <= 20)
49,401,3,True,74,74,MOT17-05,movel,False,mantido
48,403,2,True,74,74,MOT17-05,movel,False,mantido
48,405,0,False,74,80,MOT17-05,movel,True,troca entre vizinhos (g = 0)
49,405,2,True,74,74,MOT17-05,movel,False,mantido
49,407,1,True,74,74,MOT17-05,movel,False,mantido
48,410,2,False,80,74,MOT17-05,movel,False,perdida no coasting (1 <= g <= 20)
49,411,1,False,74,81,MOT17-05,movel,True,perdida no coasting (1 <= g <= 20)
49,414,2,True,81,81,MOT17-05,movel,False,mantido
49,417,1,True,81,81,MOT17-05,movel,False,mantido
49,419,1,True,81,81,MOT17-05,movel,False,mantido
48,420,1,False,74,81,MOT17-05,movel,False,perdida no coasting (1 <= g <= 20)
49,421,1,False,81,82,MOT17-05,movel,True,perdida no coasting (1 <= g <= 20)
48,422,0,False,81,82,MOT17-05,movel,False,troca entre vizinhos (g = 0)
49,423,1,False,82,83,MOT17-05,movel,True,perdida no coasting (1 <= g <= 20)
48,425,1,False,82,83,MOT17-05,movel,False,perdida no coasting (1 <= g <= 20)
49,428,3,True,83,83,MOT17-05,movel,False,mantido
48,436,8,True,83,83,MOT17-05,movel,False,mantido
128,440,6,False,72,87,MOT17-05,movel,True,perdida no coasting (1 <= g <= 20)
38,443,4,True,51,51,MOT17-05,movel,False,mantido
49,443,7,False,83,85,MOT17-05,movel,False,perdida no coasting (1 <= g <= 20)
42,444,5,True,64,64,MOT17-05,movel,False,mantido
48,444,6,False,83,85,MOT17-05,movel,False,perdida no coasting (1 <= g <= 20)
48,446,0,False,85,83,MOT17-05,movel,False,troca entre vizinhos (g = 0)
53,448,1,True,89,89,MOT17-05,movel,False,mantido
49,451,7,False,85,90,MOT17-05,movel,True,perdida no coasting (1 <= g <= 20)
49,453,0,False,90,83,MOT17-05,movel,False,troca entre vizinhos (g = 0)
48,455,2,False,83,91,MOT17-05,movel,True,perdida no coasting (1 <= g <= 20)
49,455,1,True,83,83,MOT17-05,movel,False,mantido
49,457,1,False,83,91,MOT17-05,movel,False,perdida no coasting (1 <= g <= 20)
49,459,1,True,91,91,MOT17-05,movel,False,mantido
48,460,3,False,91,92,MOT17-05,movel,True,perdida no coasting (1 <= g <= 20)
53,467,16,True,89,89,MOT17-05,movel,False,mantido
124,494,1,True,84,84,MOT17-05,movel,False,mantido
124,496,1,True,84,84,MOT17-05,movel,False,mantido
54,497,18,False,88,94,MOT17-05,movel,True,perdida no coasting (1 <= g <= 20)
128,517,12,True,87,87,MOT17-05,movel,False,mantido
53,520,1,True,89,89,MOT17-05,movel,False,mantido
55,523,1,True,95,95,MOT17-05,movel,False,mantido
52,525,10,True,86,86,MOT17-05,movel,False,mantido
53,527,6,True,89,89,MOT17-05,movel,False,mantido
53,530,2,True,89,89,MOT17-05,movel,False,mantido
55,532,1,True,95,95,MOT17-05,movel,False,mantido
58,533,1,True,98,98,MOT17-05,movel,False,mantido
54,539,30,False,94,99,MOT17-05,movel,True,morta e renascida (g > 20)
54,546,6,False,99,101,MOT17-05,movel,True,perdida no coasting (1 <= g <= 20)
54,550,2,True,101,101,MOT17-05,movel,False,mantido
60,562,1,True,99,99,MOT17-05,movel,False,mantido
54,566,5,False,101,89,MOT17-05,movel,False,perdida no coasting (1 <= g <= 20)
53,567,4,True,89,89,MOT17-05,movel,False,mantido
60,576,0,False,99,86,MOT17-05,movel,False,troca entre vizinhos (g = 0)
53,577,4,False,89,99,MOT17-05,movel,False,perdida no coasting (1 <= g <= 20)
54,583,16,True,89,89,MOT17-05,movel,False,mantido
54,585,1,True,89,89,MOT17-05,movel,False,mantido
53,586,1,True,99,99,MOT17-05,movel,False,mantido
54,587,1,True,89,89,MOT17-05,movel,False,mantido
54,588,0,False,89,99,MOT17-05,movel,False,troca entre vizinhos (g = 0)
67,613,1,True,105,105,MOT17-05,movel,False,mantido
109,621,1,True,107,107,MOT17-05,movel,False,mantido
66,622,1,True,108,108,MOT17-05,movel,False,mantido
129,626,1,True,104,104,MOT17-05,movel,False,mantido
128,639,2,True,87,87,MOT17-05,movel,False,mantido
109,646,24,False,107,110,MOT17-05,movel,True,morta e renascida (g > 20)
67,659,1,True,105,105,MOT17-05,movel,False,mantido
67,661,1,True,105,105,MOT17-05,movel,False,mantido
67,669,1,True,105,105,MOT17-05,movel,False,mantido
67,672,2,True,105,105,MOT17-05,movel,False,mantido
73,685,1,True,114,114,MOT17-05,movel,False,mantido
67,687,1,True,105,105,MOT17-05,movel,False,mantido
67,690,2,True,105,105,MOT17-05,movel,False,mantido
75,690,7,True,113,113,MOT17-05,movel,False,mantido
78,696,1,True,117,117,MOT17-05,movel,False,mantido
76,697,0,False,116,114,MOT17-05,movel,False,troca entre vizinhos (g = 0)
75,699,8,False,113,116,MOT17-05,movel,False,perdida no coasting (1 <= g <= 20)
66,704,1,True,108,108,MOT17-05,movel,False,mantido
77,704,10,False,115,119,MOT17-05,movel,True,perdida no coasting (1 <= g <= 20)
128,707,41,False,87,120,MOT17-05,movel,True,morta e renascida (g > 20)
66,712,1,True,108,108,MOT17-05,movel,False,mantido
66,715,1,True,108,108,MOT17-05,movel,False,mantido
128,717,1,True,120,120,MOT17-05,movel,False,mantido
66,723,1,True,108,108,MOT17-05,movel,False,mantido
128,725,1,True,120,120,MOT17-05,movel,False,mantido
128,735,4,True,120,120,MOT17-05,movel,False,mantido
87,741,1,True,125,125,MOT17-05,movel,False,mantido
128,741,2,True,120,120,MOT17-05,movel,False,mantido
87,743,1,True,125,125,MOT17-05,movel,False,mantido
128,747,1,True,120,120,MOT17-05,movel,False,mantido
87,749,1,True,125,125,MOT17-05,movel,False,mantido
85,755,11,False,122,130,MOT17-05,movel,False,perdida no coasting (1 <= g <= 20)
84,760,12,False,127,132,MOT17-05,movel,True,perdida no coasting (1 <= g <= 20)
98,761,7,False,128,127,MOT17-05,movel,False,perdida no coasting (1 <= g <= 20)
89,762,6,False,122,128,MOT17-05,movel,False,perdida no coasting (1 <= g <= 20)
87,764,2,True,125,125,MOT17-05,movel,False,mantido
96,768,1,False,131,132,MOT17-05,movel,False,perdida no coasting (1 <= g <= 20)
89,770,0,False,128,122,MOT17-05,movel,False,troca entre vizinhos (g = 0)
98,773,4,False,127,132,MOT17-05,movel,False,perdida no coasting (1 <= g <= 20)
90,775,0,False,133,128,MOT17-05,movel,False,troca entre vizinhos (g = 0)
96,777,8,False,132,133,MOT17-05,movel,False,perdida no coasting (1 <= g <= 20)
83,779,23,False,121,137,MOT17-05,movel,True,morta e renascida (g > 20)
89,781,6,False,122,133,MOT17-05,movel,False,perdida no coasting (1 <= g <= 20)
96,784,3,False,133,122,MOT17-05,movel,False,perdida no coasting (1 <= g <= 20)
84,785,23,False,132,128,MOT17-05,movel,False,morta e renascida (g > 20)
98,796,16,False,132,133,MOT17-05,movel,False,perdida no coasting (1 <= g <= 20)
99,796,0,False,141,132,MOT17-05,movel,False,troca entre vizinhos (g = 0)
110,799,1,True,142,142,MOT17-05,movel,False,mantido
110,803,2,True,142,142,MOT17-05,movel,False,mantido
110,805,1,True,142,142,MOT17-05,movel,False,mantido
97,809,0,False,140,142,MOT17-05,movel,False,troca entre vizinhos (g = 0)
97,810,0,False,142,140,MOT17-05,movel,False,troca entre vizinhos (g = 0)
110,814,7,True,142,142,MOT17-05,movel,False,mantido
99,816,13,False,132,146,MOT17-05,movel,True,perdida no coasting (1 <= g <= 20)
103,818,2,True,145,145,MOT17-05,movel,False,mantido
110,818,3,True,142,142,MOT17-05,movel,False,mantido
110,820,1,True,142,142,MOT17-05,movel,False,mantido
71,822,43,False,112,148,MOT17-05,movel,True,morta e renascida (g > 20)
21,3,1,True,3,3,MOT17-09,parada,False,mantido
16,14,1,True,6,6,MOT17-09,parada,False,mantido
16,17,2,True,6,6,MOT17-09,parada,False,mantido
21,17,1,True,3,3,MOT17-09,parada,False,mantido
21,25,2,True,3,3,MOT17-09,parada,False,mantido
21,33,1,True,3,3,MOT17-09,parada,False,mantido
21,54,1,True,3,3,MOT17-09,parada,False,mantido
1,55,26,False,4,9,MOT17-09,parada,True,morta e renascida (g > 20)
21,58,1,True,3,3,MOT17-09,parada,False,mantido
21,60,1,True,3,3,MOT17-09,parada,False,mantido
21,62,1,True,3,3,MOT17-09,parada,False,mantido
21,70,1,True,3,3,MOT17-09,parada,False,mantido
21,87,3,True,3,3,MOT17-09,parada,False,mantido
21,90,1,True,3,3,MOT17-09,parada,False,mantido
21,103,1,True,3,3,MOT17-09,parada,False,mantido
23,154,39,False,7,12,MOT17-09,parada,True,morta e renascida (g > 20)
10,158,1,True,13,13,MOT17-09,parada,False,mantido
8,160,1,True,11,11,MOT17-09,parada,False,mantido
10,167,1,True,13,13,MOT17-09,parada,False,mantido
22,168,71,False,2,14,MOT17-09,parada,True,morta e renascida (g > 20)
21,172,68,False,3,15,MOT17-09,parada,True,morta e renascida (g > 20)
7,173,23,False,10,13,MOT17-09,parada,False,morta e renascida (g > 20)
10,173,0,False,13,11,MOT17-09,parada,False,troca entre vizinhos (g = 0)
8,182,12,False,11,16,MOT17-09,parada,True,perdida no coasting (1 <= g <= 20)
10,186,12,False,11,18,MOT17-09,parada,True,perdida no coasting (1 <= g <= 20)
1,187,25,False,9,18,MOT17-09,parada,False,morta e renascida (g > 20)
10,187,0,False,18,16,MOT17-09,parada,False,troca entre vizinhos (g = 0)
7,190,10,False,13,11,MOT17-09,parada,False,perdida no coasting (1 <= g <= 20)
11,191,2,True,17,17,MOT17-09,parada,False,mantido
29,194,6,False,17,20,MOT17-09,parada,True,perdida no coasting (1 <= g <= 20)
7,196,1,True,11,11,MOT17-09,parada,False,mantido
11,198,6,False,17,1,MOT17-09,parada,False,perdida no coasting (1 <= g <= 20)
8,199,14,False,16,21,MOT17-09,parada,True,perdida no coasting (1 <= g <= 20)
21,200,6,True,15,15,MOT17-09,parada,False,mantido
10,203,15,False,16,22,MOT17-09,parada,True,perdida no coasting (1 <= g <= 20)
21,204,1,True,15,15,MOT17-09,parada,False,mantido
21,206,1,True,15,15,MOT17-09,parada,False,mantido
1,208,15,False,18,16,MOT17-09,parada,False,perdida no coasting (1 <= g <= 20)
29,209,7,False,20,18,MOT17-09,parada,False,perdida no coasting (1 <= g <= 20)
21,211,4,True,15,15,MOT17-09,parada,False,mantido
11,213,7,False,1,20,MOT17-09,parada,False,perdida no coasting (1 <= g <= 20)
21,213,1,True,15,15,MOT17-09,parada,False,mantido
12,217,7,False,17,1,MOT17-09,parada,False,perdida no coasting (1 <= g <= 20)
21,217,1,True,15,15,MOT17-09,parada,False,mantido
21,220,1,True,15,15,MOT17-09,parada,False,mantido
21,223,1,True,15,15,MOT17-09,parada,False,mantido
13,226,2,True,24,24,MOT17-09,parada,False,mantido
21,226,1,True,15,15,MOT17-09,parada,False,mantido
11,229,0,False,20,16,MOT17-09,parada,False,troca entre vizinhos (g = 0)
21,229,1,True,15,15,MOT17-09,parada,False,mantido
21,231,1,True,15,15,MOT17-09,parada,False,mantido
23,236,1,True,12,12,MOT17-09,parada,False,mantido
18,238,1,True,19,19,MOT17-09,parada,False,mantido
12,240,0,False,1,20,MOT17-09,parada,False,troca entre vizinhos (g = 0)
23,240,2,True,12,12,MOT17-09,parada,False,mantido
22,241,3,True,14,14,MOT17-09,parada,False,mantido
21,244,1,True,15,15,MOT17-09,parada,False,mantido
1,245,35,False,16,25,MOT17-09,parada,True,morta e renascida (g > 20)
13,246,1,True,24,24,MOT17-09,parada,False,mantido
13,247,0,False,24,1,MOT17-09,parada,False,troca entre vizinhos (g = 0)
11,249,4,True,16,16,MOT17-09,parada,False,mantido
13,249,1,True,1,1,MOT17-09,parada,False,mantido
1,251,1,True,25,25,MOT17-09,parada,False,mantido
10,254,1,True,22,22,MOT17-09,parada,False,mantido
12,254,0,False,20,16,MOT17-09,parada,False,troca entre vizinhos (g = 0)
13,261,0,False,1,20,MOT17-09,parada,False,troca entre vizinhos (g = 0)
10,280,8,True,22,22,MOT17-09,parada,False,mantido
29,281,1,True,18,18,MOT17-09,parada,False,mantido
10,282,1,True,22,22,MOT17-09,parada,False,mantido
11,285,34,False,16,27,MOT17-09,parada,True,morta e renascida (g > 20)
10,286,3,True,22,22,MOT17-09,parada,False,mantido
18,288,48,False,19,12,MOT17-09,parada,False,morta e renascida (g > 20)
12,289,0,False,16,18,MOT17-09,parada,False,troca entre vizinhos (g = 0)
12,290,0,False,18,16,MOT17-09,parada,False,troca entre vizinhos (g = 0)
12,291,0,False,16,18,MOT17-09,parada,False,troca entre vizinhos (g = 0)
18,293,4,True,12,12,MOT17-09,parada,False,mantido
22,294,1,True,14,14,MOT17-09,parada,False,mantido
10,295,2,True,22,22,MOT17-09,parada,False,mantido
18,296,2,True,12,12,MOT17-09,parada,False,mantido
10,298,1,True,22,22,MOT17-09,parada,False,mantido
8,299,1,True,21,21,MOT17-09,parada,False,mantido
18,300,1,True,12,12,MOT17-09,parada,False,mantido
22,300,1,True,14,14,MOT17-09,parada,False,mantido
8,301,1,True,21,21,MOT17-09,parada,False,mantido
22,303,1,True,14,14,MOT17-09,parada,False,mantido
10,304,2,True,22,22,MOT17-09,parada,False,mantido
10,306,1,True,22,22,MOT17-09,parada,False,mantido
8,311,8,True,21,21,MOT17-09,parada,False,mantido
10,311,1,True,22,22,MOT17-09,parada,False,mantido
21,325,2,True,15,15,MOT17-09,parada,False,mantido
11,334,1,True,27,27,MOT17-09,parada,False,mantido
7,338,141,False,11,29,MOT17-09,parada,True,morta e renascida (g > 20)
21,347,1,True,15,15,MOT17-09,parada,False,mantido
21,351,3,True,15,15,MOT17-09,parada,False,mantido
11,354,19,True,27,27,MOT17-09,parada,False,mantido
13,355,1,True,20,20,MOT17-09,parada,False,mantido
29,359,73,False,18,30,MOT17-09,parada,True,morta e renascida (g > 20)
8,362,1,True,21,21,MOT17-09,parada,False,mantido
21,369,3,True,15,15,MOT17-09,parada,False,mantido
12,370,0,False,18,30,MOT17-09,parada,False,troca entre vizinhos (g = 0)
21,374,4,True,15,15,MOT17-09,parada,False,mantido
10,375,63,False,22,33,MOT17-09,parada,True,morta e renascida (g > 20)
22,376,1,True,14,14,MOT17-09,parada,False,mantido
10,377,1,True,33,33,MOT17-09,parada,False,mantido
22,380,0,False,14,21,MOT17-09,parada,False,troca entre vizinhos (g = 0)
22,381,0,False,21,14,MOT17-09,parada,False,troca entre vizinhos (g = 0)
7,389,1,True,29,29,MOT17-09,parada,False,mantido
7,394,2,True,29,29,MOT17-09,parada,False,mantido
29,404,44,False,30,29,MOT17-09,parada,False,morta e renascida (g > 20)
12,406,1,True,30,30,MOT17-09,parada,False,mantido
29,408,1,True,29,29,MOT17-09,parada,False,mantido
12,410,2,True,30,30,MOT17-09,parada,False,mantido
12,412,1,True,30,30,MOT17-09,parada,False,mantido
10,414,1,True,33,33,MOT17-09,parada,False,mantido
29,415,1,True,29,29,MOT17-09,parada,False,mantido
12,416,1,True,30,30,MOT17-09,parada,False,mantido
6,419,10,False,32,36,MOT17-09,parada,True,perdida no coasting (1 <= g <= 20)
12,422,2,False,30,29,MOT17-09,parada,False,perdida no coasting (1 <= g <= 20)
29,423,1,False,29,33,MOT17-09,parada,False,perdida no coasting (1 <= g <= 20)
29,425,1,True,33,33,MOT17-09,parada,False,mantido
12,427,1,True,29,29,MOT17-09,parada,False,mantido
11,429,74,False,27,20,MOT17-09,parada,False,morta e renascida (g > 20)
13,430,1,True,20,20,MOT17-09,parada,False,mantido
11,434,4,True,20,20,MOT17-09,parada,False,mantido
13,434,0,False,20,30,MOT17-09,parada,False,troca entre vizinhos (g = 0)
1,435,178,False,25,30,MOT17-09,parada,False,morta e renascida (g > 20)
13,438,3,False,30,20,MOT17-09,parada,False,perdida no coasting (1 <= g <= 20)
11,439,1,False,20,38,MOT17-09,parada,True,perdida no coasting (1 <= g <= 20)
11,440,0,False,38,20,MOT17-09,parada,False,troca entre vizinhos (g = 0)
13,440,0,False,20,30,MOT17-09,parada,False,troca entre vizinhos (g = 0)
12,442,0,False,29,33,MOT17-09,parada,False,troca entre vizinhos (g = 0)
13,446,1,True,30,30,MOT17-09,parada,False,mantido
17,448,1,True,37,37,MOT17-09,parada,False,mantido
17,450,1,True,37,37,MOT17-09,parada,False,mantido
14,452,0,False,33,30,MOT17-09,parada,False,troca entre vizinhos (g = 0)
15,456,0,False,29,33,MOT17-09,parada,False,troca entre vizinhos (g = 0)
14,459,0,False,30,20,MOT17-09,parada,False,troca entre vizinhos (g = 0)
2,460,0,False,28,39,MOT17-09,parada,False,troca entre vizinhos (g = 0)
4,460,7,False,39,28,MOT17-09,parada,False,perdida no coasting (1 <= g <= 20)
14,460,0,False,20,30,MOT17-09,parada,False,troca entre vizinhos (g = 0)
13,461,14,False,30,29,MOT17-09,parada,False,perdida no coasting (1 <= g <= 20)
15,463,1,True,33,33,MOT17-09,parada,False,mantido
11,468,16,False,20,33,MOT17-09,parada,False,perdida no coasting (1 <= g <= 20)
15,468,0,False,33,20,MOT17-09,parada,False,troca entre vizinhos (g = 0)
11,470,1,True,33,33,MOT17-09,parada,False,mantido
3,493,14,False,34,20,MOT17-09,parada,False,perdida no coasting (1 <= g <= 20)
15,493,0,False,20,30,MOT17-09,parada,False,troca entre vizinhos (g = 0)
6,495,0,False,36,34,MOT17-09,parada,False,troca entre vizinhos (g = 0)
14,495,6,False,30,36,MOT17-09,parada,False,perdida no coasting (1 <= g <= 20)
6,502,0,False,34,30,MOT17-09,parada,False,troca entre vizinhos (g = 0)
15,502,6,False,30,34,MOT17-09,parada,False,perdida no coasting (1 <= g <= 20)
4,511,1,True,28,28,MOT17-09,parada,False,mantido
14,513,0,False,36,40,MOT17-09,parada,False,troca entre vizinhos (g = 0)
9,520,13,False,40,34,MOT17-09,parada,False,perdida no coasting (1 <= g <= 20)
15,520,0,False,34,36,MOT17-09,parada,False,troca entre vizinhos (g = 0)
26,2,1,True,11,11,MOT17-10,movel,False,mantido
40,2,1,False,18,19,MOT17-10,movel,True,perdida no coasting (1 <= g <= 20)
27,4,0,False,17,16,MOT17-10,movel,False,troca entre vizinhos (g = 0)
28,4,1,False,16,20,MOT17-10,movel,True,perdida no coasting (1 <= g <= 20)
38,4,0,False,14,17,MOT17-10,movel,False,troca entre vizinhos (g = 0)
39,5,1,False,12,18,MOT17-10,movel,False,perdida no coasting (1 <= g <= 20)
40,5,1,False,19,21,MOT17-10,movel,False,perdida no coasting (1 <= g <= 20)
22,7,1,True,13,13,MOT17-10,movel,False,mantido
23,7,1,True,15,15,MOT17-10,movel,False,mantido
26,7,1,True,11,11,MOT17-10,movel,False,mantido
28,7,0,False,20,12,MOT17-10,movel,False,troca entre vizinhos (g = 0)
40,7,1,True,21,21,MOT17-10,movel,False,mantido
18,8,1,True,4,4,MOT17-10,movel,False,mantido
27,9,0,False,16,20,MOT17-10,movel,False,troca entre vizinhos (g = 0)
39,13,1,True,18,18,MOT17-10,movel,False,mantido
39,14,0,False,18,19,MOT17-10,movel,False,troca entre vizinhos (g = 0)
41,14,2,False,22,23,MOT17-10,movel,True,perdida no coasting (1 <= g <= 20)
27,15,2,False,20,12,MOT17-10,movel,False,perdida no coasting (1 <= g <= 20)
28,15,0,False,12,18,MOT17-10,movel,False,troca entre vizinhos (g = 0)
38,15,2,False,17,20,MOT17-10,movel,False,perdida no coasting (1 <= g <= 20)
18,16,1,True,4,4,MOT17-10,movel,False,mantido
39,16,1,True,19,19,MOT17-10,movel,False,mantido
40,16,0,False,21,22,MOT17-10,movel,False,troca entre vizinhos (g = 0)
26,18,3,True,11,11,MOT17-10,movel,False,mantido
39,18,1,True,19,19,MOT17-10,movel,False,mantido
41,18,2,True,23,23,MOT17-10,movel,False,mantido
18,19,2,False,4,25,MOT17-10,movel,True,perdida no coasting (1 <= g <= 20)
22,19,0,False,13,24,MOT17-10,movel,True,troca entre vizinhos (g = 0)
28,19,2,False,18,27,MOT17-10,movel,True,perdida no coasting (1 <= g <= 20)
38,19,2,False,20,12,MOT17-10,movel,False,perdida no coasting (1 <= g <= 20)
39,19,0,False,19,21,MOT17-10,movel,False,troca entre vizinhos (g = 0)
40,19,1,False,22,26,MOT17-10,movel,True,perdida no coasting (1 <= g <= 20)
27,20,3,False,12,18,MOT17-10,movel,False,perdida no coasting (1 <= g <= 20)
39,20,0,False,21,22,MOT17-10,movel,False,troca entre vizinhos (g = 0)
38,21,0,False,12,18,MOT17-10,movel,False,troca entre vizinhos (g = 0)
39,21,0,False,22,29,MOT17-10,movel,True,troca entre vizinhos (g = 0)
4,22,0,False,9,11,MOT17-10,movel,False,troca entre vizinhos (g = 0)
27,22,1,False,18,21,MOT17-10,movel,False,perdida no coasting (1 <= g <= 20)
41,22,1,False,23,28,MOT17-10,movel,False,perdida no coasting (1 <= g <= 20)
28,23,2,False,27,29,MOT17-10,movel,False,perdida no coasting (1 <= g <= 20)
2,24,12,False,1,30,MOT17-10,movel,True,perdida no coasting (1 <= g <= 20)
4,24,0,False,11,31,MOT17-10,movel,True,troca entre vizinhos (g = 0)
8,24,0,False,7,34,MOT17-10,movel,True,troca entre vizinhos (g = 0)
13,24,0,False,6,33,MOT17-10,movel,True,troca entre vizinhos (g = 0)
18,24,0,False,25,32,MOT17-10,movel,True,troca entre vizinhos (g = 0)
22,24,0,False,24,35,MOT17-10,movel,True,troca entre vizinhos (g = 0)
38,24,1,False,18,22,MOT17-10,movel,False,perdida no coasting (1 <= g <= 20)
39,24,2,False,29,23,MOT17-10,movel,False,perdida no coasting (1 <= g <= 20)
40,24,2,False,26,28,MOT17-10,movel,False,perdida no coasting (1 <= g <= 20)
4,25,0,False,31,6,MOT17-10,movel,False,troca entre vizinhos (g = 0)
22,25,0,False,35,36,MOT17-10,movel,True,troca entre vizinhos (g = 0)
26,25,6,False,11,4,MOT17-10,movel,False,perdida no coasting (1 <= g <= 20)
28,25,1,False,29,26,MOT17-10,movel,False,perdida no coasting (1 <= g <= 20)
38,25,0,False,22,29,MOT17-10,movel,False,troca entre vizinhos (g = 0)
4,26,0,False,6,4,MOT17-10,movel,False,troca entre vizinhos (g = 0)
13,26,1,False,33,25,MOT17-10,movel,False,perdida no coasting (1 <= g <= 20)
15,26,0,False,8,7,MOT17-10,movel,False,troca entre vizinhos (g = 0)
18,26,0,False,32,38,MOT17-10,movel,True,troca entre vizinhos (g = 0)
22,26,0,False,36,37,MOT17-10,movel,True,troca entre vizinhos (g = 0)
26,26,0,False,4,33,MOT17-10,movel,False,troca entre vizinhos (g = 0)
27,26,3,False,21,23,MOT17-10,movel,False,perdida no coasting (1 <= g <= 20)
40,26,1,False,28,39,MOT17-10,movel,True,perdida no coasting (1 <= g <= 20)
13,27,0,False,25,32,MOT17-10,movel,False,troca entre vizinhos (g = 0)
22,27,0,False,37,40,MOT17-10,movel,True,troca entre vizinhos (g = 0)
28,27,1,False,26,43,MOT17-10,movel,True,perdida no coasting (1 <= g <= 20)
38,27,1,False,29,26,MOT17-10,movel,False,perdida no coasting (1 <= g <= 20)
39,27,2,False,23,42,MOT17-10,movel,True,perdida no coasting (1 <= g <= 20)
4,28,0,False,4,33,MOT17-10,movel,False,troca entre vizinhos (g = 0)
26,28,1,False,33,25,MOT17-10,movel,False,perdida no coasting (1 <= g <= 20)
27,28,0,False,23,43,MOT17-10,movel,False,troca entre vizinhos (g = 0)
28,28,0,False,43,28,MOT17-10,movel,False,troca entre vizinhos (g = 0)
38,28,0,False,26,23,MOT17-10,movel,False,troca entre vizinhos (g = 0)
41,28,5,False,28,41,MOT17-10,movel,False,perdida no coasting (1 <= g <= 20)
4,29,0,False,33,25,MOT17-10,movel,False,troca entre vizinhos (g = 0)
13,29,0,False,32,44,MOT17-10,movel,True,troca entre vizinhos (g = 0)
18,29,0,False,38,46,MOT17-10,movel,True,troca entre vizinhos (g = 0)
22,29,0,False,40,45,MOT17-10,movel,True,troca entre vizinhos (g = 0)
26,29,0,False,25,32,MOT17-10,movel,False,troca entre vizinhos (g = 0)
27,29,0,False,43,48,MOT17-10,movel,True,troca entre vizinhos (g = 0)
28,29,0,False,28,42,MOT17-10,movel,False,troca entre vizinhos (g = 0)
38,29,0,False,23,28,MOT17-10,movel,False,troca entre vizinhos (g = 0)
39,29,0,False,42,39,MOT17-10,movel,False,troca entre vizinhos (g = 0)
41,29,0,False,41,47,MOT17-10,movel,True,troca entre vizinhos (g = 0)
40,30,1,False,39,41,MOT17-10,movel,False,perdida no coasting (1 <= g <= 20)
22,31,0,False,45,49,MOT17-10,movel,True,troca entre vizinhos (g = 0)
27,31,0,False,48,42,MOT17-10,movel,False,troca entre vizinhos (g = 0)
28,31,0,False,42,52,MOT17-10,movel,True,troca entre vizinhos (g = 0)
39,31,0,False,39,51,MOT17-10,movel,True,troca entre vizinhos (g = 0)
40,31,0,False,41,50,MOT17-10,movel,True,troca entre vizinhos (g = 0)
13,32,0,False,44,38,MOT17-10,movel,False,troca entre vizinhos (g = 0)
15,32,1,True,7,7,MOT17-10,movel,False,mantido
26,32,0,False,32,44,MOT17-10,movel,False,troca entre vizinhos (g = 0)
27,32,0,False,42,52,MOT17-10,movel,False,troca entre vizinhos (g = 0)
28,32,0,False,52,39,MOT17-10,movel,False,troca entre vizinhos (g = 0)
38,32,0,False,28,48,MOT17-10,movel,False,troca entre vizinhos (g = 0)
41,32,0,False,47,53,MOT17-10,movel,True,troca entre vizinhos (g = 0)
4,33,0,False,25,32,MOT17-10,movel,False,troca entre vizinhos (g = 0)
27,33,0,False,52,54,MOT17-10,movel,True,troca entre vizinhos (g = 0)
38,33,0,False,48,52,MOT17-10,movel,False,troca entre vizinhos (g = 0)
39,33,0,False,51,41,MOT17-10,movel,False,troca entre vizinhos (g = 0)
40,33,0,False,50,47,MOT17-10,movel,False,troca entre vizinhos (g = 0)
27,34,0,False,54,39,MOT17-10,movel,False,troca entre vizinhos (g = 0)
28,34,1,False,39,41,MOT17-10,movel,False,perdida no coasting (1 <= g <= 20)
39,34,0,False,41,50,MOT17-10,movel,False,troca entre vizinhos (g = 0)
40,34,0,False,47,53,MOT17-10,movel,False,troca entre vizinhos (g = 0)
41,34,0,False,53,55,MOT17-10,movel,True,troca entre vizinhos (g = 0)
38,35,0,False,52,54,MOT17-10,movel,False,troca entre vizinhos (g = 0)
28,36,1,True,41,41,MOT17-10,movel,False,mantido
6,37,34,False,10,7,MOT17-10,movel,False,morta e renascida (g > 20)
27,37,2,False,39,41,MOT17-10,movel,False,perdida no coasting (1 <= g <= 20)
28,38,1,False,41,50,MOT17-10,movel,False,perdida no coasting (1 <= g <= 20)
38,38,1,False,54,51,MOT17-10,movel,False,perdida no coasting (1 <= g <= 20)
39,38,0,False,50,47,MOT17-10,movel,False,troca entre vizinhos (g = 0)
4,39,0,False,32,44,MOT17-10,movel,False,troca entre vizinhos (g = 0)
40,39,0,False,53,56,MOT17-10,movel,True,troca entre vizinhos (g = 0)
26,41,2,False,44,57,MOT17-10,movel,True,perdida no coasting (1 <= g <= 20)
43,41,0,False,18,19,MOT17-10,movel,False,troca entre vizinhos (g = 0)
39,42,0,False,47,53,MOT17-10,movel,False,troca entre vizinhos (g = 0)
4,43,0,False,44,57,MOT17-10,movel,False,troca entre vizinhos (g = 0)
28,43,1,False,50,47,MOT17-10,movel,False,perdida no coasting (1 <= g <= 20)
26,44,2,False,57,58,MOT17-10,movel,True,perdida no coasting (1 <= g <= 20)
38,44,0,False,51,41,MOT17-10,movel,False,troca entre vizinhos (g = 0)
6,45,7,True,7,7,MOT17-10,movel,False,mantido
27,45,2,False,41,50,MOT17-10,movel,False,perdida no coasting (1 <= g <= 20)
28,46,0,False,47,53,MOT17-10,movel,False,troca entre vizinhos (g = 0)
26,47,2,True,58,58,MOT17-10,movel,False,mantido
38,47,1,True,41,41,MOT17-10,movel,False,mantido
27,48,0,False,50,47,MOT17-10,movel,False,troca entre vizinhos (g = 0)
38,49,0,False,41,50,MOT17-10,movel,False,troca entre vizinhos (g = 0)
26,51,3,False,58,59,MOT17-10,movel,True,perdida no coasting (1 <= g <= 20)
28,51,1,True,53,53,MOT17-10,movel,False,mantido
4,53,0,False,57,59,MOT17-10,movel,False,troca entre vizinhos (g = 0)
11,53,8,True,7,7,MOT17-10,movel,False,mantido
40,53,0,False,56,60,MOT17-10,movel,False,troca entre vizinhos (g = 0)
6,54,1,False,7,61,MOT17-10,movel,True,perdida no coasting (1 <= g <= 20)
40,54,0,False,60,62,MOT17-10,movel,True,troca entre vizinhos (g = 0)
41,54,1,False,55,63,MOT17-10,movel,True,perdida no coasting (1 <= g <= 20)
28,55,1,False,53,56,MOT17-10,movel,False,perdida no coasting (1 <= g <= 20)
38,55,0,False,50,47,MOT17-10,movel,False,troca entre vizinhos (g = 0)
11,56,1,True,7,7,MOT17-10,movel,False,mantido
15,56,23,False,7,34,MOT17-10,movel,False,morta e renascida (g > 20)
27,56,2,False,47,53,MOT17-10,movel,False,perdida no coasting (1 <= g <= 20)
28,58,2,False,56,60,MOT17-10,movel,False,perdida no coasting (1 <= g <= 20)
40,58,0,False,62,55,MOT17-10,movel,False,troca entre vizinhos (g = 0)
42,59,6,False,60,65,MOT17-10,movel,True,perdida no coasting (1 <= g <= 20)
42,60,0,False,65,64,MOT17-10,movel,False,troca entre vizinhos (g = 0)
40,61,2,False,55,64,MOT17-10,movel,False,perdida no coasting (1 <= g <= 20)
42,62,1,False,64,65,MOT17-10,movel,False,perdida no coasting (1 <= g <= 20)
42,65,2,True,65,65,MOT17-10,movel,False,mantido
18,68,2,True,46,46,MOT17-10,movel,False,mantido
23,69,61,False,15,67,MOT17-10,movel,True,morta e renascida (g > 20)
7,70,1,True,66,66,MOT17-10,movel,False,mantido
12,70,0,False,66,69,MOT17-10,movel,True,troca entre vizinhos (g = 0)
23,71,1,True,67,67,MOT17-10,movel,False,mantido
18,76,7,True,46,46,MOT17-10,movel,False,mantido
26,93,40,False,59,72,MOT17-10,movel,True,morta e renascida (g > 20)
26,96,2,True,72,72,MOT17-10,movel,False,mantido
26,99,1,True,72,72,MOT17-10,movel,False,mantido
26,103,2,True,72,72,MOT17-10,movel,False,mantido
30,106,1,True,71,71,MOT17-10,movel,False,mantido
34,108,1,True,73,73,MOT17-10,movel,False,mantido
23,109,21,False,67,75,MOT17-10,movel,True,morta e renascida (g > 20)
30,111,1,True,71,71,MOT17-10,movel,False,mantido
18,118,41,False,46,59,MOT17-10,movel,False,morta e renascida (g > 20)
24,118,23,False,44,76,MOT17-10,movel,True,morta e renascida (g > 20)
4,119,1,True,59,59,MOT17-10,movel,False,mantido
23,119,1,True,75,75,MOT17-10,movel,False,mantido
29,119,0,False,70,73,MOT17-10,movel,False,troca entre vizinhos (g = 0)
7,120,0,False,66,19,MOT17-10,movel,False,troca entre vizinhos (g = 0)
24,120,1,True,76,76,MOT17-10,movel,False,mantido
26,120,0,False,72,78,MOT17-10,movel,True,troca entre vizinhos (g = 0)
29,121,0,False,73,79,MOT17-10,movel,False,troca entre vizinhos (g = 0)
43,121,1,False,19,77,MOT17-10,movel,False,perdida no coasting (1 <= g <= 20)
11,122,30,False,7,81,MOT17-10,movel,True,morta e renascida (g > 20)
29,123,0,False,79,82,MOT17-10,movel,True,troca entre vizinhos (g = 0)
30,123,11,False,71,79,MOT17-10,movel,False,perdida no coasting (1 <= g <= 20)
4,125,0,False,59,72,MOT17-10,movel,False,troca entre vizinhos (g = 0)
13,125,0,False,38,59,MOT17-10,movel,False,troca entre vizinhos (g = 0)
29,126,0,False,82,84,MOT17-10,movel,True,troca entre vizinhos (g = 0)
30,126,1,False,79,82,MOT17-10,movel,False,perdida no coasting (1 <= g <= 20)
43,126,1,False,77,83,MOT17-10,movel,False,perdida no coasting (1 <= g <= 20)
26,130,0,False,78,85,MOT17-10,movel,True,troca entre vizinhos (g = 0)
45,130,0,False,80,86,MOT17-10,movel,True,troca entre vizinhos (g = 0)
7,135,0,False,19,38,MOT17-10,movel,False,troca entre vizinhos (g = 0)
29,135,1,True,84,84,MOT17-10,movel,False,mantido
44,135,1,False,80,88,MOT17-10,movel,True,perdida no coasting (1 <= g <= 20)
9,136,1,True,5,5,MOT17-10,movel,False,mantido
9,138,1,True,5,5,MOT17-10,movel,False,mantido
44,138,2,False,88,89,MOT17-10,movel,True,perdida no coasting (1 <= g <= 20)
44,141,1,False,89,91,MOT17-10,movel,True,perdida no coasting (1 <= g <= 20)
7,145,0,False,38,59,MOT17-10,movel,False,troca entre vizinhos (g = 0)
43,146,3,False,83,92,MOT17-10,movel,True,perdida no coasting (1 <= g <= 20)
9,147,6,True,5,5,MOT17-10,movel,False,mantido
43,148,1,True,92,92,MOT17-10,movel,False,mantido
18,150,31,False,59,94,MOT17-10,movel,True,morta e renascida (g > 20)
18,152,1,True,94,94,MOT17-10,movel,False,mantido
9,154,3,True,5,5,MOT17-10,movel,False,mantido
43,154,4,True,92,92,MOT17-10,movel,False,mantido
18,155,1,True,94,94,MOT17-10,movel,False,mantido
18,157,1,True,94,94,MOT17-10,movel,False,mantido
34,157,48,False,73,95,MOT17-10,movel,True,morta e renascida (g > 20)
44,158,1,True,91,91,MOT17-10,movel,False,mantido
18,159,1,True,94,94,MOT17-10,movel,False,mantido
30,159,2,True,82,82,MOT17-10,movel,False,mantido
43,159,3,True,92,92,MOT17-10,movel,False,mantido
23,160,1,True,75,75,MOT17-10,movel,False,mantido
30,161,1,False,82,97,MOT17-10,movel,False,perdida no coasting (1 <= g <= 20)
44,161,1,False,91,96,MOT17-10,movel,False,perdida no coasting (1 <= g <= 20)
43,163,1,True,92,92,MOT17-10,movel,False,mantido
18,165,1,False,94,99,MOT17-10,movel,True,perdida no coasting (1 <= g <= 20)
43,165,1,True,92,92,MOT17-10,movel,False,mantido
45,165,0,False,86,91,MOT17-10,movel,False,troca entre vizinhos (g = 0)
25,166,0,False,94,99,MOT17-10,movel,False,troca entre vizinhos (g = 0)
44,167,5,False,96,100,MOT17-10,movel,False,perdida no coasting (1 <= g <= 20)
18,170,4,True,99,99,MOT17-10,movel,False,mantido
30,170,0,False,97,104,MOT17-10,movel,True,troca entre vizinhos (g = 0)
34,170,0,False,95,82,MOT17-10,movel,False,troca entre vizinhos (g = 0)
43,170,0,False,92,102,MOT17-10,movel,True,troca entre vizinhos (g = 0)
44,172,3,False,100,107,MOT17-10,movel,True,perdida no coasting (1 <= g <= 20)
43,174,1,True,102,102,MOT17-10,movel,False,mantido
44,174,1,False,107,108,MOT17-10,movel,True,perdida no coasting (1 <= g <= 20)
4,175,1,True,72,72,MOT17-10,movel,False,mantido
13,175,45,False,59,110,MOT17-10,movel,True,morta e renascida (g > 20)
30,175,4,False,104,109,MOT17-10,movel,False,perdida no coasting (1 <= g <= 20)
34,175,1,True,82,82,MOT17-10,movel,False,mantido
45,176,6,False,91,103,MOT17-10,movel,False,perdida no coasting (1 <= g <= 20)
31,177,1,True,111,111,MOT17-10,movel,False,mantido
25,179,9,True,99,99,MOT17-10,movel,False,mantido
30,179,3,True,109,109,MOT17-10,movel,False,mantido
18,180,1,False,99,110,MOT17-10,movel,False,perdida no coasting (1 <= g <= 20)
25,181,1,True,99,99,MOT17-10,movel,False,mantido
30,181,1,True,109,109,MOT17-10,movel,False,mantido
44,184,1,True,108,108,MOT17-10,movel,False,mantido
18,185,3,False,110,99,MOT17-10,movel,False,perdida no coasting (1 <= g <= 20)
30,187,1,True,109,109,MOT17-10,movel,False,mantido
54,187,3,True,101,101,MOT17-10,movel,False,mantido
34,188,1,True,82,82,MOT17-10,movel,False,mantido
30,189,1,True,109,109,MOT17-10,movel,False,mantido
44,189,2,True,108,108,MOT17-10,movel,False,mantido
54,191,3,True,101,101,MOT17-10,movel,False,mantido
26,192,50,False,85,111,MOT17-10,movel,False,morta e renascida (g > 20)
44,195,2,True,108,108,MOT17-10,movel,False,mantido
43,196,1,True,102,102,MOT17-10,movel,False,mantido
30,199,1,True,109,109,MOT17-10,movel,False,mantido
45,199,1,True,103,103,MOT17-10,movel,False,mantido
29,201,1,True,84,84,MOT17-10,movel,False,mantido
30,201,1,True,109,109,MOT17-10,movel,False,mantido
54,202,10,False,101,113,MOT17-10,movel,True,perdida no coasting (1 <= g <= 20)
44,203,6,False,108,112,MOT17-10,movel,False,perdida no coasting (1 <= g <= 20)
13,206,30,False,110,72,MOT17-10,movel,False,morta e renascida (g > 20)
30,207,4,True,109,109,MOT17-10,movel,False,mantido
44,208,4,False,112,115,MOT17-10,movel,True,perdida no coasting (1 <= g <= 20)
54,209,5,False,113,114,MOT17-10,movel,False,perdida no coasting (1 <= g <= 20)
44,210,0,False,115,113,MOT17-10,movel,False,troca entre vizinhos (g = 0)
54,213,3,True,114,114,MOT17-10,movel,False,mantido
31,216,24,False,111,117,MOT17-10,movel,True,morta e renascida (g > 20)
31,218,1,True,117,117,MOT17-10,movel,False,mantido
54,218,3,False,114,118,MOT17-10,movel,False,perdida no coasting (1 <= g <= 20)
32,220,1,True,99,99,MOT17-10,movel,False,mantido
4,221,15,True,72,72,MOT17-10,movel,False,mantido
13,221,0,False,72,99,MOT17-10,movel,False,troca entre vizinhos (g = 0)
32,222,1,True,99,99,MOT17-10,movel,False,mantido
18,224,8,False,99,117,MOT17-10,movel,False,perdida no coasting (1 <= g <= 20)
57,225,1,True,119,119,MOT17-10,movel,False,mantido
31,226,3,True,117,117,MOT17-10,movel,False,mantido
18,227,1,False,117,120,MOT17-10,movel,True,perdida no coasting (1 <= g <= 20)
13,228,6,True,99,99,MOT17-10,movel,False,mantido
30,229,1,True,109,109,MOT17-10,movel,False,mantido
4,230,0,False,72,99,MOT17-10,movel,False,troca entre vizinhos (g = 0)
31,230,3,False,117,120,MOT17-10,movel,False,perdida no coasting (1 <= g <= 20)
32,230,2,False,99,117,MOT17-10,movel,False,perdida no coasting (1 <= g <= 20)
56,230,1,False,116,121,MOT17-10,movel,True,perdida no coasting (1 <= g <= 20)
18,231,3,False,120,122,MOT17-10,movel,True,perdida no coasting (1 <= g <= 20)
24,232,1,True,76,76,MOT17-10,movel,False,mantido
31,234,3,False,120,122,MOT17-10,movel,False,perdida no coasting (1 <= g <= 20)
13,235,6,False,99,117,MOT17-10,movel,False,perdida no coasting (1 <= g <= 20)
4,237,1,False,99,117,MOT17-10,movel,False,perdida no coasting (1 <= g <= 20)
13,238,1,False,117,120,MOT17-10,movel,False,perdida no coasting (1 <= g <= 20)
18,238,4,False,122,124,MOT17-10,movel,True,perdida no coasting (1 <= g <= 20)
18,240,1,True,124,124,MOT17-10,movel,False,mantido
32,240,7,False,117,120,MOT17-10,movel,False,perdida no coasting (1 <= g <= 20)
13,243,3,False,120,122,MOT17-10,movel,False,perdida no coasting (1 <= g <= 20)
4,244,4,False,117,120,MOT17-10,movel,False,perdida no coasting (1 <= g <= 20)
18,244,3,True,124,124,MOT17-10,movel,False,mantido
13,245,1,True,122,122,MOT17-10,movel,False,mantido
18,246,1,True,124,124,MOT17-10,movel,False,mantido
32,247,4,True,120,120,MOT17-10,movel,False,mantido
4,248,3,True,120,120,MOT17-10,movel,False,mantido
4,250,0,False,120,122,MOT17-10,movel,False,troca entre vizinhos (g = 0)
24,250,17,False,76,126,MOT17-10,movel,True,perdida no coasting (1 <= g <= 20)
32,253,5,True,120,120,MOT17-10,movel,False,mantido
71,257,1,True,125,125,MOT17-10,movel,False,mantido
7,258,0,False,59,117,MOT17-10,movel,False,troca entre vizinhos (g = 0)
44,258,1,True,113,113,MOT17-10,movel,False,mantido
71,260,2,True,125,125,MOT17-10,movel,False,mantido
13,261,13,True,122,122,MOT17-10,movel,False,mantido
44,262,1,True,113,113,MOT17-10,movel,False,mantido
54,262,1,True,118,118,MOT17-10,movel,False,mantido
30,263,1,True,109,109,MOT17-10,movel,False,mantido
4,265,4,True,122,122,MOT17-10,movel,False,mantido
56,265,1,True,121,121,MOT17-10,movel,False,mantido
23,267,25,False,75,129,MOT17-10,movel,True,morta e renascida (g > 20)
13,269,4,False,122,130,MOT17-10,movel,True,perdida no coasting (1 <= g <= 20)
23,269,1,True,129,129,MOT17-10,movel,False,mantido
14,270,1,True,127,127,MOT17-10,movel,False,mantido
56,270,3,True,121,121,MOT17-10,movel,False,mantido
13,271,1,True,130,130,MOT17-10,movel,False,mantido
32,271,17,False,120,59,MOT17-10,movel,False,perdida no coasting (1 <= g <= 20)
54,271,7,True,118,118,MOT17-10,movel,False,mantido
30,272,2,True,109,109,MOT17-10,movel,False,mantido
71,273,10,False,125,132,MOT17-10,movel,True,perdida no coasting (1 <= g <= 20)
45,274,1,True,103,103,MOT17-10,movel,False,mantido
13,275,0,False,130,122,MOT17-10,movel,False,troca entre vizinhos (g = 0)
44,275,0,False,113,133,MOT17-10,movel,True,troca entre vizinhos (g = 0)
71,275,1,False,132,125,MOT17-10,movel,False,perdida no coasting (1 <= g <= 20)
4,276,2,True,122,122,MOT17-10,movel,False,mantido
13,276,0,False,122,130,MOT17-10,movel,False,troca entre vizinhos (g = 0)
23,276,1,True,129,129,MOT17-10,movel,False,mantido
30,276,1,True,109,109,MOT17-10,movel,False,mantido
32,276,1,False,59,134,MOT17-10,movel,True,perdida no coasting (1 <= g <= 20)
13,277,0,False,130,122,MOT17-10,movel,False,troca entre vizinhos (g = 0)
17,277,0,False,123,128,MOT17-10,movel,False,troca entre vizinhos (g = 0)
54,277,5,False,118,113,MOT17-10,movel,False,perdida no coasting (1 <= g <= 20)
4,278,1,False,122,117,MOT17-10,movel,False,perdida no coasting (1 <= g <= 20)
7,278,0,False,117,59,MOT17-10,movel,False,troca entre vizinhos (g = 0)
30,278,1,True,109,109,MOT17-10,movel,False,mantido
56,278,3,False,121,135,MOT17-10,movel,True,perdida no coasting (1 <= g <= 20)
14,279,0,False,127,136,MOT17-10,movel,True,troca entre vizinhos (g = 0)
59,279,0,False,132,137,MOT17-10,movel,True,troca entre vizinhos (g = 0)
30,280,0,False,109,141,MOT17-10,movel,True,troca entre vizinhos (g = 0)
32,280,3,False,134,138,MOT17-10,movel,True,perdida no coasting (1 <= g <= 20)
44,280,0,False,133,140,MOT17-10,movel,True,troca entre vizinhos (g = 0)
54,280,2,False,113,103,MOT17-10,movel,False,perdida no coasting (1 <= g <= 20)
13,281,0,False,122,117,MOT17-10,movel,False,troca entre vizinhos (g = 0)
14,281,1,False,136,143,MOT17-10,movel,False,perdida no coasting (1 <= g <= 20)
45,281,1,False,103,133,MOT17-10,movel,False,perdida no coasting (1 <= g <= 20)
56,281,1,False,135,139,MOT17-10,movel,False,perdida no coasting (1 <= g <= 20)
29,282,0,False,84,109,MOT17-10,movel,False,troca entre vizinhos (g = 0)
59,282,2,False,137,142,MOT17-10,movel,False,perdida no coasting (1 <= g <= 20)
45,283,1,True,133,133,MOT17-10,movel,False,mantido
54,283,2,False,103,146,MOT17-10,movel,True,perdida no coasting (1 <= g <= 20)
71,283,5,True,125,125,MOT17-10,movel,False,mantido
56,284,0,False,139,144,MOT17-10,movel,False,troca entre vizinhos (g = 0)
32,285,1,True,138,138,MOT17-10,movel,False,mantido
45,285,1,True,133,133,MOT17-10,movel,False,mantido
23,286,2,True,129,129,MOT17-10,movel,False,mantido
14,287,1,True,143,143,MOT17-10,movel,False,mantido
30,287,1,True,141,141,MOT17-10,movel,False,mantido
32,287,1,True,138,138,MOT17-10,movel,False,mantido
44,289,1,True,140,140,MOT17-10,movel,False,mantido
57,289,61,False,119,132,MOT17-10,movel,False,morta e renascida (g > 20)
30,290,2,True,141,141,MOT17-10,movel,False,mantido
54,290,5,False,146,148,MOT17-10,movel,True,perdida no coasting (1 <= g <= 20)
34,291,101,False,82,149,MOT17-10,movel,True,morta e renascida (g > 20)
30,292,1,True,141,141,MOT17-10,movel,False,mantido
31,292,54,False,122,135,MOT17-10,movel,False,morta e renascida (g > 20)
59,292,7,False,142,147,MOT17-10,movel,False,perdida no coasting (1 <= g <= 20)
54,294,3,True,148,148,MOT17-10,movel,False,mantido
30,295,1,True,141,141,MOT17-10,movel,False,mantido
4,296,17,False,117,134,MOT17-10,movel,False,perdida no coasting (1 <= g <= 20)
71,296,12,False,125,142,MOT17-10,movel,False,perdida no coasting (1 <= g <= 20)
31,302,8,False,135,138,MOT17-10,movel,False,perdida no coasting (1 <= g <= 20)
57,302,11,True,132,132,MOT17-10,movel,False,mantido
32,304,2,False,138,125,MOT17-10,movel,False,perdida no coasting (1 <= g <= 20)
71,304,1,True,142,142,MOT17-10,movel,False,mantido
4,306,2,True,134,134,MOT17-10,movel,False,mantido
44,306,0,False,140,150,MOT17-10,movel,True,troca entre vizinhos (g = 0)
57,307,4,False,132,151,MOT17-10,movel,True,perdida no coasting (1 <= g <= 20)
32,308,1,True,125,125,MOT17-10,movel,False,mantido
34,308,1,True,149,149,MOT17-10,movel,False,mantido
23,310,18,True,129,129,MOT17-10,movel,False,mantido
71,310,1,True,142,142,MOT17-10,movel,False,mantido
59,311,1,True,147,147,MOT17-10,movel,False,mantido
10,313,1,True,106,106,MOT17-10,movel,False,mantido
23,313,1,True,129,129,MOT17-10,movel,False,mantido
32,313,3,True,125,125,MOT17-10,movel,False,mantido
34,314,5,True,149,149,MOT17-10,movel,False,mantido
45,314,2,True,133,133,MOT17-10,movel,False,mantido
59,314,2,True,147,147,MOT17-10,movel,False,mantido
31,315,2,False,138,125,MOT17-10,movel,False,perdida no coasting (1 <= g <= 20)
13,316,2,True,117,117,MOT17-10,movel,False,mantido
31,316,0,False,125,138,MOT17-10,movel,False,troca entre vizinhos (g = 0)
32,316,1,True,125,125,MOT17-10,movel,False,mantido
45,316,1,True,133,133,MOT17-10,movel,False,mantido
56,316,16,False,144,132,MOT17-10,movel,False,perdida no coasting (1 <= g <= 20)
59,317,2,False,147,152,MOT17-10,movel,True,perdida no coasting (1 <= g <= 20)
31,318,1,True,138,138,MOT17-10,movel,False,mantido
30,319,2,True,141,141,MOT17-10,movel,False,mantido
32,319,1,True,125,125,MOT17-10,movel,False,mantido
59,319,1,True,152,152,MOT17-10,movel,False,mantido
31,320,1,True,138,138,MOT17-10,movel,False,mantido
30,322,1,True,141,141,MOT17-10,movel,False,mantido
31,322,1,False,138,125,MOT17-10,movel,False,perdida no coasting (1 <= g <= 20)
31,323,0,False,125,138,MOT17-10,movel,False,troca entre vizinhos (g = 0)
32,323,1,True,125,125,MOT17-10,movel,False,mantido
30,324,1,True,141,141,MOT17-10,movel,False,mantido
57,325,17,False,151,153,MOT17-10,movel,True,perdida no coasting (1 <= g <= 20)
30,326,1,True,141,141,MOT17-10,movel,False,mantido
31,326,2,False,138,125,MOT17-10,movel,False,perdida no coasting (1 <= g <= 20)
32,326,0,False,125,142,MOT17-10,movel,False,troca entre vizinhos (g = 0)
32,327,0,False,142,125,MOT17-10,movel,False,troca entre vizinhos (g = 0)
57,327,1,True,153,153,MOT17-10,movel,False,mantido
31,328,1,False,125,138,MOT17-10,movel,False,perdida no coasting (1 <= g <= 20)
34,328,1,True,149,149,MOT17-10,movel,False,mantido
30,329,2,True,141,141,MOT17-10,movel,False,mantido
31,330,0,False,138,125,MOT17-10,movel,False,troca entre vizinhos (g = 0)
30,331,1,True,141,141,MOT17-10,movel,False,mantido
32,331,3,False,125,142,MOT17-10,movel,False,perdida no coasting (1 <= g <= 20)
31,332,1,True,125,125,MOT17-10,movel,False,mantido
31,333,0,False,125,138,MOT17-10,movel,False,troca entre vizinhos (g = 0)
32,333,1,True,142,142,MOT17-10,movel,False,mantido
31,334,0,False,138,125,MOT17-10,movel,False,troca entre vizinhos (g = 0)
57,334,1,True,153,153,MOT17-10,movel,False,mantido
34,336,2,True,149,149,MOT17-10,movel,False,mantido
57,337,1,True,153,153,MOT17-10,movel,False,mantido
71,337,26,False,142,138,MOT17-10,movel,False,morta e renascida (g > 20)
30,338,2,True,141,141,MOT17-10,movel,False,mantido
32,339,1,False,142,125,MOT17-10,movel,False,perdida no coasting (1 <= g <= 20)
59,340,16,True,152,152,MOT17-10,movel,False,mantido
31,342,3,True,125,125,MOT17-10,movel,False,mantido
32,342,0,False,125,142,MOT17-10,movel,False,troca entre vizinhos (g = 0)
34,343,2,True,149,149,MOT17-10,movel,False,mantido
59,345,1,True,152,152,MOT17-10,movel,False,mantido
31,348,0,False,125,142,MOT17-10,movel,False,troca entre vizinhos (g = 0)
34,348,0,False,149,129,MOT17-10,movel,False,troca entre vizinhos (g = 0)
59,348,1,True,152,152,MOT17-10,movel,False,mantido
31,351,0,False,142,149,MOT17-10,movel,False,troca entre vizinhos (g = 0)
45,351,21,False,133,109,MOT17-10,movel,False,morta e renascida (g > 20)
32,352,9,False,142,129,MOT17-10,movel,False,perdida no coasting (1 <= g <= 20)
32,354,1,True,129,129,MOT17-10,movel,False,mantido
23,356,8,False,129,155,MOT17-10,movel,True,perdida no coasting (1 <= g <= 20)
45,356,1,True,109,109,MOT17-10,movel,False,mantido
56,356,29,False,132,154,MOT17-10,movel,True,morta e renascida (g > 20)
9,357,1,True,5,5,MOT17-10,movel,False,mantido
31,358,0,False,149,155,MOT17-10,movel,False,troca entre vizinhos (g = 0)
34,362,10,False,129,155,MOT17-10,movel,False,perdida no coasting (1 <= g <= 20)
57,363,24,False,153,138,MOT17-10,movel,False,morta e renascida (g > 20)
31,364,2,False,155,156,MOT17-10,movel,True,perdida no coasting (1 <= g <= 20)
57,365,1,True,138,138,MOT17-10,movel,False,mantido
14,369,1,True,143,143,MOT17-10,movel,False,mantido
31,369,2,True,156,156,MOT17-10,movel,False,mantido
32,369,1,True,129,129,MOT17-10,movel,False,mantido
57,369,2,True,138,138,MOT17-10,movel,False,mantido
71,369,22,False,138,152,MOT17-10,movel,False,morta e renascida (g > 20)
26,371,0,False,111,158,MOT17-10,movel,True,troca entre vizinhos (g = 0)
59,371,21,True,152,152,MOT17-10,movel,False,mantido
71,372,1,False,152,159,MOT17-10,movel,True,perdida no coasting (1 <= g <= 20)
71,376,2,True,159,159,MOT17-10,movel,False,mantido
23,380,23,False,155,162,MOT17-10,movel,True,morta e renascida (g > 20)
34,383,19,False,155,163,MOT17-10,movel,True,perdida no coasting (1 <= g <= 20)
59,383,0,False,152,159,MOT17-10,movel,False,troca entre vizinhos (g = 0)
59,384,0,False,159,152,MOT17-10,movel,False,troca entre vizinhos (g = 0)
59,386,0,False,152,159,MOT17-10,movel,False,troca entre vizinhos (g = 0)
59,388,0,False,159,152,MOT17-10,movel,False,troca entre vizinhos (g = 0)
26,392,1,True,158,158,MOT17-10,movel,False,mantido
49,392,17,False,160,164,MOT17-10,movel,True,perdida no coasting (1 <= g <= 20)
12,393,11,True,69,69,MOT17-10,movel,False,mantido
26,394,1,True,158,158,MOT17-10,movel,False,mantido
59,396,0,False,152,159,MOT17-10,movel,False,troca entre vizinhos (g = 0)
49,397,3,True,164,164,MOT17-10,movel,False,mantido
49,399,1,True,164,164,MOT17-10,movel,False,mantido
59,399,1,True,159,159,MOT17-10,movel,False,mantido
49,402,2,False,164,165,MOT17-10,movel,True,perdida no coasting (1 <= g <= 20)
57,402,0,False,138,159,MOT17-10,movel,False,troca entre vizinhos (g = 0)
71,403,26,False,159,138,MOT17-10,movel,False,morta e renascida (g > 20)
49,404,1,True,165,165,MOT17-10,movel,False,mantido
33,406,2,True,161,161,MOT17-10,movel,False,mantido
49,411,1,True,165,165,MOT17-10,movel,False,mantido
71,414,1,True,138,138,MOT17-10,movel,False,mantido
32,415,42,False,129,166,MOT17-10,movel,True,morta e renascida (g > 20)
33,416,1,True,161,161,MOT17-10,movel,False,mantido
31,425,54,False,156,167,MOT17-10,movel,True,morta e renascida (g > 20)
18,426,0,False,124,30,MOT17-10,movel,False,troca entre vizinhos (g = 0)
49,426,2,True,165,165,MOT17-10,movel,False,mantido
50,426,10,True,164,164,MOT17-10,movel,False,mantido
18,427,0,False,30,124,MOT17-10,movel,False,troca entre vizinhos (g = 0)
59,427,25,True,159,159,MOT17-10,movel,False,mantido
18,428,0,False,124,30,MOT17-10,movel,False,troca entre vizinhos (g = 0)
57,428,1,False,159,168,MOT17-10,movel,True,perdida no coasting (1 <= g <= 20)
49,429,2,True,165,165,MOT17-10,movel,False,mantido
33,430,2,True,161,161,MOT17-10,movel,False,mantido
59,431,1,True,159,159,MOT17-10,movel,False,mantido
18,432,0,False,30,124,MOT17-10,movel,False,troca entre vizinhos (g = 0)
50,432,5,True,164,164,MOT17-10,movel,False,mantido
56,432,0,False,154,138,MOT17-10,movel,False,troca entre vizinhos (g = 0)
71,432,17,False,138,154,MOT17-10,movel,False,perdida no coasting (1 <= g <= 20)
18,433,0,False,124,30,MOT17-10,movel,False,troca entre vizinhos (g = 0)
56,433,0,False,138,159,MOT17-10,movel,False,troca entre vizinhos (g = 0)
25,434,249,False,99,124,MOT17-10,movel,False,morta e renascida (g > 20)
56,435,0,False,159,138,MOT17-10,movel,False,troca entre vizinhos (g = 0)
59,436,4,True,159,159,MOT17-10,movel,False,mantido
71,436,1,True,154,154,MOT17-10,movel,False,mantido
71,437,0,False,154,138,MOT17-10,movel,False,troca entre vizinhos (g = 0)
25,440,5,True,124,124,MOT17-10,movel,False,mantido
18,441,1,True,30,30,MOT17-10,movel,False,mantido
25,442,1,True,124,124,MOT17-10,movel,False,mantido
2,443,28,False,30,124,MOT17-10,movel,False,morta e renascida (g > 20)
56,446,10,False,138,159,MOT17-10,movel,False,perdida no coasting (1 <= g <= 20)
49,447,1,False,165,169,MOT17-10,movel,False,perdida no coasting (1 <= g <= 20)
2,448,1,True,124,124,MOT17-10,movel,False,mantido
71,450,1,True,138,138,MOT17-10,movel,False,mantido
56,454,0,False,159,168,MOT17-10,movel,False,troca entre vizinhos (g = 0)
59,454,8,True,159,159,MOT17-10,movel,False,mantido
71,454,1,True,138,138,MOT17-10,movel,False,mantido
25,455,12,False,124,170,MOT17-10,movel,True,perdida no coasting (1 <= g <= 20)
18,457,1,False,30,170,MOT17-10,movel,False,perdida no coasting (1 <= g <= 20)
59,457,1,True,159,159,MOT17-10,movel,False,mantido
50,458,25,False,164,171,MOT17-10,movel,True,morta e renascida (g > 20)
50,460,1,True,171,171,MOT17-10,movel,False,mantido
57,461,19,False,168,172,MOT17-10,movel,True,perdida no coasting (1 <= g <= 20)
18,463,0,False,170,30,MOT17-10,movel,False,troca entre vizinhos (g = 0)
25,463,6,True,170,170,MOT17-10,movel,False,mantido
57,463,1,True,172,172,MOT17-10,movel,False,mantido
57,465,1,True,172,172,MOT17-10,movel,False,mantido
25,466,1,True,170,170,MOT17-10,movel,False,mantido
31,466,0,False,167,166,MOT17-10,movel,False,troca entre vizinhos (g = 0)
18,467,1,True,30,30,MOT17-10,movel,False,mantido
25,468,1,True,170,170,MOT17-10,movel,False,mantido
50,468,1,True,171,171,MOT17-10,movel,False,mantido
50,472,1,True,171,171,MOT17-10,movel,False,mantido
71,472,7,True,138,138,MOT17-10,movel,False,mantido
33,478,1,True,161,161,MOT17-10,movel,False,mantido
59,479,1,True,159,159,MOT17-10,movel,False,mantido
33,480,1,True,161,161,MOT17-10,movel,False,mantido
49,480,3,True,169,169,MOT17-10,movel,False,mantido
50,482,1,True,171,171,MOT17-10,movel,False,mantido
25,484,9,True,170,170,MOT17-10,movel,False,mantido
56,489,17,False,168,173,MOT17-10,movel,True,perdida no coasting (1 <= g <= 20)
14,493,1,True,143,143,MOT17-10,movel,False,mantido
25,493,8,True,170,170,MOT17-10,movel,False,mantido
14,495,1,True,143,143,MOT17-10,movel,False,mantido
25,500,6,True,170,170,MOT17-10,movel,False,mantido
18,503,1,True,30,30,MOT17-10,movel,False,mantido
34,505,68,False,163,174,MOT17-10,movel,True,morta e renascida (g > 20)
25,507,4,True,170,170,MOT17-10,movel,False,mantido
49,507,1,True,169,169,MOT17-10,movel,False,mantido
59,507,1,True,159,159,MOT17-10,movel,False,mantido
34,508,2,True,174,174,MOT17-10,movel,False,mantido
25,511,3,True,170,170,MOT17-10,movel,False,mantido
25,515,2,True,170,170,MOT17-10,movel,False,mantido
71,518,4,True,138,138,MOT17-10,movel,False,mantido
25,519,2,True,170,170,MOT17-10,movel,False,mantido
49,520,3,True,169,169,MOT17-10,movel,False,mantido
25,521,1,True,170,170,MOT17-10,movel,False,mantido
49,522,1,True,169,169,MOT17-10,movel,False,mantido
25,523,1,True,170,170,MOT17-10,movel,False,mantido
59,524,1,True,159,159,MOT17-10,movel,False,mantido
47,525,1,True,176,176,MOT17-10,movel,False,mantido
49,526,1,True,169,169,MOT17-10,movel,False,mantido
25,527,3,True,170,170,MOT17-10,movel,False,mantido
25,531,1,True,170,170,MOT17-10,movel,False,mantido
71,531,1,True,138,138,MOT17-10,movel,False,mantido
14,533,36,False,143,178,MOT17-10,movel,True,morta e renascida (g > 20)
25,534,2,True,170,170,MOT17-10,movel,False,mantido
71,535,3,False,138,159,MOT17-10,movel,False,perdida no coasting (1 <= g <= 20)
14,537,3,True,178,178,MOT17-10,movel,False,mantido
25,543,2,True,170,170,MOT17-10,movel,False,mantido
25,546,2,True,170,170,MOT17-10,movel,False,mantido
67,547,7,True,179,179,MOT17-10,movel,False,mantido
48,549,1,True,182,182,MOT17-10,movel,False,mantido
68,549,2,True,179,179,MOT17-10,movel,False,mantido
67,550,1,True,179,179,MOT17-10,movel,False,mantido
71,550,2,True,159,159,MOT17-10,movel,False,mantido
71,552,1,True,159,159,MOT17-10,movel,False,mantido
68,554,4,True,179,179,MOT17-10,movel,False,mantido
67,556,2,True,179,179,MOT17-10,movel,False,mantido
46,562,1,True,183,183,MOT17-10,movel,False,mantido
66,562,1,True,181,181,MOT17-10,movel,False,mantido
49,563,2,False,169,184,MOT17-10,movel,True,perdida no coasting (1 <= g <= 20)
50,565,0,False,171,169,MOT17-10,movel,False,troca entre vizinhos (g = 0)
66,565,1,True,181,181,MOT17-10,movel,False,mantido
68,565,9,True,179,179,MOT17-10,movel,False,mantido
47,567,41,False,176,185,MOT17-10,movel,True,morta e renascida (g > 20)
49,567,2,False,184,186,MOT17-10,movel,True,perdida no coasting (1 <= g <= 20)
66,568,1,True,181,181,MOT17-10,movel,False,mantido
67,568,3,True,179,179,MOT17-10,movel,False,mantido
50,569,2,True,169,169,MOT17-10,movel,False,mantido
68,569,1,False,179,187,MOT17-10,movel,True,perdida no coasting (1 <= g <= 20)
47,571,3,True,185,185,MOT17-10,movel,False,mantido
50,572,0,False,169,184,MOT17-10,movel,False,troca entre vizinhos (g = 0)
67,574,0,False,179,187,MOT17-10,movel,False,troca entre vizinhos (g = 0)
67,575,0,False,187,179,MOT17-10,movel,False,troca entre vizinhos (g = 0)
68,575,4,True,187,187,MOT17-10,movel,False,mantido
68,577,1,True,187,187,MOT17-10,movel,False,mantido
66,579,1,True,181,181,MOT17-10,movel,False,mantido
67,579,3,True,179,179,MOT17-10,movel,False,mantido
50,580,3,True,184,184,MOT17-10,movel,False,mantido
68,581,3,True,187,187,MOT17-10,movel,False,mantido
68,584,0,False,187,179,MOT17-10,movel,False,troca entre vizinhos (g = 0)
66,587,1,True,181,181,MOT17-10,movel,False,mantido
67,587,3,False,179,190,MOT17-10,movel,True,perdida no coasting (1 <= g <= 20)
68,588,1,True,179,179,MOT17-10,movel,False,mantido
69,588,1,True,189,189,MOT17-10,movel,False,mantido
50,590,1,True,184,184,MOT17-10,movel,False,mantido
69,590,1,True,189,189,MOT17-10,movel,False,mantido
67,591,3,False,190,179,MOT17-10,movel,False,perdida no coasting (1 <= g <= 20)
68,591,2,False,179,187,MOT17-10,movel,False,perdida no coasting (1 <= g <= 20)
67,597,1,True,179,179,MOT17-10,movel,False,mantido
49,600,1,True,186,186,MOT17-10,movel,False,mantido
68,604,2,True,187,187,MOT17-10,movel,False,mantido
67,606,1,True,179,179,MOT17-10,movel,False,mantido
68,607,1,True,187,187,MOT17-10,movel,False,mantido
25,611,0,False,170,30,MOT17-10,movel,False,troca entre vizinhos (g = 0)
66,612,0,False,181,179,MOT17-10,movel,False,troca entre vizinhos (g = 0)
68,612,1,True,187,187,MOT17-10,movel,False,mantido
50,616,1,True,184,184,MOT17-10,movel,False,mantido
68,616,1,True,187,187,MOT17-10,movel,False,mantido
65,617,0,False,173,181,MOT17-10,movel,False,troca entre vizinhos (g = 0)
50,618,1,True,184,184,MOT17-10,movel,False,mantido
49,621,1,True,186,186,MOT17-10,movel,False,mantido
47,631,2,True,185,185,MOT17-10,movel,False,mantido
50,639,1,True,184,184,MOT17-10,movel,False,mantido
68,639,1,True,187,187,MOT17-10,movel,False,mantido
68,646,1,True,187,187,MOT17-10,movel,False,mantido
50,651,1,True,184,184,MOT17-10,movel,False,mantido
15,3,1,True,19,19,MOT17-11,movel,False,mantido
16,3,1,True,10,10,MOT17-11,movel,False,mantido
17,3,2,True,11,11,MOT17-11,movel,False,mantido
18,4,3,False,14,24,MOT17-11,movel,True,perdida no coasting (1 <= g <= 20)
14,5,2,True,21,21,MOT17-11,movel,False,mantido
17,7,2,True,11,11,MOT17-11,movel,False,mantido
30,8,4,False,16,25,MOT17-11,movel,True,perdida no coasting (1 <= g <= 20)
79,8,1,True,15,15,MOT17-11,movel,False,mantido
29,9,0,False,13,25,MOT17-11,movel,False,troca entre vizinhos (g = 0)
29,10,0,False,25,13,MOT17-11,movel,False,troca entre vizinhos (g = 0)
30,10,1,True,25,25,MOT17-11,movel,False,mantido
17,12,3,True,11,11,MOT17-11,movel,False,mantido
17,15,1,False,11,14,MOT17-11,movel,False,perdida no coasting (1 <= g <= 20)
14,16,3,True,21,21,MOT17-11,movel,False,mantido
29,16,0,False,13,25,MOT17-11,movel,False,troca entre vizinhos (g = 0)
29,18,0,False,25,13,MOT17-11,movel,False,troca entre vizinhos (g = 0)
30,18,4,True,25,25,MOT17-11,movel,False,mantido
18,19,3,False,24,14,MOT17-11,movel,False,perdida no coasting (1 <= g <= 20)
16,21,0,False,10,19,MOT17-11,movel,False,troca entre vizinhos (g = 0)
17,21,4,False,14,27,MOT17-11,movel,True,perdida no coasting (1 <= g <= 20)
18,21,1,True,14,14,MOT17-11,movel,False,mantido
30,21,2,True,25,25,MOT17-11,movel,False,mantido
17,22,0,False,27,28,MOT17-11,movel,False,troca entre vizinhos (g = 0)
28,23,0,False,4,15,MOT17-11,movel,False,troca entre vizinhos (g = 0)
29,23,1,False,13,25,MOT17-11,movel,False,perdida no coasting (1 <= g <= 20)
30,23,0,False,25,16,MOT17-11,movel,False,troca entre vizinhos (g = 0)
17,24,1,False,28,31,MOT17-11,movel,True,perdida no coasting (1 <= g <= 20)
17,25,0,False,31,32,MOT17-11,movel,True,troca entre vizinhos (g = 0)
17,26,0,False,32,33,MOT17-11,movel,True,troca entre vizinhos (g = 0)
18,26,4,False,14,31,MOT17-11,movel,False,perdida no coasting (1 <= g <= 20)
6,27,0,False,9,4,MOT17-11,movel,False,troca entre vizinhos (g = 0)
18,27,0,False,31,32,MOT17-11,movel,False,troca entre vizinhos (g = 0)
17,32,0,False,33,10,MOT17-11,movel,False,troca entre vizinhos (g = 0)
29,32,0,False,25,16,MOT17-11,movel,False,troca entre vizinhos (g = 0)
18,34,0,False,32,33,MOT17-11,movel,False,troca entre vizinhos (g = 0)
29,36,0,False,16,25,MOT17-11,movel,False,troca entre vizinhos (g = 0)
30,36,6,True,16,16,MOT17-11,movel,False,mantido
30,39,2,True,16,16,MOT17-11,movel,False,mantido
19,40,11,False,35,39,MOT17-11,movel,True,perdida no coasting (1 <= g <= 20)
30,42,2,True,16,16,MOT17-11,movel,False,mantido
19,43,2,True,39,39,MOT17-11,movel,False,mantido
29,44,1,True,25,25,MOT17-11,movel,False,mantido
19,45,1,True,39,39,MOT17-11,movel,False,mantido
19,48,1,True,39,39,MOT17-11,movel,False,mantido
29,51,0,False,25,40,MOT17-11,movel,False,troca entre vizinhos (g = 0)
30,51,7,False,16,25,MOT17-11,movel,False,perdida no coasting (1 <= g <= 20)
19,52,1,True,39,39,MOT17-11,movel,False,mantido
30,53,1,True,25,25,MOT17-11,movel,False,mantido
29,55,0,False,40,25,MOT17-11,movel,False,troca entre vizinhos (g = 0)
30,56,1,True,25,25,MOT17-11,movel,False,mantido
29,58,2,False,25,40,MOT17-11,movel,False,perdida no coasting (1 <= g <= 20)
30,59,1,True,25,25,MOT17-11,movel,False,mantido
29,60,1,True,40,40,MOT17-11,movel,False,mantido
30,61,1,True,25,25,MOT17-11,movel,False,mantido
29,62,1,True,40,40,MOT17-11,movel,False,mantido
30,66,1,True,25,25,MOT17-11,movel,False,mantido
6,67,1,True,4,4,MOT17-11,movel,False,mantido
30,69,1,True,25,25,MOT17-11,movel,False,mantido
6,71,2,True,4,4,MOT17-11,movel,False,mantido
29,71,1,True,40,40,MOT17-11,movel,False,mantido
30,74,1,True,25,25,MOT17-11,movel,False,mantido
25,75,1,True,41,41,MOT17-11,movel,False,mantido
25,79,1,True,41,41,MOT17-11,movel,False,mantido
30,80,1,True,25,25,MOT17-11,movel,False,mantido
29,84,0,False,40,44,MOT17-11,movel,False,troca entre vizinhos (g = 0)
30,85,0,False,25,40,MOT17-11,movel,False,troca entre vizinhos (g = 0)
25,95,0,False,41,46,MOT17-11,movel,False,troca entre vizinhos (g = 0)
25,97,1,True,46,46,MOT17-11,movel,False,mantido
30,98,1,True,40,40,MOT17-11,movel,False,mantido
26,101,4,True,41,41,MOT17-11,movel,False,mantido
17,104,0,False,10,47,MOT17-11,movel,True,troca entre vizinhos (g = 0)
29,106,1,True,44,44,MOT17-11,movel,False,mantido
26,109,7,False,41,46,MOT17-11,movel,False,perdida no coasting (1 <= g <= 20)
29,109,2,True,44,44,MOT17-11,movel,False,mantido
25,111,2,True,46,46,MOT17-11,movel,False,mantido
30,111,1,True,40,40,MOT17-11,movel,False,mantido
25,112,0,False,46,41,MOT17-11,movel,False,troca entre vizinhos (g = 0)
26,112,1,True,46,46,MOT17-11,movel,False,mantido
29,113,1,True,44,44,MOT17-11,movel,False,mantido
26,116,1,True,46,46,MOT17-11,movel,False,mantido
76,117,1,True,48,48,MOT17-11,movel,False,mantido
26,120,1,True,46,46,MOT17-11,movel,False,mantido
76,120,1,True,48,48,MOT17-11,movel,False,mantido
77,127,2,True,48,48,MOT17-11,movel,False,mantido
77,134,4,True,48,48,MOT17-11,movel,False,mantido
30,135,2,False,40,44,MOT17-11,movel,False,perdida no coasting (1 <= g <= 20)
29,136,1,True,44,44,MOT17-11,movel,False,mantido
77,138,2,True,48,48,MOT17-11,movel,False,mantido
30,139,3,False,44,40,MOT17-11,movel,False,perdida no coasting (1 <= g <= 20)
30,144,1,True,40,40,MOT17-11,movel,False,mantido
30,149,2,True,40,40,MOT17-11,movel,False,mantido
6,154,64,False,4,49,MOT17-11,movel,True,morta e renascida (g > 20)
6,159,4,True,49,49,MOT17-11,movel,False,mantido
6,161,1,True,49,49,MOT17-11,movel,False,mantido
25,175,2,True,41,41,MOT17-11,movel,False,mantido
55,180,1,True,50,50,MOT17-11,movel,False,mantido
55,183,1,True,50,50,MOT17-11,movel,False,mantido
25,187,10,True,41,41,MOT17-11,movel,False,mantido
89,201,1,True,51,51,MOT17-11,movel,False,mantido
89,211,1,True,51,51,MOT17-11,movel,False,mantido
89,216,2,True,51,51,MOT17-11,movel,False,mantido
20,217,14,True,52,52,MOT17-11,movel,False,mantido
20,220,2,True,52,52,MOT17-11,movel,False,mantido
20,222,1,True,52,52,MOT17-11,movel,False,mantido
25,242,54,False,41,53,MOT17-11,movel,True,morta e renascida (g > 20)
25,247,4,True,53,53,MOT17-11,movel,False,mantido
25,250,1,True,53,53,MOT17-11,movel,False,mantido
26,250,1,True,46,46,MOT17-11,movel,False,mantido
25,253,2,True,53,53,MOT17-11,movel,False,mantido
27,254,1,True,46,46,MOT17-11,movel,False,mantido
25,255,1,True,53,53,MOT17-11,movel,False,mantido
27,259,3,True,46,46,MOT17-11,movel,False,mantido
32,263,1,True,55,55,MOT17-11,movel,False,mantido
59,272,20,True,54,54,MOT17-11,movel,False,mantido
59,274,1,True,54,54,MOT17-11,movel,False,mantido
13,275,9,False,6,57,MOT17-11,movel,False,perdida no coasting (1 <= g <= 20)
7,279,1,True,56,56,MOT17-11,movel,False,mantido
25,283,23,False,53,58,MOT17-11,movel,True,morta e renascida (g > 20)
25,288,4,True,58,58,MOT17-11,movel,False,mantido
25,291,1,True,58,58,MOT17-11,movel,False,mantido
25,294,2,True,58,58,MOT17-11,movel,False,mantido
32,305,2,True,55,55,MOT17-11,movel,False,mantido
59,307,6,True,54,54,MOT17-11,movel,False,mantido
32,314,6,True,55,55,MOT17-11,movel,False,mantido
32,316,1,True,55,55,MOT17-11,movel,False,mantido
14,318,1,True,21,21,MOT17-11,movel,False,mantido
32,325,2,True,55,55,MOT17-11,movel,False,mantido
14,335,16,True,21,21,MOT17-11,movel,False,mantido
45,354,1,True,60,60,MOT17-11,movel,False,mantido
31,358,2,True,59,59,MOT17-11,movel,False,mantido
25,370,1,True,58,58,MOT17-11,movel,False,mantido
10,376,2,True,61,61,MOT17-11,movel,False,mantido
25,380,4,True,58,58,MOT17-11,movel,False,mantido
25,382,1,True,58,58,MOT17-11,movel,False,mantido
25,385,1,True,58,58,MOT17-11,movel,False,mantido
25,388,2,True,58,58,MOT17-11,movel,False,mantido
25,390,1,True,58,58,MOT17-11,movel,False,mantido
25,392,1,True,58,58,MOT17-11,movel,False,mantido
25,397,4,True,58,58,MOT17-11,movel,False,mantido
10,403,1,True,61,61,MOT17-11,movel,False,mantido
10,406,2,True,61,61,MOT17-11,movel,False,mantido
10,409,2,True,61,61,MOT17-11,movel,False,mantido
10,413,3,True,61,61,MOT17-11,movel,False,mantido
10,417,3,True,61,61,MOT17-11,movel,False,mantido
32,425,99,False,55,63,MOT17-11,movel,True,morta e renascida (g > 20)
32,427,1,True,63,63,MOT17-11,movel,False,mantido
40,434,1,True,64,64,MOT17-11,movel,False,mantido
45,435,1,True,60,60,MOT17-11,movel,False,mantido
31,438,10,False,59,66,MOT17-11,movel,True,perdida no coasting (1 <= g <= 20)
31,442,2,True,66,66,MOT17-11,movel,False,mantido
31,445,1,True,66,66,MOT17-11,movel,False,mantido
31,448,2,True,66,66,MOT17-11,movel,False,mantido
31,455,2,True,66,66,MOT17-11,movel,False,mantido
10,456,38,False,61,67,MOT17-11,movel,True,morta e renascida (g > 20)
10,462,5,True,67,67,MOT17-11,movel,False,mantido
10,466,2,True,67,67,MOT17-11,movel,False,mantido
32,467,5,True,63,63,MOT17-11,movel,False,mantido
39,468,1,True,59,59,MOT17-11,movel,False,mantido
46,482,50,False,64,68,MOT17-11,movel,True,morta e renascida (g > 20)
46,484,1,True,68,68,MOT17-11,movel,False,mantido
46,488,2,True,68,68,MOT17-11,movel,False,mantido
46,495,5,True,68,68,MOT17-11,movel,False,mantido
46,498,2,True,68,68,MOT17-11,movel,False,mantido
25,516,1,True,58,58,MOT17-11,movel,False,mantido
42,518,1,True,70,70,MOT17-11,movel,False,mantido
25,523,1,True,58,58,MOT17-11,movel,False,mantido
25,527,1,True,58,58,MOT17-11,movel,False,mantido
31,535,79,False,66,71,MOT17-11,movel,True,morta e renascida (g > 20)
42,537,1,True,70,70,MOT17-11,movel,False,mantido
32,538,70,False,63,72,MOT17-11,movel,True,morta e renascida (g > 20)
25,539,1,True,58,58,MOT17-11,movel,False,mantido
41,548,38,False,69,58,MOT17-11,movel,False,morta e renascida (g > 20)
25,549,1,False,58,73,MOT17-11,movel,True,perdida no coasting (1 <= g <= 20)
31,552,16,True,71,71,MOT17-11,movel,False,mantido
41,552,1,True,58,58,MOT17-11,movel,False,mantido
31,556,3,True,71,71,MOT17-11,movel,False,mantido
41,562,9,False,58,59,MOT17-11,movel,False,perdida no coasting (1 <= g <= 20)
39,570,8,False,59,74,MOT17-11,movel,True,perdida no coasting (1 <= g <= 20)
25,571,0,False,73,58,MOT17-11,movel,False,troca entre vizinhos (g = 0)
41,579,3,True,59,59,MOT17-11,movel,False,mantido
25,581,0,False,58,73,MOT17-11,movel,False,troca entre vizinhos (g = 0)
41,585,3,True,59,59,MOT17-11,movel,False,mantido
41,588,2,True,59,59,MOT17-11,movel,False,mantido
47,592,1,True,75,75,MOT17-11,movel,False,mantido
47,596,3,True,75,75,MOT17-11,movel,False,mantido
60,598,2,True,76,76,MOT17-11,movel,False,mantido
60,600,1,True,76,76,MOT17-11,movel,False,mantido
42,606,68,False,70,77,MOT17-11,movel,True,morta e renascida (g > 20)
42,609,2,True,77,77,MOT17-11,movel,False,mantido
61,613,1,True,76,76,MOT17-11,movel,False,mantido
61,622,2,True,76,76,MOT17-11,movel,False,mantido
47,626,2,True,75,75,MOT17-11,movel,False,mantido
33,637,4,True,79,79,MOT17-11,movel,False,mantido
33,641,3,True,79,79,MOT17-11,movel,False,mantido
33,644,1,True,79,79,MOT17-11,movel,False,mantido
42,648,10,False,77,80,MOT17-11,movel,True,perdida no coasting (1 <= g <= 20)
42,651,1,False,80,77,MOT17-11,movel,False,perdida no coasting (1 <= g <= 20)
42,652,0,False,77,80,MOT17-11,movel,False,troca entre vizinhos (g = 0)
34,687,1,True,81,81,MOT17-11,movel,False,mantido
34,690,2,True,81,81,MOT17-11,movel,False,mantido
25,700,7,True,73,73,MOT17-11,movel,False,mantido
48,704,53,False,77,73,MOT17-11,movel,False,morta e renascida (g > 20)
34,711,1,True,81,81,MOT17-11,movel,False,mantido
39,713,29,False,74,83,MOT17-11,movel,True,morta e renascida (g > 20)
25,719,15,False,73,84,MOT17-11,movel,True,perdida no coasting (1 <= g <= 20)
1,727,20,True,1,1,MOT17-11,movel,False,mantido
34,733,18,False,81,79,MOT17-11,movel,False,perdida no coasting (1 <= g <= 20)
33,736,17,True,79,79,MOT17-11,movel,False,mantido
43,740,17,False,82,85,MOT17-11,movel,True,perdida no coasting (1 <= g <= 20)
43,744,1,True,85,85,MOT17-11,movel,False,mantido
43,748,2,True,85,85,MOT17-11,movel,False,mantido
37,750,1,True,84,84,MOT17-11,movel,False,mantido
38,751,1,True,87,87,MOT17-11,movel,False,mantido
25,754,25,False,84,1,MOT17-11,movel,False,morta e renascida (g > 20)
38,756,2,True,87,87,MOT17-11,movel,False,mantido
33,758,1,True,79,79,MOT17-11,movel,False,mantido
1,759,14,False,1,88,MOT17-11,movel,True,perdida no coasting (1 <= g <= 20)
37,772,8,True,84,84,MOT17-11,movel,False,mantido
33,774,15,True,79,79,MOT17-11,movel,False,mantido
37,774,1,True,84,84,MOT17-11,movel,False,mantido
35,783,1,True,89,89,MOT17-11,movel,False,mantido
35,798,13,True,89,89,MOT17-11,movel,False,mantido
34,800,64,False,79,93,MOT17-11,movel,True,morta e renascida (g > 20)
49,804,2,True,92,92,MOT17-11,movel,False,mantido
49,809,1,True,92,92,MOT17-11,movel,False,mantido
34,811,2,True,93,93,MOT17-11,movel,False,mantido
49,811,1,True,92,92,MOT17-11,movel,False,mantido
51,816,1,True,94,94,MOT17-11,movel,False,mantido
37,827,2,True,84,84,MOT17-11,movel,False,mantido
37,829,1,True,84,84,MOT17-11,movel,False,mantido
38,837,1,True,87,87,MOT17-11,movel,False,mantido
68,841,0,False,96,97,MOT17-11,movel,True,troca entre vizinhos (g = 0)
63,847,2,True,99,99,MOT17-11,movel,False,mantido
67,847,2,True,100,100,MOT17-11,movel,False,mantido
68,849,5,False,97,101,MOT17-11,movel,True,perdida no coasting (1 <= g <= 20)
68,852,2,True,101,101,MOT17-11,movel,False,mantido
68,855,1,True,101,101,MOT17-11,movel,False,mantido
68,857,1,True,101,101,MOT17-11,movel,False,mantido
63,866,1,True,99,99,MOT17-11,movel,False,mantido
70,869,20,False,98,105,MOT17-11,movel,False,perdida no coasting (1 <= g <= 20)
73,874,1,True,103,103,MOT17-11,movel,False,mantido
49,875,63,False,92,108,MOT17-11,movel,True,morta e renascida (g > 20)
67,875,1,True,100,100,MOT17-11,movel,False,mantido
71,877,8,False,105,109,MOT17-11,movel,True,perdida no coasting (1 <= g <= 20)
72,878,1,True,106,106,MOT17-11,movel,False,mantido
73,878,1,True,103,103,MOT17-11,movel,False,mantido
68,879,1,True,101,101,MOT17-11,movel,False,mantido
67,882,1,True,100,100,MOT17-11,movel,False,mantido
73,883,2,True,103,103,MOT17-11,movel,False,mantido
66,884,1,True,107,107,MOT17-11,movel,False,mantido
50,886,1,True,104,104,MOT17-11,movel,False,mantido
72,891,12,False,106,111,MOT17-11,movel,True,perdida no coasting (1 <= g <= 20)
73,891,6,False,103,112,MOT17-11,movel,True,perdida no coasting (1 <= g <= 20)
67,892,9,False,100,114,MOT17-11,movel,True,perdida no coasting (1 <= g <= 20)
68,892,9,False,101,113,MOT17-11,movel,True,perdida no coasting (1 <= g <= 20)
68,894,1,True,113,113,MOT17-11,movel,False,mantido
64,895,1,True,104,104,MOT17-11,movel,False,mantido
68,896,1,True,113,113,MOT17-11,movel,False,mantido
64,898,1,True,104,104,MOT17-11,movel,False,mantido
50,899,6,False,104,116,MOT17-11,movel,True,perdida no coasting (1 <= g <= 20)
65,899,1,False,104,117,MOT17-11,movel,True,perdida no coasting (1 <= g <= 20)
66,899,14,False,107,118,MOT17-11,movel,True,perdida no coasting (1 <= g <= 20)
67,899,5,False,114,119,MOT17-11,movel,True,perdida no coasting (1 <= g <= 20)
68,899,1,True,113,113,MOT17-11,movel,False,mantido
71,899,1,True,109,109,MOT17-11,movel,False,mantido
10,3,1,True,17,17,MOT17-13,movel,False,mantido
15,3,0,False,11,18,MOT17-13,movel,True,troca entre vizinhos (g = 0)
35,7,3,False,10,21,MOT17-13,movel,True,perdida no coasting (1 <= g <= 20)
39,7,6,False,14,20,MOT17-13,movel,True,perdida no coasting (1 <= g <= 20)
50,8,2,True,19,19,MOT17-13,movel,False,mantido
10,9,1,True,17,17,MOT17-13,movel,False,mantido
35,10,1,True,21,21,MOT17-13,movel,False,mantido
10,13,2,False,17,23,MOT17-13,movel,True,perdida no coasting (1 <= g <= 20)
71,13,1,True,22,22,MOT17-13,movel,False,mantido
16,14,1,True,11,11,MOT17-13,movel,False,mantido
35,14,0,False,21,10,MOT17-13,movel,False,troca entre vizinhos (g = 0)
35,15,0,False,10,21,MOT17-13,movel,False,troca entre vizinhos (g = 0)
10,16,2,False,23,24,MOT17-13,movel,True,perdida no coasting (1 <= g <= 20)
71,16,1,True,22,22,MOT17-13,movel,False,mantido
71,19,2,True,22,22,MOT17-13,movel,False,mantido
35,20,1,False,21,10,MOT17-13,movel,False,perdida no coasting (1 <= g <= 20)
16,22,2,True,11,11,MOT17-13,movel,False,mantido
35,22,1,False,10,21,MOT17-13,movel,False,perdida no coasting (1 <= g <= 20)
35,23,0,False,21,10,MOT17-13,movel,False,troca entre vizinhos (g = 0)
35,26,1,True,10,10,MOT17-13,movel,False,mantido
49,26,7,True,16,16,MOT17-13,movel,False,mantido
47,28,0,False,13,26,MOT17-13,movel,False,troca entre vizinhos (g = 0)
49,29,1,False,16,28,MOT17-13,movel,False,perdida no coasting (1 <= g <= 20)
47,31,0,False,26,13,MOT17-13,movel,False,troca entre vizinhos (g = 0)
35,32,1,True,10,10,MOT17-13,movel,False,mantido
49,32,1,True,28,28,MOT17-13,movel,False,mantido
49,35,1,True,28,28,MOT17-13,movel,False,mantido
49,36,0,False,28,16,MOT17-13,movel,False,troca entre vizinhos (g = 0)
35,38,1,True,10,10,MOT17-13,movel,False,mantido
5,41,0,False,3,6,MOT17-13,movel,False,troca entre vizinhos (g = 0)
63,46,9,True,27,27,MOT17-13,movel,False,mantido
35,48,2,False,10,31,MOT17-13,movel,True,perdida no coasting (1 <= g <= 20)
33,49,1,True,30,30,MOT17-13,movel,False,mantido
49,49,0,False,16,28,MOT17-13,movel,False,troca entre vizinhos (g = 0)
49,50,0,False,28,16,MOT17-13,movel,False,troca entre vizinhos (g = 0)
35,51,1,True,31,31,MOT17-13,movel,False,mantido
67,54,2,True,32,32,MOT17-13,movel,False,mantido
35,57,1,True,31,31,MOT17-13,movel,False,mantido
62,62,1,True,35,35,MOT17-13,movel,False,mantido
49,64,1,True,16,16,MOT17-13,movel,False,mantido
62,64,1,True,35,35,MOT17-13,movel,False,mantido
35,65,0,False,31,36,MOT17-13,movel,False,troca entre vizinhos (g = 0)
49,67,1,True,16,16,MOT17-13,movel,False,mantido
62,67,2,True,35,35,MOT17-13,movel,False,mantido
35,70,0,False,36,39,MOT17-13,movel,True,troca entre vizinhos (g = 0)
35,71,0,False,39,36,MOT17-13,movel,False,troca entre vizinhos (g = 0)
35,72,0,False,36,39,MOT17-13,movel,False,troca entre vizinhos (g = 0)
34,73,55,False,25,42,MOT17-13,movel,True,morta e renascida (g > 20)
37,73,1,True,38,38,MOT17-13,movel,False,mantido
67,74,0,False,32,40,MOT17-13,movel,False,troca entre vizinhos (g = 0)
35,76,0,False,39,43,MOT17-13,movel,False,troca entre vizinhos (g = 0)
37,76,0,False,38,44,MOT17-13,movel,True,troca entre vizinhos (g = 0)
32,77,1,True,41,41,MOT17-13,movel,False,mantido
32,79,1,True,41,41,MOT17-13,movel,False,mantido
37,80,1,True,44,44,MOT17-13,movel,False,mantido
32,83,3,True,41,41,MOT17-13,movel,False,mantido
50,84,1,True,19,19,MOT17-13,movel,False,mantido
32,85,1,True,41,41,MOT17-13,movel,False,mantido
35,85,1,False,43,47,MOT17-13,movel,True,perdida no coasting (1 <= g <= 20)
34,86,0,False,42,48,MOT17-13,movel,True,troca entre vizinhos (g = 0)
37,86,3,False,44,49,MOT17-13,movel,True,perdida no coasting (1 <= g <= 20)
73,86,1,False,45,32,MOT17-13,movel,False,perdida no coasting (1 <= g <= 20)
35,87,1,False,47,50,MOT17-13,movel,False,perdida no coasting (1 <= g <= 20)
33,88,38,False,30,52,MOT17-13,movel,True,morta e renascida (g > 20)
35,88,0,False,50,51,MOT17-13,movel,True,troca entre vizinhos (g = 0)
60,88,1,False,42,48,MOT17-13,movel,False,perdida no coasting (1 <= g <= 20)
72,88,0,False,46,45,MOT17-13,movel,False,troca entre vizinhos (g = 0)
7,89,1,True,7,7,MOT17-13,movel,False,mantido
32,89,3,True,41,41,MOT17-13,movel,False,mantido
34,89,1,True,48,48,MOT17-13,movel,False,mantido
34,90,0,False,48,53,MOT17-13,movel,True,troca entre vizinhos (g = 0)
47,90,0,False,13,44,MOT17-13,movel,False,troca entre vizinhos (g = 0)
60,90,1,True,48,48,MOT17-13,movel,False,mantido
72,90,0,False,45,32,MOT17-13,movel,False,troca entre vizinhos (g = 0)
35,91,0,False,51,54,MOT17-13,movel,True,troca entre vizinhos (g = 0)
50,91,1,True,19,19,MOT17-13,movel,False,mantido
73,92,3,False,32,52,MOT17-13,movel,False,perdida no coasting (1 <= g <= 20)
64,93,1,True,33,33,MOT17-13,movel,False,mantido
72,93,1,True,32,32,MOT17-13,movel,False,mantido
35,95,1,True,54,54,MOT17-13,movel,False,mantido
37,96,0,False,49,19,MOT17-13,movel,False,troca entre vizinhos (g = 0)
4,97,1,True,8,8,MOT17-13,movel,False,mantido
50,98,6,False,19,58,MOT17-13,movel,True,perdida no coasting (1 <= g <= 20)
61,98,6,False,48,57,MOT17-13,movel,True,perdida no coasting (1 <= g <= 20)
35,100,3,False,54,60,MOT17-13,movel,True,perdida no coasting (1 <= g <= 20)
47,100,1,False,44,49,MOT17-13,movel,False,perdida no coasting (1 <= g <= 20)
33,101,9,True,52,52,MOT17-13,movel,False,mantido
67,101,1,True,40,40,MOT17-13,movel,False,mantido
35,102,0,False,60,61,MOT17-13,movel,True,troca entre vizinhos (g = 0)
47,102,0,False,49,59,MOT17-13,movel,False,troca entre vizinhos (g = 0)
51,103,2,False,59,55,MOT17-13,movel,False,perdida no coasting (1 <= g <= 20)
37,104,0,False,19,58,MOT17-13,movel,False,troca entre vizinhos (g = 0)
67,104,2,True,40,40,MOT17-13,movel,False,mantido
47,106,0,False,59,55,MOT17-13,movel,False,troca entre vizinhos (g = 0)
51,106,2,False,55,19,MOT17-13,movel,False,perdida no coasting (1 <= g <= 20)
67,106,1,False,40,62,MOT17-13,movel,True,perdida no coasting (1 <= g <= 20)
16,107,0,False,11,63,MOT17-13,movel,True,troca entre vizinhos (g = 0)
34,107,1,True,53,53,MOT17-13,movel,False,mantido
50,108,8,False,58,65,MOT17-13,movel,True,perdida no coasting (1 <= g <= 20)
72,108,10,False,32,64,MOT17-13,movel,True,perdida no coasting (1 <= g <= 20)
62,109,1,False,35,66,MOT17-13,movel,True,perdida no coasting (1 <= g <= 20)
64,109,1,False,33,35,MOT17-13,movel,False,perdida no coasting (1 <= g <= 20)
73,109,8,False,52,64,MOT17-13,movel,False,perdida no coasting (1 <= g <= 20)
35,110,0,False,61,67,MOT17-13,movel,True,troca entre vizinhos (g = 0)
38,111,3,False,11,68,MOT17-13,movel,True,perdida no coasting (1 <= g <= 20)
35,112,0,False,67,69,MOT17-13,movel,True,troca entre vizinhos (g = 0)
19,114,1,True,34,34,MOT17-13,movel,False,mantido
40,114,0,False,48,57,MOT17-13,movel,False,troca entre vizinhos (g = 0)
7,115,2,True,7,7,MOT17-13,movel,False,mantido
35,115,2,False,69,70,MOT17-13,movel,True,perdida no coasting (1 <= g <= 20)
72,115,6,False,64,52,MOT17-13,movel,False,perdida no coasting (1 <= g <= 20)
19,116,0,False,34,11,MOT17-13,movel,False,troca entre vizinhos (g = 0)
33,116,1,True,52,52,MOT17-13,movel,False,mantido
38,116,1,False,68,71,MOT17-13,movel,True,perdida no coasting (1 <= g <= 20)
72,116,0,False,52,64,MOT17-13,movel,False,troca entre vizinhos (g = 0)
35,117,0,False,70,73,MOT17-13,movel,True,troca entre vizinhos (g = 0)
73,117,1,False,64,72,MOT17-13,movel,True,perdida no coasting (1 <= g <= 20)
7,118,1,True,7,7,MOT17-13,movel,False,mantido
50,118,2,True,65,65,MOT17-13,movel,False,mantido
72,118,1,True,64,64,MOT17-13,movel,False,mantido
36,119,1,True,68,68,MOT17-13,movel,False,mantido
50,120,1,False,65,75,MOT17-13,movel,True,perdida no coasting (1 <= g <= 20)
73,120,0,False,72,40,MOT17-13,movel,False,troca entre vizinhos (g = 0)
38,121,3,False,71,77,MOT17-13,movel,True,perdida no coasting (1 <= g <= 20)
37,122,3,False,58,65,MOT17-13,movel,False,perdida no coasting (1 <= g <= 20)
51,122,0,False,19,58,MOT17-13,movel,False,troca entre vizinhos (g = 0)
72,122,0,False,64,72,MOT17-13,movel,False,troca entre vizinhos (g = 0)
15,123,0,False,18,77,MOT17-13,movel,False,troca entre vizinhos (g = 0)
73,123,0,False,40,62,MOT17-13,movel,False,troca entre vizinhos (g = 0)
72,125,0,False,72,40,MOT17-13,movel,False,troca entre vizinhos (g = 0)
32,126,36,False,41,78,MOT17-13,movel,True,morta e renascida (g > 20)
35,126,1,False,73,79,MOT17-13,movel,True,perdida no coasting (1 <= g <= 20)
19,127,0,False,11,18,MOT17-13,movel,False,troca entre vizinhos (g = 0)
145,127,2,False,74,76,MOT17-13,movel,False,perdida no coasting (1 <= g <= 20)
35,128,0,False,79,81,MOT17-13,movel,True,troca entre vizinhos (g = 0)
38,128,6,False,77,80,MOT17-13,movel,True,perdida no coasting (1 <= g <= 20)
16,129,0,False,63,5,MOT17-13,movel,False,troca entre vizinhos (g = 0)
38,130,1,False,80,63,MOT17-13,movel,False,perdida no coasting (1 <= g <= 20)
38,131,0,False,63,2,MOT17-13,movel,False,troca entre vizinhos (g = 0)
35,132,0,False,81,82,MOT17-13,movel,True,troca entre vizinhos (g = 0)
35,134,1,True,82,82,MOT17-13,movel,False,mantido
36,134,0,False,68,80,MOT17-13,movel,False,troca entre vizinhos (g = 0)
17,135,0,False,15,71,MOT17-13,movel,False,troca entre vizinhos (g = 0)
40,137,22,False,57,78,MOT17-13,movel,False,morta e renascida (g > 20)
19,139,0,False,18,5,MOT17-13,movel,False,troca entre vizinhos (g = 0)
36,140,5,False,80,2,MOT17-13,movel,False,perdida no coasting (1 <= g <= 20)
37,141,2,False,65,83,MOT17-13,movel,True,perdida no coasting (1 <= g <= 20)
145,141,4,False,76,78,MOT17-13,movel,False,perdida no coasting (1 <= g <= 20)
35,143,1,False,82,84,MOT17-13,movel,False,perdida no coasting (1 <= g <= 20)
51,143,0,False,58,65,MOT17-13,movel,False,troca entre vizinhos (g = 0)
37,144,1,False,83,85,MOT17-13,movel,True,perdida no coasting (1 <= g <= 20)
35,145,0,False,84,86,MOT17-13,movel,True,troca entre vizinhos (g = 0)
156,145,24,False,76,87,MOT17-13,movel,True,morta e renascida (g > 20)
51,146,0,False,65,83,MOT17-13,movel,False,troca entre vizinhos (g = 0)
37,147,1,True,85,85,MOT17-13,movel,False,mantido
62,147,1,True,66,66,MOT17-13,movel,False,mantido
156,147,1,True,87,87,MOT17-13,movel,False,mantido
34,148,3,False,53,89,MOT17-13,movel,True,perdida no coasting (1 <= g <= 20)
35,148,0,False,86,88,MOT17-13,movel,True,troca entre vizinhos (g = 0)
156,149,1,True,87,87,MOT17-13,movel,False,mantido
17,150,0,False,71,63,MOT17-13,movel,False,troca entre vizinhos (g = 0)
35,150,1,True,88,88,MOT17-13,movel,False,mantido
40,150,9,False,78,87,MOT17-13,movel,False,perdida no coasting (1 <= g <= 20)
62,150,2,True,66,66,MOT17-13,movel,False,mantido
18,151,0,False,90,58,MOT17-13,movel,False,troca entre vizinhos (g = 0)
35,151,0,False,88,91,MOT17-13,movel,True,troca entre vizinhos (g = 0)
145,151,8,False,78,87,MOT17-13,movel,False,perdida no coasting (1 <= g <= 20)
37,152,1,False,85,92,MOT17-13,movel,True,perdida no coasting (1 <= g <= 20)
40,152,1,True,87,87,MOT17-13,movel,False,mantido
73,152,2,True,62,62,MOT17-13,movel,False,mantido
18,153,0,False,58,65,MOT17-13,movel,False,troca entre vizinhos (g = 0)
51,153,0,False,83,85,MOT17-13,movel,False,troca entre vizinhos (g = 0)
145,154,2,True,87,87,MOT17-13,movel,False,mantido
34,155,3,False,89,94,MOT17-13,movel,True,perdida no coasting (1 <= g <= 20)
35,155,0,False,91,93,MOT17-13,movel,False,troca entre vizinhos (g = 0)
51,156,0,False,85,92,MOT17-13,movel,False,troca entre vizinhos (g = 0)
32,157,30,False,78,95,MOT17-13,movel,False,morta e renascida (g > 20)
35,157,0,False,93,96,MOT17-13,movel,True,troca entre vizinhos (g = 0)
62,157,1,True,66,66,MOT17-13,movel,False,mantido
145,157,2,False,87,89,MOT17-13,movel,False,perdida no coasting (1 <= g <= 20)
40,158,4,False,87,89,MOT17-13,movel,False,perdida no coasting (1 <= g <= 20)
18,159,1,True,65,65,MOT17-13,movel,False,mantido
34,159,3,False,94,95,MOT17-13,movel,False,perdida no coasting (1 <= g <= 20)
145,159,1,True,89,89,MOT17-13,movel,False,mantido
35,160,0,False,96,97,MOT17-13,movel,False,troca entre vizinhos (g = 0)
64,160,0,False,35,66,MOT17-13,movel,False,troca entre vizinhos (g = 0)
62,161,3,False,66,98,MOT17-13,movel,True,perdida no coasting (1 <= g <= 20)
32,162,3,False,95,100,MOT17-13,movel,True,perdida no coasting (1 <= g <= 20)
35,162,0,False,97,99,MOT17-13,movel,True,troca entre vizinhos (g = 0)
40,162,3,True,89,89,MOT17-13,movel,False,mantido
34,163,2,True,95,95,MOT17-13,movel,False,mantido
18,164,0,False,65,85,MOT17-13,movel,False,troca entre vizinhos (g = 0)
34,164,0,False,95,100,MOT17-13,movel,False,troca entre vizinhos (g = 0)
35,165,0,False,99,101,MOT17-13,movel,True,troca entre vizinhos (g = 0)
4,166,1,True,8,8,MOT17-13,movel,False,mantido
145,166,4,True,89,89,MOT17-13,movel,False,mantido
35,169,0,False,101,102,MOT17-13,movel,False,troca entre vizinhos (g = 0)
35,172,1,False,102,103,MOT17-13,movel,True,perdida no coasting (1 <= g <= 20)
37,173,19,False,92,75,MOT17-13,movel,False,perdida no coasting (1 <= g <= 20)
35,174,0,False,103,104,MOT17-13,movel,False,troca entre vizinhos (g = 0)
50,174,1,True,75,75,MOT17-13,movel,False,mantido
50,176,1,True,75,75,MOT17-13,movel,False,mantido
35,177,1,True,104,104,MOT17-13,movel,False,mantido
35,179,1,False,104,105,MOT17-13,movel,False,perdida no coasting (1 <= g <= 20)
34,184,19,False,100,108,MOT17-13,movel,False,perdida no coasting (1 <= g <= 20)
35,184,0,False,105,107,MOT17-13,movel,False,troca entre vizinhos (g = 0)
35,185,0,False,107,110,MOT17-13,movel,True,troca entre vizinhos (g = 0)
35,187,0,False,110,111,MOT17-13,movel,False,troca entre vizinhos (g = 0)
35,189,0,False,111,112,MOT17-13,movel,True,troca entre vizinhos (g = 0)
133,190,1,True,109,109,MOT17-13,movel,False,mantido
35,193,2,False,112,113,MOT17-13,movel,True,perdida no coasting (1 <= g <= 20)
35,201,4,False,113,117,MOT17-13,movel,True,perdida no coasting (1 <= g <= 20)
168,205,1,True,98,98,MOT17-13,movel,False,mantido
50,206,1,True,75,75,MOT17-13,movel,False,mantido
150,207,6,False,116,118,MOT17-13,movel,True,perdida no coasting (1 <= g <= 20)
168,207,1,True,98,98,MOT17-13,movel,False,mantido
37,210,36,True,75,75,MOT17-13,movel,False,mantido
50,211,2,True,75,75,MOT17-13,movel,False,mantido
150,211,3,True,118,118,MOT17-13,movel,False,mantido
50,214,2,True,75,75,MOT17-13,movel,False,mantido
50,218,1,True,75,75,MOT17-13,movel,False,mantido
50,222,3,False,75,120,MOT17-13,movel,True,perdida no coasting (1 <= g <= 20)
34,225,35,False,108,109,MOT17-13,movel,False,morta e renascida (g > 20)
52,229,0,False,120,92,MOT17-13,movel,False,troca entre vizinhos (g = 0)
52,230,0,False,92,120,MOT17-13,movel,False,troca entre vizinhos (g = 0)
45,243,5,False,123,127,MOT17-13,movel,True,perdida no coasting (1 <= g <= 20)
72,243,2,True,40,40,MOT17-13,movel,False,mantido
150,247,35,False,118,125,MOT17-13,movel,False,morta e renascida (g > 20)
138,250,41,False,114,129,MOT17-13,movel,False,morta e renascida (g > 20)
138,252,1,True,129,129,MOT17-13,movel,False,mantido
146,252,39,False,114,123,MOT17-13,movel,False,morta e renascida (g > 20)
52,255,20,True,120,120,MOT17-13,movel,False,mantido
34,258,0,False,109,129,MOT17-13,movel,False,troca entre vizinhos (g = 0)
45,258,1,True,127,127,MOT17-13,movel,False,mantido
34,262,1,False,129,123,MOT17-13,movel,False,perdida no coasting (1 <= g <= 20)
45,262,2,True,127,127,MOT17-13,movel,False,mantido
146,262,9,False,123,131,MOT17-13,movel,False,perdida no coasting (1 <= g <= 20)
146,268,5,False,131,132,MOT17-13,movel,False,perdida no coasting (1 <= g <= 20)
7,277,6,False,7,135,MOT17-13,movel,True,perdida no coasting (1 <= g <= 20)
133,279,54,False,109,132,MOT17-13,movel,False,morta e renascida (g > 20)
7,283,0,False,135,134,MOT17-13,movel,False,troca entre vizinhos (g = 0)
133,292,12,False,132,136,MOT17-13,movel,True,perdida no coasting (1 <= g <= 20)
18,302,3,True,85,85,MOT17-13,movel,False,mantido
47,302,188,False,55,137,MOT17-13,movel,True,morta e renascida (g > 20)
48,303,1,False,85,137,MOT17-13,movel,False,perdida no coasting (1 <= g <= 20)
18,311,8,True,85,85,MOT17-13,movel,False,mantido
133,312,19,False,136,141,MOT17-13,movel,True,perdida no coasting (1 <= g <= 20)
18,319,6,False,85,137,MOT17-13,movel,False,perdida no coasting (1 <= g <= 20)
48,320,1,True,137,137,MOT17-13,movel,False,mantido
133,320,7,False,141,142,MOT17-13,movel,True,perdida no coasting (1 <= g <= 20)
18,324,4,True,137,137,MOT17-13,movel,False,mantido
48,325,2,True,137,137,MOT17-13,movel,False,mantido
133,330,9,True,142,142,MOT17-13,movel,False,mantido
68,333,3,False,145,146,MOT17-13,movel,False,perdida no coasting (1 <= g <= 20)
18,334,9,True,137,137,MOT17-13,movel,False,mantido
48,335,1,True,137,137,MOT17-13,movel,False,mantido
48,337,1,True,137,137,MOT17-13,movel,False,mantido
18,342,7,False,137,147,MOT17-13,movel,True,perdida no coasting (1 <= g <= 20)
39,345,1,True,20,20,MOT17-13,movel,False,mantido
39,349,1,True,20,20,MOT17-13,movel,False,mantido
18,362,19,False,147,149,MOT17-13,movel,True,perdida no coasting (1 <= g <= 20)
18,366,3,True,149,149,MOT17-13,movel,False,mantido
39,366,0,False,20,150,MOT17-13,movel,True,troca entre vizinhos (g = 0)
39,367,0,False,150,20,MOT17-13,movel,False,troca entre vizinhos (g = 0)
18,368,1,True,149,149,MOT17-13,movel,False,mantido
18,370,1,True,149,149,MOT17-13,movel,False,mantido
70,374,1,True,148,148,MOT17-13,movel,False,mantido
39,379,0,False,20,150,MOT17-13,movel,False,troca entre vizinhos (g = 0)
68,379,2,True,146,146,MOT17-13,movel,False,mantido
59,380,1,True,140,140,MOT17-13,movel,False,mantido
68,381,1,True,146,146,MOT17-13,movel,False,mantido
68,384,2,True,146,146,MOT17-13,movel,False,mantido
70,385,1,True,148,148,MOT17-13,movel,False,mantido
68,386,1,True,146,146,MOT17-13,movel,False,mantido
68,389,2,True,146,146,MOT17-13,movel,False,mantido
68,390,0,False,146,148,MOT17-13,movel,False,troca entre vizinhos (g = 0)
68,391,0,False,148,146,MOT17-13,movel,False,troca entre vizinhos (g = 0)
70,391,1,True,148,148,MOT17-13,movel,False,mantido
68,395,2,True,146,146,MOT17-13,movel,False,mantido
74,395,0,False,139,20,MOT17-13,movel,False,troca entre vizinhos (g = 0)
68,397,1,False,146,148,MOT17-13,movel,False,perdida no coasting (1 <= g <= 20)
70,401,4,False,148,153,MOT17-13,movel,True,perdida no coasting (1 <= g <= 20)
65,402,0,False,143,146,MOT17-13,movel,False,troca entre vizinhos (g = 0)
68,403,1,True,148,148,MOT17-13,movel,False,mantido
74,404,0,False,20,150,MOT17-13,movel,False,troca entre vizinhos (g = 0)
68,405,1,True,148,148,MOT17-13,movel,False,mantido
74,406,0,False,150,151,MOT17-13,movel,False,troca entre vizinhos (g = 0)
74,407,0,False,151,152,MOT17-13,movel,False,troca entre vizinhos (g = 0)
65,408,0,False,146,148,MOT17-13,movel,False,troca entre vizinhos (g = 0)
68,409,3,False,148,153,MOT17-13,movel,False,perdida no coasting (1 <= g <= 20)
70,409,0,False,153,155,MOT17-13,movel,True,troca entre vizinhos (g = 0)
58,411,0,False,154,156,MOT17-13,movel,True,troca entre vizinhos (g = 0)
74,412,0,False,152,154,MOT17-13,movel,False,troca entre vizinhos (g = 0)
58,413,0,False,156,157,MOT17-13,movel,True,troca entre vizinhos (g = 0)
74,414,0,False,154,156,MOT17-13,movel,False,troca entre vizinhos (g = 0)
58,415,0,False,157,158,MOT17-13,movel,True,troca entre vizinhos (g = 0)
58,416,0,False,158,159,MOT17-13,movel,True,troca entre vizinhos (g = 0)
74,416,0,False,156,157,MOT17-13,movel,False,troca entre vizinhos (g = 0)
58,417,0,False,159,160,MOT17-13,movel,True,troca entre vizinhos (g = 0)
74,417,0,False,157,158,MOT17-13,movel,False,troca entre vizinhos (g = 0)
74,418,0,False,158,159,MOT17-13,movel,False,troca entre vizinhos (g = 0)
58,419,0,False,160,161,MOT17-13,movel,True,troca entre vizinhos (g = 0)
58,420,0,False,161,162,MOT17-13,movel,True,troca entre vizinhos (g = 0)
58,421,0,False,162,163,MOT17-13,movel,True,troca entre vizinhos (g = 0)
58,422,0,False,163,164,MOT17-13,movel,True,troca entre vizinhos (g = 0)
58,423,0,False,164,165,MOT17-13,movel,True,troca entre vizinhos (g = 0)
58,424,0,False,165,166,MOT17-13,movel,True,troca entre vizinhos (g = 0)
58,425,0,False,166,167,MOT17-13,movel,True,troca entre vizinhos (g = 0)
68,425,0,False,153,155,MOT17-13,movel,False,troca entre vizinhos (g = 0)
70,425,0,False,155,168,MOT17-13,movel,True,troca entre vizinhos (g = 0)
58,426,0,False,167,169,MOT17-13,movel,True,troca entre vizinhos (g = 0)
65,426,0,False,148,153,MOT17-13,movel,False,troca entre vizinhos (g = 0)
68,426,0,False,155,168,MOT17-13,movel,False,troca entre vizinhos (g = 0)
70,426,0,False,168,170,MOT17-13,movel,True,troca entre vizinhos (g = 0)
65,427,0,False,153,155,MOT17-13,movel,False,troca entre vizinhos (g = 0)
58,428,0,False,169,171,MOT17-13,movel,True,troca entre vizinhos (g = 0)
58,429,0,False,171,173,MOT17-13,movel,True,troca entre vizinhos (g = 0)
65,429,0,False,155,168,MOT17-13,movel,False,troca entre vizinhos (g = 0)
68,429,0,False,168,170,MOT17-13,movel,False,troca entre vizinhos (g = 0)
69,429,0,False,172,174,MOT17-13,movel,True,troca entre vizinhos (g = 0)
70,429,0,False,170,172,MOT17-13,movel,False,troca entre vizinhos (g = 0)
58,430,0,False,173,175,MOT17-13,movel,True,troca entre vizinhos (g = 0)
65,430,0,False,168,170,MOT17-13,movel,False,troca entre vizinhos (g = 0)
69,430,0,False,174,176,MOT17-13,movel,True,troca entre vizinhos (g = 0)
70,430,0,False,172,174,MOT17-13,movel,False,troca entre vizinhos (g = 0)
142,430,104,False,143,172,MOT17-13,movel,False,morta e renascida (g > 20)
58,431,0,False,175,177,MOT17-13,movel,True,troca entre vizinhos (g = 0)
58,432,0,False,177,178,MOT17-13,movel,True,troca entre vizinhos (g = 0)
65,432,0,False,170,172,MOT17-13,movel,False,troca entre vizinhos (g = 0)
70,432,0,False,174,179,MOT17-13,movel,True,troca entre vizinhos (g = 0)
58,433,0,False,178,180,MOT17-13,movel,True,troca entre vizinhos (g = 0)
69,433,0,False,176,181,MOT17-13,movel,True,troca entre vizinhos (g = 0)
70,433,0,False,179,176,MOT17-13,movel,False,troca entre vizinhos (g = 0)
58,434,0,False,180,182,MOT17-13,movel,True,troca entre vizinhos (g = 0)
65,434,0,False,172,174,MOT17-13,movel,False,troca entre vizinhos (g = 0)
58,435,0,False,182,183,MOT17-13,movel,True,troca entre vizinhos (g = 0)
65,435,0,False,174,179,MOT17-13,movel,False,troca entre vizinhos (g = 0)
69,435,0,False,181,184,MOT17-13,movel,True,troca entre vizinhos (g = 0)
70,435,0,False,176,181,MOT17-13,movel,False,troca entre vizinhos (g = 0)
58,436,0,False,183,185,MOT17-13,movel,True,troca entre vizinhos (g = 0)
70,436,0,False,181,184,MOT17-13,movel,False,troca entre vizinhos (g = 0)
58,437,0,False,185,186,MOT17-13,movel,True,troca entre vizinhos (g = 0)
65,437,0,False,179,176,MOT17-13,movel,False,troca entre vizinhos (g = 0)
69,437,1,False,184,187,MOT17-13,movel,True,perdida no coasting (1 <= g <= 20)
58,438,0,False,186,188,MOT17-13,movel,True,troca entre vizinhos (g = 0)
65,438,0,False,176,181,MOT17-13,movel,False,troca entre vizinhos (g = 0)
58,439,0,False,188,189,MOT17-13,movel,True,troca entre vizinhos (g = 0)
70,439,0,False,184,187,MOT17-13,movel,False,troca entre vizinhos (g = 0)
58,440,0,False,189,190,MOT17-13,movel,True,troca entre vizinhos (g = 0)
58,441,0,False,190,191,MOT17-13,movel,True,troca entre vizinhos (g = 0)
65,441,0,False,181,184,MOT17-13,movel,False,troca entre vizinhos (g = 0)
58,442,0,False,191,192,MOT17-13,movel,True,troca entre vizinhos (g = 0)
58,443,0,False,192,193,MOT17-13,movel,True,troca entre vizinhos (g = 0)
58,444,0,False,193,194,MOT17-13,movel,True,troca entre vizinhos (g = 0)
58,445,0,False,194,195,MOT17-13,movel,True,troca entre vizinhos (g = 0)
69,445,6,False,187,196,MOT17-13,movel,True,perdida no coasting (1 <= g <= 20)
58,446,0,False,195,197,MOT17-13,movel,True,troca entre vizinhos (g = 0)
70,446,0,False,187,196,MOT17-13,movel,False,troca entre vizinhos (g = 0)
151,447,0,False,198,199,MOT17-13,movel,True,troca entre vizinhos (g = 0)
65,448,0,False,184,187,MOT17-13,movel,False,troca entre vizinhos (g = 0)
70,453,0,False,196,198,MOT17-13,movel,False,troca entre vizinhos (g = 0)
70,454,0,False,198,199,MOT17-13,movel,False,troca entre vizinhos (g = 0)
70,455,0,False,199,201,MOT17-13,movel,True,troca entre vizinhos (g = 0)
65,456,0,False,187,196,MOT17-13,movel,False,troca entre vizinhos (g = 0)
65,457,0,False,196,198,MOT17-13,movel,False,troca entre vizinhos (g = 0)
70,460,0,False,201,202,MOT17-13,movel,True,troca entre vizinhos (g = 0)
70,462,0,False,202,204,MOT17-13,movel,True,troca entre vizinhos (g = 0)
65,463,0,False,198,201,MOT17-13,movel,False,troca entre vizinhos (g = 0)
65,464,0,False,201,202,MOT17-13,movel,False,troca entre vizinhos (g = 0)
70,465,0,False,204,205,MOT17-13,movel,True,troca entre vizinhos (g = 0)
65,468,0,False,202,204,MOT17-13,movel,False,troca entre vizinhos (g = 0)
65,470,0,False,204,205,MOT17-13,movel,False,troca entre vizinhos (g = 0)
22,481,1,True,206,206,MOT17-13,movel,False,mantido
21,482,0,False,207,208,MOT17-13,movel,True,troca entre vizinhos (g = 0)
22,483,0,False,206,207,MOT17-13,movel,False,troca entre vizinhos (g = 0)
21,485,0,False,208,209,MOT17-13,movel,True,troca entre vizinhos (g = 0)
21,486,0,False,209,210,MOT17-13,movel,True,troca entre vizinhos (g = 0)
22,486,0,False,207,208,MOT17-13,movel,False,troca entre vizinhos (g = 0)
22,487,0,False,208,209,MOT17-13,movel,False,troca entre vizinhos (g = 0)
22,489,0,False,209,211,MOT17-13,movel,True,troca entre vizinhos (g = 0)
22,492,0,False,211,212,MOT17-13,movel,True,troca entre vizinhos (g = 0)
21,494,0,False,210,213,MOT17-13,movel,True,troca entre vizinhos (g = 0)
22,494,0,False,212,210,MOT17-13,movel,False,troca entre vizinhos (g = 0)
21,495,0,False,213,214,MOT17-13,movel,True,troca entre vizinhos (g = 0)
22,495,0,False,210,213,MOT17-13,movel,False,troca entre vizinhos (g = 0)
21,496,0,False,214,215,MOT17-13,movel,True,troca entre vizinhos (g = 0)
22,496,0,False,213,214,MOT17-13,movel,False,troca entre vizinhos (g = 0)
21,497,0,False,215,216,MOT17-13,movel,True,troca entre vizinhos (g = 0)
22,497,0,False,214,215,MOT17-13,movel,False,troca entre vizinhos (g = 0)
21,498,0,False,216,217,MOT17-13,movel,True,troca entre vizinhos (g = 0)
22,498,0,False,215,216,MOT17-13,movel,False,troca entre vizinhos (g = 0)
21,501,0,False,217,218,MOT17-13,movel,True,troca entre vizinhos (g = 0)
22,501,0,False,216,217,MOT17-13,movel,False,troca entre vizinhos (g = 0)
23,503,0,False,219,206,MOT17-13,movel,False,troca entre vizinhos (g = 0)
26,504,0,False,220,221,MOT17-13,movel,True,troca entre vizinhos (g = 0)
21,505,0,False,218,223,MOT17-13,movel,True,troca entre vizinhos (g = 0)
22,505,0,False,217,218,MOT17-13,movel,False,troca entre vizinhos (g = 0)
26,505,0,False,221,222,MOT17-13,movel,True,troca entre vizinhos (g = 0)
28,505,0,False,220,221,MOT17-13,movel,False,troca entre vizinhos (g = 0)
21,506,0,False,223,226,MOT17-13,movel,True,troca entre vizinhos (g = 0)
22,506,0,False,218,223,MOT17-13,movel,False,troca entre vizinhos (g = 0)
26,506,0,False,222,224,MOT17-13,movel,True,troca entre vizinhos (g = 0)
28,506,0,False,221,225,MOT17-13,movel,True,troca entre vizinhos (g = 0)
21,507,0,False,226,228,MOT17-13,movel,True,troca entre vizinhos (g = 0)
22,507,0,False,223,226,MOT17-13,movel,False,troca entre vizinhos (g = 0)
26,507,0,False,224,227,MOT17-13,movel,True,troca entre vizinhos (g = 0)
28,507,0,False,225,224,MOT17-13,movel,False,troca entre vizinhos (g = 0)
21,508,0,False,228,231,MOT17-13,movel,True,troca entre vizinhos (g = 0)
22,508,0,False,226,228,MOT17-13,movel,False,troca entre vizinhos (g = 0)
23,508,0,False,206,229,MOT17-13,movel,True,troca entre vizinhos (g = 0)
26,508,0,False,227,230,MOT17-13,movel,True,troca entre vizinhos (g = 0)
28,508,0,False,224,227,MOT17-13,movel,False,troca entre vizinhos (g = 0)
24,509,0,False,219,206,MOT17-13,movel,False,troca entre vizinhos (g = 0)
26,509,0,False,230,232,MOT17-13,movel,True,troca entre vizinhos (g = 0)
28,509,0,False,227,230,MOT17-13,movel,False,troca entre vizinhos (g = 0)
21,510,0,False,231,234,MOT17-13,movel,True,troca entre vizinhos (g = 0)
22,510,0,False,228,231,MOT17-13,movel,False,troca entre vizinhos (g = 0)
26,510,0,False,232,233,MOT17-13,movel,True,troca entre vizinhos (g = 0)
28,510,0,False,230,232,MOT17-13,movel,False,troca entre vizinhos (g = 0)
21,511,0,False,234,236,MOT17-13,movel,True,troca entre vizinhos (g = 0)
22,511,0,False,231,234,MOT17-13,movel,False,troca entre vizinhos (g = 0)
26,511,0,False,233,235,MOT17-13,movel,True,troca entre vizinhos (g = 0)
28,511,0,False,232,233,MOT17-13,movel,False,troca entre vizinhos (g = 0)
26,512,0,False,235,237,MOT17-13,movel,True,troca entre vizinhos (g = 0)
28,512,0,False,233,235,MOT17-13,movel,False,troca entre vizinhos (g = 0)
26,513,0,False,237,238,MOT17-13,movel,True,troca entre vizinhos (g = 0)
28,513,0,False,235,237,MOT17-13,movel,False,troca entre vizinhos (g = 0)
26,514,0,False,238,239,MOT17-13,movel,True,troca entre vizinhos (g = 0)
28,514,0,False,237,238,MOT17-13,movel,False,troca entre vizinhos (g = 0)
21,515,0,False,236,241,MOT17-13,movel,True,troca entre vizinhos (g = 0)
22,515,0,False,234,236,MOT17-13,movel,False,troca entre vizinhos (g = 0)
26,515,0,False,239,240,MOT17-13,movel,True,troca entre vizinhos (g = 0)
28,515,0,False,238,239,MOT17-13,movel,False,troca entre vizinhos (g = 0)
28,516,0,False,239,242,MOT17-13,movel,True,troca entre vizinhos (g = 0)
22,517,0,False,236,241,MOT17-13,movel,False,troca entre vizinhos (g = 0)
26,517,0,False,240,244,MOT17-13,movel,True,troca entre vizinhos (g = 0)
28,517,0,False,242,240,MOT17-13,movel,False,troca entre vizinhos (g = 0)
26,518,0,False,244,245,MOT17-13,movel,True,troca entre vizinhos (g = 0)
28,518,0,False,240,244,MOT17-13,movel,False,troca entre vizinhos (g = 0)
26,519,0,False,245,246,MOT17-13,movel,True,troca entre vizinhos (g = 0)
28,519,0,False,244,245,MOT17-13,movel,False,troca entre vizinhos (g = 0)
26,520,0,False,246,247,MOT17-13,movel,True,troca entre vizinhos (g = 0)
28,520,0,False,245,246,MOT17-13,movel,False,troca entre vizinhos (g = 0)
26,521,0,False,247,248,MOT17-13,movel,True,troca entre vizinhos (g = 0)
28,521,0,False,246,247,MOT17-13,movel,False,troca entre vizinhos (g = 0)
28,522,0,False,247,249,MOT17-13,movel,True,troca entre vizinhos (g = 0)
26,523,0,False,248,250,MOT17-13,movel,True,troca entre vizinhos (g = 0)
28,523,0,False,249,248,MOT17-13,movel,False,troca entre vizinhos (g = 0)
26,524,0,False,250,251,MOT17-13,movel,True,troca entre vizinhos (g = 0)
28,524,0,False,248,250,MOT17-13,movel,False,troca entre vizinhos (g = 0)
28,525,0,False,250,252,MOT17-13,movel,True,troca entre vizinhos (g = 0)
28,526,0,False,252,253,MOT17-13,movel,True,troca entre vizinhos (g = 0)
26,527,0,False,251,254,MOT17-13,movel,True,troca entre vizinhos (g = 0)
28,527,0,False,253,251,MOT17-13,movel,False,troca entre vizinhos (g = 0)
28,528,0,False,251,255,MOT17-13,movel,True,troca entre vizinhos (g = 0)
28,529,0,False,255,256,MOT17-13,movel,True,troca entre vizinhos (g = 0)
28,530,0,False,256,257,MOT17-13,movel,True,troca entre vizinhos (g = 0)
28,531,0,False,257,258,MOT17-13,movel,True,troca entre vizinhos (g = 0)
28,532,0,False,258,259,MOT17-13,movel,True,troca entre vizinhos (g = 0)
26,533,0,False,254,262,MOT17-13,movel,True,troca entre vizinhos (g = 0)
28,533,0,False,259,261,MOT17-13,movel,True,troca entre vizinhos (g = 0)
53,533,0,False,260,263,MOT17-13,movel,True,troca entre vizinhos (g = 0)
28,534,0,False,261,254,MOT17-13,movel,False,troca entre vizinhos (g = 0)
53,534,0,False,263,264,MOT17-13,movel,True,troca entre vizinhos (g = 0)
28,535,0,False,254,265,MOT17-13,movel,True,troca entre vizinhos (g = 0)
28,536,0,False,265,266,MOT17-13,movel,True,troca entre vizinhos (g = 0)
53,536,0,False,264,267,MOT17-13,movel,True,troca entre vizinhos (g = 0)
28,537,0,False,266,268,MOT17-13,movel,True,troca entre vizinhos (g = 0)
53,537,0,False,267,269,MOT17-13,movel,True,troca entre vizinhos (g = 0)
53,538,0,False,269,270,MOT17-13,movel,True,troca entre vizinhos (g = 0)
53,539,0,False,270,271,MOT17-13,movel,True,troca entre vizinhos (g = 0)
28,540,0,False,268,272,MOT17-13,movel,True,troca entre vizinhos (g = 0)
53,540,0,False,271,273,MOT17-13,movel,True,troca entre vizinhos (g = 0)
53,541,0,False,273,274,MOT17-13,movel,True,troca entre vizinhos (g = 0)
28,542,0,False,272,275,MOT17-13,movel,True,troca entre vizinhos (g = 0)
53,542,0,False,274,276,MOT17-13,movel,True,troca entre vizinhos (g = 0)
28,543,0,False,275,277,MOT17-13,movel,True,troca entre vizinhos (g = 0)
53,543,0,False,276,278,MOT17-13,movel,True,troca entre vizinhos (g = 0)
53,545,0,False,278,279,MOT17-13,movel,True,troca entre vizinhos (g = 0)
53,548,0,False,279,280,MOT17-13,movel,True,troca entre vizinhos (g = 0)
26,553,0,False,262,281,MOT17-13,movel,True,troca entre vizinhos (g = 0)
24,555,0,False,206,229,MOT17-13,movel,False,troca entre vizinhos (g = 0)
28,557,0,False,277,282,MOT17-13,movel,True,troca entre vizinhos (g = 0)
27,572,1,True,283,283,MOT17-13,movel,False,mantido
57,598,1,True,285,285,MOT17-13,movel,False,mantido
56,651,0,False,287,290,MOT17-13,movel,True,troca entre vizinhos (g = 0)
56,653,0,False,290,291,MOT17-13,movel,True,troca entre vizinhos (g = 0)
43,654,36,False,288,287,MOT17-13,movel,False,morta e renascida (g > 20)
56,655,0,False,291,292,MOT17-13,movel,True,troca entre vizinhos (g = 0)
43,656,0,False,287,290,MOT17-13,movel,False,troca entre vizinhos (g = 0)
53,656,0,False,280,293,MOT17-13,movel,True,troca entre vizinhos (g = 0)
54,656,0,False,289,294,MOT17-13,movel,True,troca entre vizinhos (g = 0)
56,656,0,False,292,295,MOT17-13,movel,True,troca entre vizinhos (g = 0)
43,658,0,False,290,298,MOT17-13,movel,True,troca entre vizinhos (g = 0)
54,658,0,False,294,296,MOT17-13,movel,True,troca entre vizinhos (g = 0)
56,658,0,False,295,297,MOT17-13,movel,True,troca entre vizinhos (g = 0)
53,660,0,False,293,299,MOT17-13,movel,False,troca entre vizinhos (g = 0)
43,663,0,False,298,295,MOT17-13,movel,False,troca entre vizinhos (g = 0)
56,663,0,False,297,300,MOT17-13,movel,True,troca entre vizinhos (g = 0)
56,665,0,False,300,301,MOT17-13,movel,True,troca entre vizinhos (g = 0)
56,669,0,False,301,302,MOT17-13,movel,True,troca entre vizinhos (g = 0)
56,671,0,False,302,303,MOT17-13,movel,True,troca entre vizinhos (g = 0)
43,672,0,False,295,301,MOT17-13,movel,False,troca entre vizinhos (g = 0)
43,673,0,False,301,302,MOT17-13,movel,False,troca entre vizinhos (g = 0)
56,673,0,False,303,304,MOT17-13,movel,True,troca entre vizinhos (g = 0)
43,676,0,False,302,303,MOT17-13,movel,False,troca entre vizinhos (g = 0)
54,676,0,False,296,305,MOT17-13,movel,True,troca entre vizinhos (g = 0)
43,678,0,False,303,306,MOT17-13,movel,True,troca entre vizinhos (g = 0)
56,678,0,False,304,307,MOT17-13,movel,True,troca entre vizinhos (g = 0)
55,680,9,False,301,309,MOT17-13,movel,True,perdida no coasting (1 <= g <= 20)
56,680,0,False,307,308,MOT17-13,movel,True,troca entre vizinhos (g = 0)
55,681,0,False,309,311,MOT17-13,movel,True,troca entre vizinhos (g = 0)
56,681,0,False,308,310,MOT17-13,movel,True,troca entre vizinhos (g = 0)
43,682,0,False,306,309,MOT17-13,movel,False,troca entre vizinhos (g = 0)
56,682,0,False,310,312,MOT17-13,movel,True,troca entre vizinhos (g = 0)
43,683,0,False,309,304,MOT17-13,movel,False,troca entre vizinhos (g = 0)
55,683,1,False,311,308,MOT17-13,movel,False,perdida no coasting (1 <= g <= 20)
43,685,0,False,304,307,MOT17-13,movel,False,troca entre vizinhos (g = 0)
43,686,0,False,307,308,MOT17-13,movel,False,troca entre vizinhos (g = 0)
55,686,0,False,308,313,MOT17-13,movel,True,troca entre vizinhos (g = 0)
43,691,0,False,308,313,MOT17-13,movel,False,troca entre vizinhos (g = 0)
55,691,0,False,313,314,MOT17-13,movel,True,troca entre vizinhos (g = 0)
