matching,iou_threshold,max_age,sequence,IDF1,IDP,IDR,IDTP,IDFP,IDFN,IDSW,FRAG,IDSW_per_gt_id,n_gt_ids,n_pred_ids,count_error,id_ratio,MOTA,TP,FP,FN
greedy,0.1,0,MOT17-02,0.347467221796136,0.5405681818181818,0.2560142080619988,4757,4043,13824,629,691,10.14516129032258,62,709,647,11.435483870967742,0.40143156988321405,8444,356,10137
greedy,0.1,0,MOT17-04,0.5752945350444708,0.6878474050669944,0.4943961982463149,23512,10670,24045,755,825,9.096385542168674,83,730,647,8.795180722891565,0.7019576508190172,34160,22,13397
greedy,0.1,0,MOT17-05,0.5527593025346036,0.7305773342836779,0.44455688882463495,3075,1134,3842,227,224,1.7067669172932332,133,295,162,2.218045112781955,0.5655631053925112,4174,35,2743
greedy,0.1,0,MOT17-11,0.5703553174456555,0.6807290901073056,0.49077999152183127,4631,2172,4805,244,236,3.2533333333333334,75,295,220,3.933333333333333,0.6675498092412039,6673,130,2763
greedy,0.1,0,MOT17-13,0.49527199911002334,0.7026515151515151,0.3824085208727023,4452,1884,7190,350,208,3.1818181818181817,110,354,244,3.2181818181818183,0.450781652637004,5967,369,5675
greedy,0.1,1,MOT17-02,0.36485153938862713,0.5676136363636364,0.26882299122759806,4995,3805,13586,412,693,6.645161290322581,62,443,381,7.145161290322581,0.4131101662989075,8444,356,10137
greedy,0.1,1,MOT17-04,0.5973158467806066,0.714177052249722,0.513320857076771,24412,9770,23145,398,829,4.795180722891566,83,397,314,4.783132530120482,0.709464432155098,34160,22,13397
greedy,0.1,1,MOT17-05,0.5577925579723171,0.7372297457828463,0.44860488651149344,3103,1106,3814,169,228,1.2706766917293233,133,224,91,1.6842105263157894,0.5739482434581467,4174,35,2743
greedy,0.1,1,MOT17-11,0.5814397438265904,0.6939585476995443,0.5003179313268334,4721,2082,4715,159,236,2.12,75,203,128,2.7066666666666666,0.6765578635014837,6673,130,2763
greedy,0.1,1,MOT17-13,0.518522638780732,0.7356376262626263,0.4003607627555403,4661,1675,6981,304,208,2.7636363636363637,110,288,178,2.618181818181818,0.4547328637691118,5967,369,5675
greedy,0.1,2,MOT17-02,0.3801175997954786,0.5913636363636363,0.2800710403099941,5204,3596,13377,333,693,5.370967741935484,62,344,282,5.548387096774194,0.4173618212152198,8444,356,10137
greedy,0.1,2,MOT17-04,0.627901001969684,0.7507460066701773,0.5396051054524045,25662,8520,21895,279,834,3.36144578313253,83,278,195,3.3493975903614457,0.7119666926004584,34160,22,13397
greedy,0.1,2,MOT17-05,0.5743303972676613,0.7590876692801141,0.4619054503397427,3195,1014,3722,151,233,1.1353383458646618,133,194,61,1.4586466165413534,0.5765505276854128,4174,35,2743
greedy,0.1,2,MOT17-11,0.5856271937927212,0.6989563427899456,0.5039211530309453,4755,2048,4681,121,236,1.6133333333333333,75,158,83,2.1066666666666665,0.6805849936413735,6673,130,2763
greedy,0.1,2,MOT17-13,0.5283123817999777,0.7495265151515151,0.407919601443051,4749,1587,6893,299,208,2.7181818181818183,110,265,155,2.409090909090909,0.45516234323999316,5967,369,5675
greedy,0.1,5,MOT17-02,0.4037836455936598,0.6281818181818182,0.297508207308541,5528,3272,13053,266,704,4.290322580645161,62,243,181,3.9193548387096775,0.42096765513158607,8444,356,10137
greedy,0.1,5,MOT17-04,0.6625233976437196,0.7921420630741326,0.5693588746136216,27077,7105,20480,175,852,2.108433734939759,83,171,88,2.0602409638554215,0.7143217612549151,34164,18,13393
greedy,0.1,5,MOT17-05,0.5543771346395829,0.7327156094084105,0.44585803093826804,3084,1125,3833,130,233,0.9774436090225563,133,167,34,1.255639097744361,0.5795865259505566,4174,35,2743
greedy,0.1,5,MOT17-11,0.5878440790689082,0.7016022343083933,0.5058287409919457,4773,2030,4663,96,237,1.28,75,128,53,1.7066666666666668,0.6832344213649852,6673,130,2763
greedy,0.1,5,MOT17-13,0.5278673934809212,0.748895202020202,0.407576017866346,4745,1591,6897,304,208,2.7636363636363637,110,244,134,2.2181818181818183,0.4547328637691118,5967,369,5675
greedy,0.1,10,MOT17-02,0.4184653591906797,0.6510227272727273,0.3083257090576395,5729,3071,12852,246,708,3.967741935483871,62,193,131,3.1129032258064515,0.4220440234648296,8444,356,10137
greedy,0.1,10,MOT17-04,0.6702553248755184,0.8013866947516236,0.5760035326029816,27393,6789,20164,134,870,1.6144578313253013,83,128,45,1.5421686746987953,0.715183884601636,34164,18,13393
greedy,0.1,10,MOT17-05,0.5894301635808017,0.7790449037776194,0.47404944340031807,3279,930,3638,121,237,0.9097744360902256,133,136,3,1.0225563909774436,0.5808876680641897,4174,35,2743
greedy,0.1,10,MOT17-11,0.5898146437588522,0.7039541378803469,0.5075243747350572,4789,2014,4647,95,237,1.2666666666666666,75,119,44,1.5866666666666667,0.6833403984739297,6673,130,2763
greedy,0.1,10,MOT17-13,0.5264211814439871,0.7468434343434344,0.4064593712420546,4732,1604,6910,310,210,2.8181818181818183,110,230,120,2.090909090909091,0.4542174884040543,5967,369,5675
greedy,0.1,20,MOT17-02,0.4214601365910668,0.6556818181818181,0.310532264140789,5770,3030,12811,231,708,3.725806451612903,62,159,97,2.564516129032258,0.42285129971476243,8444,356,10137
greedy,0.1,20,MOT17-04,0.6984670720219235,0.8351178983090516,0.6002481233046659,28546,5636,19011,149,905,1.7951807228915662,83,101,18,1.216867469879518,0.7148684736211284,34164,18,13393
greedy,0.1,20,MOT17-05,0.5867337767391695,0.7754811119030649,0.4718808732109296,3264,945,3653,118,237,0.8872180451127819,133,118,15,0.8872180451127819,0.5813213821020673,4174,35,2743
greedy,0.1,20,MOT17-11,0.6294722581439743,0.7512861972659121,0.5416490038151759,5111,1692,4325,87,237,1.16,75,108,33,1.44,0.6841882153454854,6673,130,2763
greedy,0.1,20,MOT17-13,0.5088441428412505,0.7219065656565656,0.3928878199622058,4574,1762,7068,321,210,2.918181818181818,110,224,114,2.036363636363636,0.4532726335681154,5967,369,5675
greedy,0.1,30,MOT17-02,0.4244549139914539,0.6603409090909091,0.3127388192239384,5811,2989,12770,223,708,3.596774193548387,62,132,70,2.129032258064516,0.4232818470480598,8444,356,10137
greedy,0.1,30,MOT17-04,0.7091596422760249,0.8479024047744427,0.6094370965367875,28983,5199,18574,147,910,1.7710843373493976,83,95,12,1.144578313253012,0.7149105284185293,34164,18,13393
greedy,0.1,30,MOT17-05,0.582060039547007,0.769303872653837,0.4681220182159896,3238,971,3679,129,237,0.9699248120300752,133,113,20,0.849624060150376,0.5797310972965158,4174,35,2743
greedy,0.1,30,MOT17-11,0.6305807007820678,0.7526091430251359,0.5426027977956761,5120,1683,4316,87,237,1.16,75,106,31,1.4133333333333333,0.6841882153454854,6673,130,2763
greedy,0.1,30,MOT17-13,0.4789186783846924,0.6794507575757576,0.3697818244287923,4305,2031,7337,370,210,3.3636363636363638,110,216,106,1.9636363636363636,0.4490637347534788,5967,369,5675
greedy,0.1,60,MOT17-02,0.4105036339067236,0.6386363636363637,0.3024595016414617,5620,3180,12961,236,710,3.806451612903226,62,109,47,1.7580645161290323,0.4225822076314515,8444,356,10137
greedy,0.1,60,MOT17-04,0.7198277444059751,0.8606576560762975,0.6186050423702084,29419,4763,18138,303,943,3.6506024096385543,83,87,4,1.0481927710843373,0.7116302542212503,34164,18,13393
greedy,0.1,60,MOT17-05,0.548445083587992,0.7248752672843906,0.4410871765216134,3051,1158,3866,148,241,1.112781954887218,133,95,38,0.7142857142857143,0.5769842417232904,4174,35,2743
greedy,0.1,60,MOT17-11,0.6364923948518998,0.7596648537409966,0.5476896990250106,5168,1635,4268,98,237,1.3066666666666666,75,100,25,1.3333333333333333,0.6830224671470962,6673,130,2763
greedy,0.1,60,MOT17-13,0.458004227389031,0.6497790404040404,0.3536333963236557,4117,2219,7525,404,210,3.672727272727273,110,207,97,1.8818181818181818,0.44614327435148604,5967,369,5675
greedy,0.2,0,MOT17-02,0.347467221796136,0.5405681818181818,0.2560142080619988,4757,4043,13824,632,691,10.193548387096774,62,731,669,11.790322580645162,0.4012701146332275,8444,356,10137
greedy,0.2,0,MOT17-04,0.5753679394169247,0.6879351705576034,0.4944592804424165,23515,10667,24042,755,825,9.096385542168674,83,733,650,8.831325301204819,0.7019576508190172,34160,22,13397
greedy,0.2,0,MOT17-05,0.5525795434118281,0.7303397481587075,0.4444123174786757,3074,1135,3843,231,224,1.736842105263158,133,305,172,2.293233082706767,0.5649848200086742,4174,35,2743
greedy,0.2,0,MOT17-11,0.5703553174456555,0.6807290901073056,0.49077999152183127,4631,2172,4805,245,236,3.2666666666666666,75,301,226,4.013333333333334,0.6674438321322594,6673,130,2763
greedy,0.2,0,MOT17-13,0.4903771276004005,0.6957070707070707,0.3786291015289469,4408,1928,7234,386,208,3.5090909090909093,110,396,286,3.6,0.4476894004466586,5967,369,5675
greedy,0.2,1,MOT17-02,0.36485153938862713,0.5676136363636364,0.26882299122759806,4995,3805,13586,412,693,6.645161290322581,62,461,399,7.435483870967742,0.4131101662989075,8444,356,10137
greedy,0.2,1,MOT17-04,0.5973158467806066,0.714177052249722,0.513320857076771,24412,9770,23145,397,829,4.783132530120482,83,397,314,4.783132530120482,0.7094854595537986,34160,22,13397
greedy,0.2,1,MOT17-05,0.5664209958655402,0.7486338797814208,0.4555443111175365,3151,1058,3766,171,228,1.2857142857142858,133,232,99,1.744360902255639,0.5736591007662282,4174,35,2743
greedy,0.2,1,MOT17-11,0.5814397438265904,0.6939585476995443,0.5003179313268334,4721,2082,4715,159,236,2.12,75,209,134,2.7866666666666666,0.6765578635014837,6673,130,2763
greedy,0.2,1,MOT17-13,0.5132940260318166,0.728219696969697,0.39632365572925615,4614,1722,7028,341,208,3.1,110,329,219,2.9909090909090907,0.45155471568459027,5967,369,5675
greedy,0.2,2,MOT17-02,0.37456630510207806,0.5827272727272728,0.2759808406436683,5128,3672,13453,337,695,5.435483870967742,62,357,295,5.758064516129032,0.41714654754857117,8444,356,10137
greedy,0.2,2,MOT17-04,0.6269956813760873,0.7496635656193318,0.5388270917004857,25625,8557,21932,279,834,3.36144578313253,83,280,197,3.3734939759036147,0.7119666926004584,34160,22,13397
greedy,0.2,2,MOT17-05,0.5874528132302714,0.7764314564029461,0.4724591585947665,3268,941,3649,153,233,1.150375939849624,133,205,72,1.5413533834586466,0.5762613849934943,4174,35,2743
greedy,0.2,2,MOT17-11,0.5856271937927212,0.6989563427899456,0.5039211530309453,4755,2048,4681,121,236,1.6133333333333333,75,163,88,2.1733333333333333,0.6805849936413735,6673,130,2763
greedy,0.2,2,MOT17-13,0.5227500278117699,0.741635101010101,0.4036248067342381,4699,1637,6943,338,208,3.0727272727272728,110,307,197,2.790909090909091,0.45181240336711903,5967,369,5675
greedy,0.2,5,MOT17-02,0.4031992987838282,0.6272727272727273,0.29707765997524355,5520,3280,13061,269,708,4.338709677419355,62,265,203,4.274193548387097,0.4208061998815995,8444,356,10137
greedy,0.2,5,MOT17-04,0.6652148913003585,0.7953601310631326,0.5716718884706773,27187,6995,20370,173,853,2.0843373493975905,83,174,91,2.0963855421686746,0.7143638160523162,34164,18,13393
greedy,0.2,5,MOT17-05,0.5723530469171311,0.7564742219054407,0.4603151655341911,3184,1025,3733,134,233,1.0075187969924813,133,179,46,1.3458646616541354,0.5790082405667196,4174,35,2743
greedy,0.2,5,MOT17-11,0.5878440790689082,0.7016022343083933,0.5058287409919457,4773,2030,4663,98,237,1.3066666666666666,75,135,60,1.8,0.6830224671470962,6673,130,2763
greedy,0.2,5,MOT17-13,0.5221937924129492,0.7408459595959596,0.40319532726335683,4694,1642,6948,348,208,3.1636363636363636,110,286,176,2.6,0.45095344442535645,5967,369,5675
greedy,0.2,10,MOT17-02,0.4198531828640298,0.6531818181818182,0.30934825897422097,5748,3052,12833,254,712,4.096774193548387,62,215,153,3.467741935483871,0.4216134761315322,8444,356,10137
greedy,0.2,10,MOT17-04,0.6706468148619386,0.8018547773682055,0.5763399709821898,27409,6773,20148,137,878,1.6506024096385543,83,132,49,1.5903614457831325,0.7151208024055344,34164,18,13393
greedy,0.2,10,MOT17-05,0.6113607765594103,0.8080304110239962,0.4916871476073442,3401,808,3516,125,237,0.9398496240601504,133,148,15,1.112781954887218,0.5803093826803527,4174,35,2743
greedy,0.2,10,MOT17-11,0.5891988422932447,0.7032191680141114,0.5069944891903349,4784,2019,4652,96,237,1.28,75,125,50,1.6666666666666667,0.6832344213649852,6673,130,2763
greedy,0.2,10,MOT17-13,0.5189676270997886,0.7362689393939394,0.40070434633224533,4665,1671,6977,360,210,3.272727272727273,110,276,166,2.5090909090909093,0.4499226936952414,5967,369,5675
greedy,0.2,20,MOT17-02,0.42189839669844054,0.6563636363636364,0.31085517464076207,5776,3024,12805,248,712,4.0,62,183,121,2.9516129032258065,0.42193638663150534,8444,356,10137
greedy,0.2,20,MOT17-04,0.6919340828735365,0.8273067696448423,0.5946338078516307,28279,5903,19278,150,908,1.8072289156626506,83,110,27,1.3253012048192772,0.7148474462224278,34164,18,13393
greedy,0.2,20,MOT17-05,0.6048894481394931,0.7994773105250653,0.4864825791528119,3365,844,3552,126,237,0.9473684210526315,133,134,1,1.0075187969924813,0.5801648113343936,4174,35,2743
greedy,0.2,20,MOT17-11,0.6288564566783669,0.7505512273996766,0.5411191182704536,5106,1697,4330,90,238,1.2,75,112,37,1.4933333333333334,0.6838702840186519,6673,130,2763
greedy,0.2,20,MOT17-13,0.5095116253198354,0.7228535353535354,0.39340319532726337,4580,1756,7062,370,210,3.3636363636363638,110,270,160,2.4545454545454546,0.4490637347534788,5967,369,5675
greedy,0.2,30,MOT17-02,0.4190497060005113,0.6519318181818182,0.30875625639093696,5737,3063,12844,272,722,4.387096774193548,62,156,94,2.5161290322580645,0.4207523814649373,8445,355,10136
greedy,0.2,30,MOT17-04,0.6987851576358899,0.8354982154350242,0.6005214794877726,28559,5623,18998,150,913,1.8072289156626506,83,106,23,1.2771084337349397,0.7148474462224278,34164,18,13393
greedy,0.2,30,MOT17-05,0.5948229372640661,0.7861724875267284,0.478386583779095,3309,900,3608,138,237,1.037593984962406,133,129,4,0.9699248120300752,0.5784299551828828,4174,35,2743
greedy,0.2,30,MOT17-11,0.6299648993164604,0.7518741731589005,0.5420729122509538,5115,1688,4321,90,238,1.2,75,111,36,1.48,0.6838702840186519,6673,130,2763
greedy,0.2,30,MOT17-13,0.47458004227389033,0.6732954545454546,0.36643188455591824,4266,2070,7376,413,210,3.7545454545454544,110,259,149,2.3545454545454545,0.44537021130389964,5967,369,5675
greedy,0.2,60,MOT17-02,0.42620795442094883,0.6630681818181818,0.31403046122383077,5835,2965,12746,276,726,4.451612903225806,62,130,68,2.096774193548387,0.42053710779828857,8445,355,10136
greedy,0.2,60,MOT17-04,0.7073734692129828,0.8457667778362881,0.6079020964316505,28910,5272,18647,400,956,4.819277108433735,83,96,13,1.1566265060240963,0.7095905965473011,34164,18,13393
greedy,0.2,60,MOT17-05,0.5515009886751753,0.7289142314088857,0.44354488940292036,3068,1141,3849,159,241,1.1954887218045114,133,104,29,0.7819548872180451,0.5753939569177389,4174,35,2743
greedy,0.2,60,MOT17-11,0.6465915388878626,0.7717183595472585,0.5563798219584569,5250,1553,4186,100,238,1.3333333333333333,75,105,30,1.4,0.6828105129292072,6673,130,2763
greedy,0.2,60,MOT17-13,0.45856046278785184,0.6505681818181818,0.35406287579453705,4122,2214,7520,450,210,4.090909090909091,110,252,142,2.290909090909091,0.4421920632193781,5967,369,5675
greedy,0.3,0,MOT17-02,0.34724809174244914,0.5402272727272728,0.25585275281201225,4754,4046,13827,638,691,10.290322580645162,62,755,693,12.17741935483871,0.40094720413325435,8444,356,10137
greedy,0.3,0,MOT17-04,0.5752700669203196,0.6878181499034579,0.49437517084761445,23511,10671,24046,757,825,9.120481927710843,83,737,654,8.879518072289157,0.7019155960216161,34160,22,13397
greedy,0.3,0,MOT17-05,0.5482653244652166,0.7246376811594203,0.4409426051756542,3050,1159,3867,245,226,1.8421052631578947,133,325,192,2.443609022556391,0.562960821165245,4174,35,2743
greedy,0.3,0,MOT17-11,0.5691237145144405,0.6792591503748346,0.4897202204323866,4621,2182,4815,248,236,3.3066666666666666,75,307,232,4.093333333333334,0.667125900805426,6673,130,2763
greedy,0.3,0,MOT17-13,0.47858493714539996,0.6789772727272727,0.36952413674626355,4302,2034,7340,459,208,4.172727272727273,110,474,364,4.3090909090909095,0.4414190001717918,5967,369,5675
greedy,0.3,1,MOT17-02,0.3647054526861692,0.5673863636363636,0.26871535439427374,4993,3807,13588,416,693,6.709677419354839,62,480,418,7.741935483870968,0.41289489263225876,8444,356,10137
greedy,0.3,1,MOT17-04,0.5973158467806066,0.714177052249722,0.513320857076771,24412,9770,23145,396,829,4.771084337349397,83,399,316,4.807228915662651,0.7095064869524992,34160,22,13397
greedy,0.3,1,MOT17-05,0.5653424411288873,0.747208363031599,0.4546768830417811,3145,1064,3772,177,228,1.330827067669173,133,248,115,1.8646616541353382,0.5727916726904727,4174,35,2743
greedy,0.3,1,MOT17-11,0.5800849806022539,0.6923416139938262,0.4991521831284443,4710,2093,4726,164,236,2.1866666666666665,75,216,141,2.88,0.6760279779567613,6673,130,2763
greedy,0.3,1,MOT17-13,0.5018355768161086,0.7119633838383839,0.3874763786291015,4511,1825,7131,424,208,3.8545454545454545,110,405,295,3.6818181818181817,0.4444253564679609,5967,369,5675
greedy,0.3,2,MOT17-02,0.3744202183996202,0.5825,0.2758732038103439,5126,3674,13455,340,695,5.483870967741935,62,374,312,6.032258064516129,0.4169850922985846,8444,356,10137
greedy,0.3,2,MOT17-04,0.6269956813760873,0.7496635656193318,0.5388270917004857,25625,8557,21932,278,834,3.3493975903614457,83,282,199,3.397590361445783,0.7119877199991589,34160,22,13397
greedy,0.3,2,MOT17-05,0.5887111270896997,0.7780945592777382,0.47347115801648115,3275,934,3642,160,233,1.2030075187969924,133,223,90,1.6766917293233083,0.5752493855717797,4174,35,2743
greedy,0.3,2,MOT17-11,0.5846419114477492,0.6977803910039688,0.5030733361593895,4747,2056,4689,126,236,1.68,75,170,95,2.2666666666666666,0.6800551080966512,6673,130,2763
greedy,0.3,2,MOT17-13,0.5098453665591278,0.7233270202020202,0.39366088300979213,4583,1753,7059,427,208,3.881818181818182,110,383,273,3.481818181818182,0.444167668785432,5967,369,5675
greedy,0.3,5,MOT17-02,0.4059019027792995,0.6314772727272727,0.2990689413917443,5557,3243,13024,274,708,4.419354838709677,62,288,226,4.645161290322581,0.42053710779828857,8444,356,10137
greedy,0.3,5,MOT17-04,0.6679308530811485,0.798607454215669,0.5740059297264335,27298,6884,20259,173,857,2.0843373493975905,83,177,94,2.1325301204819276,0.7143638160523162,34164,18,13393
greedy,0.3,5,MOT17-05,0.6119000539277368,0.8087431693989071,0.4921208616452219,3404,805,3513,145,233,1.0902255639097744,133,195,62,1.4661654135338347,0.5774179557611681,4174,35,2743
greedy,0.3,5,MOT17-11,0.5862429952583287,0.6996913126561811,0.5044510385756676,4760,2043,4676,105,237,1.4,75,144,69,1.92,0.682280627384485,6673,130,2763
greedy,0.3,5,MOT17-13,0.5076204249638447,0.7201704545454546,0.391942965126267,4563,1773,7079,448,208,4.072727272727272,110,366,256,3.327272727272727,0.4423638550077307,5967,369,5675
greedy,0.3,10,MOT17-02,0.4238705671816223,0.6594318181818182,0.312308271890641,5803,2997,12778,269,712,4.338709677419355,62,232,170,3.7419354838709675,0.4208061998815995,8444,356,10137
greedy,0.3,10,MOT17-04,0.6733872447668799,0.8051313556842783,0.5786950396366466,27521,6661,20036,138,882,1.6626506024096386,83,135,52,1.6265060240963856,0.715099775006834,34164,18,13393
greedy,0.3,10,MOT17-05,0.6329318712924681,0.8365407460204324,0.5090357091224519,3521,688,3396,139,237,1.0451127819548873,133,164,31,1.2330827067669172,0.5782853838369235,4174,35,2743
greedy,0.3,10,MOT17-11,0.5875977584826652,0.7013082463618991,0.5056167867740569,4771,2032,4665,103,237,1.3733333333333333,75,136,61,1.8133333333333332,0.6824925816023739,6673,130,2763
greedy,0.3,10,MOT17-13,0.5032817888530426,0.7140151515151515,0.3885930252533929,4524,1812,7118,470,210,4.2727272727272725,110,355,245,3.227272727272727,0.44047414533585294,5967,369,5675
greedy,0.3,20,MOT17-02,0.4206566597275483,0.6544318181818182,0.309940261557505,5759,3041,12822,265,712,4.274193548387097,62,208,146,3.3548387096774195,0.42102147354824826,8444,356,10137
greedy,0.3,20,MOT17-04,0.68385960190362,0.8176525656778422,0.5876947662804635,27949,6233,19608,176,920,2.1204819277108435,83,115,32,1.3855421686746987,0.7143007338562146,34164,18,13393
greedy,0.3,20,MOT17-05,0.6230451195398167,0.8234735091470659,0.5010842850946943,3466,743,3451,143,236,1.0751879699248121,133,150,17,1.1278195488721805,0.5777070984530865,4174,35,2743
greedy,0.3,20,MOT17-11,0.6336597081101053,0.7562839923563134,0.5452522255192879,5145,1658,4291,100,238,1.3333333333333333,75,125,50,1.6666666666666667,0.6828105129292072,6673,130,2763
greedy,0.3,20,MOT17-13,0.4970519523862499,0.7051767676767676,0.38378285517952243,4468,1868,7174,481,210,4.372727272727273,110,348,238,3.1636363636363636,0.43952929049991407,5967,369,5675
greedy,0.3,30,MOT17-02,0.4281801249041306,0.6661363636363636,0.3154835584737097,5862,2938,12719,298,722,4.806451612903226,62,178,116,2.870967741935484,0.41935310263172054,8445,355,10136
greedy,0.3,30,MOT17-04,0.6897808879482255,0.8247323152536423,0.5927833967659861,28191,5991,19366,239,925,2.8795180722891565,83,110,27,1.3253012048192772,0.7129760077380827,34164,18,13393
greedy,0.3,30,MOT17-05,0.614596440769369,0.8123069612734616,0.4942894318346104,3419,790,3498,153,236,1.150375939849624,133,143,10,1.0751879699248121,0.5762613849934943,4174,35,2743
greedy,0.3,30,MOT17-11,0.6424040889217316,0.7667205644568573,0.552776600254345,5216,1587,4220,102,238,1.36,75,124,49,1.6533333333333333,0.6825985587113184,6673,130,2763
greedy,0.3,30,MOT17-13,0.4621203693403048,0.6556186868686869,0.3568115444081773,4154,2182,7488,527,210,4.790909090909091,110,335,225,3.0454545454545454,0.43557807936780624,5967,369,5675
greedy,0.3,60,MOT17-02,0.42635404112340675,0.6632954545454546,0.31413809805715515,5837,2963,12744,348,726,5.612903225806452,62,154,92,2.4838709677419355,0.4166621817986115,8445,355,10136
greedy,0.3,60,MOT17-04,0.7019415456514027,0.8392721315312153,0.603234013920138,28688,5494,18869,528,984,6.36144578313253,83,99,16,1.1927710843373494,0.7068990895136362,34164,18,13393
greedy,0.3,60,MOT17-05,0.5799029300737012,0.7664528391541934,0.46638716206447883,3226,983,3691,175,240,1.3157894736842106,133,122,11,0.9172932330827067,0.5730808153823912,4174,35,2743
greedy,0.3,60,MOT17-11,0.6463452183016195,0.7714243716007644,0.556167867740568,5248,1555,4188,110,238,1.4666666666666666,75,118,43,1.5733333333333333,0.6817507418397626,6673,130,2763
greedy,0.3,60,MOT17-13,0.4461007898542663,0.6328914141414141,0.3444425356467961,4010,2326,7632,566,210,5.1454545454545455,110,328,218,2.981818181818182,0.4322281394949321,5967,369,5675
greedy,0.4,0,MOT17-02,0.34659070158138855,0.5392045454545454,0.2553683870620526,4745,4055,13836,652,694,10.516129032258064,62,793,731,12.790322580645162,0.40019374629998383,8444,356,10137
greedy,0.4,0,MOT17-04,0.5728966588776472,0.6849803990404306,0.4923355131736653,23414,10768,24143,768,825,9.25301204819277,83,753,670,9.072289156626505,0.7016842946359105,34160,22,13397
greedy,0.4,0,MOT17-05,0.5373000179759123,0.7101449275362319,0.4321237530721411,2989,1220,3928,271,228,2.037593984962406,133,354,221,2.661654135338346,0.559201966170305,4174,35,2743
greedy,0.4,0,MOT17-11,0.5585319293059917,0.6666176686755843,0.4806061890631624,4535,2268,4901,266,237,3.546666666666667,75,331,256,4.413333333333333,0.6652183128444256,6673,130,2763
greedy,0.4,0,MOT17-13,0.3930359328067638,0.5576073232323232,0.3034701941247208,3533,2803,8109,725,214,6.590909090909091,110,759,649,6.9,0.41857069232090705,5967,369,5675
greedy,0.4,1,MOT17-02,0.3646324093349403,0.5672727272727273,0.26866153597761155,4992,3808,13589,424,696,6.838709677419355,62,515,453,8.306451612903226,0.41246434529896125,8444,356,10137
greedy,0.4,1,MOT17-04,0.5982456354983545,0.715288748464104,0.5141198982273902,24450,9732,23107,403,830,4.855421686746988,83,407,324,4.903614457831325,0.7093592951615956,34160,22,13397
greedy,0.4,1,MOT17-05,0.554017616394032,0.73224043715847,0.44556888824634955,3082,1127,3835,204,232,1.5338345864661653,133,274,141,2.0601503759398496,0.5688882463495735,4174,35,2743
greedy,0.4,1,MOT17-11,0.5698626762731696,0.6801411142143172,0.4903560830860534,4627,2176,4809,184,237,2.453333333333333,75,238,163,3.1733333333333333,0.673908435777872,6673,130,2763
greedy,0.4,1,MOT17-13,0.4118366892869062,0.584280303030303,0.3179866002405085,3702,2634,7940,708,214,6.4363636363636365,110,669,559,6.081818181818182,0.42003092252190344,5967,369,5675
greedy,0.4,2,MOT17-02,0.37303239472627003,0.5803409090909091,0.27485065389376245,5107,3693,13474,351,701,5.661290322580645,62,411,349,6.629032258064516,0.41639308971530054,8444,356,10137
greedy,0.4,2,MOT17-04,0.6292222806738521,0.7523257855011409,0.5407405849822319,25716,8466,21841,284,835,3.4216867469879517,83,289,206,3.4819277108433737,0.7118615556069559,34160,22,13397
greedy,0.4,2,MOT17-05,0.5790041344598238,0.7652649085293419,0.46566430533468267,3221,988,3696,184,233,1.3834586466165413,133,244,111,1.8345864661654134,0.5717796732687581,4174,35,2743
greedy,0.4,2,MOT17-11,0.571710080669992,0.6823460238130237,0.49194573972022043,4642,2161,4794,148,237,1.9733333333333334,75,194,119,2.5866666666666664,0.6777236116998728,6673,130,2763
greedy,0.4,2,MOT17-13,0.42574257425742573,0.6040088383838383,0.3287235870125408,3827,2509,7815,714,214,6.490909090909091,110,631,521,5.736363636363636,0.4195155471568459,5967,369,5675
greedy,0.4,5,MOT17-02,0.40487929586209415,0.6298863636363636,0.2983154835584737,5543,3257,13038,288,710,4.645161290322581,62,323,261,5.209677419354839,0.41978364996501805,8444,356,10137
greedy,0.4,5,MOT17-04,0.6636978676029802,0.7935463109238781,0.5703681897512459,27125,7057,20432,177,864,2.1325301204819276,83,181,98,2.180722891566265,0.7142797064575142,34164,18,13393
greedy,0.4,5,MOT17-05,0.6009347474384324,0.7942504157757186,0.4833020095417088,3343,866,3574,173,233,1.300751879699248,133,220,87,1.6541353383458646,0.5733699580743097,4174,35,2743
greedy,0.4,5,MOT17-11,0.5733111644805715,0.684256945465236,0.49332344213649854,4655,2148,4781,126,238,1.68,75,166,91,2.2133333333333334,0.6800551080966512,6673,130,2763
greedy,0.4,5,MOT17-13,0.4179552786739348,0.5929608585858586,0.3227108744202027,3757,2579,7885,753,214,6.845454545454546,110,606,496,5.509090909090909,0.4161656072839718,5967,369,5675
greedy,0.4,10,MOT17-02,0.41897666264928235,0.6518181818181819,0.3087024379742748,5736,3064,12845,285,714,4.596774193548387,62,271,209,4.370967741935484,0.4199451052150046,8444,356,10137
greedy,0.4,10,MOT17-04,0.675344694698981,0.8074717687671874,0.580377231532687,27601,6581,19956,146,889,1.7590361445783131,83,143,60,1.7228915662650603,0.7149315558172298,34164,18,13393
greedy,0.4,10,MOT17-05,0.6171130684882258,0.8156331670230459,0.4963134306780396,3433,776,3484,170,237,1.2781954887218046,133,192,59,1.443609022556391,0.5738036721121873,4174,35,2743
greedy,0.4,10,MOT17-11,0.5747890879980294,0.6860208731442011,0.49459516744383214,4667,2136,4769,126,238,1.68,75,157,82,2.0933333333333333,0.6800551080966512,6673,130,2763
greedy,0.4,10,MOT17-13,0.41484036044053846,0.5885416666666666,0.3203057893832675,3729,2607,7913,768,216,6.9818181818181815,110,591,481,5.372727272727273,0.414877168871328,5967,369,5675
greedy,0.4,20,MOT17-02,0.4252583908549724,0.6615909090909091,0.31333082180722244,5822,2978,12759,280,714,4.516129032258065,62,247,185,3.9838709677419355,0.42021419729831544,8444,356,10137
greedy,0.4,20,MOT17-04,0.6818287475990653,0.8152243871043239,0.5859494921883214,27866,6316,19691,230,930,2.7710843373493974,83,124,41,1.4939759036144578,0.7131652543263873,34164,18,13393
greedy,0.4,20,MOT17-05,0.605248966385044,0.799952482775006,0.4867717218447304,3367,842,3550,178,238,1.3383458646616542,133,176,43,1.3233082706766917,0.5726471013445136,4174,35,2743
greedy,0.4,20,MOT17-11,0.621466839091077,0.7417315890048508,0.5347604917337855,5046,1757,4390,121,238,1.6133333333333333,75,146,71,1.9466666666666668,0.6805849936413735,6673,130,2763
greedy,0.4,20,MOT17-13,0.41372788964289686,0.5869633838383839,0.3194468304415049,3719,2617,7923,780,216,7.090909090909091,110,584,474,5.3090909090909095,0.4138464181412128,5967,369,5675
greedy,0.4,30,MOT17-02,0.4254044775574303,0.6618181818181819,0.3134384586405468,5824,2976,12757,317,724,5.112903225806452,62,220,158,3.5483870967741935,0.4183305527151391,8445,355,10136
greedy,0.4,30,MOT17-04,0.6943319590403602,0.830173775671406,0.5966944929242803,28377,5805,19180,256,935,3.0843373493975905,83,118,35,1.4216867469879517,0.712618541960174,34164,18,13393
greedy,0.4,30,MOT17-05,0.5989573970879022,0.7916369684010454,0.4817117247361573,3332,877,3585,188,238,1.413533834586466,133,168,35,1.263157894736842,0.5712013878849211,4174,35,2743
greedy,0.4,30,MOT17-11,0.6302112199027033,0.7521681611053946,0.5422848664688428,5117,1686,4319,123,238,1.64,75,145,70,1.9333333333333333,0.6803730394234846,6673,130,2763
greedy,0.4,30,MOT17-13,0.3987095338747358,0.5656565656565656,0.30785088472771,3584,2752,8058,805,216,7.318181818181818,110,549,439,4.990909090909091,0.4116990207868064,5967,369,5675
greedy,0.4,60,MOT17-02,0.41978013951280085,0.6530681818181818,0.3092944405575588,5747,3053,12834,366,729,5.903225806451613,62,191,129,3.0806451612903225,0.4156934502986922,8445,355,10136
greedy,0.4,60,MOT17-04,0.6992745201189151,0.8360833187057516,0.6009420274617827,28579,5603,18978,550,993,6.626506024096385,83,109,26,1.3132530120481927,0.7064364867422251,34164,18,13393
greedy,0.4,60,MOT17-05,0.5784648570914974,0.764552150154431,0.465230591296805,3218,991,3699,212,242,1.593984962406015,133,151,18,1.1353383458646618,0.5677316755818997,4174,35,2743
greedy,0.4,60,MOT17-11,0.6345218301619557,0.7573129501690431,0.5459940652818991,5152,1651,4284,130,238,1.7333333333333334,75,139,64,1.8533333333333333,0.6796311996608733,6673,130,2763
greedy,0.4,60,MOT17-13,0.3918122149293581,0.5558712121212122,0.302525339288782,3522,2814,8120,852,216,7.745454545454545,110,535,425,4.863636363636363,0.4076619137605223,5967,369,5675
greedy,0.5,0,MOT17-02,0.3327855081991162,0.5177272727272727,0.24519670631290028,4556,4244,14025,699,699,11.274193548387096,62,866,804,13.96774193548387,0.39766428071686133,8444,356,10137
greedy,0.5,0,MOT17-04,0.5667306915915291,0.6776080978292669,0.4870366087011376,23162,11020,24395,813,832,9.795180722891565,83,822,739,9.903614457831326,0.7007380616943878,34160,22,13397
greedy,0.5,0,MOT17-05,0.5106956678051411,0.6749821810406272,0.4107271938701749,2841,1368,4076,341,233,2.56390977443609,133,430,297,3.2330827067669174,0.5490819719531589,4174,35,2743
greedy,0.5,0,MOT17-11,0.5396884044584026,0.6441275907687785,0.46439169139465875,4382,2421,5054,318,237,4.24,75,400,325,5.333333333333333,0.6597075031793133,6673,130,2763
greedy,0.5,0,MOT17-13,0.30058960952275005,0.4264520202020202,0.23209070606425014,2702,3634,8940,1188,216,10.8,110,1253,1143,11.39090909090909,0.3788008933172994,5967,369,5675
greedy,0.5,1,MOT17-02,0.35542894708009204,0.5529545454545455,0.26188041547817664,4866,3934,13715,475,705,7.661290322580645,62,583,521,9.403225806451612,0.40971960604919,8444,356,10137
greedy,0.5,1,MOT17-04,0.5938413731511274,0.7100228190275584,0.510334966461299,24270,9912,23287,429,841,5.168674698795181,83,441,358,5.313253012048193,0.7088125827953824,34160,22,13397
greedy,0.5,1,MOT17-05,0.5317274851698723,0.7027797576621525,0.42764204134740497,2958,1251,3959,271,237,2.037593984962406,133,342,209,2.5714285714285716,0.559201966170305,4174,35,2743
greedy,0.5,1,MOT17-11,0.5692468748075621,0.6794061443480818,0.48982619754133105,4622,2181,4814,236,238,3.1466666666666665,75,296,221,3.9466666666666668,0.6683976261127597,6673,130,2763
greedy,0.5,1,MOT17-13,0.3202803426410057,0.45438762626262624,0.24729427933344786,2879,3457,8763,1183,216,10.754545454545454,110,1120,1010,10.181818181818182,0.3792303727881807,5967,369,5675
greedy,0.5,2,MOT17-02,0.361929805339469,0.5630681818181819,0.2666702545611108,4955,3845,13626,407,715,6.564516129032258,62,481,419,7.758064516129032,0.41337925838221834,8444,356,10137
greedy,0.5,2,MOT17-04,0.6258212114168268,0.7482593177695863,0.5378177765628614,25577,8605,21980,307,856,3.6987951807228914,83,316,233,3.8072289156626504,0.7113779254368442,34160,22,13397
greedy,0.5,2,MOT17-05,0.5545568937623584,0.7329531955333809,0.4460026022842273,3085,1124,3832,254,240,1.9097744360902256,133,312,179,2.345864661654135,0.561659679051612,4174,35,2743
greedy,0.5,2,MOT17-11,0.57072479832502,0.6811700720270469,0.4910979228486647,4634,2169,4802,207,238,2.76,75,256,181,3.4133333333333336,0.6714709622721492,6673,130,2763
greedy,0.5,2,MOT17-13,0.3272889086661475,0.46433080808080807,0.2527057206665521,2942,3394,8700,1191,216,10.827272727272728,110,1050,940,9.545454545454545,0.3785432056347706,5967,369,5675
greedy,0.5,5,MOT17-02,0.38727584821591615,0.6025,0.2853452451428879,5302,3498,13279,425,726,6.854838709677419,62,385,323,6.209677419354839,0.4124105268822992,8444,356,10137
greedy,0.5,5,MOT17-04,0.6498244412092147,0.7769586331987596,0.5584456546880585,26558,7624,20999,212,891,2.5542168674698793,83,199,116,2.397590361445783,0.7135437475029964,34164,18,13393
greedy,0.5,5,MOT17-05,0.5685781053388459,0.7514849132810644,0.45727916726904727,3163,1046,3754,246,240,1.849624060150376,133,290,157,2.180451127819549,0.5628162498192858,4174,35,2743
greedy,0.5,5,MOT17-11,0.5752817291705155,0.6866088490371894,0.49501907587961,4671,2132,4765,193,238,2.5733333333333333,75,225,150,3.0,0.6729546417973717,6673,130,2763
greedy,0.5,5,MOT17-13,0.32550895538992103,0.4618055555555556,0.251331386359732,2926,3410,8716,1243,216,11.3,110,996,886,9.054545454545455,0.37407661913760526,5967,369,5675
greedy,0.5,10,MOT17-02,0.4001314780322121,0.6225,0.2948172864754319,5478,3322,13103,471,767,7.596774193548387,62,326,264,5.258064516129032,0.4100425165491631,8445,355,10136
greedy,0.5,10,MOT17-04,0.6678329805845434,0.7984904335615236,0.5739218201316315,27294,6888,20263,269,930,3.2409638554216866,83,161,78,1.9397590361445782,0.7123872405744684,34165,17,13392
greedy,0.5,10,MOT17-05,0.5852957037569657,0.7735804229033024,0.47072430244325575,3256,953,3661,246,244,1.849624060150376,133,261,128,1.962406015037594,0.5628162498192858,4174,35,2743
greedy,0.5,10,MOT17-11,0.574912248291151,0.6861678671174481,0.4947011445527766,4668,2135,4768,195,238,2.6,75,219,144,2.92,0.6727426875794829,6673,130,2763
greedy,0.5,10,MOT17-13,0.32283902547558124,0.45801767676767674,0.2492698848995018,2902,3434,8740,1260,218,11.454545454545455,110,969,859,8.809090909090909,0.37261638893660887,5967,369,5675
greedy,0.5,20,MOT17-02,0.3951645301486432,0.6147727272727272,0.29115763414240353,5410,3390,13171,518,779,8.35483870967742,62,296,234,4.774193548387097,0.4075130509660406,8445,355,10136
greedy,0.5,20,MOT17-04,0.6763234196650314,0.808641975308642,0.5812183274807073,27641,6541,19916,354,977,4.265060240963855,83,144,61,1.7349397590361446,0.7105999116849255,34165,17,13392
greedy,0.5,20,MOT17-05,0.5856552220025166,0.7740555951532431,0.47101344513517424,3258,951,3659,257,245,1.9323308270676691,133,242,109,1.8195488721804511,0.5612259650137343,4174,35,2743
greedy,0.5,20,MOT17-11,0.6125992979863292,0.7311480229310598,0.5271301398897839,4974,1829,4462,194,238,2.5866666666666664,75,212,137,2.8266666666666667,0.6728486646884273,6673,130,2763
greedy,0.5,20,MOT17-13,0.31805540104572255,0.4512310606060606,0.2455763614499227,2859,3477,8783,1279,218,11.627272727272727,110,957,847,8.7,0.3709843669472599,5967,369,5675
greedy,0.5,30,MOT17-02,0.3950914867974143,0.6146590909090909,0.29110381572574134,5409,3391,13172,561,782,9.048387096774194,62,270,208,4.354838709677419,0.40519885904956676,8445,355,10136
greedy,0.5,30,MOT17-04,0.6864776911878051,0.8207828681762331,0.5899446979414177,28056,6126,19501,458,980,5.518072289156627,83,134,51,1.6144578313253013,0.7084130622200728,34165,17,13392
greedy,0.5,30,MOT17-05,0.5831385942836599,0.7707293894036589,0.468989446291745,3244,965,3673,262,245,1.9699248120300752,133,233,100,1.7518796992481203,0.5605031082839381,4174,35,2743
greedy,0.5,30,MOT17-11,0.6037317568815814,0.7205644568572689,0.5194997880457821,4902,1901,4534,202,238,2.6933333333333334,75,210,135,2.8,0.6720008478168715,6673,130,2763
greedy,0.5,30,MOT17-13,0.30782066970742017,0.43671085858585856,0.23767393918570692,2767,3569,8875,1304,218,11.854545454545455,110,916,806,8.327272727272728,0.3688369695928535,5967,369,5675
greedy,0.5,60,MOT17-02,0.3918045359921113,0.6095454545454545,0.28868198697594316,5364,3436,13217,592,786,9.548387096774194,62,241,179,3.8870967741935485,0.40353048813303916,8445,355,10136
greedy,0.5,60,MOT17-04,0.6957511102411333,0.8318705751565151,0.5979140820489097,28435,5747,19122,747,1021,9.0,83,122,39,1.4698795180722892,0.7023361439956264,34165,17,13392
greedy,0.5,60,MOT17-05,0.5723530469171311,0.7564742219054407,0.4603151655341911,3184,1025,3733,296,245,2.225563909774436,133,214,81,1.6090225563909775,0.5555876825213243,4174,35,2743
greedy,0.5,60,MOT17-11,0.6059486421577683,0.7232103483757166,0.5214073760067826,4920,1883,4516,214,238,2.8533333333333335,75,205,130,2.7333333333333334,0.670729122509538,6673,130,2763
greedy,0.5,60,MOT17-13,0.3032595394370898,0.430239898989899,0.23415220752448032,2726,3610,8916,1342,218,12.2,110,884,774,8.036363636363637,0.36557292561415566,5967,369,5675
greedy,0.6,0,MOT17-02,0.27858734158723203,0.4334090909090909,0.20526344114956138,3814,4986,14767,866,722,13.96774193548387,62,1077,1015,17.370967741935484,0.38867660513427693,8444,356,10137
greedy,0.6,0,MOT17-04,0.4884326943074909,0.5839915745129015,0.4197489328595159,19962,14220,27595,1036,893,12.481927710843374,83,1061,978,12.783132530120483,0.6962171709737788,34164,18,13393
greedy,0.6,0,MOT17-05,0.45946431781412905,0.6072701354240913,0.36952436027179414,2556,1653,4361,501,240,3.7669172932330826,133,608,475,4.571428571428571,0.5259505565996819,4174,35,2743
greedy,0.6,0,MOT17-11,0.5070509267812058,0.6051741878582978,0.43630775752437473,4117,2686,5319,443,237,5.906666666666666,75,555,480,7.4,0.6464603645612548,6673,130,2763
greedy,0.6,0,MOT17-13,0.18433641116920682,0.26152146464646464,0.14232949665006012,1657,4679,9985,1962,226,17.836363636363636,110,2086,1976,18.963636363636365,0.3123174712248754,5967,369,5675
greedy,0.6,1,MOT17-02,0.3043716445710529,0.47352272727272726,0.22426134223131156,4167,4633,14414,663,732,10.693548387096774,62,779,717,12.564516129032258,0.3996017437166999,8444,356,10137
greedy,0.6,1,MOT17-04,0.5265295636110058,0.6295418641390206,0.452488592636205,21519,12663,26038,662,912,7.975903614457831,83,626,543,7.542168674698795,0.7040814180877684,34164,18,13393
greedy,0.6,1,MOT17-05,0.47941758044220745,0.6336421952957947,0.3855717796732688,2667,1542,4250,439,242,3.300751879699248,133,521,388,3.917293233082707,0.5349139800491542,4174,35,2743
greedy,0.6,1,MOT17-11,0.5347619927335427,0.6382478318388946,0.46015260703688005,4342,2461,5094,372,238,4.96,75,450,375,6.0,0.6539847392963121,6673,130,2763
greedy,0.6,1,MOT17-13,0.193013683390811,0.2738320707070707,0.1490293763958083,1735,4601,9907,1963,226,17.845454545454544,110,1940,1830,17.636363636363637,0.31223157533069923,5967,369,5675
greedy,0.6,2,MOT17-02,0.3101420693181403,0.4825,0.2285129971476239,4246,4554,14335,613,741,9.887096774193548,62,659,597,10.629032258064516,0.40229266454980894,8444,356,10137
greedy,0.6,2,MOT17-04,0.5512423690037803,0.6590895793107483,0.4737262653237168,22529,11653,25028,589,940,7.096385542168675,83,485,402,5.843373493975903,0.7056164181929054,34164,18,13393
greedy,0.6,2,MOT17-05,0.5053028941218767,0.6678545972915182,0.406390053491398,2811,1398,4106,426,244,3.2030075187969924,133,483,350,3.6315789473684212,0.5367934075466243,4174,35,2743
greedy,0.6,2,MOT17-11,0.5357472750785147,0.6394237836248714,0.46100042390843576,4350,2453,5086,356,238,4.746666666666667,75,412,337,5.493333333333333,0.6556803730394235,6673,130,2763
greedy,0.6,2,MOT17-13,0.1942374012682167,0.2755681818181818,0.14997423123174713,1746,4590,9896,1973,226,17.936363636363637,110,1829,1719,16.62727272727273,0.31137261638893665,5967,369,5675
greedy,0.6,5,MOT17-02,0.3223403089733757,0.5014772727272727,0.23750067273020828,4413,4387,14168,677,755,10.919354838709678,62,539,477,8.693548387096774,0.39884828588342935,8444,356,10137
greedy,0.6,5,MOT17-04,0.5722604876497144,0.6842197647884851,0.49178880080745213,23388,10794,24169,613,983,7.385542168674699,83,334,251,4.024096385542169,0.7051538154214942,34165,17,13392
greedy,0.6,5,MOT17-05,0.5011684342980406,0.6623901164172012,0.4030649125343357,2788,1421,4129,427,244,3.210526315789474,133,452,319,3.398496240601504,0.536648836200665,4174,35,2743
greedy,0.6,5,MOT17-11,0.5490485867356364,0.6552991327355578,0.4724459516744383,4458,2345,4978,350,238,4.666666666666667,75,382,307,5.093333333333334,0.6563162356930903,6673,130,2763
greedy,0.6,5,MOT17-13,0.19434864834798088,0.2757260101010101,0.15006012712592337,1747,4589,9895,2028,226,18.436363636363637,110,1716,1606,15.6,0.3066483422092424,5967,369,5675
greedy,0.6,10,MOT17-02,0.3322742047405135,0.5169318181818182,0.24481997739626501,4549,4251,14032,782,809,12.612903225806452,62,456,394,7.354838709677419,0.39330498896722454,8445,355,10136
greedy,0.6,10,MOT17-04,0.5822924185517317,0.6962143818383945,0.5004100342746599,23798,10384,23759,919,1026,11.072289156626505,83,273,190,3.289156626506024,0.6987194314191392,34165,17,13392
greedy,0.6,10,MOT17-05,0.5054826532446521,0.6680921834164885,0.40653462483735725,2812,1397,4105,429,249,3.225563909774436,133,419,286,3.1503759398496243,0.5363596935087466,4174,35,2743
greedy,0.6,10,MOT17-11,0.5512654720118234,0.6579450242540056,0.47435353963543875,4476,2327,4960,352,238,4.693333333333333,75,375,300,5.0,0.6561042814752014,6673,130,2763
greedy,0.6,10,MOT17-13,0.1906774947157637,0.27051767676767674,0.14722556261810685,1714,4622,9928,2069,226,18.80909090909091,110,1670,1560,15.181818181818182,0.3031266105480158,5967,369,5675
greedy,0.6,20,MOT17-02,0.3273072568569446,0.5092045454545454,0.24116032506323665,4481,4319,14100,869,820,14.016129032258064,62,418,356,6.741935483870968,0.38862278671761474,8445,355,10136
greedy,0.6,20,MOT17-04,0.605390327750523,0.7238312562167223,0.5202598986479383,24742,9440,22815,1302,1042,15.686746987951807,83,245,162,2.9518072289156625,0.690665937716845,34165,17,13392
greedy,0.6,20,MOT17-05,0.5175265144706094,0.6840104537894987,0.41622090501662573,2879,1330,4038,441,249,3.3157894736842106,133,397,264,2.9849624060150375,0.5346248373572358,4174,35,2743
greedy,0.6,20,MOT17-11,0.5873514378964222,0.701014258415405,0.5054048325561679,4769,2034,4667,365,238,4.866666666666666,75,366,291,4.88,0.6547265790589233,6673,130,2763
greedy,0.6,20,MOT17-13,0.18422516408944264,0.26136363636363635,0.14224360075588388,1656,4680,9986,2098,226,19.072727272727274,110,1634,1524,14.854545454545455,0.30063562961690427,5967,369,5675
greedy,0.6,30,MOT17-02,0.3284759504766079,0.5110227272727272,0.24202141972983154,4497,4303,14084,908,830,14.64516129032258,62,397,335,6.403225806451613,0.38652386846778963,8445,355,10136
greedy,0.6,30,MOT17-04,0.5984413804915646,0.7155227897723948,0.5142881174169943,24458,9724,23099,1448,1053,17.44578313253012,83,230,147,2.7710843373493974,0.687595937506571,34165,17,13392
greedy,0.6,30,MOT17-05,0.5173467553478339,0.6837728676645284,0.4160763336706665,2878,1331,4039,464,249,3.488721804511278,133,382,249,2.8721804511278197,0.5312996964001735,4174,35,2743
greedy,0.6,30,MOT17-11,0.5793460188435249,0.6914596501543436,0.49851632047477745,4704,2099,4732,375,238,5.0,75,362,287,4.826666666666667,0.6536668079694785,6673,130,2763
greedy,0.6,30,MOT17-13,0.18266770497274445,0.2591540404040404,0.14104105823741625,1642,4694,10000,2135,226,19.40909090909091,110,1588,1478,14.436363636363636,0.2974574815323827,5967,369,5675
greedy,0.6,60,MOT17-02,0.3359263723019612,0.5226136363636363,0.24751089822937408,4599,4201,13982,976,835,15.741935483870968,62,359,297,5.790322580645161,0.3828642161347613,8445,355,10136
greedy,0.6,60,MOT17-04,0.6070052239445063,0.7257620970101223,0.5216477069621717,24808,9374,22749,1697,1080,20.44578313253012,83,212,129,2.5542168674698793,0.6823601152301448,34165,17,13392
greedy,0.6,60,MOT17-05,0.5013481934208162,0.6626277025421715,0.4032094838802949,2789,1420,4128,495,251,3.7218045112781954,133,357,224,2.6842105263157894,0.5268179846754373,4174,35,2743
greedy,0.6,60,MOT17-11,0.5740501262393004,0.6851389093047185,0.4939593047901653,4661,2142,4775,388,238,5.173333333333333,75,358,283,4.773333333333333,0.6522891055532005,6673,130,2763
greedy,0.6,60,MOT17-13,0.17921904550005563,0.25426136363636365,0.13837828551795225,1611,4725,10031,2152,226,19.563636363636363,110,1530,1420,13.909090909090908,0.2959972513313863,5967,369,5675
greedy,0.7,0,MOT17-02,0.1516379971513093,0.2359090909090909,0.11172703299068941,2076,6724,16505,1554,818,25.06451612903226,62,1830,1768,29.516129032258064,0.35186480813734455,8446,354,10135
greedy,0.7,0,MOT17-04,0.1928822226843979,0.23061845415715873,0.16575898395609479,7883,26299,39674,2403,1018,28.951807228915662,83,2465,2382,29.698795180722893,0.6675147717475871,34165,17,13392
greedy,0.7,0,MOT17-05,0.380550062915693,0.5029698265621287,0.30605753939569175,2117,2092,4800,829,246,6.2330827067669174,133,947,814,7.120300751879699,0.4785311551250542,4174,35,2743
greedy,0.7,0,MOT17-11,0.337582363446025,0.4029104806702925,0.2904832556167868,2741,4062,6695,783,245,10.44,75,930,855,12.4,0.6106401017380245,6674,129,2762
greedy,0.7,0,MOT17-13,0.07453554344198465,0.10574494949494949,0.05755024909809311,670,5666,10972,3129,236,28.445454545454545,110,3330,3220,30.272727272727273,0.21207696272118193,5967,369,5675
greedy,0.7,1,MOT17-02,0.1756692597056353,0.27329545454545456,0.12943329207254722,2405,6395,16176,1425,829,22.983870967741936,62,1412,1350,22.774193548387096,0.35880738388676603,8446,354,10135
greedy,0.7,1,MOT17-04,0.2371205911498795,0.28351178983090514,0.20377652080661102,9691,24491,37866,2411,1048,29.048192771084338,83,1776,1693,21.397590361445783,0.667346552557983,34165,17,13392
greedy,0.7,1,MOT17-05,0.40158188028042424,0.5307674031836541,0.3229723868729218,2234,1975,4683,771,248,5.796992481203008,133,863,730,6.488721804511278,0.48691629319068963,4174,35,2743
greedy,0.7,1,MOT17-11,0.3438635383952214,0.41040717330589443,0.29588808817295464,2792,4011,6644,761,245,10.146666666666667,75,810,735,10.8,0.612971598134803,6674,129,2762
greedy,0.7,1,MOT17-13,0.08054288574924909,0.11426767676767677,0.06218862738361106,724,5612,10918,3163,238,28.754545454545454,110,3177,3067,28.881818181818183,0.20915650231918914,5967,369,5675
greedy,0.7,2,MOT17-02,0.1817318578576385,0.2827272727272727,0.13390022065550833,2488,6312,16093,1463,841,23.596774193548388,62,1248,1186,20.129032258064516,0.3567622840536031,8446,354,10135
greedy,0.7,2,MOT17-04,0.25476210866293936,0.3046047627406237,0.21893727526967638,10412,23770,37145,2657,1071,32.01204819277108,83,1488,1405,17.927710843373493,0.6621738124776584,34165,17,13392
greedy,0.7,2,MOT17-05,0.4240517706273593,0.5604656688049418,0.34104380511782567,2359,1850,4558,762,250,5.7293233082706765,133,823,690,6.18796992481203,0.4882174353043227,4174,35,2743
greedy,0.7,2,MOT17-11,0.3462035839645298,0.4132000587975893,0.2979016532428995,2811,3992,6625,769,247,10.253333333333334,75,773,698,10.306666666666667,0.6121237812632472,6674,129,2762
greedy,0.7,2,MOT17-13,0.08299032150406052,0.11773989898989899,0.06407833705548875,746,5590,10896,3170,238,28.818181818181817,110,3079,2969,27.990909090909092,0.20855523105995533,5967,369,5675
greedy,0.7,5,MOT17-02,0.19049706000511304,0.2963636363636364,0.14035843065497014,2608,6192,15973,1701,868,27.43548387096774,62,1036,974,16.70967741935484,0.3439535008880039,8446,354,10135
greedy,0.7,5,MOT17-04,0.27546214169490696,0.32935463109238783,0.2367264545703051,11258,22924,36299,3503,1115,42.204819277108435,83,1139,1056,13.72289156626506,0.6443846331770297,34165,17,13392
greedy,0.7,5,MOT17-05,0.427287434837318,0.5647422190544072,0.3436460893450918,2377,1832,4540,770,250,5.7894736842105265,133,773,640,5.81203007518797,0.4870608645366489,4174,35,2743
greedy,0.7,5,MOT17-11,0.35728801034546465,0.426429516389828,0.30743959304790164,2901,3902,6535,799,247,10.653333333333334,75,740,665,9.866666666666667,0.6089444679949131,6674,129,2762
greedy,0.7,5,MOT17-13,0.08477027478028702,0.12026515151515152,0.06545267136230888,762,5574,10880,3215,238,29.227272727272727,110,2917,2807,26.51818181818182,0.20468991582202367,5967,369,5675
greedy,0.7,10,MOT17-02,0.19780139512800848,0.30772727272727274,0.1457402723211883,2708,6092,15873,1901,882,30.661290322580644,62,899,837,14.5,0.33318981755556754,8446,354,10135
greedy,0.7,10,MOT17-04,0.30822495993344673,0.3685272950675794,0.26488214143028366,12597,21585,34960,4670,1161,56.265060240963855,83,913,830,11.0,0.6198456588935383,34165,17,13392
greedy,0.7,10,MOT17-05,0.4289052669422973,0.56688049417914,0.34494723145872486,2386,1823,4531,787,252,5.917293233082707,133,727,594,5.466165413533835,0.48460315165534196,4174,35,2743
greedy,0.7,10,MOT17-11,0.3583964529835581,0.4277524621490519,0.30839338702840186,2910,3893,6526,817,247,10.893333333333333,75,725,650,9.666666666666666,0.6070368800339127,6674,129,2762
greedy,0.7,10,MOT17-13,0.08399154522193793,0.11916035353535354,0.06485140010307508,755,5581,10887,3265,238,29.681818181818183,110,2822,2712,25.654545454545456,0.20039512111321078,5967,369,5675
greedy,0.7,20,MOT17-02,0.19546400788868193,0.3040909090909091,0.14401808298799848,2676,6124,15905,2093,895,33.75806451612903,62,808,746,13.03225806451613,0.32285668155642866,8446,354,10135
greedy,0.7,20,MOT17-04,0.31534518406146395,0.3770405476566614,0.27100111445213115,12888,21294,34669,5760,1175,69.39759036144578,83,801,718,9.650602409638553,0.5969257943099859,34165,17,13392
greedy,0.7,20,MOT17-05,0.4292647851878483,0.5673556664290805,0.34523637415064334,2388,1821,4529,805,252,6.052631578947368,133,697,564,5.2406015037593985,0.4820008674280758,4174,35,2743
greedy,0.7,20,MOT17-11,0.39115709095387646,0.4668528590327797,0.33658329800763037,3176,3627,6260,862,247,11.493333333333334,75,699,624,9.32,0.6022679101314117,6674,129,2762
greedy,0.7,20,MOT17-13,0.08287907442429636,0.1175820707070707,0.06399244116131249,745,5591,10897,3285,238,29.863636363636363,110,2746,2636,24.963636363636365,0.19867720322968563,5967,369,5675
greedy,0.7,30,MOT17-02,0.19517183448376613,0.30363636363636365,0.14380280932134976,2672,6128,15909,2180,896,35.16129032258065,62,770,708,12.419354838709678,0.31817447930681875,8446,354,10135
greedy,0.7,30,MOT17-04,0.31404837348144704,0.3754900239892341,0.2698866623210043,12835,21347,34722,6185,1177,74.51807228915662,83,767,684,9.240963855421686,0.5879891498622705,34165,17,13392
greedy,0.7,30,MOT17-05,0.4303433399245012,0.5687811831789024,0.34610380222639875,2394,1815,4523,827,252,6.2180451127819545,133,662,529,4.977443609022556,0.47882029781697266,4174,35,2743
greedy,0.7,30,MOT17-11,0.40174887616232524,0.47949434073203,0.3456973293768546,3262,3541,6174,888,247,11.84,75,687,612,9.16,0.5995125052988555,6674,129,2762
greedy,0.7,30,MOT17-13,0.0825453331850039,0.11710858585858586,0.06373475347878371,742,5594,10900,3304,240,30.036363636363635,110,2682,2572,24.381818181818183,0.19704518124033676,5967,369,5675
greedy,0.7,60,MOT17-02,0.1931266206493554,0.3004545454545455,0.1422958936548087,2644,6156,15937,2250,898,36.29032258064516,62,713,651,11.5,0.31440719014046603,8446,354,10135
greedy,0.7,60,MOT17-04,0.32329732441062403,0.38654847580597973,0.27783501902979585,13213,20969,34344,6459,1201,77.81927710843374,83,717,634,8.63855421686747,0.5822276426183317,34165,17,13392
greedy,0.7,60,MOT17-05,0.4308826172928276,0.5694939415538133,0.3465375162642764,2397,1812,4520,856,253,6.43609022556391,133,626,493,4.706766917293233,0.47462772878415493,4174,35,2743
greedy,0.7,60,MOT17-11,0.4018720364554468,0.4796413347052771,0.34580330648579904,3263,3540,6173,900,247,12.0,75,676,601,9.013333333333334,0.5982407799915218,6674,129,2762
greedy,0.7,60,MOT17-13,0.08243408610523974,0.11695075757575757,0.06364885758460745,741,5595,10901,3321,240,30.19090909090909,110,2608,2498,23.70909090909091,0.19558495103934037,5967,369,5675
hungarian,0.1,0,MOT17-02,0.34213505715642234,0.5322727272727272,0.25208546364565954,4684,4116,13897,631,691,10.17741935483871,62,690,628,11.129032258064516,0.40132393304988967,8444,356,10137
hungarian,0.1,0,MOT17-04,0.5559402488408226,0.6647065707097303,0.4777635258742141,22721,11461,24836,786,824,9.46987951807229,83,706,623,8.506024096385541,0.7012216918644995,34158,24,13399
hungarian,0.1,0,MOT17-05,0.5507819521840733,0.7279638869090045,0.44296660401908344,3064,1145,3853,217,224,1.631578947368421,133,285,152,2.142857142857143,0.5670088188521035,4174,35,2743
hungarian,0.1,0,MOT17-11,0.572941683601207,0.6838159635454947,0.4930055108096651,4652,2151,4784,230,236,3.066666666666667,75,286,211,3.8133333333333335,0.6690334887664264,6673,130,2763
hungarian,0.1,0,MOT17-13,0.5278673934809212,0.748895202020202,0.407576017866346,4745,1591,6897,223,208,2.0272727272727273,110,291,181,2.6454545454545455,0.46151863940903626,5966,370,5676
hungarian,0.1,1,MOT17-02,0.3609071984222636,0.5614772727272728,0.26591679672784024,4941,3859,13640,418,694,6.741935483870968,62,424,362,6.838709677419355,0.4127872557989344,8444,356,10137
hungarian,0.1,1,MOT17-04,0.5896573239212616,0.7050201860628401,0.5067392812835124,24099,10083,23458,433,828,5.216867469879518,83,377,294,4.542168674698795,0.7086443636057783,34158,24,13399
hungarian,0.1,1,MOT17-05,0.5473665288513392,0.7234497505345688,0.44021974844585804,3045,1164,3872,160,228,1.2030075187969924,133,204,71,1.5338345864661653,0.5752493855717797,4174,35,2743
hungarian,0.1,1,MOT17-11,0.5820555452921978,0.6946935175657798,0.5008478168715558,4726,2077,4710,140,236,1.8666666666666667,75,190,115,2.533333333333333,0.6785714285714286,6673,130,2763
hungarian,0.1,1,MOT17-13,0.5571253754588942,0.7904040404040404,0.43016663803470195,5008,1328,6634,162,208,1.4727272727272727,110,218,108,1.981818181818182,0.466758288953788,5966,370,5676
hungarian,0.1,2,MOT17-02,0.3681384901939301,0.5727272727272728,0.27124481997739625,5040,3760,13541,342,694,5.516129032258065,62,322,260,5.193548387096774,0.4168774554652602,8444,356,10137
hungarian,0.1,2,MOT17-04,0.6213924809454483,0.7429641331695044,0.5340118173980697,25396,8786,22161,313,834,3.7710843373493974,83,264,181,3.180722891566265,0.7111676514498391,34158,24,13399
hungarian,0.1,2,MOT17-05,0.5419737551680748,0.7163221667854597,0.4358826080670811,3015,1194,3902,137,232,1.0300751879699248,133,172,39,1.2932330827067668,0.5782853838369235,4173,36,2744
hungarian,0.1,2,MOT17-11,0.5901841246382167,0.7043951198000882,0.5078423060618906,4792,2011,4644,100,236,1.3333333333333333,75,145,70,1.9333333333333333,0.6828105129292072,6673,130,2763
hungarian,0.1,2,MOT17-13,0.5701412837913005,0.8088699494949495,0.4402164576533242,5125,1211,6517,146,208,1.3272727272727274,110,188,78,1.709090909090909,0.4681326232606081,5966,370,5676
hungarian,0.1,5,MOT17-02,0.36930718381359334,0.5745454545454546,0.2721059146439912,5056,3744,13525,278,700,4.483870967741935,62,222,160,3.5806451612903225,0.4203218341316398,8444,356,10137
hungarian,0.1,5,MOT17-04,0.6591467965108455,0.7881048505061143,0.5664570935929516,26939,7243,20618,203,848,2.4457831325301207,83,165,82,1.9879518072289157,0.7136909392938999,34163,19,13394
hungarian,0.1,5,MOT17-05,0.5543771346395829,0.7327156094084105,0.44585803093826804,3084,1125,3833,127,232,0.9548872180451128,133,147,14,1.105263157894737,0.5797310972965158,4173,36,2744
hungarian,0.1,5,MOT17-11,0.5609951351684217,0.6695575481405263,0.4827257312420517,4555,2248,4881,78,237,1.04,75,112,37,1.4933333333333334,0.6851420093259856,6673,130,2763
hungarian,0.1,5,MOT17-13,0.573367449104461,0.8134469696969697,0.4427074385844357,5154,1182,6488,149,208,1.3545454545454545,110,166,56,1.509090909090909,0.46787493557807935,5966,370,5676
hungarian,0.1,10,MOT17-02,0.3860341112450239,0.6005681818181818,0.2844303320596308,5285,3515,13296,251,702,4.048387096774194,62,173,111,2.7903225806451615,0.42188256821484316,8445,355,10136
hungarian,0.1,10,MOT17-04,0.6646276563207282,0.7946580071382598,0.5711672309018652,27163,7019,20394,165,864,1.9879518072289157,83,123,40,1.4819277108433735,0.7144899804445193,34163,19,13394
hungarian,0.1,10,MOT17-05,0.5186050692072622,0.6854359705393205,0.4170883330923811,2885,1324,4032,123,236,0.924812030075188,133,116,17,0.8721804511278195,0.5803093826803527,4173,36,2744
hungarian,0.1,10,MOT17-11,0.5675226307038611,0.6773482287226223,0.4883425180161085,4608,2195,4828,79,237,1.0533333333333332,75,102,27,1.36,0.6850360322170411,6673,130,2763
hungarian,0.1,10,MOT17-13,0.5700300367115363,0.8087121212121212,0.4401305617591479,5124,1212,6518,155,210,1.4090909090909092,110,151,41,1.3727272727272728,0.46735956021302183,5966,370,5676
hungarian,0.1,20,MOT17-02,0.39443409663635365,0.6136363636363636,0.2906194499757817,5400,3400,13181,238,702,3.838709677419355,62,135,73,2.1774193548387095,0.4225822076314515,8445,355,10136
hungarian,0.1,20,MOT17-04,0.6680531937019049,0.7987537300333509,0.5741110667199361,27303,6879,20254,174,900,2.0963855421686746,83,96,13,1.1566265060240963,0.7143007338562146,34163,19,13394
hungarian,0.1,20,MOT17-05,0.5319072442926479,0.7030173437871229,0.42778661269336415,2959,1250,3958,122,236,0.9172932330827067,133,96,37,0.7218045112781954,0.5804539540263121,4173,36,2744
hungarian,0.1,20,MOT17-11,0.5779912556191884,0.6898427164486256,0.4973505722763883,4693,2110,4743,75,237,1.0,75,89,14,1.1866666666666668,0.685459940652819,6673,130,2763
hungarian,0.1,20,MOT17-13,0.5530092335076204,0.7845643939393939,0.4269884899501804,4971,1365,6671,170,210,1.5454545454545454,110,145,35,1.3181818181818181,0.4660711218003779,5966,370,5676
hungarian,0.1,30,MOT17-02,0.3899054088601585,0.6065909090909091,0.28728270814272644,5338,3462,13243,213,702,3.435483870967742,62,110,48,1.7741935483870968,0.4239276680480061,8445,355,10136
hungarian,0.1,30,MOT17-04,0.6804585326465946,0.8135860979462876,0.584771957861093,27810,6372,19747,168,902,2.0240963855421685,83,89,6,1.072289156626506,0.7144268982484177,34163,19,13394
hungarian,0.1,30,MOT17-05,0.5191443465755887,0.6861487289142314,0.41752204713025876,2888,1321,4029,129,236,0.9699248120300752,133,92,41,0.6917293233082706,0.5794419546045974,4173,36,2744
hungarian,0.1,30,MOT17-11,0.6021306730710019,0.7186535352050566,0.518122085629504,4889,1914,4547,77,237,1.0266666666666666,75,85,10,1.1333333333333333,0.6852479864349301,6673,130,2763
hungarian,0.1,30,MOT17-13,0.5449994437646012,0.7732007575757576,0.4208039855694898,4899,1437,6743,176,210,1.6,110,139,29,1.2636363636363637,0.4655557464353204,5966,370,5676
hungarian,0.1,60,MOT17-02,0.3801906431467076,0.5914772727272727,0.28012485872665627,5205,3595,13376,211,704,3.403225806451613,62,88,26,1.4193548387096775,0.42403530488133034,8445,355,10136
hungarian,0.1,60,MOT17-04,0.6917138697561751,0.8270434731730151,0.5944445612633261,28270,5912,19287,265,937,3.1927710843373496,83,80,3,0.963855421686747,0.7123872405744684,34163,19,13394
hungarian,0.1,60,MOT17-05,0.4713284199173108,0.6229508196721312,0.3790660691051034,2622,1587,4295,151,241,1.1353383458646618,133,73,60,0.5488721804511278,0.5765505276854128,4174,35,2743
hungarian,0.1,60,MOT17-11,0.5766364923948519,0.6882257827429076,0.49618482407799913,4682,2121,4754,91,237,1.2133333333333334,75,77,2,1.0266666666666666,0.6837643069097075,6673,130,2763
hungarian,0.1,60,MOT17-13,0.5162976971854489,0.7324810606060606,0.3986428448720151,4641,1695,7001,198,210,1.8,110,134,24,1.2181818181818183,0.46366603676344276,5966,370,5676
hungarian,0.2,0,MOT17-02,0.3527263430846207,0.54875,0.2598891340616759,4829,3971,13752,624,691,10.064516129032258,62,721,659,11.629032258064516,0.401700661966525,8444,356,10137
hungarian,0.2,0,MOT17-04,0.5612253636574952,0.6710256860335849,0.48230544399352354,22937,11245,24620,768,825,9.25301204819277,83,720,637,8.674698795180722,0.7016001850411085,34158,24,13399
hungarian,0.2,0,MOT17-05,0.5549164120079094,0.7334283677833214,0.4462917449761457,3087,1122,3830,216,224,1.6240601503759398,133,298,165,2.2406015037593985,0.5671533901980628,4174,35,2743
hungarian,0.2,0,MOT17-11,0.572941683601207,0.6838159635454947,0.4930055108096651,4652,2151,4784,231,236,3.08,75,292,217,3.8933333333333335,0.668927511657482,6673,130,2763
hungarian,0.2,0,MOT17-13,0.5041717654911558,0.7152777777777778,0.38928019240680295,4532,1804,7110,292,208,2.6545454545454548,110,348,238,3.1636363636363636,0.4555918227108744,5966,370,5676
hungarian,0.2,1,MOT17-02,0.369891530623425,0.5754545454545454,0.27253646197728865,5064,3736,13517,404,694,6.516129032258065,62,451,389,7.274193548387097,0.4135407136322049,8444,356,10137
hungarian,0.2,1,MOT17-04,0.5935722237854635,0.7097010122286583,0.5101036650755935,24259,9923,23298,413,829,4.975903614457831,83,390,307,4.698795180722891,0.7090649115797885,34158,24,13399
hungarian,0.2,1,MOT17-05,0.5685781053388459,0.7514849132810644,0.45727916726904727,3163,1046,3754,152,228,1.1428571428571428,133,222,89,1.669172932330827,0.5764059563394535,4174,35,2743
hungarian,0.2,1,MOT17-11,0.5861198349652073,0.699544318682934,0.5043450614667232,4759,2044,4677,139,236,1.8533333333333333,75,196,121,2.6133333333333333,0.678677405680373,6673,130,2763
hungarian,0.2,1,MOT17-13,0.53988207809545,0.7659406565656566,0.4168527744373819,4853,1483,6789,234,208,2.1272727272727274,110,279,169,2.536363636363636,0.4605737845730974,5966,370,5676
hungarian,0.2,2,MOT17-02,0.37924107958073117,0.59,0.2794252193100479,5192,3608,13389,331,696,5.338709677419355,62,349,287,5.629032258064516,0.4174694580485442,8444,356,10137
hungarian,0.2,2,MOT17-04,0.619777584751465,0.7410332923761044,0.5326240090838362,25330,8852,22227,297,833,3.5783132530120483,83,275,192,3.3132530120481927,0.7115040898290472,34158,24,13399
hungarian,0.2,2,MOT17-05,0.5822397986697825,0.7695414587788073,0.46826658956194883,3239,970,3678,133,232,1.0,133,193,60,1.4511278195488722,0.5788636692207605,4173,36,2744
hungarian,0.2,2,MOT17-11,0.5942484143112261,0.7092459209172424,0.511339550657058,4825,1978,4611,99,236,1.32,75,150,75,2.0,0.6829164900381517,6673,130,2763
hungarian,0.2,2,MOT17-13,0.5487818444765825,0.7785669191919192,0.42372444597148257,4933,1403,6709,222,208,2.018181818181818,110,253,143,2.3,0.46160453530321255,5966,370,5676
hungarian,0.2,5,MOT17-02,0.39830539425148825,0.6196590909090909,0.29347182605887734,5453,3347,13128,268,703,4.32258064516129,62,255,193,4.112903225806452,0.4208600182982617,8444,356,10137
hungarian,0.2,5,MOT17-04,0.6551095560258873,0.7832777485226142,0.562987572807368,26774,7408,20783,188,854,2.2650602409638556,83,168,85,2.0240963855421685,0.7140063502744076,34163,19,13394
hungarian,0.2,5,MOT17-05,0.5622865360417041,0.7431693989071039,0.4522191701604742,3128,1081,3789,118,232,0.8872180451127819,133,168,35,1.263157894736842,0.5810322394101489,4173,36,2744
hungarian,0.2,5,MOT17-11,0.5928936510868896,0.7076289872115243,0.510173802458669,4814,1989,4622,76,237,1.0133333333333334,75,121,46,1.6133333333333333,0.6853539635438746,6673,130,2763
hungarian,0.2,5,MOT17-13,0.5500055623539882,0.7803030303030303,0.4246693008074214,4944,1392,6698,230,208,2.090909090909091,110,232,122,2.109090909090909,0.46091736814980244,5966,370,5676
hungarian,0.2,10,MOT17-02,0.41693144881487165,0.6486363636363637,0.3071955223077337,5708,3092,12873,240,705,3.870967741935484,62,203,141,3.274193548387097,0.4224745707981271,8445,355,10136
hungarian,0.2,10,MOT17-04,0.6718946891936529,0.8033467907085601,0.5774123683159157,27460,6722,20097,153,877,1.8433734939759037,83,125,42,1.5060240963855422,0.7147423092289253,34163,19,13394
hungarian,0.2,10,MOT17-05,0.6027323386661874,0.7966262770254218,0.48474772300130115,3353,856,3564,109,236,0.8195488721804511,133,139,6,1.0451127819548873,0.582333381523782,4173,36,2744
hungarian,0.2,10,MOT17-11,0.599174826036086,0.7151256798471263,0.5155786350148368,4865,1938,4571,74,237,0.9866666666666667,75,111,36,1.48,0.6855659177617635,6673,130,2763
hungarian,0.2,10,MOT17-13,0.5461119145622427,0.7747790404040404,0.42166294451125236,4909,1427,6733,241,210,2.190909090909091,110,221,111,2.0090909090909093,0.4599725133138636,5966,370,5676
hungarian,0.2,20,MOT17-02,0.4224097001570432,0.6571590909090909,0.3112319035573973,5783,3017,12798,240,705,3.870967741935484,62,167,105,2.693548387096774,0.4224745707981271,8445,355,10136
hungarian,0.2,20,MOT17-04,0.6656553175350812,0.7958867240067872,0.5720503816472864,27205,6977,20352,173,907,2.0843373493975905,83,100,17,1.2048192771084338,0.7143217612549151,34163,19,13394
hungarian,0.2,20,MOT17-05,0.5788243753370483,0.7650273224043715,0.4655197339887234,3220,989,3697,117,236,0.8796992481203008,133,121,12,0.9097744360902256,0.5811768107561082,4173,36,2744
hungarian,0.2,20,MOT17-11,0.6427735698010961,0.7671615463765986,0.5530945315811785,5219,1584,4217,66,238,0.88,75,100,25,1.3333333333333333,0.6864137346333192,6673,130,2763
hungarian,0.2,20,MOT17-13,0.5348759595060629,0.7588383838383839,0.4129874591994503,4808,1528,6834,256,210,2.327272727272727,110,215,105,1.9545454545454546,0.45868407490121976,5966,370,5676
hungarian,0.2,30,MOT17-02,0.42277491691318797,0.6577272727272727,0.31150099564070827,5788,3012,12793,224,705,3.6129032258064515,62,138,76,2.225806451612903,0.423335665464722,8445,355,10136
hungarian,0.2,30,MOT17-04,0.6515127417756518,0.7789772394827688,0.5598965451983935,26627,7555,20930,173,912,2.0843373493975905,83,94,11,1.1325301204819278,0.7143217612549151,34163,19,13394
hungarian,0.2,30,MOT17-05,0.5700161783210498,0.7533856022808268,0.4584357380367211,3171,1038,3746,128,236,0.9624060150375939,133,116,17,0.8721804511278195,0.5795865259505566,4173,36,2744
hungarian,0.2,30,MOT17-11,0.6170330685387031,0.7364398059679553,0.5309453158117846,5010,1793,4426,68,238,0.9066666666666666,75,97,22,1.2933333333333332,0.6862017804154303,6673,130,2763
hungarian,0.2,30,MOT17-13,0.5077316720436088,0.7203282828282829,0.3920288610204432,4564,1772,7078,266,210,2.418181818181818,110,204,94,1.8545454545454545,0.4578251159594572,5966,370,5676
hungarian,0.2,60,MOT17-02,0.3995471312223805,0.6215909090909091,0.2943867391421344,5470,3330,13111,225,708,3.629032258064516,62,113,51,1.8225806451612903,0.4232818470480598,8445,355,10136
hungarian,0.2,60,MOT17-04,0.6437563464197017,0.7697033526417413,0.5532308598103328,26310,7872,21247,286,947,3.4457831325301207,83,86,3,1.036144578313253,0.711945665201758,34163,19,13394
hungarian,0.2,60,MOT17-05,0.520402660435017,0.6878118317890235,0.4185340465519734,2895,1314,4022,154,241,1.1578947368421053,133,95,38,0.7142857142857143,0.576116813647535,4174,35,2743
hungarian,0.2,60,MOT17-11,0.6443746536116756,0.7690724680288108,0.5544722339974566,5232,1571,4204,78,238,1.04,75,90,15,1.2,0.6851420093259856,6673,130,2763
hungarian,0.2,60,MOT17-13,0.4929358104349761,0.6993371212121212,0.3806047070950009,4431,1905,7211,289,210,2.6272727272727274,110,197,87,1.790909090909091,0.45584951039340316,5966,370,5676
hungarian,0.3,0,MOT17-02,0.35170373616741535,0.5471590909090909,0.2591356762284054,4815,3985,13766,630,691,10.161290322580646,62,750,688,12.096774193548388,0.40137775146655186,8444,356,10137
hungarian,0.3,0,MOT17-04,0.5750253856788069,0.6875255982680943,0.4941648968606094,23501,10681,24056,763,826,9.19277108433735,83,731,648,8.80722891566265,0.7017894316294131,34160,22,13397
hungarian,0.3,0,MOT17-05,0.5525795434118281,0.7303397481587075,0.4444123174786757,3074,1135,3843,231,226,1.736842105263158,133,319,186,2.398496240601504,0.5649848200086742,4174,35,2743
hungarian,0.3,0,MOT17-11,0.5703553174456555,0.6807290901073056,0.49077999152183127,4631,2172,4805,236,236,3.1466666666666665,75,300,225,4.0,0.6683976261127597,6673,130,2763
hungarian,0.3,0,MOT17-13,0.4830348203359662,0.6852904040404041,0.37295997251331386,4342,1994,7300,404,208,3.672727272727273,110,444,334,4.036363636363636,0.44597148256313346,5966,370,5676
hungarian,0.3,1,MOT17-02,0.36886892370621965,0.5738636363636364,0.27178300414401807,5050,3750,13531,406,693,6.548387096774194,62,474,412,7.645161290322581,0.4134330767988805,8444,356,10137
hungarian,0.3,1,MOT17-04,0.5968998886700351,0.7136797144696039,0.5129633912988624,24395,9787,23162,403,830,4.855421686746988,83,397,314,4.783132530120482,0.7093592951615956,34160,22,13397
hungarian,0.3,1,MOT17-05,0.5707352148121517,0.754335946780708,0.459014023420558,3175,1034,3742,161,228,1.2105263157894737,133,241,108,1.8120300751879699,0.5751048142258204,4174,35,2743
hungarian,0.3,1,MOT17-11,0.5859966746720857,0.6993973247096869,0.5042390843577788,4758,2045,4678,146,236,1.9466666666666668,75,205,130,2.7333333333333334,0.6779355659177617,6673,130,2763
hungarian,0.3,1,MOT17-13,0.5090666370007787,0.7222222222222222,0.3930596117505583,4576,1760,7066,360,208,3.272727272727273,110,373,263,3.390909090909091,0.4497509019068888,5966,370,5676
hungarian,0.3,2,MOT17-02,0.37748803915123624,0.5872727272727273,0.27813357731015553,5168,3632,13413,333,695,5.370967741935484,62,369,307,5.951612903225806,0.4173618212152198,8444,356,10137
hungarian,0.3,2,MOT17-04,0.6265797232655158,0.7491662278392136,0.5384696259225771,25608,8574,21949,287,834,3.4578313253012047,83,282,199,3.397590361445783,0.7117984734108543,34160,22,13397
hungarian,0.3,2,MOT17-05,0.5888908862124753,0.7783321454027085,0.47361572936244034,3276,933,3641,145,233,1.0902255639097744,133,215,82,1.6165413533834587,0.5774179557611681,4174,35,2743
hungarian,0.3,2,MOT17-11,0.592277849621282,0.7068940173452889,0.5096439169139466,4809,1994,4627,106,236,1.4133333333333333,75,159,84,2.12,0.6821746502755405,6673,130,2763
hungarian,0.3,2,MOT17-13,0.5166314384247414,0.7329545454545454,0.3989005325545439,4644,1692,6998,357,208,3.2454545454545456,110,350,240,3.1818181818181817,0.4500085895894176,5966,370,5676
hungarian,0.3,5,MOT17-02,0.40568277272561265,0.6311363636363636,0.2989074861417577,5554,3246,13027,267,701,4.306451612903226,62,281,219,4.532258064516129,0.4209138367149239,8444,356,10137
hungarian,0.3,5,MOT17-04,0.6541797673081393,0.7821660523082324,0.5621885316567488,26736,7446,20821,181,858,2.180722891566265,83,172,89,2.072289156626506,0.7142376516601131,34165,17,13392
hungarian,0.3,5,MOT17-05,0.6120798130505123,0.8089807555238774,0.49226543299118114,3405,804,3512,132,233,0.9924812030075187,133,186,53,1.3984962406015038,0.5792973832586381,4174,35,2743
hungarian,0.3,5,MOT17-11,0.5912925672763101,0.705718065559312,0.5087961000423908,4801,2002,4635,85,237,1.1333333333333333,75,132,57,1.76,0.6844001695633743,6673,130,2763
hungarian,0.3,5,MOT17-13,0.5158527088663922,0.7318497474747475,0.39829926129531007,4637,1699,7005,374,208,3.4,110,332,222,3.018181818181818,0.4485483593884212,5966,370,5676
hungarian,0.3,10,MOT17-02,0.42715751798692525,0.6645454545454546,0.31473010064043916,5848,2952,12733,254,703,4.096774193548387,62,224,162,3.6129032258064515,0.4217211129648566,8445,355,10136
hungarian,0.3,10,MOT17-04,0.682538323199452,0.8160727868468785,0.5865592867506361,27895,6287,19662,144,883,1.7349397590361446,83,131,48,1.5783132530120483,0.7150156654120319,34165,17,13392
hungarian,0.3,10,MOT17-05,0.629156929714183,0.8315514373960561,0.5059997108573081,3500,709,3417,131,237,0.9849624060150376,133,159,26,1.1954887218045114,0.5794419546045974,4174,35,2743
hungarian,0.3,10,MOT17-11,0.593016811380011,0.7077759811847715,0.5102797795676134,4815,1988,4621,83,237,1.1066666666666667,75,123,48,1.64,0.6846121237812632,6673,130,2763
hungarian,0.3,10,MOT17-13,0.5108465902770052,0.7247474747474747,0.39443394605737847,4592,1744,7050,396,210,3.6,110,321,211,2.918181818181818,0.44665864971654357,5966,370,5676
hungarian,0.3,20,MOT17-02,0.42635404112340675,0.6632954545454546,0.31413809805715515,5837,2963,12744,250,703,4.032258064516129,62,199,137,3.2096774193548385,0.42193638663150534,8445,355,10136
hungarian,0.3,20,MOT17-04,0.690857485410881,0.8260195424492423,0.5937086023088084,28235,5947,19322,175,921,2.108433734939759,83,110,27,1.3253012048192772,0.7143638160523162,34165,17,13392
hungarian,0.3,20,MOT17-05,0.6162142728743484,0.8144452363981943,0.49559057394824346,3428,781,3489,135,236,1.0150375939849625,133,144,11,1.0827067669172932,0.5788636692207605,4174,35,2743
hungarian,0.3,20,MOT17-11,0.6399408830593016,0.7637806849919153,0.5506570580754557,5196,1607,4240,78,238,1.04,75,112,37,1.4933333333333334,0.6851420093259856,6673,130,2763
hungarian,0.3,20,MOT17-13,0.5046167538102125,0.7159090909090909,0.389623775983508,4536,1800,7106,407,210,3.7,110,314,204,2.8545454545454545,0.4457137948806047,5966,370,5676
hungarian,0.3,30,MOT17-02,0.4347540265147365,0.6763636363636364,0.32032721597330605,5952,2848,12629,246,713,3.967741935483871,62,169,107,2.725806451612903,0.42225929713147836,8446,354,10135
hungarian,0.3,30,MOT17-04,0.7016723962857387,0.8389503247323152,0.6030027125344324,28677,5505,18880,175,923,2.108433734939759,83,106,23,1.2771084337349397,0.7143638160523162,34165,17,13392
hungarian,0.3,30,MOT17-05,0.6077655941039007,0.8032786885245902,0.48879572068815963,3381,828,3536,145,236,1.0902255639097744,133,137,4,1.0300751879699248,0.5774179557611681,4174,35,2743
hungarian,0.3,30,MOT17-11,0.6302112199027033,0.7521681611053946,0.5422848664688428,5117,1686,4319,81,238,1.08,75,111,36,1.48,0.6848240779991521,6673,130,2763
hungarian,0.3,30,MOT17-13,0.47046390032261654,0.6674558080808081,0.3632537364713967,4229,2107,7413,440,210,4.0,110,301,191,2.7363636363636363,0.4428792303727882,5966,370,5676
hungarian,0.3,60,MOT17-02,0.43891749753478687,0.6828409090909091,0.32339486572305043,6009,2791,12572,295,717,4.758064516129032,62,144,82,2.3225806451612905,0.4196221947150315,8446,354,10135
hungarian,0.3,60,MOT17-04,0.6989809026291,0.8357322567433152,0.6006896986773766,28567,5615,18990,321,971,3.8674698795180724,83,96,13,1.1566265060240963,0.7112097062472402,34163,19,13394
hungarian,0.3,60,MOT17-05,0.5779255797231709,0.7638393917795201,0.46479687725892727,3215,994,3702,166,240,1.2481203007518797,133,117,16,0.8796992481203008,0.5743819574960243,4174,35,2743
hungarian,0.3,60,MOT17-11,0.6347681507481988,0.7576069381155373,0.5462060194997881,5154,1649,4282,88,238,1.1733333333333333,75,105,30,1.4,0.6840822382365409,6673,130,2763
hungarian,0.3,60,MOT17-13,0.45444432083657804,0.6447285353535354,0.35088472771001544,4085,2251,7557,472,210,4.290909090909091,110,295,185,2.6818181818181817,0.4401305617591479,5966,370,5676
hungarian,0.4,0,MOT17-02,0.3469559183375333,0.5397727272727273,0.25563747914536356,4750,4050,13831,646,694,10.419354838709678,62,789,727,12.725806451612904,0.40051665679995696,8444,356,10137
hungarian,0.4,0,MOT17-04,0.5728966588776472,0.6849803990404306,0.4923355131736653,23414,10768,24143,768,825,9.25301204819277,83,753,670,9.072289156626505,0.7016842946359105,34160,22,13397
hungarian,0.4,0,MOT17-05,0.5374797770986878,0.7103825136612022,0.4322683244181003,2990,1219,3927,269,228,2.0225563909774436,133,353,220,2.654135338345865,0.5594911088622235,4174,35,2743
hungarian,0.4,0,MOT17-11,0.5587782498922348,0.6669116566220785,0.48081814328105127,4537,2266,4899,258,237,3.44,75,326,251,4.346666666666667,0.6660661297159813,6673,130,2763
hungarian,0.4,0,MOT17-13,0.39448214484369787,0.5596590909090909,0.3045868407490122,3546,2790,8096,710,214,6.454545454545454,110,750,640,6.818181818181818,0.4196873389451984,5966,370,5676
hungarian,0.4,1,MOT17-02,0.36930718381359334,0.5745454545454546,0.2721059146439912,5056,3744,13525,417,696,6.725806451612903,62,508,446,8.193548387096774,0.41284107421559657,8444,356,10137
hungarian,0.4,1,MOT17-04,0.5982456354983545,0.715288748464104,0.5141198982273902,24450,9732,23107,403,830,4.855421686746988,83,407,324,4.903614457831325,0.7093592951615956,34160,22,13397
hungarian,0.4,1,MOT17-05,0.554736652885134,0.7331907816583512,0.4461471736301865,3086,1123,3831,202,232,1.518796992481203,133,273,140,2.0526315789473686,0.569177389041492,4174,35,2743
hungarian,0.4,1,MOT17-11,0.570971118911263,0.6814640599735411,0.4913098770665536,4636,2167,4800,169,237,2.2533333333333334,75,230,155,3.066666666666667,0.6754980924120391,6673,130,2763
hungarian,0.4,1,MOT17-13,0.41328290132384027,0.5863320707070707,0.31910324686479985,3715,2621,7927,688,214,6.254545454545455,110,660,550,6.0,0.4215770486170761,5966,370,5676
hungarian,0.4,2,MOT17-02,0.37668456228771774,0.5860227272727273,0.2775415747268715,5157,3643,13424,347,701,5.596774193548387,62,405,343,6.532258064516129,0.4166083633819493,8444,356,10137
hungarian,0.4,2,MOT17-04,0.6292222806738521,0.7523257855011409,0.5407405849822319,25716,8466,21841,284,835,3.4216867469879517,83,289,206,3.4819277108433737,0.7118615556069559,34160,22,13397
hungarian,0.4,2,MOT17-05,0.5797231709509257,0.7662152530292231,0.4662425907185196,3225,984,3692,182,233,1.368421052631579,133,243,110,1.8270676691729324,0.5720688159606766,4174,35,2743
hungarian,0.4,2,MOT17-11,0.5762670115154874,0.6877848008231663,0.49586689275116574,4679,2124,4757,132,237,1.76,75,186,111,2.48,0.6794192454429844,6673,130,2763
hungarian,0.4,2,MOT17-13,0.42718878629435975,0.6060606060606061,0.3298402336368322,3840,2496,7802,692,214,6.290909090909091,110,622,512,5.654545454545454,0.42123346504037107,5966,370,5676
hungarian,0.4,5,MOT17-02,0.40772798656002335,0.6343181818181818,0.3004144018082988,5582,3218,12999,289,708,4.661290322580645,62,318,256,5.129032258064516,0.41972983154835586,8444,356,10137
hungarian,0.4,5,MOT17-04,0.6563574303576016,0.7847697618629688,0.5640599701410939,26825,7357,20732,177,863,2.1325301204819276,83,180,97,2.1686746987951806,0.7143217612549151,34165,17,13392
hungarian,0.4,5,MOT17-05,0.6016537839295344,0.7952007602755999,0.48388029492554574,3347,862,3570,171,233,1.2857142857142858,133,219,86,1.6466165413533835,0.5736591007662282,4174,35,2743
hungarian,0.4,5,MOT17-11,0.5772522938604594,0.688960752609143,0.4967147096227215,4687,2116,4749,110,238,1.4666666666666666,75,158,83,2.1066666666666665,0.6817507418397626,6673,130,2763
hungarian,0.4,5,MOT17-13,0.41940149071086885,0.5950126262626263,0.3238275210444941,3770,2566,7872,731,214,6.6454545454545455,110,597,487,5.427272727272728,0.41788352516749694,5966,370,5676
hungarian,0.4,10,MOT17-02,0.417954055732077,0.6502272727272728,0.30794898014100425,5722,3078,12859,281,711,4.532258064516129,62,266,204,4.290322580645161,0.42016037888165325,8444,356,10137
hungarian,0.4,10,MOT17-04,0.679088317694124,0.8119478087882511,0.5835944235338646,27754,6428,19803,144,888,1.7349397590361446,83,141,58,1.6987951807228916,0.7150156654120319,34165,17,13392
hungarian,0.4,10,MOT17-05,0.6171130684882258,0.8156331670230459,0.4963134306780396,3433,776,3484,168,237,1.263157894736842,133,191,58,1.4360902255639099,0.5740928148041058,4174,35,2743
hungarian,0.4,10,MOT17-11,0.5778680953260669,0.6896957224753785,0.49724459516744385,4692,2111,4744,110,238,1.4666666666666666,75,149,74,1.9866666666666666,0.6817507418397626,6673,130,2763
hungarian,0.4,10,MOT17-13,0.41628657247747247,0.5905934343434344,0.3214224360075588,3742,2594,7900,746,216,6.781818181818182,110,582,472,5.290909090909091,0.41659508675485313,5966,370,5676
hungarian,0.4,20,MOT17-02,0.4249662174500566,0.6611363636363636,0.3131155481405737,5818,2982,12763,275,711,4.435483870967742,62,242,180,3.903225806451613,0.4204832893816264,8444,356,10137
hungarian,0.4,20,MOT17-04,0.6866244999327127,0.8209583991574513,0.5900708623336207,28062,6120,19495,175,928,2.108433734939759,83,121,38,1.4578313253012047,0.7143638160523162,34165,17,13392
hungarian,0.4,20,MOT17-05,0.6036311342800648,0.7978142076502732,0.4854705797310973,3358,851,3559,177,238,1.330827067669173,133,174,41,1.3082706766917294,0.5727916726904727,4174,35,2743
hungarian,0.4,20,MOT17-11,0.6242995258328715,0.745112450389534,0.5371979652395082,5069,1734,4367,106,238,1.4133333333333333,75,139,64,1.8533333333333333,0.6821746502755405,6673,130,2763
hungarian,0.4,20,MOT17-13,0.41517410167983093,0.5890151515151515,0.32056347706579624,3732,2604,7910,758,216,6.890909090909091,110,576,466,5.236363636363636,0.41556433602473797,5966,370,5676
hungarian,0.4,30,MOT17-02,0.4319053358168073,0.6719318181818181,0.318228297723481,5913,2887,12668,311,723,5.016129032258065,62,215,153,3.467741935483871,0.4186534632151122,8445,355,10136
hungarian,0.4,30,MOT17-04,0.700302181333268,0.8373120355742789,0.6018251782072039,28621,5561,18936,234,930,2.819277108433735,83,116,33,1.3975903614457832,0.7131231995289863,34165,17,13392
hungarian,0.4,30,MOT17-05,0.5973395649829228,0.7894986932763126,0.48041058262252423,3323,886,3594,187,238,1.406015037593985,133,166,33,1.2481203007518797,0.5713459592308805,4174,35,2743
hungarian,0.4,30,MOT17-11,0.6330439066444978,0.7555490224900779,0.5447223399745655,5140,1663,4296,108,238,1.44,75,139,64,1.8533333333333333,0.6819626960576515,6673,130,2763
hungarian,0.4,30,MOT17-13,0.4001557459116698,0.5677083333333334,0.3089675313520014,3597,2739,8045,781,216,7.1,110,541,431,4.918181818181818,0.41358873045868405,5966,370,5676
hungarian,0.4,60,MOT17-02,0.43241663927540996,0.6727272727272727,0.31860502664011625,5920,2880,12661,331,728,5.338709677419355,62,187,125,3.0161290322580645,0.41757709488186856,8445,355,10136
hungarian,0.4,60,MOT17-04,0.7123160302915377,0.8516763208706337,0.6121496309691528,29112,5070,18445,485,987,5.843373493975903,83,105,22,1.2650602409638554,0.707761212860357,34163,19,13394
hungarian,0.4,60,MOT17-05,0.578285097968722,0.7643145640294606,0.46508601995084575,3217,992,3700,211,242,1.586466165413534,133,150,17,1.1278195488721805,0.5678762469278589,4174,35,2743
hungarian,0.4,60,MOT17-11,0.6373545169037502,0.7606938115537263,0.5484315387876219,5175,1628,4261,115,238,1.5333333333333334,75,133,58,1.7733333333333334,0.6812208562950403,6673,130,2763
hungarian,0.4,60,MOT17-13,0.39325842696629215,0.5579229797979798,0.30364198591307334,3535,2801,8107,828,216,7.527272727272727,110,527,417,4.790909090909091,0.4095516234323999,5966,370,5676
hungarian,0.5,0,MOT17-02,0.3327855081991162,0.5177272727272727,0.24519670631290028,4556,4244,14025,699,699,11.274193548387096,62,866,804,13.96774193548387,0.39766428071686133,8444,356,10137
hungarian,0.5,0,MOT17-04,0.5667306915915291,0.6776080978292669,0.4870366087011376,23162,11020,24395,813,832,9.795180722891565,83,822,739,9.903614457831326,0.7007380616943878,34160,22,13397
hungarian,0.5,0,MOT17-05,0.5106956678051411,0.6749821810406272,0.4107271938701749,2841,1368,4076,341,233,2.56390977443609,133,430,297,3.2330827067669174,0.5490819719531589,4174,35,2743
hungarian,0.5,0,MOT17-11,0.5396884044584026,0.6441275907687785,0.46439169139465875,4382,2421,5054,318,237,4.24,75,400,325,5.333333333333333,0.6597075031793133,6673,130,2763
hungarian,0.5,0,MOT17-13,0.30058960952275005,0.4264520202020202,0.23209070606425014,2702,3634,8940,1188,216,10.8,110,1253,1143,11.39090909090909,0.3788008933172994,5967,369,5675
hungarian,0.5,1,MOT17-02,0.35542894708009204,0.5529545454545455,0.26188041547817664,4866,3934,13715,475,705,7.661290322580645,62,583,521,9.403225806451612,0.40971960604919,8444,356,10137
hungarian,0.5,1,MOT17-04,0.5938413731511274,0.7100228190275584,0.510334966461299,24270,9912,23287,429,841,5.168674698795181,83,441,358,5.313253012048193,0.7088125827953824,34160,22,13397
hungarian,0.5,1,MOT17-05,0.5317274851698723,0.7027797576621525,0.42764204134740497,2958,1251,3959,271,237,2.037593984962406,133,342,209,2.5714285714285716,0.559201966170305,4174,35,2743
hungarian,0.5,1,MOT17-11,0.5692468748075621,0.6794061443480818,0.48982619754133105,4622,2181,4814,234,238,3.12,75,295,220,3.933333333333333,0.6686095803306487,6673,130,2763
hungarian,0.5,1,MOT17-13,0.3202803426410057,0.45438762626262624,0.24729427933344786,2879,3457,8763,1183,216,10.754545454545454,110,1120,1010,10.181818181818182,0.3792303727881807,5967,369,5675
hungarian,0.5,2,MOT17-02,0.361929805339469,0.5630681818181819,0.2666702545611108,4955,3845,13626,407,715,6.564516129032258,62,481,419,7.758064516129032,0.41337925838221834,8444,356,10137
hungarian,0.5,2,MOT17-04,0.6258212114168268,0.7482593177695863,0.5378177765628614,25577,8605,21980,307,856,3.6987951807228914,83,316,233,3.8072289156626504,0.7113779254368442,34160,22,13397
hungarian,0.5,2,MOT17-05,0.5545568937623584,0.7329531955333809,0.4460026022842273,3085,1124,3832,254,240,1.9097744360902256,133,312,179,2.345864661654135,0.561659679051612,4174,35,2743
hungarian,0.5,2,MOT17-11,0.57072479832502,0.6811700720270469,0.4910979228486647,4634,2169,4802,205,238,2.7333333333333334,75,255,180,3.4,0.6716829164900382,6673,130,2763
hungarian,0.5,2,MOT17-13,0.3272889086661475,0.46433080808080807,0.2527057206665521,2942,3394,8700,1191,216,10.827272727272728,110,1050,940,9.545454545454545,0.3785432056347706,5967,369,5675
hungarian,0.5,5,MOT17-02,0.3888097585917242,0.6048863636363636,0.28647543189279373,5323,3477,13258,425,726,6.854838709677419,62,383,321,6.17741935483871,0.4124105268822992,8444,356,10137
hungarian,0.5,5,MOT17-04,0.6498244412092147,0.7769586331987596,0.5584456546880585,26558,7624,20999,212,891,2.5542168674698793,83,199,116,2.397590361445783,0.7135437475029964,34164,18,13393
hungarian,0.5,5,MOT17-05,0.5685781053388459,0.7514849132810644,0.45727916726904727,3163,1046,3754,246,240,1.849624060150376,133,290,157,2.180451127819549,0.5628162498192858,4174,35,2743
hungarian,0.5,5,MOT17-11,0.5752817291705155,0.6866088490371894,0.49501907587961,4671,2132,4765,191,238,2.546666666666667,75,224,149,2.986666666666667,0.6731665960152606,6673,130,2763
hungarian,0.5,5,MOT17-13,0.32550895538992103,0.4618055555555556,0.251331386359732,2926,3410,8716,1243,216,11.3,110,996,886,9.054545454545455,0.37407661913760526,5967,369,5675
hungarian,0.5,10,MOT17-02,0.40130017165187537,0.6243181818181818,0.2956783811420268,5494,3306,13087,469,767,7.564516129032258,62,324,262,5.225806451612903,0.4101501533824875,8445,355,10136
hungarian,0.5,10,MOT17-04,0.6745372466019892,0.8065063483704874,0.5796833273755704,27568,6614,19989,269,930,3.2409638554216866,83,160,77,1.927710843373494,0.7123872405744684,34165,17,13392
hungarian,0.5,10,MOT17-05,0.5852957037569657,0.7735804229033024,0.47072430244325575,3256,953,3661,246,244,1.849624060150376,133,261,128,1.962406015037594,0.5628162498192858,4174,35,2743
hungarian,0.5,10,MOT17-11,0.574912248291151,0.6861678671174481,0.4947011445527766,4668,2135,4768,193,238,2.5733333333333333,75,218,143,2.9066666666666667,0.6729546417973717,6673,130,2763
hungarian,0.5,10,MOT17-13,0.32283902547558124,0.45801767676767674,0.2492698848995018,2902,3434,8740,1260,218,11.454545454545455,110,969,859,8.809090909090909,0.37261638893660887,5967,369,5675
hungarian,0.5,20,MOT17-02,0.3977940907928856,0.6188636363636364,0.2930950971422421,5446,3354,13135,507,779,8.17741935483871,62,294,232,4.741935483870968,0.4081050535493246,8445,355,10136
hungarian,0.5,20,MOT17-04,0.6830276856824772,0.8166578901176058,0.5869798347246462,27915,6267,19642,354,977,4.265060240963855,83,143,60,1.7228915662650603,0.7105999116849255,34165,17,13392
hungarian,0.5,20,MOT17-05,0.5856552220025166,0.7740555951532431,0.47101344513517424,3258,951,3659,257,245,1.9323308270676691,133,242,109,1.8195488721804511,0.5612259650137343,4174,35,2743
hungarian,0.5,20,MOT17-11,0.6125992979863292,0.7311480229310598,0.5271301398897839,4974,1829,4462,192,238,2.56,75,211,136,2.8133333333333335,0.6730606189063162,6673,130,2763
hungarian,0.5,20,MOT17-13,0.31805540104572255,0.4512310606060606,0.2455763614499227,2859,3477,8783,1279,218,11.627272727272727,110,957,847,8.7,0.3709843669472599,5967,369,5675
hungarian,0.5,30,MOT17-02,0.3979401774953435,0.6190909090909091,0.29320273397556645,5448,3352,13133,549,782,8.85483870967742,62,267,205,4.306451612903226,0.4058446800495129,8445,355,10136
hungarian,0.5,30,MOT17-04,0.6931819572052509,0.8287987829851969,0.5957062051853566,28330,5852,19227,458,980,5.518072289156627,83,133,50,1.6024096385542168,0.7084130622200728,34165,17,13392
hungarian,0.5,30,MOT17-05,0.5831385942836599,0.7707293894036589,0.468989446291745,3244,965,3673,262,245,1.9699248120300752,133,233,100,1.7518796992481203,0.5605031082839381,4174,35,2743
hungarian,0.5,30,MOT17-11,0.6037317568815814,0.7205644568572689,0.5194997880457821,4902,1901,4534,200,238,2.6666666666666665,75,209,134,2.7866666666666666,0.6722128020347604,6673,130,2763
hungarian,0.5,30,MOT17-13,0.30782066970742017,0.43671085858585856,0.23767393918570692,2767,3569,8875,1304,218,11.854545454545455,110,916,806,8.327272727272728,0.3688369695928535,5967,369,5675
hungarian,0.5,60,MOT17-02,0.3979401774953435,0.6190909090909091,0.29320273397556645,5448,3352,13133,551,786,8.887096774193548,62,238,176,3.838709677419355,0.40573704321618853,8445,355,10136
hungarian,0.5,60,MOT17-04,0.7091351741518737,0.8478731496109063,0.6094160691380869,28982,5200,18575,744,1021,8.963855421686747,83,120,37,1.4457831325301205,0.7023992261917278,34165,17,13392
hungarian,0.5,60,MOT17-05,0.5723530469171311,0.7564742219054407,0.4603151655341911,3184,1025,3733,296,245,2.225563909774436,133,214,81,1.6090225563909775,0.5555876825213243,4174,35,2743
hungarian,0.5,60,MOT17-11,0.6059486421577683,0.7232103483757166,0.5214073760067826,4920,1883,4516,212,238,2.8266666666666667,75,204,129,2.72,0.6709410767274269,6673,130,2763
hungarian,0.5,60,MOT17-13,0.3032595394370898,0.430239898989899,0.23415220752448032,2726,3610,8916,1342,218,12.2,110,884,774,8.036363636363637,0.36557292561415566,5967,369,5675
hungarian,0.6,0,MOT17-02,0.27858734158723203,0.4334090909090909,0.20526344114956138,3814,4986,14767,866,722,13.96774193548387,62,1077,1015,17.370967741935484,0.38867660513427693,8444,356,10137
hungarian,0.6,0,MOT17-04,0.4884326943074909,0.5839915745129015,0.4197489328595159,19962,14220,27595,1036,893,12.481927710843374,83,1061,978,12.783132530120483,0.6962171709737788,34164,18,13393
hungarian,0.6,0,MOT17-05,0.45946431781412905,0.6072701354240913,0.36952436027179414,2556,1653,4361,501,240,3.7669172932330826,133,608,475,4.571428571428571,0.5259505565996819,4174,35,2743
hungarian,0.6,0,MOT17-11,0.5070509267812058,0.6051741878582978,0.43630775752437473,4117,2686,5319,443,237,5.906666666666666,75,555,480,7.4,0.6464603645612548,6673,130,2763
hungarian,0.6,0,MOT17-13,0.18433641116920682,0.26152146464646464,0.14232949665006012,1657,4679,9985,1962,226,17.836363636363636,110,2086,1976,18.963636363636365,0.3123174712248754,5967,369,5675
hungarian,0.6,1,MOT17-02,0.3043716445710529,0.47352272727272726,0.22426134223131156,4167,4633,14414,663,732,10.693548387096774,62,779,717,12.564516129032258,0.3996017437166999,8444,356,10137
hungarian,0.6,1,MOT17-04,0.5265295636110058,0.6295418641390206,0.452488592636205,21519,12663,26038,662,912,7.975903614457831,83,626,543,7.542168674698795,0.7040814180877684,34164,18,13393
hungarian,0.6,1,MOT17-05,0.47941758044220745,0.6336421952957947,0.3855717796732688,2667,1542,4250,439,242,3.300751879699248,133,521,388,3.917293233082707,0.5349139800491542,4174,35,2743
hungarian,0.6,1,MOT17-11,0.5347619927335427,0.6382478318388946,0.46015260703688005,4342,2461,5094,372,238,4.96,75,450,375,6.0,0.6539847392963121,6673,130,2763
hungarian,0.6,1,MOT17-13,0.193013683390811,0.2738320707070707,0.1490293763958083,1735,4601,9907,1963,226,17.845454545454544,110,1940,1830,17.636363636363637,0.31223157533069923,5967,369,5675
hungarian,0.6,2,MOT17-02,0.3101420693181403,0.4825,0.2285129971476239,4246,4554,14335,613,741,9.887096774193548,62,659,597,10.629032258064516,0.40229266454980894,8444,356,10137
hungarian,0.6,2,MOT17-04,0.5512423690037803,0.6590895793107483,0.4737262653237168,22529,11653,25028,589,940,7.096385542168675,83,485,402,5.843373493975903,0.7056164181929054,34164,18,13393
hungarian,0.6,2,MOT17-05,0.5053028941218767,0.6678545972915182,0.406390053491398,2811,1398,4106,426,244,3.2030075187969924,133,483,350,3.6315789473684212,0.5367934075466243,4174,35,2743
hungarian,0.6,2,MOT17-11,0.5357472750785147,0.6394237836248714,0.46100042390843576,4350,2453,5086,356,238,4.746666666666667,75,412,337,5.493333333333333,0.6556803730394235,6673,130,2763
hungarian,0.6,2,MOT17-13,0.1942374012682167,0.2755681818181818,0.14997423123174713,1746,4590,9896,1973,226,17.936363636363637,110,1829,1719,16.62727272727273,0.31137261638893665,5967,369,5675
hungarian,0.6,5,MOT17-02,0.3223403089733757,0.5014772727272727,0.23750067273020828,4413,4387,14168,677,755,10.919354838709678,62,539,477,8.693548387096774,0.39884828588342935,8444,356,10137
hungarian,0.6,5,MOT17-04,0.5722604876497144,0.6842197647884851,0.49178880080745213,23388,10794,24169,613,983,7.385542168674699,83,334,251,4.024096385542169,0.7051538154214942,34165,17,13392
hungarian,0.6,5,MOT17-05,0.5011684342980406,0.6623901164172012,0.4030649125343357,2788,1421,4129,427,244,3.210526315789474,133,452,319,3.398496240601504,0.536648836200665,4174,35,2743
hungarian,0.6,5,MOT17-11,0.5490485867356364,0.6552991327355578,0.4724459516744383,4458,2345,4978,350,238,4.666666666666667,75,382,307,5.093333333333334,0.6563162356930903,6673,130,2763
hungarian,0.6,5,MOT17-13,0.19434864834798088,0.2757260101010101,0.15006012712592337,1747,4589,9895,2028,226,18.436363636363637,110,1716,1606,15.6,0.3066483422092424,5967,369,5675
hungarian,0.6,10,MOT17-02,0.3322742047405135,0.5169318181818182,0.24481997739626501,4549,4251,14032,782,809,12.612903225806452,62,456,394,7.354838709677419,0.39330498896722454,8445,355,10136
hungarian,0.6,10,MOT17-04,0.5822924185517317,0.6962143818383945,0.5004100342746599,23798,10384,23759,919,1026,11.072289156626505,83,273,190,3.289156626506024,0.6987194314191392,34165,17,13392
hungarian,0.6,10,MOT17-05,0.5054826532446521,0.6680921834164885,0.40653462483735725,2812,1397,4105,429,249,3.225563909774436,133,419,286,3.1503759398496243,0.5363596935087466,4174,35,2743
hungarian,0.6,10,MOT17-11,0.5512654720118234,0.6579450242540056,0.47435353963543875,4476,2327,4960,352,238,4.693333333333333,75,375,300,5.0,0.6561042814752014,6673,130,2763
hungarian,0.6,10,MOT17-13,0.1906774947157637,0.27051767676767674,0.14722556261810685,1714,4622,9928,2069,226,18.80909090909091,110,1670,1560,15.181818181818182,0.3031266105480158,5967,369,5675
hungarian,0.6,20,MOT17-02,0.3273072568569446,0.5092045454545454,0.24116032506323665,4481,4319,14100,869,820,14.016129032258064,62,418,356,6.741935483870968,0.38862278671761474,8445,355,10136
hungarian,0.6,20,MOT17-04,0.605390327750523,0.7238312562167223,0.5202598986479383,24742,9440,22815,1302,1042,15.686746987951807,83,245,162,2.9518072289156625,0.690665937716845,34165,17,13392
hungarian,0.6,20,MOT17-05,0.5175265144706094,0.6840104537894987,0.41622090501662573,2879,1330,4038,441,249,3.3157894736842106,133,397,264,2.9849624060150375,0.5346248373572358,4174,35,2743
hungarian,0.6,20,MOT17-11,0.5873514378964222,0.701014258415405,0.5054048325561679,4769,2034,4667,365,238,4.866666666666666,75,366,291,4.88,0.6547265790589233,6673,130,2763
hungarian,0.6,20,MOT17-13,0.18422516408944264,0.26136363636363635,0.14224360075588388,1656,4680,9986,2098,226,19.072727272727274,110,1634,1524,14.854545454545455,0.30063562961690427,5967,369,5675
hungarian,0.6,30,MOT17-02,0.3284759504766079,0.5110227272727272,0.24202141972983154,4497,4303,14084,908,830,14.64516129032258,62,397,335,6.403225806451613,0.38652386846778963,8445,355,10136
hungarian,0.6,30,MOT17-04,0.5984413804915646,0.7155227897723948,0.5142881174169943,24458,9724,23099,1448,1053,17.44578313253012,83,230,147,2.7710843373493974,0.687595937506571,34165,17,13392
hungarian,0.6,30,MOT17-05,0.5173467553478339,0.6837728676645284,0.4160763336706665,2878,1331,4039,464,249,3.488721804511278,133,382,249,2.8721804511278197,0.5312996964001735,4174,35,2743
hungarian,0.6,30,MOT17-11,0.5793460188435249,0.6914596501543436,0.49851632047477745,4704,2099,4732,375,238,5.0,75,362,287,4.826666666666667,0.6536668079694785,6673,130,2763
hungarian,0.6,30,MOT17-13,0.18266770497274445,0.2591540404040404,0.14104105823741625,1642,4694,10000,2135,226,19.40909090909091,110,1588,1478,14.436363636363636,0.2974574815323827,5967,369,5675
hungarian,0.6,60,MOT17-02,0.3359263723019612,0.5226136363636363,0.24751089822937408,4599,4201,13982,976,835,15.741935483870968,62,359,297,5.790322580645161,0.3828642161347613,8445,355,10136
hungarian,0.6,60,MOT17-04,0.6070052239445063,0.7257620970101223,0.5216477069621717,24808,9374,22749,1697,1080,20.44578313253012,83,212,129,2.5542168674698793,0.6823601152301448,34165,17,13392
hungarian,0.6,60,MOT17-05,0.5013481934208162,0.6626277025421715,0.4032094838802949,2789,1420,4128,495,251,3.7218045112781954,133,357,224,2.6842105263157894,0.5268179846754373,4174,35,2743
hungarian,0.6,60,MOT17-11,0.5740501262393004,0.6851389093047185,0.4939593047901653,4661,2142,4775,388,238,5.173333333333333,75,358,283,4.773333333333333,0.6522891055532005,6673,130,2763
hungarian,0.6,60,MOT17-13,0.17921904550005563,0.25426136363636365,0.13837828551795225,1611,4725,10031,2152,226,19.563636363636363,110,1530,1420,13.909090909090908,0.2959972513313863,5967,369,5675
hungarian,0.7,0,MOT17-02,0.1516379971513093,0.2359090909090909,0.11172703299068941,2076,6724,16505,1554,818,25.06451612903226,62,1830,1768,29.516129032258064,0.35186480813734455,8446,354,10135
hungarian,0.7,0,MOT17-04,0.1928822226843979,0.23061845415715873,0.16575898395609479,7883,26299,39674,2403,1018,28.951807228915662,83,2465,2382,29.698795180722893,0.6675147717475871,34165,17,13392
hungarian,0.7,0,MOT17-05,0.380550062915693,0.5029698265621287,0.30605753939569175,2117,2092,4800,829,246,6.2330827067669174,133,947,814,7.120300751879699,0.4785311551250542,4174,35,2743
hungarian,0.7,0,MOT17-11,0.337582363446025,0.4029104806702925,0.2904832556167868,2741,4062,6695,783,245,10.44,75,930,855,12.4,0.6106401017380245,6674,129,2762
hungarian,0.7,0,MOT17-13,0.07453554344198465,0.10574494949494949,0.05755024909809311,670,5666,10972,3129,236,28.445454545454545,110,3330,3220,30.272727272727273,0.21207696272118193,5967,369,5675
hungarian,0.7,1,MOT17-02,0.1756692597056353,0.27329545454545456,0.12943329207254722,2405,6395,16176,1425,829,22.983870967741936,62,1412,1350,22.774193548387096,0.35880738388676603,8446,354,10135
hungarian,0.7,1,MOT17-04,0.2371205911498795,0.28351178983090514,0.20377652080661102,9691,24491,37866,2411,1048,29.048192771084338,83,1776,1693,21.397590361445783,0.667346552557983,34165,17,13392
hungarian,0.7,1,MOT17-05,0.40158188028042424,0.5307674031836541,0.3229723868729218,2234,1975,4683,771,248,5.796992481203008,133,863,730,6.488721804511278,0.48691629319068963,4174,35,2743
hungarian,0.7,1,MOT17-11,0.3438635383952214,0.41040717330589443,0.29588808817295464,2792,4011,6644,761,245,10.146666666666667,75,810,735,10.8,0.612971598134803,6674,129,2762
hungarian,0.7,1,MOT17-13,0.08054288574924909,0.11426767676767677,0.06218862738361106,724,5612,10918,3163,238,28.754545454545454,110,3177,3067,28.881818181818183,0.20915650231918914,5967,369,5675
hungarian,0.7,2,MOT17-02,0.1817318578576385,0.2827272727272727,0.13390022065550833,2488,6312,16093,1463,841,23.596774193548388,62,1248,1186,20.129032258064516,0.3567622840536031,8446,354,10135
hungarian,0.7,2,MOT17-04,0.25476210866293936,0.3046047627406237,0.21893727526967638,10412,23770,37145,2657,1071,32.01204819277108,83,1488,1405,17.927710843373493,0.6621738124776584,34165,17,13392
hungarian,0.7,2,MOT17-05,0.4240517706273593,0.5604656688049418,0.34104380511782567,2359,1850,4558,762,250,5.7293233082706765,133,823,690,6.18796992481203,0.4882174353043227,4174,35,2743
hungarian,0.7,2,MOT17-11,0.3462035839645298,0.4132000587975893,0.2979016532428995,2811,3992,6625,769,247,10.253333333333334,75,773,698,10.306666666666667,0.6121237812632472,6674,129,2762
hungarian,0.7,2,MOT17-13,0.08299032150406052,0.11773989898989899,0.06407833705548875,746,5590,10896,3170,238,28.818181818181817,110,3079,2969,27.990909090909092,0.20855523105995533,5967,369,5675
hungarian,0.7,5,MOT17-02,0.19049706000511304,0.2963636363636364,0.14035843065497014,2608,6192,15973,1701,868,27.43548387096774,62,1036,974,16.70967741935484,0.3439535008880039,8446,354,10135
hungarian,0.7,5,MOT17-04,0.27546214169490696,0.32935463109238783,0.2367264545703051,11258,22924,36299,3503,1115,42.204819277108435,83,1139,1056,13.72289156626506,0.6443846331770297,34165,17,13392
hungarian,0.7,5,MOT17-05,0.427287434837318,0.5647422190544072,0.3436460893450918,2377,1832,4540,770,250,5.7894736842105265,133,773,640,5.81203007518797,0.4870608645366489,4174,35,2743
hungarian,0.7,5,MOT17-11,0.35728801034546465,0.426429516389828,0.30743959304790164,2901,3902,6535,799,247,10.653333333333334,75,740,665,9.866666666666667,0.6089444679949131,6674,129,2762
hungarian,0.7,5,MOT17-13,0.08477027478028702,0.12026515151515152,0.06545267136230888,762,5574,10880,3215,238,29.227272727272727,110,2917,2807,26.51818181818182,0.20468991582202367,5967,369,5675
hungarian,0.7,10,MOT17-02,0.19780139512800848,0.30772727272727274,0.1457402723211883,2708,6092,15873,1901,882,30.661290322580644,62,899,837,14.5,0.33318981755556754,8446,354,10135
hungarian,0.7,10,MOT17-04,0.30822495993344673,0.3685272950675794,0.26488214143028366,12597,21585,34960,4670,1161,56.265060240963855,83,913,830,11.0,0.6198456588935383,34165,17,13392
hungarian,0.7,10,MOT17-05,0.4289052669422973,0.56688049417914,0.34494723145872486,2386,1823,4531,787,252,5.917293233082707,133,727,594,5.466165413533835,0.48460315165534196,4174,35,2743
hungarian,0.7,10,MOT17-11,0.3583964529835581,0.4277524621490519,0.30839338702840186,2910,3893,6526,817,247,10.893333333333333,75,725,650,9.666666666666666,0.6070368800339127,6674,129,2762
hungarian,0.7,10,MOT17-13,0.08399154522193793,0.11916035353535354,0.06485140010307508,755,5581,10887,3265,238,29.681818181818183,110,2822,2712,25.654545454545456,0.20039512111321078,5967,369,5675
hungarian,0.7,20,MOT17-02,0.19546400788868193,0.3040909090909091,0.14401808298799848,2676,6124,15905,2093,895,33.75806451612903,62,808,746,13.03225806451613,0.32285668155642866,8446,354,10135
hungarian,0.7,20,MOT17-04,0.31534518406146395,0.3770405476566614,0.27100111445213115,12888,21294,34669,5760,1175,69.39759036144578,83,801,718,9.650602409638553,0.5969257943099859,34165,17,13392
hungarian,0.7,20,MOT17-05,0.4292647851878483,0.5673556664290805,0.34523637415064334,2388,1821,4529,805,252,6.052631578947368,133,697,564,5.2406015037593985,0.4820008674280758,4174,35,2743
hungarian,0.7,20,MOT17-11,0.39115709095387646,0.4668528590327797,0.33658329800763037,3176,3627,6260,862,247,11.493333333333334,75,699,624,9.32,0.6022679101314117,6674,129,2762
hungarian,0.7,20,MOT17-13,0.08287907442429636,0.1175820707070707,0.06399244116131249,745,5591,10897,3285,238,29.863636363636363,110,2746,2636,24.963636363636365,0.19867720322968563,5967,369,5675
hungarian,0.7,30,MOT17-02,0.19517183448376613,0.30363636363636365,0.14380280932134976,2672,6128,15909,2180,896,35.16129032258065,62,770,708,12.419354838709678,0.31817447930681875,8446,354,10135
hungarian,0.7,30,MOT17-04,0.31404837348144704,0.3754900239892341,0.2698866623210043,12835,21347,34722,6185,1177,74.51807228915662,83,767,684,9.240963855421686,0.5879891498622705,34165,17,13392
hungarian,0.7,30,MOT17-05,0.4303433399245012,0.5687811831789024,0.34610380222639875,2394,1815,4523,827,252,6.2180451127819545,133,662,529,4.977443609022556,0.47882029781697266,4174,35,2743
hungarian,0.7,30,MOT17-11,0.40174887616232524,0.47949434073203,0.3456973293768546,3262,3541,6174,888,247,11.84,75,687,612,9.16,0.5995125052988555,6674,129,2762
hungarian,0.7,30,MOT17-13,0.0825453331850039,0.11710858585858586,0.06373475347878371,742,5594,10900,3304,240,30.036363636363635,110,2682,2572,24.381818181818183,0.19704518124033676,5967,369,5675
hungarian,0.7,60,MOT17-02,0.1931266206493554,0.3004545454545455,0.1422958936548087,2644,6156,15937,2250,898,36.29032258064516,62,713,651,11.5,0.31440719014046603,8446,354,10135
hungarian,0.7,60,MOT17-04,0.32329732441062403,0.38654847580597973,0.27783501902979585,13213,20969,34344,6459,1201,77.81927710843374,83,717,634,8.63855421686747,0.5822276426183317,34165,17,13392
hungarian,0.7,60,MOT17-05,0.4308826172928276,0.5694939415538133,0.3465375162642764,2397,1812,4520,856,253,6.43609022556391,133,626,493,4.706766917293233,0.47462772878415493,4174,35,2743
hungarian,0.7,60,MOT17-11,0.4018720364554468,0.4796413347052771,0.34580330648579904,3263,3540,6173,900,247,12.0,75,676,601,9.013333333333334,0.5982407799915218,6674,129,2762
hungarian,0.7,60,MOT17-13,0.08243408610523974,0.11695075757575757,0.06364885758460745,741,5595,10901,3321,240,30.19090909090909,110,2608,2498,23.70909090909091,0.19558495103934037,5967,369,5675
